<?xml version="1.0" encoding="UTF-8"?>
<gpx version="1.1" creator="https://www.komoot.de" schemaLocation="http://www.topografix.com/GPX/1/1 http://www.topografix.com/GPX/1/1/gpx.xsd" xmlns="http://www.topografix.com/GPX/1/1" xmlns:xsi="http://www.w3.org/2001/XMLSchema-instance" xsi:schemaLocation="http://www.topografix.com/GPX/1/1 http://www.topografix.com/GPX/1/1/gpx.xsd http://www.garmin.com/xmlschemas/GpxExtensions/v3 http://www.garmin.com/xmlschemas/GpxExtensionsv3.xsd http://www.garmin.com/xmlschemas/TrackPointExtension/v1 http://www.garmin.com/xmlschemas/TrackPointExtensionv1.xsd http://www.garmin.com/xmlschemas/PowerExtension/v1 http://www.garmin.com/xmlschemas/PowerExtensionv1.xsd http://www.topografix.com/GPX/gpx_style/0/2 http://www.topografix.com/GPX/gpx_style/0/2/gpx_style.xsd" xmlns:gpxtpx="http://www.garmin.com/xmlschemas/TrackPointExtension/v1" xmlns:gpxx="http://www.garmin.com/xmlschemas/GpxExtensions/v3" xmlns:gpxpx="http://www.garmin.com/xmlschemas/PowerExtension/v1" xmlns:gpx_style="http://www.topografix.com/GPX/gpx_style/0/2">
  <metadata>
    <name>PBP 2023</name>
    <author>
      <name>gpx.studio</name>
      <link href="https://gpx.studio"/>
    </author>
  </metadata>
  <wpt lat="48.349422" lon="-1.197529">
    <ele>100.50631359946082</ele>
    <name>Fougeres</name>
  </wpt>
  <wpt lat="48.173191" lon="-2.75275">
    <ele>148.7970091209758</ele>
    <name>Loudeac</name>
  </wpt>
  <wpt lat="48.278492" lon="-3.549717">
    <ele>160.63403186953502</ele>
    <name>Carhaix</name>
  </wpt>
  <wpt lat="48.405727" lon="-4.482012">
    <ele>57.351580703143405</ele>
    <name>Brest</name>
  </wpt>
  <wpt lat="48.521403" lon="0.539905">
    <ele>255.51893780221968</ele>
    <name>Mortagne</name>
  </wpt>
  <wpt lat="48.65104" lon="1.816632">
    <name>Rouboubou</name>
  </wpt>
  <trk>
    <name>PBP 2023</name>
    <trkseg>
      <trkpt lat="48.65104" lon="1.816632">
        <ele>159.130317</ele>
        <time>2023-08-20T16:31:06.000Z</time>
      </trkpt>
      <trkpt lat="48.654683" lon="1.816537">
        <ele>165.382554</ele>
        <time>2023-08-20T16:32:51.000Z</time>
      </trkpt>
      <trkpt lat="48.656876" lon="1.820922">
        <ele>159.402379</ele>
        <time>2023-08-20T16:33:51.000Z</time>
      </trkpt>
      <trkpt lat="48.659291" lon="1.820128">
        <ele>163.758872</ele>
        <time>2023-08-20T16:34:47.000Z</time>
      </trkpt>
      <trkpt lat="48.667359" lon="1.801728">
        <ele>169.778381</ele>
        <time>2023-08-20T16:39:01.000Z</time>
      </trkpt>
      <trkpt lat="48.68751" lon="1.771435">
        <ele>154.562448</ele>
        <time>2023-08-20T16:45:09.000Z</time>
      </trkpt>
      <trkpt lat="48.690372" lon="1.770497">
        <ele>158.671141</ele>
        <time>2023-08-20T16:45:52.000Z</time>
      </trkpt>
      <trkpt lat="48.696092" lon="1.770953">
        <ele>177.444644</ele>
        <time>2023-08-20T16:47:57.000Z</time>
      </trkpt>
      <trkpt lat="48.703039" lon="1.769611">
        <ele>181.982464</ele>
        <time>2023-08-20T16:49:49.000Z</time>
      </trkpt>
      <trkpt lat="48.707556" lon="1.770472">
        <ele>179.487463</ele>
        <time>2023-08-20T16:50:47.000Z</time>
      </trkpt>
      <trkpt lat="48.719868" lon="1.768655">
        <ele>151.315608</ele>
        <time>2023-08-20T16:53:56.000Z</time>
      </trkpt>
      <trkpt lat="48.720809" lon="1.766601">
        <ele>147.834219</ele>
        <time>2023-08-20T16:54:28.000Z</time>
      </trkpt>
      <trkpt lat="48.722736" lon="1.767021">
        <ele>145.2702</ele>
        <time>2023-08-20T16:55:06.000Z</time>
      </trkpt>
      <trkpt lat="48.72177" lon="1.764385">
        <ele>145.908078</ele>
        <time>2023-08-20T16:55:49.000Z</time>
      </trkpt>
      <trkpt lat="48.72094" lon="1.756392">
        <ele>143.397731</ele>
        <time>2023-08-20T16:57:05.000Z</time>
      </trkpt>
      <trkpt lat="48.728606" lon="1.730121">
        <ele>133.402041</ele>
        <time>2023-08-20T17:00:51.000Z</time>
      </trkpt>
      <trkpt lat="48.731249" lon="1.708551">
        <ele>128.22455</ele>
        <time>2023-08-20T17:03:46.000Z</time>
      </trkpt>
      <trkpt lat="48.733608" lon="1.700416">
        <ele>130.989892</ele>
        <time>2023-08-20T17:05:04.000Z</time>
      </trkpt>
      <trkpt lat="48.736668" lon="1.676832">
        <ele>125.10841</ele>
        <time>2023-08-20T17:08:19.000Z</time>
      </trkpt>
      <trkpt lat="48.738559" lon="1.671566">
        <ele>124.800311</ele>
        <time>2023-08-20T17:09:10.000Z</time>
      </trkpt>
      <trkpt lat="48.740566" lon="1.662057">
        <ele>118.061825</ele>
        <time>2023-08-20T17:10:28.000Z</time>
      </trkpt>
      <trkpt lat="48.742436" lon="1.661267">
        <ele>115.698467</ele>
        <time>2023-08-20T17:10:55.000Z</time>
      </trkpt>
      <trkpt lat="48.742465" lon="1.660541">
        <ele>116.582532</ele>
        <time>2023-08-20T17:11:03.000Z</time>
      </trkpt>
      <trkpt lat="48.741635" lon="1.65734">
        <ele>121.824976</ele>
        <time>2023-08-20T17:11:43.000Z</time>
      </trkpt>
      <trkpt lat="48.722291" lon="1.619952">
        <ele>154.00588</ele>
        <time>2023-08-20T17:20:08.000Z</time>
      </trkpt>
      <trkpt lat="48.688379" lon="1.578574">
        <ele>142.814702</ele>
        <time>2023-08-20T17:30:04.000Z</time>
      </trkpt>
      <trkpt lat="48.68414" lon="1.576252">
        <ele>135.877782</ele>
        <time>2023-08-20T17:30:51.000Z</time>
      </trkpt>
      <trkpt lat="48.671409" lon="1.560128">
        <ele>139.369686</ele>
        <time>2023-08-20T17:35:01.000Z</time>
      </trkpt>
      <trkpt lat="48.668278" lon="1.558016">
        <ele>138.447854</ele>
        <time>2023-08-20T17:35:48.000Z</time>
      </trkpt>
      <trkpt lat="48.664799" lon="1.558638">
        <ele>128.94267</ele>
        <time>2023-08-20T17:36:24.000Z</time>
      </trkpt>
      <trkpt lat="48.662094" lon="1.557711">
        <ele>122.561434</ele>
        <time>2023-08-20T17:36:50.000Z</time>
      </trkpt>
      <trkpt lat="48.661639" lon="1.551606">
        <ele>134.674354</ele>
        <time>2023-08-20T17:38:07.000Z</time>
      </trkpt>
      <trkpt lat="48.656413" lon="1.54405">
        <ele>143.662747</ele>
        <time>2023-08-20T17:40:15.000Z</time>
      </trkpt>
      <trkpt lat="48.654707" lon="1.544008">
        <ele>139.36228</ele>
        <time>2023-08-20T17:40:34.000Z</time>
      </trkpt>
      <trkpt lat="48.651855" lon="1.547597">
        <ele>121.510041</ele>
        <time>2023-08-20T17:41:10.000Z</time>
      </trkpt>
      <trkpt lat="48.653209" lon="1.543833">
        <ele>106.216304</ele>
        <time>2023-08-20T17:41:54.000Z</time>
      </trkpt>
      <trkpt lat="48.651157" lon="1.542288">
        <ele>101.227573</ele>
        <time>2023-08-20T17:42:32.000Z</time>
      </trkpt>
      <trkpt lat="48.651359" lon="1.540897">
        <ele>101.377641</ele>
        <time>2023-08-20T17:42:48.000Z</time>
      </trkpt>
      <trkpt lat="48.649169" lon="1.537362">
        <ele>101.707452</ele>
        <time>2023-08-20T17:43:35.000Z</time>
      </trkpt>
      <trkpt lat="48.646328" lon="1.540967">
        <ele>100.912493</ele>
        <time>2023-08-20T17:44:34.000Z</time>
      </trkpt>
      <trkpt lat="48.641768" lon="1.538743">
        <ele>101.832031</ele>
        <time>2023-08-20T17:46:00.000Z</time>
      </trkpt>
      <trkpt lat="48.63716" lon="1.542123">
        <ele>106.742743</ele>
        <time>2023-08-20T17:47:14.000Z</time>
      </trkpt>
      <trkpt lat="48.636486" lon="1.539529">
        <ele>109.373962</ele>
        <time>2023-08-20T17:47:43.000Z</time>
      </trkpt>
      <trkpt lat="48.634736" lon="1.536476">
        <ele>107.693802</ele>
        <time>2023-08-20T17:48:18.000Z</time>
      </trkpt>
      <trkpt lat="48.634691" lon="1.532867">
        <ele>110.961945</ele>
        <time>2023-08-20T17:48:58.000Z</time>
      </trkpt>
      <trkpt lat="48.631164" lon="1.523856">
        <ele>137.008915</ele>
        <time>2023-08-20T17:52:01.000Z</time>
      </trkpt>
      <trkpt lat="48.630039" lon="1.517995">
        <ele>139.454364</ele>
        <time>2023-08-20T17:53:10.000Z</time>
      </trkpt>
      <trkpt lat="48.630242" lon="1.513179">
        <ele>141.465888</ele>
        <time>2023-08-20T17:54:02.000Z</time>
      </trkpt>
      <trkpt lat="48.631121" lon="1.509387">
        <ele>141.309876</ele>
        <time>2023-08-20T17:54:41.000Z</time>
      </trkpt>
      <trkpt lat="48.635139" lon="1.502265">
        <ele>137.691855</ele>
        <time>2023-08-20T17:56:14.000Z</time>
      </trkpt>
      <trkpt lat="48.632996" lon="1.494283">
        <ele>138.024449</ele>
        <time>2023-08-20T17:57:36.000Z</time>
      </trkpt>
      <trkpt lat="48.627041" lon="1.480519">
        <ele>143.151961</ele>
        <time>2023-08-20T18:00:19.000Z</time>
      </trkpt>
      <trkpt lat="48.626609" lon="1.470063">
        <ele>146.186656</ele>
        <time>2023-08-20T18:02:07.000Z</time>
      </trkpt>
      <trkpt lat="48.618897" lon="1.460913">
        <ele>151.201382</ele>
        <time>2023-08-20T18:04:35.000Z</time>
      </trkpt>
      <trkpt lat="48.616968" lon="1.447863">
        <ele>145.357077</ele>
        <time>2023-08-20T18:06:34.000Z</time>
      </trkpt>
      <trkpt lat="48.615622" lon="1.443255">
        <ele>151.045087</ele>
        <time>2023-08-20T18:07:34.000Z</time>
      </trkpt>
      <trkpt lat="48.608537" lon="1.428173">
        <ele>171.176233</ele>
        <time>2023-08-20T18:11:16.000Z</time>
      </trkpt>
      <trkpt lat="48.605637" lon="1.415797">
        <ele>178.273455</ele>
        <time>2023-08-20T18:13:47.000Z</time>
      </trkpt>
      <trkpt lat="48.60123" lon="1.407231">
        <ele>182.007836</ele>
        <time>2023-08-20T18:15:32.000Z</time>
      </trkpt>
      <trkpt lat="48.599479" lon="1.39707">
        <ele>189.221846</ele>
        <time>2023-08-20T18:17:25.000Z</time>
      </trkpt>
      <trkpt lat="48.597161" lon="1.392342">
        <ele>191.002172</ele>
        <time>2023-08-20T18:18:25.000Z</time>
      </trkpt>
      <trkpt lat="48.598986" lon="1.388971">
        <ele>190.52932</ele>
        <time>2023-08-20T18:19:12.000Z</time>
      </trkpt>
      <trkpt lat="48.597707" lon="1.385957">
        <ele>192.224575</ele>
        <time>2023-08-20T18:19:52.000Z</time>
      </trkpt>
      <trkpt lat="48.597501" lon="1.384128">
        <ele>192.754443</ele>
        <time>2023-08-20T18:20:15.000Z</time>
      </trkpt>
      <trkpt lat="48.599688" lon="1.383594">
        <ele>192.440756</ele>
        <time>2023-08-20T18:20:52.000Z</time>
      </trkpt>
      <trkpt lat="48.600574" lon="1.380651">
        <ele>190.343504</ele>
        <time>2023-08-20T18:21:25.000Z</time>
      </trkpt>
      <trkpt lat="48.600633" lon="1.378151">
        <ele>189.74647</ele>
        <time>2023-08-20T18:21:49.000Z</time>
      </trkpt>
      <trkpt lat="48.599142" lon="1.37725">
        <ele>190.936214</ele>
        <time>2023-08-20T18:22:17.000Z</time>
      </trkpt>
      <trkpt lat="48.590132" lon="1.357821">
        <ele>201.420167</ele>
        <time>2023-08-20T18:26:22.000Z</time>
      </trkpt>
      <trkpt lat="48.587137" lon="1.346422">
        <ele>186.846244</ele>
        <time>2023-08-20T18:27:58.000Z</time>
      </trkpt>
      <trkpt lat="48.585479" lon="1.335213">
        <ele>190.866626</ele>
        <time>2023-08-20T18:29:57.000Z</time>
      </trkpt>
      <trkpt lat="48.580952" lon="1.323065">
        <ele>190.739775</ele>
        <time>2023-08-20T18:32:20.000Z</time>
      </trkpt>
      <trkpt lat="48.580103" lon="1.31105">
        <ele>196.295394</ele>
        <time>2023-08-20T18:34:25.000Z</time>
      </trkpt>
      <trkpt lat="48.575757" lon="1.29472">
        <ele>193.692173</ele>
        <time>2023-08-20T18:37:08.000Z</time>
      </trkpt>
      <trkpt lat="48.576344" lon="1.286664">
        <ele>197.688348</ele>
        <time>2023-08-20T18:38:39.000Z</time>
      </trkpt>
      <trkpt lat="48.573303" lon="1.268286">
        <ele>201.831338</ele>
        <time>2023-08-20T18:41:27.000Z</time>
      </trkpt>
      <trkpt lat="48.574062" lon="1.261936">
        <ele>206.288374</ele>
        <time>2023-08-20T18:42:35.000Z</time>
      </trkpt>
      <trkpt lat="48.57661" lon="1.255329">
        <ele>204.144404</ele>
        <time>2023-08-20T18:43:37.000Z</time>
      </trkpt>
      <trkpt lat="48.577052" lon="1.251644">
        <ele>205.145211</ele>
        <time>2023-08-20T18:44:15.000Z</time>
      </trkpt>
      <trkpt lat="48.578689" lon="1.247868">
        <ele>201.082803</ele>
        <time>2023-08-20T18:44:52.000Z</time>
      </trkpt>
      <trkpt lat="48.579368" lon="1.244466">
        <ele>203.241954</ele>
        <time>2023-08-20T18:45:33.000Z</time>
      </trkpt>
      <trkpt lat="48.578132" lon="1.244682">
        <ele>204.70551</ele>
        <time>2023-08-20T18:46:00.000Z</time>
      </trkpt>
      <trkpt lat="48.577026" lon="1.239608">
        <ele>209.549067</ele>
        <time>2023-08-20T18:48:57.000Z</time>
      </trkpt>
      <trkpt lat="48.578833" lon="1.237676">
        <ele>212.572005</ele>
        <time>2023-08-20T18:49:41.000Z</time>
      </trkpt>
      <trkpt lat="48.578538" lon="1.23606">
        <ele>212.808077</ele>
        <time>2023-08-20T18:50:04.000Z</time>
      </trkpt>
      <trkpt lat="48.579125" lon="1.230823">
        <ele>208.733536</ele>
        <time>2023-08-20T18:51:01.000Z</time>
      </trkpt>
      <trkpt lat="48.581227" lon="1.225287">
        <ele>206.828486</ele>
        <time>2023-08-20T18:52:04.000Z</time>
      </trkpt>
      <trkpt lat="48.582345" lon="1.207847">
        <ele>206.709682</ele>
        <time>2023-08-20T18:54:57.000Z</time>
      </trkpt>
      <trkpt lat="48.583899" lon="1.204387">
        <ele>201.284167</ele>
        <time>2023-08-20T18:55:27.000Z</time>
      </trkpt>
      <trkpt lat="48.587336" lon="1.185707">
        <ele>183.007728</ele>
        <time>2023-08-20T18:58:07.000Z</time>
      </trkpt>
      <trkpt lat="48.588328" lon="1.182838">
        <ele>184.232301</ele>
        <time>2023-08-20T18:58:42.000Z</time>
      </trkpt>
      <trkpt lat="48.588027" lon="1.180195">
        <ele>187.692438</ele>
        <time>2023-08-20T18:59:17.000Z</time>
      </trkpt>
      <trkpt lat="48.589404" lon="1.175097">
        <ele>188.3409</ele>
        <time>2023-08-20T19:00:12.000Z</time>
      </trkpt>
      <trkpt lat="48.586507" lon="1.167379">
        <ele>189.098733</ele>
        <time>2023-08-20T19:01:35.000Z</time>
      </trkpt>
      <trkpt lat="48.57942" lon="1.153065">
        <ele>188.610218</ele>
        <time>2023-08-20T19:04:18.000Z</time>
      </trkpt>
      <trkpt lat="48.578442" lon="1.149737">
        <ele>190.5135</ele>
        <time>2023-08-20T19:04:53.000Z</time>
      </trkpt>
      <trkpt lat="48.578285" lon="1.147057">
        <ele>192.251113</ele>
        <time>2023-08-20T19:05:23.000Z</time>
      </trkpt>
      <trkpt lat="48.576647" lon="1.141168">
        <ele>187.459193</ele>
        <time>2023-08-20T19:07:53.000Z</time>
      </trkpt>
      <trkpt lat="48.575913" lon="1.130125">
        <ele>173.291194</ele>
        <time>2023-08-20T19:09:20.000Z</time>
      </trkpt>
      <trkpt lat="48.57603" lon="1.129089">
        <ele>173.216057</ele>
        <time>2023-08-20T19:09:30.000Z</time>
      </trkpt>
      <trkpt lat="48.577747" lon="1.127129">
        <ele>170.239921</ele>
        <time>2023-08-20T19:09:55.000Z</time>
      </trkpt>
      <trkpt lat="48.578216" lon="1.125684">
        <ele>170.923891</ele>
        <time>2023-08-20T19:10:12.000Z</time>
      </trkpt>
      <trkpt lat="48.577305" lon="1.115339">
        <ele>184.814911</ele>
        <time>2023-08-20T19:12:31.000Z</time>
      </trkpt>
      <trkpt lat="48.577958" lon="1.111719">
        <ele>187.96717</ele>
        <time>2023-08-20T19:13:21.000Z</time>
      </trkpt>
      <trkpt lat="48.57718" lon="1.106319">
        <ele>190.027587</ele>
        <time>2023-08-20T19:14:25.000Z</time>
      </trkpt>
      <trkpt lat="48.574566" lon="1.096437">
        <ele>192.600931</ele>
        <time>2023-08-20T19:16:27.000Z</time>
      </trkpt>
      <trkpt lat="48.573097" lon="1.093284">
        <ele>193.227237</ele>
        <time>2023-08-20T19:17:13.000Z</time>
      </trkpt>
      <trkpt lat="48.569348" lon="1.081418">
        <ele>196.507586</ele>
        <time>2023-08-20T19:19:37.000Z</time>
      </trkpt>
      <trkpt lat="48.559608" lon="1.048333">
        <ele>212.920887</ele>
        <time>2023-08-20T19:26:05.000Z</time>
      </trkpt>
      <trkpt lat="48.559635" lon="1.045439">
        <ele>212.153259</ele>
        <time>2023-08-20T19:26:35.000Z</time>
      </trkpt>
      <trkpt lat="48.560571" lon="1.043815">
        <ele>209.072632</ele>
        <time>2023-08-20T19:26:52.000Z</time>
      </trkpt>
      <trkpt lat="48.562244" lon="1.042804">
        <ele>202.837659</ele>
        <time>2023-08-20T19:27:11.000Z</time>
      </trkpt>
      <trkpt lat="48.563027" lon="1.040944">
        <ele>199.326603</ele>
        <time>2023-08-20T19:27:30.000Z</time>
      </trkpt>
      <trkpt lat="48.561862" lon="1.038021">
        <ele>202.351931</ele>
        <time>2023-08-20T19:28:13.000Z</time>
      </trkpt>
      <trkpt lat="48.56226" lon="1.033501">
        <ele>202.49895</ele>
        <time>2023-08-20T19:28:57.000Z</time>
      </trkpt>
      <trkpt lat="48.561816" lon="1.027851">
        <ele>208.720556</ele>
        <time>2023-08-20T19:30:10.000Z</time>
      </trkpt>
      <trkpt lat="48.563033" lon="1.021003">
        <ele>214.086065</ele>
        <time>2023-08-20T19:31:37.000Z</time>
      </trkpt>
      <trkpt lat="48.561957" lon="1.009663">
        <ele>222.028206</ele>
        <time>2023-08-20T19:33:49.000Z</time>
      </trkpt>
      <trkpt lat="48.559179" lon="1.003237">
        <ele>230.18387</ele>
        <time>2023-08-20T19:35:19.000Z</time>
      </trkpt>
      <trkpt lat="48.553683" lon="0.993305">
        <ele>243.696963</ele>
        <time>2023-08-20T19:38:00.000Z</time>
      </trkpt>
      <trkpt lat="48.549032" lon="0.969524">
        <ele>249.361107</ele>
        <time>2023-08-20T19:42:42.000Z</time>
      </trkpt>
      <trkpt lat="48.544254" lon="0.957181">
        <ele>253.058353</ele>
        <time>2023-08-20T19:45:19.000Z</time>
      </trkpt>
      <trkpt lat="48.540445" lon="0.951207">
        <ele>235.415925</ele>
        <time>2023-08-20T19:46:20.000Z</time>
      </trkpt>
      <trkpt lat="48.537745" lon="0.942585">
        <ele>212.780746</ele>
        <time>2023-08-20T19:47:24.000Z</time>
      </trkpt>
      <trkpt lat="48.533478" lon="0.935182">
        <ele>200.409174</ele>
        <time>2023-08-20T19:48:44.000Z</time>
      </trkpt>
      <trkpt lat="48.538732" lon="0.920113">
        <ele>199.836836</ele>
        <time>2023-08-20T19:51:46.000Z</time>
      </trkpt>
      <trkpt lat="48.540425" lon="0.908788">
        <ele>199.443402</ele>
        <time>2023-08-20T19:53:41.000Z</time>
      </trkpt>
      <trkpt lat="48.541527" lon="0.904963">
        <ele>201.300614</ele>
        <time>2023-08-20T19:54:34.000Z</time>
      </trkpt>
      <trkpt lat="48.54209" lon="0.889533">
        <ele>207.490801</ele>
        <time>2023-08-20T20:04:21.000Z</time>
      </trkpt>
      <trkpt lat="48.539621" lon="0.87753">
        <ele>204.353289</ele>
        <time>2023-08-20T20:06:26.000Z</time>
      </trkpt>
      <trkpt lat="48.539066" lon="0.866963">
        <ele>212.577564</ele>
        <time>2023-08-20T20:08:25.000Z</time>
      </trkpt>
      <trkpt lat="48.535772" lon="0.842694">
        <ele>216.114176</ele>
        <time>2023-08-20T20:13:00.000Z</time>
      </trkpt>
      <trkpt lat="48.532988" lon="0.839955">
        <ele>216.366307</ele>
        <time>2023-08-20T20:13:54.000Z</time>
      </trkpt>
      <trkpt lat="48.531394" lon="0.834618">
        <ele>220.155421</ele>
        <time>2023-08-20T20:15:02.000Z</time>
      </trkpt>
      <trkpt lat="48.528328" lon="0.829648">
        <ele>221.585441</ele>
        <time>2023-08-20T20:16:17.000Z</time>
      </trkpt>
      <trkpt lat="48.525409" lon="0.819889">
        <ele>216.692319</ele>
        <time>2023-08-20T20:17:58.000Z</time>
      </trkpt>
      <trkpt lat="48.524185" lon="0.817665">
        <ele>215.773717</ele>
        <time>2023-08-20T20:18:24.000Z</time>
      </trkpt>
      <trkpt lat="48.521407" lon="0.809401">
        <ele>221.959248</ele>
        <time>2023-08-20T20:20:12.000Z</time>
      </trkpt>
      <trkpt lat="48.519786" lon="0.806548">
        <ele>214.86963</ele>
        <time>2023-08-20T20:20:42.000Z</time>
      </trkpt>
      <trkpt lat="48.519814" lon="0.80407">
        <ele>204.494236</ele>
        <time>2023-08-20T20:20:56.000Z</time>
      </trkpt>
      <trkpt lat="48.519178" lon="0.801529">
        <ele>192.90261</ele>
        <time>2023-08-20T20:21:11.000Z</time>
      </trkpt>
      <trkpt lat="48.518672" lon="0.791519">
        <ele>184.733324</ele>
        <time>2023-08-20T20:22:39.000Z</time>
      </trkpt>
      <trkpt lat="48.518969" lon="0.788884">
        <ele>190.091099</ele>
        <time>2023-08-20T20:23:21.000Z</time>
      </trkpt>
      <trkpt lat="48.521243" lon="0.784538">
        <ele>203.063261</ele>
        <time>2023-08-20T20:25:14.000Z</time>
      </trkpt>
      <trkpt lat="48.521541" lon="0.777346">
        <ele>189.444546</ele>
        <time>2023-08-20T20:26:08.000Z</time>
      </trkpt>
      <trkpt lat="48.525076" lon="0.771977">
        <ele>163.890992</ele>
        <time>2023-08-20T20:26:45.000Z</time>
      </trkpt>
      <trkpt lat="48.528998" lon="0.757312">
        <ele>156.246315</ele>
        <time>2023-08-20T20:29:03.000Z</time>
      </trkpt>
      <trkpt lat="48.530235" lon="0.75641">
        <ele>154.414745</ele>
        <time>2023-08-20T20:29:26.000Z</time>
      </trkpt>
      <trkpt lat="48.531346" lon="0.752577">
        <ele>151.243189</ele>
        <time>2023-08-20T20:30:07.000Z</time>
      </trkpt>
      <trkpt lat="48.529019" lon="0.751314">
        <ele>150.28316</ele>
        <time>2023-08-20T20:30:50.000Z</time>
      </trkpt>
      <trkpt lat="48.530256" lon="0.748803">
        <ele>162.211976</ele>
        <time>2023-08-20T20:31:53.000Z</time>
      </trkpt>
      <trkpt lat="48.530722" lon="0.743441">
        <ele>191.199448</ele>
        <time>2023-08-20T20:34:34.000Z</time>
      </trkpt>
      <trkpt lat="48.529414" lon="0.732531">
        <ele>206.112572</ele>
        <time>2023-08-20T20:37:21.000Z</time>
      </trkpt>
      <trkpt lat="48.529238" lon="0.721376">
        <ele>205.885355</ele>
        <time>2023-08-20T20:39:11.000Z</time>
      </trkpt>
      <trkpt lat="48.52423" lon="0.706049">
        <ele>202.254691</ele>
        <time>2023-08-20T20:42:08.000Z</time>
      </trkpt>
      <trkpt lat="48.521884" lon="0.703875">
        <ele>187.074077</ele>
        <time>2023-08-20T20:42:31.000Z</time>
      </trkpt>
      <trkpt lat="48.515247" lon="0.703735">
        <ele>151.339867</ele>
        <time>2023-08-20T20:43:25.000Z</time>
      </trkpt>
      <trkpt lat="48.51338" lon="0.700933">
        <ele>146.503553</ele>
        <time>2023-08-20T20:43:52.000Z</time>
      </trkpt>
      <trkpt lat="48.513456" lon="0.69915">
        <ele>151.256893</ele>
        <time>2023-08-20T20:44:22.000Z</time>
      </trkpt>
      <trkpt lat="48.515821" lon="0.692405">
        <ele>179.488464</ele>
        <time>2023-08-20T20:47:09.000Z</time>
      </trkpt>
      <trkpt lat="48.517184" lon="0.690437">
        <ele>189.851263</ele>
        <time>2023-08-20T20:48:15.000Z</time>
      </trkpt>
      <trkpt lat="48.516785" lon="0.679228">
        <ele>213.177952</ele>
        <time>2023-08-20T20:51:46.000Z</time>
      </trkpt>
      <trkpt lat="48.520924" lon="0.673007">
        <ele>215.04323</ele>
        <time>2023-08-20T20:53:42.000Z</time>
      </trkpt>
      <trkpt lat="48.520539" lon="0.668928">
        <ele>205.956857</ele>
        <time>2023-08-20T20:54:11.000Z</time>
      </trkpt>
      <trkpt lat="48.521153" lon="0.667077">
        <ele>198.547744</ele>
        <time>2023-08-20T20:54:23.000Z</time>
      </trkpt>
      <trkpt lat="48.518786" lon="0.659886">
        <ele>179.674421</ele>
        <time>2023-08-20T20:55:11.000Z</time>
      </trkpt>
      <trkpt lat="48.515205" lon="0.658392">
        <ele>179.742332</ele>
        <time>2023-08-20T20:56:07.000Z</time>
      </trkpt>
      <trkpt lat="48.514346" lon="0.657">
        <ele>175.73698</ele>
        <time>2023-08-20T20:56:21.000Z</time>
      </trkpt>
      <trkpt lat="48.513205" lon="0.646032">
        <ele>153.961429</ele>
        <time>2023-08-20T20:57:33.000Z</time>
      </trkpt>
      <trkpt lat="48.509857" lon="0.634124">
        <ele>181.081846</ele>
        <time>2023-08-20T21:01:56.000Z</time>
      </trkpt>
      <trkpt lat="48.509634" lon="0.630999">
        <ele>182.317969</ele>
        <time>2023-08-20T21:02:34.000Z</time>
      </trkpt>
      <trkpt lat="48.510211" lon="0.625517">
        <ele>199.861777</ele>
        <time>2023-08-20T21:04:40.000Z</time>
      </trkpt>
      <trkpt lat="48.509626" lon="0.618828">
        <ele>191.581697</ele>
        <time>2023-08-20T21:05:47.000Z</time>
      </trkpt>
      <trkpt lat="48.509945" lon="0.617683">
        <ele>187.988427</ele>
        <time>2023-08-20T21:05:55.000Z</time>
      </trkpt>
      <trkpt lat="48.511861" lon="0.61611">
        <ele>176.773304</ele>
        <time>2023-08-20T21:06:14.000Z</time>
      </trkpt>
      <trkpt lat="48.513135" lon="0.612611">
        <ele>164.683377</ele>
        <time>2023-08-20T21:06:37.000Z</time>
      </trkpt>
      <trkpt lat="48.512388" lon="0.602009">
        <ele>177.111134</ele>
        <time>2023-08-20T21:09:01.000Z</time>
      </trkpt>
      <trkpt lat="48.513516" lon="0.592302">
        <ele>171.335826</ele>
        <time>2023-08-20T21:11:00.000Z</time>
      </trkpt>
      <trkpt lat="48.514419" lon="0.588774">
        <ele>164.766397</ele>
        <time>2023-08-20T21:11:26.000Z</time>
      </trkpt>
      <trkpt lat="48.518298" lon="0.5795">
        <ele>181.713165</ele>
        <time>2023-08-20T21:14:34.000Z</time>
      </trkpt>
      <trkpt lat="48.519078" lon="0.572851">
        <ele>176.114143</ele>
        <time>2023-08-20T21:15:35.000Z</time>
      </trkpt>
      <trkpt lat="48.518596" lon="0.568105">
        <ele>173.936725</ele>
        <time>2023-08-20T21:16:23.000Z</time>
      </trkpt>
      <trkpt lat="48.519737" lon="0.565637">
        <ele>171.542571</ele>
        <time>2023-08-20T21:16:51.000Z</time>
      </trkpt>
      <trkpt lat="48.520519" lon="0.558029">
        <ele>189.163543</ele>
        <time>2023-08-20T21:19:06.000Z</time>
      </trkpt>
      <trkpt lat="48.521984" lon="0.554461">
        <ele>203.883626</ele>
        <time>2023-08-20T21:20:47.000Z</time>
      </trkpt>
      <trkpt lat="48.522694" lon="0.55003">
        <ele>211.597029</ele>
        <time>2023-08-20T21:22:12.000Z</time>
      </trkpt>
      <trkpt lat="48.521481" lon="0.547004">
        <ele>223.92489</ele>
        <time>2023-08-20T21:23:52.000Z</time>
      </trkpt>
      <trkpt lat="48.521159" lon="0.544409">
        <ele>233.943953</ele>
        <time>2023-08-20T21:25:49.000Z</time>
      </trkpt>
      <trkpt lat="48.521773" lon="0.541186">
        <ele>236.376916</ele>
        <time>2023-08-20T21:27:54.000Z</time>
      </trkpt>
      <trkpt lat="48.520746" lon="0.540093">
        <ele>235.729874</ele>
        <time>2023-08-20T22:02:37.000Z</time>
      </trkpt>
      <trkpt lat="48.519636" lon="0.541725">
        <ele>231.051578</ele>
        <time>2023-08-20T22:03:09.000Z</time>
      </trkpt>
      <trkpt lat="48.518115" lon="0.542116">
        <ele>221.815544</ele>
        <time>2023-08-20T22:03:31.000Z</time>
      </trkpt>
      <trkpt lat="48.511418" lon="0.53981">
        <ele>188.382838</ele>
        <time>2023-08-20T22:04:29.000Z</time>
      </trkpt>
      <trkpt lat="48.510447" lon="0.538408">
        <ele>182.136545</ele>
        <time>2023-08-20T22:04:40.000Z</time>
      </trkpt>
      <trkpt lat="48.506997" lon="0.529283">
        <ele>156.672267</ele>
        <time>2023-08-20T22:05:52.000Z</time>
      </trkpt>
      <trkpt lat="48.501168" lon="0.521539">
        <ele>172.349479</ele>
        <time>2023-08-20T22:09:09.000Z</time>
      </trkpt>
      <trkpt lat="48.499938" lon="0.520856">
        <ele>171.792872</ele>
        <time>2023-08-20T22:09:28.000Z</time>
      </trkpt>
      <trkpt lat="48.497226" lon="0.520992">
        <ele>160.850768</ele>
        <time>2023-08-20T22:09:53.000Z</time>
      </trkpt>
      <trkpt lat="48.493883" lon="0.514185">
        <ele>167.521219</ele>
        <time>2023-08-20T22:11:31.000Z</time>
      </trkpt>
      <trkpt lat="48.48821" lon="0.513514">
        <ele>178.251257</ele>
        <time>2023-08-20T22:13:41.000Z</time>
      </trkpt>
      <trkpt lat="48.485342" lon="0.512382">
        <ele>175.295945</ele>
        <time>2023-08-20T22:14:17.000Z</time>
      </trkpt>
      <trkpt lat="48.482177" lon="0.508564">
        <ele>176.339175</ele>
        <time>2023-08-20T22:15:13.000Z</time>
      </trkpt>
      <trkpt lat="48.481505" lon="0.50414">
        <ele>167.001905</ele>
        <time>2023-08-20T22:15:48.000Z</time>
      </trkpt>
      <trkpt lat="48.478928" lon="0.504717">
        <ele>170.813469</ele>
        <time>2023-08-20T22:16:39.000Z</time>
      </trkpt>
      <trkpt lat="48.47359" lon="0.49534">
        <ele>178.298639</ele>
        <time>2023-08-20T22:19:14.000Z</time>
      </trkpt>
      <trkpt lat="48.46929" lon="0.494124">
        <ele>167.571149</ele>
        <time>2023-08-20T22:20:07.000Z</time>
      </trkpt>
      <trkpt lat="48.469154" lon="0.490033">
        <ele>155.979732</ele>
        <time>2023-08-20T22:20:29.000Z</time>
      </trkpt>
      <trkpt lat="48.46578" lon="0.482895">
        <ele>164.100611</ele>
        <time>2023-08-20T22:22:07.000Z</time>
      </trkpt>
      <trkpt lat="48.457417" lon="0.480713">
        <ele>152.621538</ele>
        <time>2023-08-20T22:24:02.000Z</time>
      </trkpt>
      <trkpt lat="48.442233" lon="0.463344">
        <ele>150.835102</ele>
        <time>2023-08-20T22:29:00.000Z</time>
      </trkpt>
      <trkpt lat="48.43611" lon="0.446947">
        <ele>149.059064</ele>
        <time>2023-08-20T22:31:59.000Z</time>
      </trkpt>
      <trkpt lat="48.437341" lon="0.428655">
        <ele>158.945641</ele>
        <time>2023-08-20T22:35:49.000Z</time>
      </trkpt>
      <trkpt lat="48.438231" lon="0.42521">
        <ele>151.42432</ele>
        <time>2023-08-20T22:36:19.000Z</time>
      </trkpt>
      <trkpt lat="48.443742" lon="0.417828">
        <ele>167.002827</ele>
        <time>2023-08-20T22:39:20.000Z</time>
      </trkpt>
      <trkpt lat="48.444301" lon="0.412627">
        <ele>151.529961</ele>
        <time>2023-08-20T22:39:55.000Z</time>
      </trkpt>
      <trkpt lat="48.446609" lon="0.408093">
        <ele>142.89877</ele>
        <time>2023-08-20T22:40:34.000Z</time>
      </trkpt>
      <trkpt lat="48.450263" lon="0.403646">
        <ele>144.381557</ele>
        <time>2023-08-20T22:41:45.000Z</time>
      </trkpt>
      <trkpt lat="48.456217" lon="0.383847">
        <ele>134.911839</ele>
        <time>2023-08-20T22:45:35.000Z</time>
      </trkpt>
      <trkpt lat="48.460383" lon="0.376624">
        <ele>133.556719</ele>
        <time>2023-08-20T22:47:13.000Z</time>
      </trkpt>
      <trkpt lat="48.461156" lon="0.354959">
        <ele>124.470693</ele>
        <time>2023-08-20T22:50:52.000Z</time>
      </trkpt>
      <trkpt lat="48.459222" lon="0.347799">
        <ele>122.355453</ele>
        <time>2023-08-20T22:52:08.000Z</time>
      </trkpt>
      <trkpt lat="48.456756" lon="0.347166">
        <ele>122.818268</ele>
        <time>2023-08-20T22:53:03.000Z</time>
      </trkpt>
      <trkpt lat="48.457871" lon="0.342617">
        <ele>122.533268</ele>
        <time>2023-08-20T22:53:59.000Z</time>
      </trkpt>
      <trkpt lat="48.458241" lon="0.336773">
        <ele>123.942327</ele>
        <time>2023-08-20T22:55:08.000Z</time>
      </trkpt>
      <trkpt lat="48.457871" lon="0.333837">
        <ele>125.34702</ele>
        <time>2023-08-20T22:55:45.000Z</time>
      </trkpt>
      <trkpt lat="48.459873" lon="0.329144">
        <ele>125.214615</ele>
        <time>2023-08-20T22:56:45.000Z</time>
      </trkpt>
      <trkpt lat="48.463431" lon="0.32394">
        <ele>124.144194</ele>
        <time>2023-08-20T22:58:05.000Z</time>
      </trkpt>
      <trkpt lat="48.464456" lon="0.318091">
        <ele>122.077764</ele>
        <time>2023-08-20T22:59:04.000Z</time>
      </trkpt>
      <trkpt lat="48.46413" lon="0.316099">
        <ele>121.431665</ele>
        <time>2023-08-20T22:59:24.000Z</time>
      </trkpt>
      <trkpt lat="48.464588" lon="0.313529">
        <ele>120.597178</ele>
        <time>2023-08-20T22:59:50.000Z</time>
      </trkpt>
      <trkpt lat="48.463354" lon="0.308301">
        <ele>120.460763</ele>
        <time>2023-08-20T23:00:50.000Z</time>
      </trkpt>
      <trkpt lat="48.463306" lon="0.302096">
        <ele>123.088848</ele>
        <time>2023-08-20T23:02:04.000Z</time>
      </trkpt>
      <trkpt lat="48.460017" lon="0.298796">
        <ele>124.729274</ele>
        <time>2023-08-20T23:03:13.000Z</time>
      </trkpt>
      <trkpt lat="48.456026" lon="0.298065">
        <ele>127.024144</ele>
        <time>2023-08-20T23:04:18.000Z</time>
      </trkpt>
      <trkpt lat="48.45047" lon="0.293746">
        <ele>136.510011</ele>
        <time>2023-08-20T23:06:12.000Z</time>
      </trkpt>
      <trkpt lat="48.447992" lon="0.288241">
        <ele>132.891821</ele>
        <time>2023-08-20T23:07:18.000Z</time>
      </trkpt>
      <trkpt lat="48.44444" lon="0.274586">
        <ele>156.488396</ele>
        <time>2023-08-20T23:11:11.000Z</time>
      </trkpt>
      <trkpt lat="48.445702" lon="0.266734">
        <ele>139.072241</ele>
        <time>2023-08-20T23:12:17.000Z</time>
      </trkpt>
      <trkpt lat="48.445012" lon="0.256053">
        <ele>145.552403</ele>
        <time>2023-08-20T23:40:04.000Z</time>
      </trkpt>
      <trkpt lat="48.447726" lon="0.254383">
        <ele>142.106499</ele>
        <time>2023-08-20T23:40:52.000Z</time>
      </trkpt>
      <trkpt lat="48.447857" lon="0.25345">
        <ele>141.553032</ele>
        <time>2023-08-20T23:41:02.000Z</time>
      </trkpt>
      <trkpt lat="48.44763" lon="0.250939">
        <ele>141.838665</ele>
        <time>2023-08-20T23:41:37.000Z</time>
      </trkpt>
      <trkpt lat="48.445391" lon="0.24661">
        <ele>146.082442</ele>
        <time>2023-08-20T23:42:45.000Z</time>
      </trkpt>
      <trkpt lat="48.444702" lon="0.240375">
        <ele>148.311048</ele>
        <time>2023-08-20T23:43:51.000Z</time>
      </trkpt>
      <trkpt lat="48.441965" lon="0.228009">
        <ele>138.238187</ele>
        <time>2023-08-20T23:45:39.000Z</time>
      </trkpt>
      <trkpt lat="48.443301" lon="0.221731">
        <ele>133.991444</ele>
        <time>2023-08-20T23:46:31.000Z</time>
      </trkpt>
      <trkpt lat="48.444759" lon="0.219378">
        <ele>131.99333</ele>
        <time>2023-08-20T23:46:55.000Z</time>
      </trkpt>
      <trkpt lat="48.445506" lon="0.215757">
        <ele>129.287292</ele>
        <time>2023-08-20T23:47:24.000Z</time>
      </trkpt>
      <trkpt lat="48.447578" lon="0.212431">
        <ele>124.159429</ele>
        <time>2023-08-20T23:47:57.000Z</time>
      </trkpt>
      <trkpt lat="48.446294" lon="0.203909">
        <ele>121.725329</ele>
        <time>2023-08-20T23:49:10.000Z</time>
      </trkpt>
      <trkpt lat="48.448611" lon="0.196323">
        <ele>120.032412</ele>
        <time>2023-08-20T23:50:28.000Z</time>
      </trkpt>
      <trkpt lat="48.44877" lon="0.190452">
        <ele>118.281112</ele>
        <time>2023-08-20T23:51:22.000Z</time>
      </trkpt>
      <trkpt lat="48.447314" lon="0.186781">
        <ele>120.98576</ele>
        <time>2023-08-20T23:52:11.000Z</time>
      </trkpt>
      <trkpt lat="48.448812" lon="0.178815">
        <ele>117.908494</ele>
        <time>2023-08-20T23:53:32.000Z</time>
      </trkpt>
      <trkpt lat="48.448452" lon="0.17644">
        <ele>120.54093</ele>
        <time>2023-08-20T23:54:00.000Z</time>
      </trkpt>
      <trkpt lat="48.447411" lon="0.174778">
        <ele>122.604277</ele>
        <time>2023-08-20T23:54:26.000Z</time>
      </trkpt>
      <trkpt lat="48.446838" lon="0.171918">
        <ele>123.777133</ele>
        <time>2023-08-20T23:55:00.000Z</time>
      </trkpt>
      <trkpt lat="48.443798" lon="0.164277">
        <ele>129.037443</ele>
        <time>2023-08-20T23:56:33.000Z</time>
      </trkpt>
      <trkpt lat="48.441107" lon="0.162475">
        <ele>130.895481</ele>
        <time>2023-08-20T23:57:22.000Z</time>
      </trkpt>
      <trkpt lat="48.437634" lon="0.156121">
        <ele>131.350166</ele>
        <time>2023-08-20T23:58:46.000Z</time>
      </trkpt>
      <trkpt lat="48.43587" lon="0.150503">
        <ele>130.39198</ele>
        <time>2023-08-20T23:59:44.000Z</time>
      </trkpt>
      <trkpt lat="48.435429" lon="0.147235">
        <ele>129.574455</ele>
        <time>2023-08-21T00:00:12.000Z</time>
      </trkpt>
      <trkpt lat="48.433596" lon="0.143364">
        <ele>130.932044</ele>
        <time>2023-08-21T00:00:58.000Z</time>
      </trkpt>
      <trkpt lat="48.433638" lon="0.139018">
        <ele>128.458308</ele>
        <time>2023-08-21T00:01:33.000Z</time>
      </trkpt>
      <trkpt lat="48.432149" lon="0.133286">
        <ele>124.455454</ele>
        <time>2023-08-21T00:02:24.000Z</time>
      </trkpt>
      <trkpt lat="48.432251" lon="0.126768">
        <ele>116.374992</ele>
        <time>2023-08-21T00:03:12.000Z</time>
      </trkpt>
      <trkpt lat="48.433469" lon="0.125351">
        <ele>115.716897</ele>
        <time>2023-08-21T00:03:38.000Z</time>
      </trkpt>
      <trkpt lat="48.433904" lon="0.118438">
        <ele>114.33474</ele>
        <time>2023-08-21T00:04:45.000Z</time>
      </trkpt>
      <trkpt lat="48.435482" lon="0.114927">
        <ele>114.984805</ele>
        <time>2023-08-21T00:05:30.000Z</time>
      </trkpt>
      <trkpt lat="48.432286" lon="0.101408">
        <ele>124.097148</ele>
        <time>2023-08-21T00:08:13.000Z</time>
      </trkpt>
      <trkpt lat="48.431566" lon="0.100195">
        <ele>123.510713</ele>
        <time>2023-08-21T00:08:35.000Z</time>
      </trkpt>
      <trkpt lat="48.430641" lon="0.094419">
        <ele>122.162162</ele>
        <time>2023-08-21T00:09:46.000Z</time>
      </trkpt>
      <trkpt lat="48.430695" lon="0.091003">
        <ele>119.994424</ele>
        <time>2023-08-21T00:10:22.000Z</time>
      </trkpt>
      <trkpt lat="48.432816" lon="0.085339">
        <ele>122.965494</ele>
        <time>2023-08-21T00:11:42.000Z</time>
      </trkpt>
      <trkpt lat="48.431597" lon="0.076966">
        <ele>122.207967</ele>
        <time>2023-08-21T00:13:04.000Z</time>
      </trkpt>
      <trkpt lat="48.432019" lon="0.073679">
        <ele>126.123981</ele>
        <time>2023-08-21T00:13:45.000Z</time>
      </trkpt>
      <trkpt lat="48.429499" lon="0.073028">
        <ele>124.817469</ele>
        <time>2023-08-21T00:14:23.000Z</time>
      </trkpt>
      <trkpt lat="48.423039" lon="0.080811">
        <ele>114.069122</ele>
        <time>2023-08-21T00:16:07.000Z</time>
      </trkpt>
      <trkpt lat="48.41597" lon="0.074588">
        <ele>122.834629</ele>
        <time>2023-08-21T00:18:22.000Z</time>
      </trkpt>
      <trkpt lat="48.407792" lon="0.064973">
        <ele>153.48335</ele>
        <time>2023-08-21T00:22:23.000Z</time>
      </trkpt>
      <trkpt lat="48.401644" lon="0.063447">
        <ele>158.142371</ele>
        <time>2023-08-21T00:24:22.000Z</time>
      </trkpt>
      <trkpt lat="48.396451" lon="0.059561">
        <ele>159.095302</ele>
        <time>2023-08-21T00:25:50.000Z</time>
      </trkpt>
      <trkpt lat="48.392183" lon="0.054409">
        <ele>157.891436</ele>
        <time>2023-08-21T00:27:23.000Z</time>
      </trkpt>
      <trkpt lat="48.389388" lon="0.046952">
        <ele>163.428073</ele>
        <time>2023-08-21T00:29:08.000Z</time>
      </trkpt>
      <trkpt lat="48.3823" lon="0.03993">
        <ele>159.565874</ele>
        <time>2023-08-21T00:31:14.000Z</time>
      </trkpt>
      <trkpt lat="48.377373" lon="0.038855">
        <ele>153.453286</ele>
        <time>2023-08-21T00:32:23.000Z</time>
      </trkpt>
      <trkpt lat="48.37456" lon="0.036234">
        <ele>153.083521</ele>
        <time>2023-08-21T00:33:12.000Z</time>
      </trkpt>
      <trkpt lat="48.372465" lon="0.035277">
        <ele>161.691929</ele>
        <time>2023-08-21T00:34:11.000Z</time>
      </trkpt>
      <trkpt lat="48.367544" lon="0.027485">
        <ele>176.513954</ele>
        <time>2023-08-21T00:36:52.000Z</time>
      </trkpt>
      <trkpt lat="48.358718" lon="0.022179">
        <ele>174.692164</ele>
        <time>2023-08-21T00:39:26.000Z</time>
      </trkpt>
      <trkpt lat="48.355238" lon="0.021464">
        <ele>160.797932</ele>
        <time>2023-08-21T00:40:00.000Z</time>
      </trkpt>
      <trkpt lat="48.355082" lon="0.014999">
        <ele>156.512522</ele>
        <time>2023-08-21T00:41:14.000Z</time>
      </trkpt>
      <trkpt lat="48.352364" lon="0.013826">
        <ele>161.497955</ele>
        <time>2023-08-21T00:42:11.000Z</time>
      </trkpt>
      <trkpt lat="48.345091" lon="0.007044">
        <ele>156.03039</ele>
        <time>2023-08-21T00:44:21.000Z</time>
      </trkpt>
      <trkpt lat="48.341352" lon="0.006297">
        <ele>149.730317</ele>
        <time>2023-08-21T00:45:05.000Z</time>
      </trkpt>
      <trkpt lat="48.33758" lon="0.002399">
        <ele>142.220272</ele>
        <time>2023-08-21T00:45:59.000Z</time>
      </trkpt>
      <trkpt lat="48.333309" lon="0.001416">
        <ele>135.44688</ele>
        <time>2023-08-21T00:46:51.000Z</time>
      </trkpt>
      <trkpt lat="48.328151" lon="-0.005509">
        <ele>137.127285</ele>
        <time>2023-08-21T00:48:37.000Z</time>
      </trkpt>
      <trkpt lat="48.322671" lon="-0.007739">
        <ele>134.350461</ele>
        <time>2023-08-21T00:50:05.000Z</time>
      </trkpt>
      <trkpt lat="48.32258" lon="-0.010931">
        <ele>133.000417</ele>
        <time>2023-08-21T00:50:55.000Z</time>
      </trkpt>
      <trkpt lat="48.31808" lon="-0.020881">
        <ele>130.523249</ele>
        <time>2023-08-21T00:53:02.000Z</time>
      </trkpt>
      <trkpt lat="48.31753" lon="-0.026876">
        <ele>137.742543</ele>
        <time>2023-08-21T00:54:32.000Z</time>
      </trkpt>
      <trkpt lat="48.318006" lon="-0.029779">
        <ele>136.879347</ele>
        <time>2023-08-21T00:55:09.000Z</time>
      </trkpt>
      <trkpt lat="48.317305" lon="-0.032711">
        <ele>135.58628</ele>
        <time>2023-08-21T00:55:43.000Z</time>
      </trkpt>
      <trkpt lat="48.316738" lon="-0.040643">
        <ele>123.646331</ele>
        <time>2023-08-21T00:56:46.000Z</time>
      </trkpt>
      <trkpt lat="48.313397" lon="-0.04926">
        <ele>99.357719</ele>
        <time>2023-08-21T00:57:44.000Z</time>
      </trkpt>
      <trkpt lat="48.313536" lon="-0.052811">
        <ele>94.627454</ele>
        <time>2023-08-21T00:58:07.000Z</time>
      </trkpt>
      <trkpt lat="48.308728" lon="-0.065937">
        <ele>79.037649</ele>
        <time>2023-08-21T00:59:52.000Z</time>
      </trkpt>
      <trkpt lat="48.30978" lon="-0.068288">
        <ele>75.886871</ele>
        <time>2023-08-21T01:00:17.000Z</time>
      </trkpt>
      <trkpt lat="48.312834" lon="-0.070899">
        <ele>75.523303</ele>
        <time>2023-08-21T01:01:03.000Z</time>
      </trkpt>
      <trkpt lat="48.315066" lon="-0.075033">
        <ele>76.990648</ele>
        <time>2023-08-21T01:01:54.000Z</time>
      </trkpt>
      <trkpt lat="48.316081" lon="-0.079839">
        <ele>77.660693</ele>
        <time>2023-08-21T01:02:47.000Z</time>
      </trkpt>
      <trkpt lat="48.316533" lon="-0.086335">
        <ele>78.650741</ele>
        <time>2023-08-21T01:03:54.000Z</time>
      </trkpt>
      <trkpt lat="48.31754" lon="-0.09128">
        <ele>81.88279</ele>
        <time>2023-08-21T01:05:01.000Z</time>
      </trkpt>
      <trkpt lat="48.318721" lon="-0.093909">
        <ele>83.898664</ele>
        <time>2023-08-21T01:05:41.000Z</time>
      </trkpt>
      <trkpt lat="48.319122" lon="-0.09999">
        <ele>84.505446</ele>
        <time>2023-08-21T01:06:49.000Z</time>
      </trkpt>
      <trkpt lat="48.321625" lon="-0.109986">
        <ele>95.792666</ele>
        <time>2023-08-21T01:09:34.000Z</time>
      </trkpt>
      <trkpt lat="48.321215" lon="-0.115012">
        <ele>90.299516</ele>
        <time>2023-08-21T01:10:20.000Z</time>
      </trkpt>
      <trkpt lat="48.324247" lon="-0.117031">
        <ele>106.495545</ele>
        <time>2023-08-21T01:12:09.000Z</time>
      </trkpt>
      <trkpt lat="48.323822" lon="-0.121444">
        <ele>123.548965</ele>
        <time>2023-08-21T01:14:08.000Z</time>
      </trkpt>
      <trkpt lat="48.320423" lon="-0.127745">
        <ele>141.153179</ele>
        <time>2023-08-21T01:17:25.000Z</time>
      </trkpt>
      <trkpt lat="48.321606" lon="-0.133914">
        <ele>147.802748</ele>
        <time>2023-08-21T01:19:03.000Z</time>
      </trkpt>
      <trkpt lat="48.320981" lon="-0.1398">
        <ele>165.016294</ele>
        <time>2023-08-21T01:22:55.000Z</time>
      </trkpt>
      <trkpt lat="48.321914" lon="-0.144004">
        <ele>175.564035</ele>
        <time>2023-08-21T01:24:36.000Z</time>
      </trkpt>
      <trkpt lat="48.321599" lon="-0.14957">
        <ele>177.93587</ele>
        <time>2023-08-21T01:25:44.000Z</time>
      </trkpt>
      <trkpt lat="48.3202" lon="-0.156047">
        <ele>184.480149</ele>
        <time>2023-08-21T01:27:17.000Z</time>
      </trkpt>
      <trkpt lat="48.320411" lon="-0.161193">
        <ele>189.415882</ele>
        <time>2023-08-21T01:28:27.000Z</time>
      </trkpt>
      <trkpt lat="48.322124" lon="-0.170224">
        <ele>199.935425</ele>
        <time>2023-08-21T01:30:45.000Z</time>
      </trkpt>
      <trkpt lat="48.322452" lon="-0.17884">
        <ele>207.184765</ele>
        <time>2023-08-21T01:32:55.000Z</time>
      </trkpt>
      <trkpt lat="48.325196" lon="-0.187986">
        <ele>194.075757</ele>
        <time>2023-08-21T01:34:23.000Z</time>
      </trkpt>
      <trkpt lat="48.325608" lon="-0.195244">
        <ele>199.989811</ele>
        <time>2023-08-21T01:35:50.000Z</time>
      </trkpt>
      <trkpt lat="48.32671" lon="-0.200501">
        <ele>195.438604</ele>
        <time>2023-08-21T01:36:44.000Z</time>
      </trkpt>
      <trkpt lat="48.326" lon="-0.20846">
        <ele>175.377413</ele>
        <time>2023-08-21T01:37:31.000Z</time>
      </trkpt>
      <trkpt lat="48.327589" lon="-0.215502">
        <ele>161.56626</ele>
        <time>2023-08-21T01:38:18.000Z</time>
      </trkpt>
      <trkpt lat="48.327445" lon="-0.221175">
        <ele>147.405104</ele>
        <time>2023-08-21T01:38:54.000Z</time>
      </trkpt>
      <trkpt lat="48.328221" lon="-0.223268">
        <ele>141.630143</ele>
        <time>2023-08-21T01:39:09.000Z</time>
      </trkpt>
      <trkpt lat="48.331292" lon="-0.223385">
        <ele>146.952482</ele>
        <time>2023-08-21T01:40:17.000Z</time>
      </trkpt>
      <trkpt lat="48.333813" lon="-0.227358">
        <ele>156.974282</ele>
        <time>2023-08-21T01:42:02.000Z</time>
      </trkpt>
      <trkpt lat="48.335284" lon="-0.23446">
        <ele>170.956065</ele>
        <time>2023-08-21T01:44:12.000Z</time>
      </trkpt>
      <trkpt lat="48.335674" lon="-0.241914">
        <ele>175.385203</ele>
        <time>2023-08-21T01:45:58.000Z</time>
      </trkpt>
      <trkpt lat="48.339698" lon="-0.249885">
        <ele>180.114861</ele>
        <time>2023-08-21T01:48:16.000Z</time>
      </trkpt>
      <trkpt lat="48.340484" lon="-0.25558">
        <ele>181.64585</ele>
        <time>2023-08-21T01:49:27.000Z</time>
      </trkpt>
      <trkpt lat="48.342333" lon="-0.262503">
        <ele>175.794429</ele>
        <time>2023-08-21T01:50:45.000Z</time>
      </trkpt>
      <trkpt lat="48.343132" lon="-0.270554">
        <ele>163.542251</ele>
        <time>2023-08-21T01:51:48.000Z</time>
      </trkpt>
      <trkpt lat="48.346106" lon="-0.277907">
        <ele>167.669751</ele>
        <time>2023-08-21T01:53:47.000Z</time>
      </trkpt>
      <trkpt lat="48.344834" lon="-0.280588">
        <ele>169.287167</ele>
        <time>2023-08-21T01:58:45.000Z</time>
      </trkpt>
      <trkpt lat="48.34544" lon="-0.280245">
        <ele>169.478308</ele>
        <time>2023-08-21T02:14:37.000Z</time>
      </trkpt>
      <trkpt lat="48.343397" lon="-0.283072">
        <ele>174.346692</ele>
        <time>2023-08-21T03:19:41.000Z</time>
      </trkpt>
      <trkpt lat="48.341772" lon="-0.284015">
        <ele>179.482747</ele>
        <time>2023-08-21T03:20:29.000Z</time>
      </trkpt>
      <trkpt lat="48.342313" lon="-0.286276">
        <ele>182.415385</ele>
        <time>2023-08-21T03:21:03.000Z</time>
      </trkpt>
      <trkpt lat="48.341691" lon="-0.291958">
        <ele>181.896041</ele>
        <time>2023-08-21T03:22:21.000Z</time>
      </trkpt>
      <trkpt lat="48.342078" lon="-0.296175">
        <ele>180.43023</ele>
        <time>2023-08-21T03:23:05.000Z</time>
      </trkpt>
      <trkpt lat="48.34167" lon="-0.298941">
        <ele>179.94692</ele>
        <time>2023-08-21T03:23:32.000Z</time>
      </trkpt>
      <trkpt lat="48.345089" lon="-0.306563">
        <ele>196.875993</ele>
        <time>2023-08-21T03:26:05.000Z</time>
      </trkpt>
      <trkpt lat="48.345906" lon="-0.309865">
        <ele>205.381654</ele>
        <time>2023-08-21T03:27:21.000Z</time>
      </trkpt>
      <trkpt lat="48.344302" lon="-0.319958">
        <ele>194.450634</ele>
        <time>2023-08-21T03:28:53.000Z</time>
      </trkpt>
      <trkpt lat="48.344421" lon="-0.323104">
        <ele>190.940062</ele>
        <time>2023-08-21T03:29:19.000Z</time>
      </trkpt>
      <trkpt lat="48.342372" lon="-0.332814">
        <ele>203.482809</ele>
        <time>2023-08-21T03:31:56.000Z</time>
      </trkpt>
      <trkpt lat="48.338393" lon="-0.344025">
        <ele>194.272706</ele>
        <time>2023-08-21T03:34:08.000Z</time>
      </trkpt>
      <trkpt lat="48.338498" lon="-0.348816">
        <ele>194.495255</ele>
        <time>2023-08-21T03:35:07.000Z</time>
      </trkpt>
      <trkpt lat="48.333762" lon="-0.354407">
        <ele>182.965312</ele>
        <time>2023-08-21T03:36:27.000Z</time>
      </trkpt>
      <trkpt lat="48.331953" lon="-0.359361">
        <ele>174.937331</ele>
        <time>2023-08-21T03:37:08.000Z</time>
      </trkpt>
      <trkpt lat="48.33092" lon="-0.364965">
        <ele>171.099109</ele>
        <time>2023-08-21T03:37:58.000Z</time>
      </trkpt>
      <trkpt lat="48.328417" lon="-0.371137">
        <ele>177.075758</ele>
        <time>2023-08-21T03:39:35.000Z</time>
      </trkpt>
      <trkpt lat="48.328594" lon="-0.376004">
        <ele>171.46398</ele>
        <time>2023-08-21T03:40:19.000Z</time>
      </trkpt>
      <trkpt lat="48.326584" lon="-0.387608">
        <ele>157.820154</ele>
        <time>2023-08-21T03:42:00.000Z</time>
      </trkpt>
      <trkpt lat="48.328152" lon="-0.392723">
        <ele>168.167554</ele>
        <time>2023-08-21T03:43:31.000Z</time>
      </trkpt>
      <trkpt lat="48.328343" lon="-0.39546">
        <ele>170.576933</ele>
        <time>2023-08-21T03:44:17.000Z</time>
      </trkpt>
      <trkpt lat="48.327942" lon="-0.399705">
        <ele>165.607966</ele>
        <time>2023-08-21T03:44:53.000Z</time>
      </trkpt>
      <trkpt lat="48.326873" lon="-0.402772">
        <ele>161.27018</ele>
        <time>2023-08-21T03:45:21.000Z</time>
      </trkpt>
      <trkpt lat="48.328825" lon="-0.404372">
        <ele>170.085803</ele>
        <time>2023-08-21T03:46:34.000Z</time>
      </trkpt>
      <trkpt lat="48.330533" lon="-0.404505">
        <ele>179.379935</ele>
        <time>2023-08-21T03:47:39.000Z</time>
      </trkpt>
      <trkpt lat="48.336747" lon="-0.402013">
        <ele>195.899956</ele>
        <time>2023-08-21T03:50:57.000Z</time>
      </trkpt>
      <trkpt lat="48.337681" lon="-0.402543">
        <ele>195.166639</ele>
        <time>2023-08-21T03:51:15.000Z</time>
      </trkpt>
      <trkpt lat="48.337809" lon="-0.404904">
        <ele>192.411498</ele>
        <time>2023-08-21T03:51:35.000Z</time>
      </trkpt>
      <trkpt lat="48.338395" lon="-0.405953">
        <ele>190.939621</ele>
        <time>2023-08-21T03:51:47.000Z</time>
      </trkpt>
      <trkpt lat="48.342027" lon="-0.405738">
        <ele>195.638677</ele>
        <time>2023-08-21T03:53:07.000Z</time>
      </trkpt>
      <trkpt lat="48.343895" lon="-0.409416">
        <ele>212.400704</ele>
        <time>2023-08-21T03:55:08.000Z</time>
      </trkpt>
      <trkpt lat="48.343943" lon="-0.415358">
        <ele>234.762149</ele>
        <time>2023-08-21T03:57:55.000Z</time>
      </trkpt>
      <trkpt lat="48.345035" lon="-0.417173">
        <ele>243.589467</ele>
        <time>2023-08-21T03:59:02.000Z</time>
      </trkpt>
      <trkpt lat="48.346265" lon="-0.417715">
        <ele>250.63394</ele>
        <time>2023-08-21T04:00:01.000Z</time>
      </trkpt>
      <trkpt lat="48.357865" lon="-0.413704">
        <ele>247.523018</ele>
        <time>2023-08-21T04:05:40.000Z</time>
      </trkpt>
      <trkpt lat="48.359998" lon="-0.415922">
        <ele>237.679024</ele>
        <time>2023-08-21T04:06:03.000Z</time>
      </trkpt>
      <trkpt lat="48.361433" lon="-0.415729">
        <ele>231.506973</ele>
        <time>2023-08-21T04:06:15.000Z</time>
      </trkpt>
      <trkpt lat="48.363305" lon="-0.413347">
        <ele>218.708792</ele>
        <time>2023-08-21T04:06:34.000Z</time>
      </trkpt>
      <trkpt lat="48.364299" lon="-0.410037">
        <ele>205.759113</ele>
        <time>2023-08-21T04:06:53.000Z</time>
      </trkpt>
      <trkpt lat="48.366849" lon="-0.408029">
        <ele>190.110593</ele>
        <time>2023-08-21T04:07:15.000Z</time>
      </trkpt>
      <trkpt lat="48.37786" lon="-0.410207">
        <ele>180.133792</ele>
        <time>2023-08-21T04:10:10.000Z</time>
      </trkpt>
      <trkpt lat="48.381528" lon="-0.406117">
        <ele>176.290422</ele>
        <time>2023-08-21T04:11:18.000Z</time>
      </trkpt>
      <trkpt lat="48.383609" lon="-0.408719">
        <ele>185.936295</ele>
        <time>2023-08-21T04:27:14.000Z</time>
      </trkpt>
      <trkpt lat="48.385638" lon="-0.409833">
        <ele>181.495879</ele>
        <time>2023-08-21T04:28:08.000Z</time>
      </trkpt>
      <trkpt lat="48.388862" lon="-0.409603">
        <ele>169.362913</ele>
        <time>2023-08-21T04:28:38.000Z</time>
      </trkpt>
      <trkpt lat="48.392506" lon="-0.406885">
        <ele>161.045092</ele>
        <time>2023-08-21T04:29:21.000Z</time>
      </trkpt>
      <trkpt lat="48.397385" lon="-0.408886">
        <ele>154.878464</ele>
        <time>2023-08-21T04:30:18.000Z</time>
      </trkpt>
      <trkpt lat="48.402606" lon="-0.409151">
        <ele>165.264333</ele>
        <time>2023-08-21T04:32:02.000Z</time>
      </trkpt>
      <trkpt lat="48.407529" lon="-0.403421">
        <ele>181.151607</ele>
        <time>2023-08-21T04:34:32.000Z</time>
      </trkpt>
      <trkpt lat="48.411424" lon="-0.402567">
        <ele>197.894916</ele>
        <time>2023-08-21T04:36:36.000Z</time>
      </trkpt>
      <trkpt lat="48.413366" lon="-0.403791">
        <ele>207.18326</ele>
        <time>2023-08-21T04:37:49.000Z</time>
      </trkpt>
      <trkpt lat="48.415503" lon="-0.406831">
        <ele>214.271778</ele>
        <time>2023-08-21T04:39:10.000Z</time>
      </trkpt>
      <trkpt lat="48.41743" lon="-0.408006">
        <ele>213.730073</ele>
        <time>2023-08-21T04:39:50.000Z</time>
      </trkpt>
      <trkpt lat="48.417648" lon="-0.409661">
        <ele>211.510803</ele>
        <time>2023-08-21T04:40:08.000Z</time>
      </trkpt>
      <trkpt lat="48.417412" lon="-0.419687">
        <ele>215.991663</ele>
        <time>2023-08-21T04:42:10.000Z</time>
      </trkpt>
      <trkpt lat="48.416463" lon="-0.425301">
        <ele>224.914468</ele>
        <time>2023-08-21T04:43:45.000Z</time>
      </trkpt>
      <trkpt lat="48.416236" lon="-0.436604">
        <ele>225.051663</ele>
        <time>2023-08-21T04:46:04.000Z</time>
      </trkpt>
      <trkpt lat="48.41737" lon="-0.440436">
        <ele>218.989809</ele>
        <time>2023-08-21T04:46:38.000Z</time>
      </trkpt>
      <trkpt lat="48.420608" lon="-0.445718">
        <ele>219.912892</ele>
        <time>2023-08-21T04:47:54.000Z</time>
      </trkpt>
      <trkpt lat="48.42187" lon="-0.449456">
        <ele>227.1766</ele>
        <time>2023-08-21T04:49:04.000Z</time>
      </trkpt>
      <trkpt lat="48.426991" lon="-0.460091">
        <ele>224.337466</ele>
        <time>2023-08-21T04:51:17.000Z</time>
      </trkpt>
      <trkpt lat="48.430727" lon="-0.469444">
        <ele>216.091652</ele>
        <time>2023-08-21T04:53:01.000Z</time>
      </trkpt>
      <trkpt lat="48.432146" lon="-0.475361">
        <ele>197.323168</ele>
        <time>2023-08-21T04:53:39.000Z</time>
      </trkpt>
      <trkpt lat="48.43569" lon="-0.480948">
        <ele>186.918573</ele>
        <time>2023-08-21T04:54:33.000Z</time>
      </trkpt>
      <trkpt lat="48.436279" lon="-0.482811">
        <ele>185.752053</ele>
        <time>2023-08-21T04:54:50.000Z</time>
      </trkpt>
      <trkpt lat="48.43649" lon="-0.487069">
        <ele>179.470079</ele>
        <time>2023-08-21T04:55:26.000Z</time>
      </trkpt>
      <trkpt lat="48.437957" lon="-0.491317">
        <ele>173.484265</ele>
        <time>2023-08-21T04:56:04.000Z</time>
      </trkpt>
      <trkpt lat="48.43753" lon="-0.495801">
        <ele>170.93506</ele>
        <time>2023-08-21T04:56:47.000Z</time>
      </trkpt>
      <trkpt lat="48.438201" lon="-0.497623">
        <ele>170.761913</ele>
        <time>2023-08-21T04:57:12.000Z</time>
      </trkpt>
      <trkpt lat="48.43526" lon="-0.501772">
        <ele>173.567722</ele>
        <time>2023-08-21T04:58:19.000Z</time>
      </trkpt>
      <trkpt lat="48.433174" lon="-0.503528">
        <ele>179.564967</ele>
        <time>2023-08-21T04:59:17.000Z</time>
      </trkpt>
      <trkpt lat="48.427777" lon="-0.511503">
        <ele>199.897763</ele>
        <time>2023-08-21T05:02:38.000Z</time>
      </trkpt>
      <trkpt lat="48.423956" lon="-0.520779">
        <ele>194.412054</ele>
        <time>2023-08-21T05:04:27.000Z</time>
      </trkpt>
      <trkpt lat="48.421804" lon="-0.529893">
        <ele>187.503963</ele>
        <time>2023-08-21T05:05:55.000Z</time>
      </trkpt>
      <trkpt lat="48.420002" lon="-0.532749">
        <ele>181.664686</ele>
        <time>2023-08-21T05:06:29.000Z</time>
      </trkpt>
      <trkpt lat="48.419798" lon="-0.538139">
        <ele>167.514239</ele>
        <time>2023-08-21T05:07:05.000Z</time>
      </trkpt>
      <trkpt lat="48.418725" lon="-0.545089">
        <ele>156.253169</ele>
        <time>2023-08-21T05:07:59.000Z</time>
      </trkpt>
      <trkpt lat="48.416751" lon="-0.551251">
        <ele>132.679674</ele>
        <time>2023-08-21T05:08:38.000Z</time>
      </trkpt>
      <trkpt lat="48.416132" lon="-0.555334">
        <ele>124.735574</ele>
        <time>2023-08-21T05:09:06.000Z</time>
      </trkpt>
      <trkpt lat="48.416337" lon="-0.562048">
        <ele>114.651728</ele>
        <time>2023-08-21T05:09:56.000Z</time>
      </trkpt>
      <trkpt lat="48.414465" lon="-0.572676">
        <ele>113.40599</ele>
        <time>2023-08-21T05:11:48.000Z</time>
      </trkpt>
      <trkpt lat="48.411866" lon="-0.58124">
        <ele>106.503546</ele>
        <time>2023-08-21T05:13:18.000Z</time>
      </trkpt>
      <trkpt lat="48.412003" lon="-0.586083">
        <ele>103.424033</ele>
        <time>2023-08-21T05:14:01.000Z</time>
      </trkpt>
      <trkpt lat="48.408934" lon="-0.595013">
        <ele>100.716386</ele>
        <time>2023-08-21T05:15:37.000Z</time>
      </trkpt>
      <trkpt lat="48.407431" lon="-0.597298">
        <ele>100.56167</ele>
        <time>2023-08-21T05:16:07.000Z</time>
      </trkpt>
      <trkpt lat="48.406882" lon="-0.600254">
        <ele>100.608711</ele>
        <time>2023-08-21T05:16:42.000Z</time>
      </trkpt>
      <trkpt lat="48.403684" lon="-0.603852">
        <ele>85.153176</ele>
        <time>2023-08-21T05:17:25.000Z</time>
      </trkpt>
      <trkpt lat="48.404683" lon="-0.606309">
        <ele>78.8422</ele>
        <time>2023-08-21T05:17:44.000Z</time>
      </trkpt>
      <trkpt lat="48.404106" lon="-0.608304">
        <ele>78.000487</ele>
        <time>2023-08-21T05:18:00.000Z</time>
      </trkpt>
      <trkpt lat="48.403037" lon="-0.609314">
        <ele>82.648084</ele>
        <time>2023-08-21T05:18:25.000Z</time>
      </trkpt>
      <trkpt lat="48.403212" lon="-0.613525">
        <ele>94.691505</ele>
        <time>2023-08-21T05:19:52.000Z</time>
      </trkpt>
      <trkpt lat="48.402245" lon="-0.615545">
        <ele>100.777282</ele>
        <time>2023-08-21T05:20:45.000Z</time>
      </trkpt>
      <trkpt lat="48.400681" lon="-0.621832">
        <ele>96.800656</ele>
        <time>2023-08-21T05:22:05.000Z</time>
      </trkpt>
      <trkpt lat="48.401216" lon="-0.625573">
        <ele>85.392198</ele>
        <time>2023-08-21T05:22:32.000Z</time>
      </trkpt>
      <trkpt lat="48.402976" lon="-0.627355">
        <ele>78.871989</ele>
        <time>2023-08-21T05:23:04.000Z</time>
      </trkpt>
      <trkpt lat="48.402884" lon="-0.628407">
        <ele>78.130787</ele>
        <time>2023-08-21T05:23:24.000Z</time>
      </trkpt>
      <trkpt lat="48.404149" lon="-0.629957">
        <ele>84.625191</ele>
        <time>2023-08-21T05:24:16.000Z</time>
      </trkpt>
      <trkpt lat="48.404195" lon="-0.632073">
        <ele>91.696224</ele>
        <time>2023-08-21T05:25:09.000Z</time>
      </trkpt>
      <trkpt lat="48.403311" lon="-0.633069">
        <ele>97.53523</ele>
        <time>2023-08-21T05:25:52.000Z</time>
      </trkpt>
      <trkpt lat="48.403551" lon="-0.635066">
        <ele>104.24613</ele>
        <time>2023-08-21T05:26:43.000Z</time>
      </trkpt>
      <trkpt lat="48.401994" lon="-0.640681">
        <ele>106.661054</ele>
        <time>2023-08-21T05:28:09.000Z</time>
      </trkpt>
      <trkpt lat="48.401346" lon="-0.647306">
        <ele>104.393034</ele>
        <time>2023-08-21T05:29:15.000Z</time>
      </trkpt>
      <trkpt lat="48.400068" lon="-0.650939">
        <ele>109.57684</ele>
        <time>2023-08-21T05:30:16.000Z</time>
      </trkpt>
      <trkpt lat="48.400754" lon="-0.653218">
        <ele>112.580735</ele>
        <time>2023-08-21T05:30:53.000Z</time>
      </trkpt>
      <trkpt lat="48.400727" lon="-0.655449">
        <ele>114.450413</ele>
        <time>2023-08-21T05:31:25.000Z</time>
      </trkpt>
      <trkpt lat="48.402673" lon="-0.658948">
        <ele>119.791924</ele>
        <time>2023-08-21T05:32:32.000Z</time>
      </trkpt>
      <trkpt lat="48.403371" lon="-0.662179">
        <ele>124.099919</ele>
        <time>2023-08-21T05:33:22.000Z</time>
      </trkpt>
      <trkpt lat="48.405305" lon="-0.702396">
        <ele>132.915749</ele>
        <time>2023-08-21T05:41:09.000Z</time>
      </trkpt>
      <trkpt lat="48.407166" lon="-0.707705">
        <ele>137.676567</ele>
        <time>2023-08-21T05:42:33.000Z</time>
      </trkpt>
      <trkpt lat="48.407387" lon="-0.712861">
        <ele>135.930355</ele>
        <time>2023-08-21T05:43:31.000Z</time>
      </trkpt>
      <trkpt lat="48.406364" lon="-0.728972">
        <ele>155.353772</ele>
        <time>2023-08-21T05:47:47.000Z</time>
      </trkpt>
      <trkpt lat="48.407557" lon="-0.733298">
        <ele>163.638975</ele>
        <time>2023-08-21T05:49:18.000Z</time>
      </trkpt>
      <trkpt lat="48.407403" lon="-0.743169">
        <ele>167.492664</ele>
        <time>2023-08-21T05:51:15.000Z</time>
      </trkpt>
      <trkpt lat="48.408293" lon="-0.75731">
        <ele>169.620987</ele>
        <time>2023-08-21T05:54:02.000Z</time>
      </trkpt>
      <trkpt lat="48.409706" lon="-0.764675">
        <ele>169.382859</ele>
        <time>2023-08-21T05:55:29.000Z</time>
      </trkpt>
      <trkpt lat="48.409527" lon="-0.767323">
        <ele>163.592936</ele>
        <time>2023-08-21T05:55:46.000Z</time>
      </trkpt>
      <trkpt lat="48.408065" lon="-0.772948">
        <ele>160.916194</ele>
        <time>2023-08-21T05:56:38.000Z</time>
      </trkpt>
      <trkpt lat="48.409878" lon="-0.776635">
        <ele>151.207288</ele>
        <time>2023-08-21T05:57:11.000Z</time>
      </trkpt>
      <trkpt lat="48.410734" lon="-0.780255">
        <ele>147.753583</ele>
        <time>2023-08-21T05:57:40.000Z</time>
      </trkpt>
      <trkpt lat="48.410304" lon="-0.787293">
        <ele>158.977891</ele>
        <time>2023-08-21T05:59:22.000Z</time>
      </trkpt>
      <trkpt lat="48.411634" lon="-0.79563">
        <ele>151.954894</ele>
        <time>2023-08-21T06:00:43.000Z</time>
      </trkpt>
      <trkpt lat="48.411014" lon="-0.800162">
        <ele>148.520858</ele>
        <time>2023-08-21T06:01:24.000Z</time>
      </trkpt>
      <trkpt lat="48.410718" lon="-0.819505">
        <ele>139.7115</ele>
        <time>2023-08-21T06:05:01.000Z</time>
      </trkpt>
      <trkpt lat="48.41201" lon="-0.822672">
        <ele>147.611427</ele>
        <time>2023-08-21T06:06:06.000Z</time>
      </trkpt>
      <trkpt lat="48.41555" lon="-0.838689">
        <ele>148.242293</ele>
        <time>2023-08-21T06:09:12.000Z</time>
      </trkpt>
      <trkpt lat="48.41822" lon="-0.8456">
        <ele>158.770983</ele>
        <time>2023-08-21T06:11:13.000Z</time>
      </trkpt>
      <trkpt lat="48.419744" lon="-0.889419">
        <ele>195.45324</ele>
        <time>2023-08-21T06:26:10.000Z</time>
      </trkpt>
      <trkpt lat="48.417452" lon="-0.917458">
        <ele>212.38051</ele>
        <time>2023-08-21T06:31:54.000Z</time>
      </trkpt>
      <trkpt lat="48.416147" lon="-0.921214">
        <ele>213.244346</ele>
        <time>2023-08-21T06:32:38.000Z</time>
      </trkpt>
      <trkpt lat="48.411821" lon="-0.929872">
        <ele>205.599648</ele>
        <time>2023-08-21T06:34:03.000Z</time>
      </trkpt>
      <trkpt lat="48.409285" lon="-0.937183">
        <ele>190.616769</ele>
        <time>2023-08-21T06:34:57.000Z</time>
      </trkpt>
      <trkpt lat="48.403627" lon="-0.965424">
        <ele>169.999152</ele>
        <time>2023-08-21T06:38:56.000Z</time>
      </trkpt>
      <trkpt lat="48.403721" lon="-0.971096">
        <ele>155.089814</ele>
        <time>2023-08-21T06:39:27.000Z</time>
      </trkpt>
      <trkpt lat="48.406084" lon="-0.979812">
        <ele>152.062945</ele>
        <time>2023-08-21T06:40:42.000Z</time>
      </trkpt>
      <trkpt lat="48.406355" lon="-0.98405">
        <ele>148.297238</ele>
        <time>2023-08-21T06:41:15.000Z</time>
      </trkpt>
      <trkpt lat="48.407894" lon="-0.988451">
        <ele>141.169099</ele>
        <time>2023-08-21T06:54:25.000Z</time>
      </trkpt>
      <trkpt lat="48.40431" lon="-1.01131">
        <ele>153.752423</ele>
        <time>2023-08-21T06:59:02.000Z</time>
      </trkpt>
      <trkpt lat="48.402466" lon="-1.017743">
        <ele>146.276744</ele>
        <time>2023-08-21T07:00:00.000Z</time>
      </trkpt>
      <trkpt lat="48.40303" lon="-1.027372">
        <ele>153.998598</ele>
        <time>2023-08-21T07:01:46.000Z</time>
      </trkpt>
      <trkpt lat="48.400652" lon="-1.04691">
        <ele>162.951667</ele>
        <time>2023-08-21T07:05:30.000Z</time>
      </trkpt>
      <trkpt lat="48.396401" lon="-1.056344">
        <ele>164.4936</ele>
        <time>2023-08-21T07:07:24.000Z</time>
      </trkpt>
      <trkpt lat="48.39686" lon="-1.059183">
        <ele>160.419948</ele>
        <time>2023-08-21T07:07:49.000Z</time>
      </trkpt>
      <trkpt lat="48.395309" lon="-1.061616">
        <ele>150.842731</ele>
        <time>2023-08-21T07:08:10.000Z</time>
      </trkpt>
      <trkpt lat="48.394032" lon="-1.068277">
        <ele>150.15347</ele>
        <time>2023-08-21T07:19:29.000Z</time>
      </trkpt>
      <trkpt lat="48.384433" lon="-1.081835">
        <ele>173.079892</ele>
        <time>2023-08-21T07:24:04.000Z</time>
      </trkpt>
      <trkpt lat="48.3808" lon="-1.085594">
        <ele>187.27125</ele>
        <time>2023-08-21T07:25:55.000Z</time>
      </trkpt>
      <trkpt lat="48.382149" lon="-1.106543">
        <ele>204.896105</ele>
        <time>2023-08-21T07:30:43.000Z</time>
      </trkpt>
      <trkpt lat="48.370927" lon="-1.145518">
        <ele>148.537448</ele>
        <time>2023-08-21T07:35:59.000Z</time>
      </trkpt>
      <trkpt lat="48.370599" lon="-1.159268">
        <ele>158.037491</ele>
        <time>2023-08-21T07:38:39.000Z</time>
      </trkpt>
      <trkpt lat="48.368854" lon="-1.170438">
        <ele>146.208311</ele>
        <time>2023-08-21T07:40:03.000Z</time>
      </trkpt>
      <trkpt lat="48.368397" lon="-1.171586">
        <ele>143.151485</ele>
        <time>2023-08-21T07:40:13.000Z</time>
      </trkpt>
      <trkpt lat="48.366854" lon="-1.171002">
        <ele>137.84334</ele>
        <time>2023-08-21T07:40:31.000Z</time>
      </trkpt>
      <trkpt lat="48.356832" lon="-1.175713">
        <ele>95.923359</ele>
        <time>2023-08-21T07:41:53.000Z</time>
      </trkpt>
      <trkpt lat="48.347896" lon="-1.171255">
        <ele>75.175773</ele>
        <time>2023-08-21T07:43:30.000Z</time>
      </trkpt>
      <trkpt lat="48.344284" lon="-1.170514">
        <ele>74.53281</ele>
        <time>2023-08-21T07:44:15.000Z</time>
      </trkpt>
      <trkpt lat="48.342836" lon="-1.171045">
        <ele>76.059966</ele>
        <time>2023-08-21T07:44:42.000Z</time>
      </trkpt>
      <trkpt lat="48.344211" lon="-1.177678">
        <ele>78.583552</ele>
        <time>2023-08-21T07:46:30.000Z</time>
      </trkpt>
      <trkpt lat="48.346979" lon="-1.185805">
        <ele>59.873177</ele>
        <time>2023-08-21T07:47:50.000Z</time>
      </trkpt>
      <trkpt lat="48.346939" lon="-1.187571">
        <ele>63.87888</ele>
        <time>2023-08-21T07:48:24.000Z</time>
      </trkpt>
      <trkpt lat="48.344936" lon="-1.190935">
        <ele>65.979018</ele>
        <time>2023-08-21T07:49:45.000Z</time>
      </trkpt>
      <trkpt lat="48.346156" lon="-1.199291">
        <ele>70.718576</ele>
        <time>2023-08-21T07:51:36.000Z</time>
      </trkpt>
      <trkpt lat="48.347862" lon="-1.19861">
        <ele>75.465292</ele>
        <time>2023-08-21T07:52:34.000Z</time>
      </trkpt>
      <trkpt lat="48.34873" lon="-1.19909">
        <ele>78.045377</ele>
        <time>2023-08-21T08:07:08.000Z</time>
      </trkpt>
      <trkpt lat="48.348198" lon="-1.198912">
        <ele>79.720349</ele>
        <time>2023-08-21T08:32:15.000Z</time>
      </trkpt>
      <trkpt lat="48.348528" lon="-1.198538">
        <ele>79.72632</ele>
        <time>2023-08-21T08:47:04.000Z</time>
      </trkpt>
      <trkpt lat="48.348174" lon="-1.199444">
        <ele>79.250553</ele>
        <time>2023-08-21T08:52:42.000Z</time>
      </trkpt>
      <trkpt lat="48.347841" lon="-1.198651">
        <ele>78.158953</ele>
        <time>2023-08-21T08:52:57.000Z</time>
      </trkpt>
      <trkpt lat="48.346167" lon="-1.199533">
        <ele>76.660821</ele>
        <time>2023-08-21T08:55:06.000Z</time>
      </trkpt>
      <trkpt lat="48.346576" lon="-1.202237">
        <ele>80.50288</ele>
        <time>2023-08-21T08:55:52.000Z</time>
      </trkpt>
      <trkpt lat="48.349409" lon="-1.202191">
        <ele>87.553627</ele>
        <time>2023-08-21T08:57:24.000Z</time>
      </trkpt>
      <trkpt lat="48.353303" lon="-1.198427">
        <ele>90.532956</ele>
        <time>2023-08-21T08:59:02.000Z</time>
      </trkpt>
      <trkpt lat="48.356689" lon="-1.204265">
        <ele>94.380573</ele>
        <time>2023-08-21T09:01:20.000Z</time>
      </trkpt>
      <trkpt lat="48.356088" lon="-1.207055">
        <ele>88.872522</ele>
        <time>2023-08-21T09:01:46.000Z</time>
      </trkpt>
      <trkpt lat="48.354956" lon="-1.208818">
        <ele>82.961474</ele>
        <time>2023-08-21T09:02:06.000Z</time>
      </trkpt>
      <trkpt lat="48.353186" lon="-1.217548">
        <ele>101.931902</ele>
        <time>2023-08-21T09:05:38.000Z</time>
      </trkpt>
      <trkpt lat="48.353204" lon="-1.221178">
        <ele>111.736869</ele>
        <time>2023-08-21T09:06:55.000Z</time>
      </trkpt>
      <trkpt lat="48.351603" lon="-1.231819">
        <ele>119.12278</ele>
        <time>2023-08-21T09:09:37.000Z</time>
      </trkpt>
      <trkpt lat="48.351985" lon="-1.234731">
        <ele>122.131409</ele>
        <time>2023-08-21T09:10:24.000Z</time>
      </trkpt>
      <trkpt lat="48.351062" lon="-1.235433">
        <ele>120.43153</ele>
        <time>2023-08-21T09:10:43.000Z</time>
      </trkpt>
      <trkpt lat="48.350257" lon="-1.241721">
        <ele>113.68475</ele>
        <time>2023-08-21T09:11:27.000Z</time>
      </trkpt>
      <trkpt lat="48.35045" lon="-1.249281">
        <ele>131.556003</ele>
        <time>2023-08-21T09:13:58.000Z</time>
      </trkpt>
      <trkpt lat="48.350038" lon="-1.257362">
        <ele>123.587352</ele>
        <time>2023-08-21T09:15:03.000Z</time>
      </trkpt>
      <trkpt lat="48.349405" lon="-1.259997">
        <ele>120.964071</ele>
        <time>2023-08-21T09:15:25.000Z</time>
      </trkpt>
      <trkpt lat="48.345539" lon="-1.270998">
        <ele>107.246221</ele>
        <time>2023-08-21T09:16:56.000Z</time>
      </trkpt>
      <trkpt lat="48.343601" lon="-1.274594">
        <ele>103.152732</ele>
        <time>2023-08-21T09:17:33.000Z</time>
      </trkpt>
      <trkpt lat="48.317129" lon="-1.314548">
        <ele>101.989305</ele>
        <time>2023-08-21T09:26:48.000Z</time>
      </trkpt>
      <trkpt lat="48.311467" lon="-1.331891">
        <ele>97.737736</ele>
        <time>2023-08-21T09:29:55.000Z</time>
      </trkpt>
      <trkpt lat="48.307891" lon="-1.345491">
        <ele>93.923373</ele>
        <time>2023-08-21T09:32:09.000Z</time>
      </trkpt>
      <trkpt lat="48.303201" lon="-1.356201">
        <ele>76.938015</ele>
        <time>2023-08-21T09:33:52.000Z</time>
      </trkpt>
      <trkpt lat="48.288135" lon="-1.371543">
        <ele>42.783552</ele>
        <time>2023-08-21T09:37:37.000Z</time>
      </trkpt>
      <trkpt lat="48.27722" lon="-1.387314">
        <ele>53.236315</ele>
        <time>2023-08-21T09:42:24.000Z</time>
      </trkpt>
      <trkpt lat="48.266887" lon="-1.393629">
        <ele>57.071448</ele>
        <time>2023-08-21T09:46:09.000Z</time>
      </trkpt>
      <trkpt lat="48.263225" lon="-1.39807">
        <ele>71.626461</ele>
        <time>2023-08-21T09:48:38.000Z</time>
      </trkpt>
      <trkpt lat="48.261908" lon="-1.403509">
        <ele>90.703098</ele>
        <time>2023-08-21T09:52:27.000Z</time>
      </trkpt>
      <trkpt lat="48.259675" lon="-1.405751">
        <ele>92.293982</ele>
        <time>2023-08-21T09:53:24.000Z</time>
      </trkpt>
      <trkpt lat="48.258456" lon="-1.411257">
        <ele>88.931119</ele>
        <time>2023-08-21T09:54:17.000Z</time>
      </trkpt>
      <trkpt lat="48.25867" lon="-1.413214">
        <ele>88.290195</ele>
        <time>2023-08-21T09:54:37.000Z</time>
      </trkpt>
      <trkpt lat="48.256512" lon="-1.416042">
        <ele>87.987211</ele>
        <time>2023-08-21T09:55:19.000Z</time>
      </trkpt>
      <trkpt lat="48.250459" lon="-1.432841">
        <ele>77.535785</ele>
        <time>2023-08-21T09:58:06.000Z</time>
      </trkpt>
      <trkpt lat="48.248034" lon="-1.441775">
        <ele>79.255933</ele>
        <time>2023-08-21T09:59:37.000Z</time>
      </trkpt>
      <trkpt lat="48.245351" lon="-1.448985">
        <ele>75.055655</ele>
        <time>2023-08-21T10:00:53.000Z</time>
      </trkpt>
      <trkpt lat="48.246079" lon="-1.458859">
        <ele>74.417142</ele>
        <time>2023-08-21T10:02:44.000Z</time>
      </trkpt>
      <trkpt lat="48.245817" lon="-1.460382">
        <ele>74.807821</ele>
        <time>2023-08-21T10:03:02.000Z</time>
      </trkpt>
      <trkpt lat="48.24656" lon="-1.466389">
        <ele>84.994164</ele>
        <time>2023-08-21T10:41:51.000Z</time>
      </trkpt>
      <trkpt lat="48.24845" lon="-1.471265">
        <ele>91.87923</ele>
        <time>2023-08-21T10:43:30.000Z</time>
      </trkpt>
      <trkpt lat="48.252673" lon="-1.478363">
        <ele>86.044034</ele>
        <time>2023-08-21T10:45:07.000Z</time>
      </trkpt>
      <trkpt lat="48.254455" lon="-1.485213">
        <ele>62.321182</ele>
        <time>2023-08-21T10:45:47.000Z</time>
      </trkpt>
      <trkpt lat="48.253521" lon="-1.495411">
        <ele>38.8913</ele>
        <time>2023-08-21T10:46:46.000Z</time>
      </trkpt>
      <trkpt lat="48.253431" lon="-1.506417">
        <ele>41.539667</ele>
        <time>2023-08-21T10:48:46.000Z</time>
      </trkpt>
      <trkpt lat="48.25392" lon="-1.510085">
        <ele>41.843872</ele>
        <time>2023-08-21T10:49:26.000Z</time>
      </trkpt>
      <trkpt lat="48.256042" lon="-1.516821">
        <ele>43.040904</ele>
        <time>2023-08-21T10:50:55.000Z</time>
      </trkpt>
      <trkpt lat="48.255531" lon="-1.518261">
        <ele>43.985337</ele>
        <time>2023-08-21T10:51:20.000Z</time>
      </trkpt>
      <trkpt lat="48.254986" lon="-1.526935">
        <ele>52.511217</ele>
        <time>2023-08-21T10:53:13.000Z</time>
      </trkpt>
      <trkpt lat="48.255475" lon="-1.530429">
        <ele>50.505144</ele>
        <time>2023-08-21T10:53:49.000Z</time>
      </trkpt>
      <trkpt lat="48.255968" lon="-1.552192">
        <ele>39.262288</ele>
        <time>2023-08-21T10:57:07.000Z</time>
      </trkpt>
      <trkpt lat="48.253368" lon="-1.564726">
        <ele>32.33918</ele>
        <time>2023-08-21T10:59:01.000Z</time>
      </trkpt>
      <trkpt lat="48.254972" lon="-1.591272">
        <ele>38.355621</ele>
        <time>2023-08-21T11:04:08.000Z</time>
      </trkpt>
      <trkpt lat="48.254606" lon="-1.600116">
        <ele>39.484618</ele>
        <time>2023-08-21T11:05:50.000Z</time>
      </trkpt>
      <trkpt lat="48.256867" lon="-1.605748">
        <ele>43.061282</ele>
        <time>2023-08-21T11:07:00.000Z</time>
      </trkpt>
      <trkpt lat="48.25727" lon="-1.610712">
        <ele>48.237677</ele>
        <time>2023-08-21T11:08:02.000Z</time>
      </trkpt>
      <trkpt lat="48.262568" lon="-1.627146">
        <ele>66.633252</ele>
        <time>2023-08-21T11:12:06.000Z</time>
      </trkpt>
      <trkpt lat="48.266854" lon="-1.636451">
        <ele>83.513228</ele>
        <time>2023-08-21T11:15:24.000Z</time>
      </trkpt>
      <trkpt lat="48.267631" lon="-1.648824">
        <ele>85.506502</ele>
        <time>2023-08-21T11:17:46.000Z</time>
      </trkpt>
      <trkpt lat="48.273403" lon="-1.646391">
        <ele>62.484226</ele>
        <time>2023-08-21T11:18:46.000Z</time>
      </trkpt>
      <trkpt lat="48.274132" lon="-1.650508">
        <ele>61.701012</ele>
        <time>2023-08-21T11:19:45.000Z</time>
      </trkpt>
      <trkpt lat="48.273694" lon="-1.654381">
        <ele>65.473976</ele>
        <time>2023-08-21T11:21:05.000Z</time>
      </trkpt>
      <trkpt lat="48.27691" lon="-1.656565">
        <ele>50.77696</ele>
        <time>2023-08-21T11:23:53.000Z</time>
      </trkpt>
      <trkpt lat="48.277829" lon="-1.658867">
        <ele>42.309994</ele>
        <time>2023-08-21T11:24:06.000Z</time>
      </trkpt>
      <trkpt lat="48.27686" lon="-1.663349">
        <ele>37.711192</ele>
        <time>2023-08-21T11:24:40.000Z</time>
      </trkpt>
      <trkpt lat="48.277254" lon="-1.666538">
        <ele>41.064809</ele>
        <time>2023-08-21T11:25:22.000Z</time>
      </trkpt>
      <trkpt lat="48.272846" lon="-1.672902">
        <ele>60.534381</ele>
        <time>2023-08-21T11:28:18.000Z</time>
      </trkpt>
      <trkpt lat="48.270687" lon="-1.682127">
        <ele>60.48893</ele>
        <time>2023-08-21T11:30:06.000Z</time>
      </trkpt>
      <trkpt lat="48.270875" lon="-1.687613">
        <ele>63.811104</ele>
        <time>2023-08-21T11:31:17.000Z</time>
      </trkpt>
      <trkpt lat="48.272594" lon="-1.692136">
        <ele>60.236558</ele>
        <time>2023-08-21T11:32:03.000Z</time>
      </trkpt>
      <trkpt lat="48.272723" lon="-1.696365">
        <ele>58.847005</ele>
        <time>2023-08-21T11:32:47.000Z</time>
      </trkpt>
      <trkpt lat="48.274739" lon="-1.69872">
        <ele>59.407752</ele>
        <time>2023-08-21T11:33:32.000Z</time>
      </trkpt>
      <trkpt lat="48.276611" lon="-1.709976">
        <ele>67.001897</ele>
        <time>2023-08-21T11:35:50.000Z</time>
      </trkpt>
      <trkpt lat="48.277722" lon="-1.713247">
        <ele>66.672723</ele>
        <time>2023-08-21T11:36:31.000Z</time>
      </trkpt>
      <trkpt lat="48.276825" lon="-1.721902">
        <ele>78.920382</ele>
        <time>2023-08-21T11:38:58.000Z</time>
      </trkpt>
      <trkpt lat="48.274479" lon="-1.732381">
        <ele>86.170223</ele>
        <time>2023-08-21T11:41:21.000Z</time>
      </trkpt>
      <trkpt lat="48.274501" lon="-1.742253">
        <ele>91.659035</ele>
        <time>2023-08-21T11:43:31.000Z</time>
      </trkpt>
      <trkpt lat="48.275402" lon="-1.748087">
        <ele>91.823082</ele>
        <time>2023-08-21T11:44:39.000Z</time>
      </trkpt>
      <trkpt lat="48.27647" lon="-1.749646">
        <ele>91.38833</ele>
        <time>2023-08-21T11:45:03.000Z</time>
      </trkpt>
      <trkpt lat="48.277312" lon="-1.754513">
        <ele>87.701888</ele>
        <time>2023-08-21T11:45:44.000Z</time>
      </trkpt>
      <trkpt lat="48.276459" lon="-1.758916">
        <ele>91.947548</ele>
        <time>2023-08-21T11:46:46.000Z</time>
      </trkpt>
      <trkpt lat="48.276507" lon="-1.762068">
        <ele>91.17692</ele>
        <time>2023-08-21T11:47:21.000Z</time>
      </trkpt>
      <trkpt lat="48.275238" lon="-1.766276">
        <ele>85.02448</ele>
        <time>2023-08-21T11:48:00.000Z</time>
      </trkpt>
      <trkpt lat="48.275067" lon="-1.768725">
        <ele>85.220049</ele>
        <time>2023-08-21T11:48:28.000Z</time>
      </trkpt>
      <trkpt lat="48.275267" lon="-1.773448">
        <ele>89.376776</ele>
        <time>2023-08-21T11:49:32.000Z</time>
      </trkpt>
      <trkpt lat="48.276625" lon="-1.776281">
        <ele>89.19171</ele>
        <time>2023-08-21T11:50:14.000Z</time>
      </trkpt>
      <trkpt lat="48.276982" lon="-1.77987">
        <ele>87.210206</ele>
        <time>2023-08-21T11:50:46.000Z</time>
      </trkpt>
      <trkpt lat="48.276374" lon="-1.785515">
        <ele>85.891301</ele>
        <time>2023-08-21T11:51:38.000Z</time>
      </trkpt>
      <trkpt lat="48.276614" lon="-1.791004">
        <ele>87.252066</ele>
        <time>2023-08-21T11:52:48.000Z</time>
      </trkpt>
      <trkpt lat="48.280823" lon="-1.797432">
        <ele>81.965407</ele>
        <time>2023-08-21T11:54:25.000Z</time>
      </trkpt>
      <trkpt lat="48.283293" lon="-1.800146">
        <ele>79.450909</ele>
        <time>2023-08-21T11:55:06.000Z</time>
      </trkpt>
      <trkpt lat="48.286136" lon="-1.801093">
        <ele>82.872203</ele>
        <time>2023-08-21T11:56:15.000Z</time>
      </trkpt>
      <trkpt lat="48.290295" lon="-1.800792">
        <ele>76.794562</ele>
        <time>2023-08-21T11:57:16.000Z</time>
      </trkpt>
      <trkpt lat="48.29341" lon="-1.803911">
        <ele>64.297786</ele>
        <time>2023-08-21T11:57:50.000Z</time>
      </trkpt>
      <trkpt lat="48.294939" lon="-1.804602">
        <ele>57.413787</ele>
        <time>2023-08-21T11:58:03.000Z</time>
      </trkpt>
      <trkpt lat="48.297938" lon="-1.810599">
        <ele>35.889143</ele>
        <time>2023-08-21T11:58:45.000Z</time>
      </trkpt>
      <trkpt lat="48.302555" lon="-1.816973">
        <ele>41.960598</ele>
        <time>2023-08-21T12:00:45.000Z</time>
      </trkpt>
      <trkpt lat="48.309789" lon="-1.822408">
        <ele>40.140451</ele>
        <time>2023-08-21T12:02:57.000Z</time>
      </trkpt>
      <trkpt lat="48.328247" lon="-1.832946">
        <ele>32.205537</ele>
        <time>2023-08-21T12:08:19.000Z</time>
      </trkpt>
      <trkpt lat="48.329006" lon="-1.835666">
        <ele>35.612133</ele>
        <time>2023-08-21T12:09:07.000Z</time>
      </trkpt>
      <trkpt lat="48.329055" lon="-1.838126">
        <ele>39.197756</ele>
        <time>2023-08-21T12:09:43.000Z</time>
      </trkpt>
      <trkpt lat="48.327658" lon="-1.84226">
        <ele>42.700707</ele>
        <time>2023-08-21T12:10:56.000Z</time>
      </trkpt>
      <trkpt lat="48.326522" lon="-1.842022">
        <ele>42.571485</ele>
        <time>2023-08-21T12:11:24.000Z</time>
      </trkpt>
      <trkpt lat="48.326565" lon="-1.84343">
        <ele>44.090247</ele>
        <time>2023-08-21T12:16:59.000Z</time>
      </trkpt>
      <trkpt lat="48.326826" lon="-1.84247">
        <ele>45.494131</ele>
        <time>2023-08-21T13:10:27.000Z</time>
      </trkpt>
      <trkpt lat="48.325675" lon="-1.843803">
        <ele>46.80523</ele>
        <time>2023-08-21T13:19:13.000Z</time>
      </trkpt>
      <trkpt lat="48.326351" lon="-1.846669">
        <ele>42.120301</ele>
        <time>2023-08-21T13:20:05.000Z</time>
      </trkpt>
      <trkpt lat="48.313303" lon="-1.889333">
        <ele>56.089153</ele>
        <time>2023-08-21T13:28:45.000Z</time>
      </trkpt>
      <trkpt lat="48.312889" lon="-1.89973">
        <ele>70.916062</ele>
        <time>2023-08-21T13:31:37.000Z</time>
      </trkpt>
      <trkpt lat="48.302781" lon="-1.924345">
        <ele>84.230709</ele>
        <time>2023-08-21T13:37:17.000Z</time>
      </trkpt>
      <trkpt lat="48.30017" lon="-1.934296">
        <ele>110.754949</ele>
        <time>2023-08-21T13:41:05.000Z</time>
      </trkpt>
      <trkpt lat="48.300959" lon="-1.938096">
        <ele>124.508705</ele>
        <time>2023-08-21T13:42:45.000Z</time>
      </trkpt>
      <trkpt lat="48.298226" lon="-1.940919">
        <ele>139.903685</ele>
        <time>2023-08-21T13:44:47.000Z</time>
      </trkpt>
      <trkpt lat="48.296003" lon="-1.945685">
        <ele>157.676488</ele>
        <time>2023-08-21T13:57:33.000Z</time>
      </trkpt>
      <trkpt lat="48.293947" lon="-1.946655">
        <ele>162.108796</ele>
        <time>2023-08-21T13:58:41.000Z</time>
      </trkpt>
      <trkpt lat="48.292284" lon="-1.953674">
        <ele>157.589321</ele>
        <time>2023-08-21T13:59:49.000Z</time>
      </trkpt>
      <trkpt lat="48.289104" lon="-1.960919">
        <ele>164.01061</ele>
        <time>2023-08-21T14:01:45.000Z</time>
      </trkpt>
      <trkpt lat="48.289009" lon="-1.962785">
        <ele>159.681515</ele>
        <time>2023-08-21T14:01:57.000Z</time>
      </trkpt>
      <trkpt lat="48.288156" lon="-1.964276">
        <ele>153.516545</ele>
        <time>2023-08-21T14:02:07.000Z</time>
      </trkpt>
      <trkpt lat="48.287169" lon="-1.968896">
        <ele>142.252333</ele>
        <time>2023-08-21T14:02:35.000Z</time>
      </trkpt>
      <trkpt lat="48.285059" lon="-1.970647">
        <ele>141.521243</ele>
        <time>2023-08-21T14:03:10.000Z</time>
      </trkpt>
      <trkpt lat="48.285209" lon="-1.977186">
        <ele>135.432477</ele>
        <time>2023-08-21T14:04:06.000Z</time>
      </trkpt>
      <trkpt lat="48.284388" lon="-1.989351">
        <ele>101.790754</ele>
        <time>2023-08-21T14:05:17.000Z</time>
      </trkpt>
      <trkpt lat="48.280627" lon="-1.999657">
        <ele>87.880888</ele>
        <time>2023-08-21T14:06:35.000Z</time>
      </trkpt>
      <trkpt lat="48.281544" lon="-2.008028">
        <ele>88.887957</ele>
        <time>2023-08-21T14:08:14.000Z</time>
      </trkpt>
      <trkpt lat="48.278796" lon="-2.017654">
        <ele>88.607533</ele>
        <time>2023-08-21T14:10:08.000Z</time>
      </trkpt>
      <trkpt lat="48.275554" lon="-2.026057">
        <ele>89.763293</ele>
        <time>2023-08-21T14:11:51.000Z</time>
      </trkpt>
      <trkpt lat="48.274942" lon="-2.031903">
        <ele>83.655609</ele>
        <time>2023-08-21T14:12:38.000Z</time>
      </trkpt>
      <trkpt lat="48.273563" lon="-2.036495">
        <ele>79.42873</ele>
        <time>2023-08-21T14:13:17.000Z</time>
      </trkpt>
      <trkpt lat="48.271403" lon="-2.051339">
        <ele>75.760674</ele>
        <time>2023-08-21T14:15:54.000Z</time>
      </trkpt>
      <trkpt lat="48.267757" lon="-2.062205">
        <ele>83.945192</ele>
        <time>2023-08-21T14:18:37.000Z</time>
      </trkpt>
      <trkpt lat="48.267468" lon="-2.064685">
        <ele>88.123229</ele>
        <time>2023-08-21T14:19:25.000Z</time>
      </trkpt>
      <trkpt lat="48.267911" lon="-2.072572">
        <ele>89.021755</ele>
        <time>2023-08-21T14:21:22.000Z</time>
      </trkpt>
      <trkpt lat="48.258178" lon="-2.103969">
        <ele>119.445908</ele>
        <time>2023-08-21T14:30:19.000Z</time>
      </trkpt>
      <trkpt lat="48.257462" lon="-2.112426">
        <ele>117.803223</ele>
        <time>2023-08-21T14:31:46.000Z</time>
      </trkpt>
      <trkpt lat="48.254573" lon="-2.12011">
        <ele>116.531668</ele>
        <time>2023-08-21T14:33:24.000Z</time>
      </trkpt>
      <trkpt lat="48.253748" lon="-2.124493">
        <ele>111.674203</ele>
        <time>2023-08-21T14:34:07.000Z</time>
      </trkpt>
      <trkpt lat="48.253767" lon="-2.12887">
        <ele>106.621281</ele>
        <time>2023-08-21T14:34:47.000Z</time>
      </trkpt>
      <trkpt lat="48.249993" lon="-2.142764">
        <ele>84.88653</ele>
        <time>2023-08-21T14:38:37.000Z</time>
      </trkpt>
      <trkpt lat="48.248022" lon="-2.146515">
        <ele>72.928882</ele>
        <time>2023-08-21T15:17:57.000Z</time>
      </trkpt>
      <trkpt lat="48.24456" lon="-2.148933">
        <ele>83.290715</ele>
        <time>2023-08-21T15:22:51.000Z</time>
      </trkpt>
      <trkpt lat="48.235706" lon="-2.160197">
        <ele>94.928005</ele>
        <time>2023-08-21T15:28:21.000Z</time>
      </trkpt>
      <trkpt lat="48.231694" lon="-2.174781">
        <ele>106.014017</ele>
        <time>2023-08-21T15:32:04.000Z</time>
      </trkpt>
      <trkpt lat="48.223738" lon="-2.177674">
        <ele>114.069972</ele>
        <time>2023-08-21T15:34:43.000Z</time>
      </trkpt>
      <trkpt lat="48.207941" lon="-2.175259">
        <ele>97.548391</ele>
        <time>2023-08-21T15:38:19.000Z</time>
      </trkpt>
      <trkpt lat="48.203501" lon="-2.17581">
        <ele>101.79483</ele>
        <time>2023-08-21T15:39:23.000Z</time>
      </trkpt>
      <trkpt lat="48.195185" lon="-2.170382">
        <ele>104.596507</ele>
        <time>2023-08-21T15:41:51.000Z</time>
      </trkpt>
      <trkpt lat="48.189907" lon="-2.170767">
        <ele>113.035553</ele>
        <time>2023-08-21T15:43:34.000Z</time>
      </trkpt>
      <trkpt lat="48.185947" lon="-2.176818">
        <ele>117.257753</ele>
        <time>2023-08-21T15:45:22.000Z</time>
      </trkpt>
      <trkpt lat="48.184831" lon="-2.185558">
        <ele>113.840664</ele>
        <time>2023-08-21T15:46:47.000Z</time>
      </trkpt>
      <trkpt lat="48.187184" lon="-2.190812">
        <ele>110.912545</ele>
        <time>2023-08-21T15:47:39.000Z</time>
      </trkpt>
      <trkpt lat="48.188693" lon="-2.1909">
        <ele>113.496274</ele>
        <time>2023-08-21T15:48:11.000Z</time>
      </trkpt>
      <trkpt lat="48.189894" lon="-2.193505">
        <ele>114.0332</ele>
        <time>2023-08-21T15:49:00.000Z</time>
      </trkpt>
      <trkpt lat="48.188828" lon="-2.199757">
        <ele>105.276003</ele>
        <time>2023-08-21T15:49:50.000Z</time>
      </trkpt>
      <trkpt lat="48.189415" lon="-2.209472">
        <ele>112.673215</ele>
        <time>2023-08-21T15:51:46.000Z</time>
      </trkpt>
      <trkpt lat="48.187329" lon="-2.213711">
        <ele>116.607774</ele>
        <time>2023-08-21T15:53:03.000Z</time>
      </trkpt>
      <trkpt lat="48.191453" lon="-2.217035">
        <ele>119.991101</ele>
        <time>2023-08-21T15:54:28.000Z</time>
      </trkpt>
      <trkpt lat="48.19231" lon="-2.218601">
        <ele>120.956373</ele>
        <time>2023-08-21T15:54:53.000Z</time>
      </trkpt>
      <trkpt lat="48.200021" lon="-2.246345">
        <ele>130.805379</ele>
        <time>2023-08-21T16:00:33.000Z</time>
      </trkpt>
      <trkpt lat="48.199798" lon="-2.249086">
        <ele>130.943616</ele>
        <time>2023-08-21T16:01:07.000Z</time>
      </trkpt>
      <trkpt lat="48.198925" lon="-2.251147">
        <ele>128.35335</ele>
        <time>2023-08-21T16:01:29.000Z</time>
      </trkpt>
      <trkpt lat="48.201473" lon="-2.253278">
        <ele>130.276082</ele>
        <time>2023-08-21T16:02:27.000Z</time>
      </trkpt>
      <trkpt lat="48.202704" lon="-2.258163">
        <ele>126.656169</ele>
        <time>2023-08-21T16:03:15.000Z</time>
      </trkpt>
      <trkpt lat="48.208199" lon="-2.264765">
        <ele>115.162143</ele>
        <time>2023-08-21T16:04:51.000Z</time>
      </trkpt>
      <trkpt lat="48.21102" lon="-2.277205">
        <ele>129.704776</ele>
        <time>2023-08-21T16:07:57.000Z</time>
      </trkpt>
      <trkpt lat="48.212055" lon="-2.280235">
        <ele>131.957382</ele>
        <time>2023-08-21T16:08:43.000Z</time>
      </trkpt>
      <trkpt lat="48.213853" lon="-2.282783">
        <ele>133.843312</ele>
        <time>2023-08-21T16:09:31.000Z</time>
      </trkpt>
      <trkpt lat="48.217724" lon="-2.295392">
        <ele>138.826116</ele>
        <time>2023-08-21T16:12:22.000Z</time>
      </trkpt>
      <trkpt lat="48.218252" lon="-2.299064">
        <ele>140.076365</ele>
        <time>2023-08-21T16:13:03.000Z</time>
      </trkpt>
      <trkpt lat="48.221671" lon="-2.307943">
        <ele>139.259896</ele>
        <time>2023-08-21T16:14:50.000Z</time>
      </trkpt>
      <trkpt lat="48.223267" lon="-2.314181">
        <ele>142.735654</ele>
        <time>2023-08-21T16:16:06.000Z</time>
      </trkpt>
      <trkpt lat="48.225643" lon="-2.31812">
        <ele>143.104934</ele>
        <time>2023-08-21T16:17:04.000Z</time>
      </trkpt>
      <trkpt lat="48.228058" lon="-2.319904">
        <ele>141.215079</ele>
        <time>2023-08-21T16:17:44.000Z</time>
      </trkpt>
      <trkpt lat="48.23133" lon="-2.324641">
        <ele>136.855273</ele>
        <time>2023-08-21T16:18:45.000Z</time>
      </trkpt>
      <trkpt lat="48.236253" lon="-2.337004">
        <ele>145.843822</ele>
        <time>2023-08-21T16:21:30.000Z</time>
      </trkpt>
      <trkpt lat="48.236632" lon="-2.343045">
        <ele>149.692895</ele>
        <time>2023-08-21T16:22:41.000Z</time>
      </trkpt>
      <trkpt lat="48.236095" lon="-2.350169">
        <ele>147.353596</ele>
        <time>2023-08-21T16:23:52.000Z</time>
      </trkpt>
      <trkpt lat="48.232594" lon="-2.362419">
        <ele>146.480876</ele>
        <time>2023-08-21T16:26:02.000Z</time>
      </trkpt>
      <trkpt lat="48.231437" lon="-2.371235">
        <ele>152.72112</ele>
        <time>2023-08-21T16:27:58.000Z</time>
      </trkpt>
      <trkpt lat="48.233903" lon="-2.376218">
        <ele>149.430909</ele>
        <time>2023-08-21T16:28:59.000Z</time>
      </trkpt>
      <trkpt lat="48.232595" lon="-2.383637">
        <ele>155.132163</ele>
        <time>2023-08-21T16:30:44.000Z</time>
      </trkpt>
      <trkpt lat="48.23445" lon="-2.403729">
        <ele>160.140121</ele>
        <time>2023-08-21T16:35:10.000Z</time>
      </trkpt>
      <trkpt lat="48.235366" lon="-2.40935">
        <ele>168.877833</ele>
        <time>2023-08-21T16:36:47.000Z</time>
      </trkpt>
      <trkpt lat="48.239767" lon="-2.426952">
        <ele>189.872775</ele>
        <time>2023-08-21T16:41:30.000Z</time>
      </trkpt>
      <trkpt lat="48.237371" lon="-2.430733">
        <ele>187.180246</ele>
        <time>2023-08-21T16:42:28.000Z</time>
      </trkpt>
      <trkpt lat="48.232503" lon="-2.444884">
        <ele>196.92861</ele>
        <time>2023-08-21T16:45:59.000Z</time>
      </trkpt>
      <trkpt lat="48.23264" lon="-2.448738">
        <ele>196.129083</ele>
        <time>2023-08-21T16:46:43.000Z</time>
      </trkpt>
      <trkpt lat="48.230689" lon="-2.451923">
        <ele>186.794081</ele>
        <time>2023-08-21T16:47:10.000Z</time>
      </trkpt>
      <trkpt lat="48.226066" lon="-2.466493">
        <ele>218.652576</ele>
        <time>2023-08-21T16:52:14.000Z</time>
      </trkpt>
      <trkpt lat="48.225849" lon="-2.472233">
        <ele>211.341635</ele>
        <time>2023-08-21T16:53:10.000Z</time>
      </trkpt>
      <trkpt lat="48.224838" lon="-2.479427">
        <ele>208.43477</ele>
        <time>2023-08-21T16:54:26.000Z</time>
      </trkpt>
      <trkpt lat="48.222309" lon="-2.487779">
        <ele>239.92389</ele>
        <time>2023-08-21T16:59:08.000Z</time>
      </trkpt>
      <trkpt lat="48.217954" lon="-2.494629">
        <ele>240.105347</ele>
        <time>2023-08-21T17:01:59.000Z</time>
      </trkpt>
      <trkpt lat="48.208899" lon="-2.505636">
        <ele>210.390808</ele>
        <time>2023-08-21T17:05:32.000Z</time>
      </trkpt>
      <trkpt lat="48.207377" lon="-2.510231">
        <ele>189.527128</ele>
        <time>2023-08-21T17:06:00.000Z</time>
      </trkpt>
      <trkpt lat="48.207022" lon="-2.514791">
        <ele>187.152825</ele>
        <time>2023-08-21T17:06:55.000Z</time>
      </trkpt>
      <trkpt lat="48.204963" lon="-2.522433">
        <ele>195.4935</ele>
        <time>2023-08-21T17:09:21.000Z</time>
      </trkpt>
      <trkpt lat="48.200138" lon="-2.528074">
        <ele>178.766957</ele>
        <time>2023-08-21T17:10:26.000Z</time>
      </trkpt>
      <trkpt lat="48.199498" lon="-2.529461">
        <ele>178.60385</ele>
        <time>2023-08-21T17:13:41.000Z</time>
      </trkpt>
      <trkpt lat="48.199359" lon="-2.535206">
        <ele>179.752646</ele>
        <time>2023-08-21T17:15:02.000Z</time>
      </trkpt>
      <trkpt lat="48.196843" lon="-2.536063">
        <ele>179.530928</ele>
        <time>2023-08-21T17:15:42.000Z</time>
      </trkpt>
      <trkpt lat="48.19325" lon="-2.542225">
        <ele>164.932378</ele>
        <time>2023-08-21T17:16:50.000Z</time>
      </trkpt>
      <trkpt lat="48.186103" lon="-2.547255">
        <ele>139.033895</ele>
        <time>2023-08-21T17:17:58.000Z</time>
      </trkpt>
      <trkpt lat="48.184805" lon="-2.553081">
        <ele>154.087202</ele>
        <time>2023-08-21T17:20:24.000Z</time>
      </trkpt>
      <trkpt lat="48.182984" lon="-2.555933">
        <ele>163.350581</ele>
        <time>2023-08-21T17:22:02.000Z</time>
      </trkpt>
      <trkpt lat="48.181205" lon="-2.561188">
        <ele>166.110041</ele>
        <time>2023-08-21T17:23:38.000Z</time>
      </trkpt>
      <trkpt lat="48.178875" lon="-2.563723">
        <ele>161.821393</ele>
        <time>2023-08-21T17:24:17.000Z</time>
      </trkpt>
      <trkpt lat="48.177778" lon="-2.56852">
        <ele>153.843049</ele>
        <time>2023-08-21T17:24:56.000Z</time>
      </trkpt>
      <trkpt lat="48.175312" lon="-2.573718">
        <ele>151.022707</ele>
        <time>2023-08-21T17:26:08.000Z</time>
      </trkpt>
      <trkpt lat="48.176047" lon="-2.58102">
        <ele>149.335904</ele>
        <time>2023-08-21T17:27:44.000Z</time>
      </trkpt>
      <trkpt lat="48.175619" lon="-2.588481">
        <ele>139.235834</ele>
        <time>2023-08-21T17:28:44.000Z</time>
      </trkpt>
      <trkpt lat="48.177442" lon="-2.593716">
        <ele>155.250965</ele>
        <time>2023-08-21T17:31:03.000Z</time>
      </trkpt>
      <trkpt lat="48.177533" lon="-2.605649">
        <ele>151.301725</ele>
        <time>2023-08-21T17:33:25.000Z</time>
      </trkpt>
      <trkpt lat="48.178671" lon="-2.610259">
        <ele>138.55562</ele>
        <time>2023-08-21T17:33:56.000Z</time>
      </trkpt>
      <trkpt lat="48.179256" lon="-2.616497">
        <ele>125.03068</ele>
        <time>2023-08-21T17:34:41.000Z</time>
      </trkpt>
      <trkpt lat="48.18023" lon="-2.618791">
        <ele>117.612183</ele>
        <time>2023-08-21T17:34:56.000Z</time>
      </trkpt>
      <trkpt lat="48.179864" lon="-2.625676">
        <ele>98.959065</ele>
        <time>2023-08-21T17:35:36.000Z</time>
      </trkpt>
      <trkpt lat="48.181417" lon="-2.627976">
        <ele>97.197702</ele>
        <time>2023-08-21T17:36:27.000Z</time>
      </trkpt>
      <trkpt lat="48.181264" lon="-2.631747">
        <ele>105.830459</ele>
        <time>2023-08-21T17:37:58.000Z</time>
      </trkpt>
      <trkpt lat="48.181829" lon="-2.634592">
        <ele>112.238719</ele>
        <time>2023-08-21T17:39:09.000Z</time>
      </trkpt>
      <trkpt lat="48.179598" lon="-2.641114">
        <ele>142.542112</ele>
        <time>2023-08-21T17:44:56.000Z</time>
      </trkpt>
      <trkpt lat="48.179661" lon="-2.648579">
        <ele>162.942496</ele>
        <time>2023-08-21T17:48:08.000Z</time>
      </trkpt>
      <trkpt lat="48.178129" lon="-2.651681">
        <ele>165.747689</ele>
        <time>2023-08-21T17:49:11.000Z</time>
      </trkpt>
      <trkpt lat="48.176984" lon="-2.656491">
        <ele>153.259621</ele>
        <time>2023-08-21T17:49:44.000Z</time>
      </trkpt>
      <trkpt lat="48.17664" lon="-2.662821">
        <ele>160.458101</ele>
        <time>2023-08-21T17:51:14.000Z</time>
      </trkpt>
      <trkpt lat="48.177175" lon="-2.666908">
        <ele>173.464035</ele>
        <time>2023-08-21T17:53:04.000Z</time>
      </trkpt>
      <trkpt lat="48.178524" lon="-2.66836">
        <ele>175.637408</ele>
        <time>2023-08-21T17:53:54.000Z</time>
      </trkpt>
      <trkpt lat="48.179964" lon="-2.672179">
        <ele>166.337691</ele>
        <time>2023-08-21T17:54:31.000Z</time>
      </trkpt>
      <trkpt lat="48.178902" lon="-2.688404">
        <ele>174.083872</ele>
        <time>2023-08-21T17:58:25.000Z</time>
      </trkpt>
      <trkpt lat="48.177725" lon="-2.697787">
        <ele>176.468288</ele>
        <time>2023-08-21T18:00:10.000Z</time>
      </trkpt>
      <trkpt lat="48.176502" lon="-2.703285">
        <ele>177.691717</ele>
        <time>2023-08-21T18:01:12.000Z</time>
      </trkpt>
      <trkpt lat="48.17568" lon="-2.728569">
        <ele>131.402669</ele>
        <time>2023-08-21T18:04:01.000Z</time>
      </trkpt>
      <trkpt lat="48.176234" lon="-2.732723">
        <ele>139.725377</ele>
        <time>2023-08-21T18:05:17.000Z</time>
      </trkpt>
      <trkpt lat="48.177089" lon="-2.732606">
        <ele>139.420906</ele>
        <time>2023-08-21T18:05:35.000Z</time>
      </trkpt>
      <trkpt lat="48.179683" lon="-2.734761">
        <ele>137.74</ele>
        <time>2023-08-21T18:06:29.000Z</time>
      </trkpt>
      <trkpt lat="48.177133" lon="-2.74381">
        <ele>150.91971</ele>
        <time>2023-08-21T18:09:08.000Z</time>
      </trkpt>
      <trkpt lat="48.17721" lon="-2.747432">
        <ele>154.352989</ele>
        <time>2023-08-21T18:10:01.000Z</time>
      </trkpt>
      <trkpt lat="48.174901" lon="-2.747165">
        <ele>157.002328</ele>
        <time>2023-08-21T18:10:48.000Z</time>
      </trkpt>
      <trkpt lat="48.172804" lon="-2.748526">
        <ele>150.274174</ele>
        <time>2023-08-21T18:11:17.000Z</time>
      </trkpt>
      <trkpt lat="48.172936" lon="-2.752668">
        <ele>150.805352</ele>
        <time>2023-08-21T18:12:07.000Z</time>
      </trkpt>
      <trkpt lat="48.173048" lon="-2.752735">
        <ele>150.664089</ele>
        <time>2023-08-21T19:16:57.000Z</time>
      </trkpt>
      <trkpt lat="48.172967" lon="-2.754503">
        <ele>151.635687</ele>
        <time>2023-08-21T19:18:03.000Z</time>
      </trkpt>
      <trkpt lat="48.173404" lon="-2.755595">
        <ele>153.283568</ele>
        <time>2023-08-21T19:19:15.000Z</time>
      </trkpt>
      <trkpt lat="48.176564" lon="-2.757517">
        <ele>165.034178</ele>
        <time>2023-08-21T19:20:58.000Z</time>
      </trkpt>
      <trkpt lat="48.178846" lon="-2.761398">
        <ele>169.9867</ele>
        <time>2023-08-21T19:22:23.000Z</time>
      </trkpt>
      <trkpt lat="48.178938" lon="-2.762701">
        <ele>169.959156</ele>
        <time>2023-08-21T19:22:44.000Z</time>
      </trkpt>
      <trkpt lat="48.180427" lon="-2.764379">
        <ele>168.842743</ele>
        <time>2023-08-21T19:23:16.000Z</time>
      </trkpt>
      <trkpt lat="48.18262" lon="-2.765251">
        <ele>169.416014</ele>
        <time>2023-08-21T19:23:59.000Z</time>
      </trkpt>
      <trkpt lat="48.184458" lon="-2.764983">
        <ele>172.9876</ele>
        <time>2023-08-21T19:24:44.000Z</time>
      </trkpt>
      <trkpt lat="48.188665" lon="-2.768924">
        <ele>157.246637</ele>
        <time>2023-08-21T19:25:48.000Z</time>
      </trkpt>
      <trkpt lat="48.191201" lon="-2.773516">
        <ele>141.845842</ele>
        <time>2023-08-21T19:26:33.000Z</time>
      </trkpt>
      <trkpt lat="48.193582" lon="-2.775881">
        <ele>141.277747</ele>
        <time>2023-08-21T19:27:23.000Z</time>
      </trkpt>
      <trkpt lat="48.195555" lon="-2.780688">
        <ele>158.919355</ele>
        <time>2023-08-21T19:29:54.000Z</time>
      </trkpt>
      <trkpt lat="48.205503" lon="-2.79286">
        <ele>186.03427</ele>
        <time>2023-08-21T19:36:48.000Z</time>
      </trkpt>
      <trkpt lat="48.206255" lon="-2.793143">
        <ele>186.716828</ele>
        <time>2023-08-21T19:37:09.000Z</time>
      </trkpt>
      <trkpt lat="48.208521" lon="-2.791626">
        <ele>178.728221</ele>
        <time>2023-08-21T19:37:47.000Z</time>
      </trkpt>
      <trkpt lat="48.210604" lon="-2.791839">
        <ele>169.408076</ele>
        <time>2023-08-21T19:38:12.000Z</time>
      </trkpt>
      <trkpt lat="48.214008" lon="-2.798028">
        <ele>148.703477</ele>
        <time>2023-08-21T19:39:26.000Z</time>
      </trkpt>
      <trkpt lat="48.21904" lon="-2.801478">
        <ele>169.260997</ele>
        <time>2023-08-21T19:43:01.000Z</time>
      </trkpt>
      <trkpt lat="48.223069" lon="-2.803296">
        <ele>184.205016</ele>
        <time>2023-08-21T19:45:48.000Z</time>
      </trkpt>
      <trkpt lat="48.225227" lon="-2.806915">
        <ele>188.788644</ele>
        <time>2023-08-21T19:47:24.000Z</time>
      </trkpt>
      <trkpt lat="48.226798" lon="-2.80747">
        <ele>188.999075</ele>
        <time>2023-08-21T19:48:05.000Z</time>
      </trkpt>
      <trkpt lat="48.227892" lon="-2.807074">
        <ele>189.396365</ele>
        <time>2023-08-21T19:48:34.000Z</time>
      </trkpt>
      <trkpt lat="48.231036" lon="-2.803417">
        <ele>186.859316</ele>
        <time>2023-08-21T19:49:57.000Z</time>
      </trkpt>
      <trkpt lat="48.232493" lon="-2.799463">
        <ele>184.749645</ele>
        <time>2023-08-21T19:50:57.000Z</time>
      </trkpt>
      <trkpt lat="48.234254" lon="-2.79713">
        <ele>182.949917</ele>
        <time>2023-08-21T19:51:48.000Z</time>
      </trkpt>
      <trkpt lat="48.236142" lon="-2.796334">
        <ele>175.648401</ele>
        <time>2023-08-21T19:52:11.000Z</time>
      </trkpt>
      <trkpt lat="48.238447" lon="-2.796738">
        <ele>168.177911</ele>
        <time>2023-08-21T19:52:40.000Z</time>
      </trkpt>
      <trkpt lat="48.240666" lon="-2.799714">
        <ele>180.160984</ele>
        <time>2023-08-21T19:54:45.000Z</time>
      </trkpt>
      <trkpt lat="48.241642" lon="-2.802815">
        <ele>180.726667</ele>
        <time>2023-08-21T19:55:38.000Z</time>
      </trkpt>
      <trkpt lat="48.242869" lon="-2.803908">
        <ele>179.565081</ele>
        <time>2023-08-21T19:56:07.000Z</time>
      </trkpt>
      <trkpt lat="48.246239" lon="-2.805279">
        <ele>179.901556</ele>
        <time>2023-08-21T19:57:23.000Z</time>
      </trkpt>
      <trkpt lat="48.248534" lon="-2.807382">
        <ele>198.275596</ele>
        <time>2023-08-21T19:59:49.000Z</time>
      </trkpt>
      <trkpt lat="48.254284" lon="-2.808559">
        <ele>220.300348</ele>
        <time>2023-08-21T20:03:27.000Z</time>
      </trkpt>
      <trkpt lat="48.256638" lon="-2.81073">
        <ele>229.04815</ele>
        <time>2023-08-21T20:05:08.000Z</time>
      </trkpt>
      <trkpt lat="48.26223" lon="-2.820341">
        <ele>219.024353</ele>
        <time>2023-08-21T20:08:01.000Z</time>
      </trkpt>
      <trkpt lat="48.265815" lon="-2.824674">
        <ele>199.985367</ele>
        <time>2023-08-21T20:08:51.000Z</time>
      </trkpt>
      <trkpt lat="48.268701" lon="-2.831704">
        <ele>168.783571</ele>
        <time>2023-08-21T20:09:48.000Z</time>
      </trkpt>
      <trkpt lat="48.271183" lon="-2.833099">
        <ele>156.707512</ele>
        <time>2023-08-21T20:10:22.000Z</time>
      </trkpt>
      <trkpt lat="48.270065" lon="-2.835778">
        <ele>154.762434</ele>
        <time>2023-08-21T20:11:06.000Z</time>
      </trkpt>
      <trkpt lat="48.27015" lon="-2.84385">
        <ele>141.648013</ele>
        <time>2023-08-21T20:12:30.000Z</time>
      </trkpt>
      <trkpt lat="48.266683" lon="-2.859927">
        <ele>118.245747</ele>
        <time>2023-08-21T20:15:01.000Z</time>
      </trkpt>
      <trkpt lat="48.270928" lon="-2.862225">
        <ele>119.701055</ele>
        <time>2023-08-21T20:16:34.000Z</time>
      </trkpt>
      <trkpt lat="48.275974" lon="-2.86159">
        <ele>125.916934</ele>
        <time>2023-08-21T20:18:47.000Z</time>
      </trkpt>
      <trkpt lat="48.275149" lon="-2.865583">
        <ele>123.064365</ele>
        <time>2023-08-21T20:19:24.000Z</time>
      </trkpt>
      <trkpt lat="48.276881" lon="-2.87047">
        <ele>142.954383</ele>
        <time>2023-08-21T20:22:21.000Z</time>
      </trkpt>
      <trkpt lat="48.276613" lon="-2.872213">
        <ele>150.159049</ele>
        <time>2023-08-21T20:23:21.000Z</time>
      </trkpt>
      <trkpt lat="48.277564" lon="-2.88021">
        <ele>167.522549</ele>
        <time>2023-08-21T20:26:58.000Z</time>
      </trkpt>
      <trkpt lat="48.277566" lon="-2.888355">
        <ele>193.797391</ele>
        <time>2023-08-21T20:30:50.000Z</time>
      </trkpt>
      <trkpt lat="48.276538" lon="-2.894161">
        <ele>214.550083</ele>
        <time>2023-08-21T20:33:55.000Z</time>
      </trkpt>
      <trkpt lat="48.277618" lon="-2.898473">
        <ele>229.372691</ele>
        <time>2023-08-21T20:44:44.000Z</time>
      </trkpt>
      <trkpt lat="48.277458" lon="-2.901708">
        <ele>237.601401</ele>
        <time>2023-08-21T20:46:14.000Z</time>
      </trkpt>
      <trkpt lat="48.279539" lon="-2.90364">
        <ele>237.944659</ele>
        <time>2023-08-21T20:47:11.000Z</time>
      </trkpt>
      <trkpt lat="48.280809" lon="-2.907992">
        <ele>227.634716</ele>
        <time>2023-08-21T20:47:51.000Z</time>
      </trkpt>
      <trkpt lat="48.284599" lon="-2.912583">
        <ele>222.22628</ele>
        <time>2023-08-21T20:49:19.000Z</time>
      </trkpt>
      <trkpt lat="48.287153" lon="-2.919068">
        <ele>226.333461</ele>
        <time>2023-08-21T20:51:14.000Z</time>
      </trkpt>
      <trkpt lat="48.28746" lon="-2.923426">
        <ele>230.09198</ele>
        <time>2023-08-21T20:52:21.000Z</time>
      </trkpt>
      <trkpt lat="48.28932" lon="-2.932694">
        <ele>242.314789</ele>
        <time>2023-08-21T20:55:21.000Z</time>
      </trkpt>
      <trkpt lat="48.29234" lon="-2.941993">
        <ele>234.864715</ele>
        <time>2023-08-21T20:57:35.000Z</time>
      </trkpt>
      <trkpt lat="48.297636" lon="-2.94814">
        <ele>213.187838</ele>
        <time>2023-08-21T20:59:12.000Z</time>
      </trkpt>
      <trkpt lat="48.301388" lon="-2.950885">
        <ele>200.359738</ele>
        <time>2023-08-21T21:00:16.000Z</time>
      </trkpt>
      <trkpt lat="48.303728" lon="-2.949691">
        <ele>191.779261</ele>
        <time>2023-08-21T21:00:54.000Z</time>
      </trkpt>
      <trkpt lat="48.304397" lon="-2.951621">
        <ele>185.077851</ele>
        <time>2023-08-21T21:01:14.000Z</time>
      </trkpt>
      <trkpt lat="48.306728" lon="-2.953606">
        <ele>183.073359</ele>
        <time>2023-08-21T21:02:13.000Z</time>
      </trkpt>
      <trkpt lat="48.3073" lon="-2.955468">
        <ele>188.345237</ele>
        <time>2023-08-21T21:05:00.000Z</time>
      </trkpt>
      <trkpt lat="48.307117" lon="-2.959683">
        <ele>185.276589</ele>
        <time>2023-08-21T21:05:59.000Z</time>
      </trkpt>
      <trkpt lat="48.307966" lon="-2.962769">
        <ele>185.533852</ele>
        <time>2023-08-21T21:06:41.000Z</time>
      </trkpt>
      <trkpt lat="48.307323" lon="-2.967633">
        <ele>194.201879</ele>
        <time>2023-08-21T21:08:40.000Z</time>
      </trkpt>
      <trkpt lat="48.30771" lon="-2.976296">
        <ele>185.284669</ele>
        <time>2023-08-21T21:10:13.000Z</time>
      </trkpt>
      <trkpt lat="48.308883" lon="-2.983322">
        <ele>189.347226</ele>
        <time>2023-08-21T21:12:05.000Z</time>
      </trkpt>
      <trkpt lat="48.310169" lon="-2.986074">
        <ele>190.726626</ele>
        <time>2023-08-21T21:12:54.000Z</time>
      </trkpt>
      <trkpt lat="48.312105" lon="-2.99912">
        <ele>207.796438</ele>
        <time>2023-08-21T21:16:45.000Z</time>
      </trkpt>
      <trkpt lat="48.31014" lon="-3.003923">
        <ele>221.504514</ele>
        <time>2023-08-21T21:18:39.000Z</time>
      </trkpt>
      <trkpt lat="48.308335" lon="-3.014365">
        <ele>236.680372</ele>
        <time>2023-08-21T21:22:10.000Z</time>
      </trkpt>
      <trkpt lat="48.308612" lon="-3.036345">
        <ele>221.580647</ele>
        <time>2023-08-21T21:26:18.000Z</time>
      </trkpt>
      <trkpt lat="48.309534" lon="-3.038937">
        <ele>217.656888</ele>
        <time>2023-08-21T21:26:44.000Z</time>
      </trkpt>
      <trkpt lat="48.308747" lon="-3.047019">
        <ele>210.957676</ele>
        <time>2023-08-21T21:48:46.000Z</time>
      </trkpt>
      <trkpt lat="48.313002" lon="-3.050448">
        <ele>200.411744</ele>
        <time>2023-08-21T21:50:10.000Z</time>
      </trkpt>
      <trkpt lat="48.316357" lon="-3.055549">
        <ele>177.620336</ele>
        <time>2023-08-21T21:51:12.000Z</time>
      </trkpt>
      <trkpt lat="48.316698" lon="-3.057471">
        <ele>174.179859</ele>
        <time>2023-08-21T21:51:32.000Z</time>
      </trkpt>
      <trkpt lat="48.318389" lon="-3.059315">
        <ele>174.964475</ele>
        <time>2023-08-21T21:52:43.000Z</time>
      </trkpt>
      <trkpt lat="48.31799" lon="-3.060712">
        <ele>171.783234</ele>
        <time>2023-08-21T21:53:03.000Z</time>
      </trkpt>
      <trkpt lat="48.318665" lon="-3.062636">
        <ele>169.021635</ele>
        <time>2023-08-21T21:53:20.000Z</time>
      </trkpt>
      <trkpt lat="48.32063" lon="-3.065031">
        <ele>174.029644</ele>
        <time>2023-08-21T21:54:30.000Z</time>
      </trkpt>
      <trkpt lat="48.327793" lon="-3.069337">
        <ele>180.146417</ele>
        <time>2023-08-21T21:57:07.000Z</time>
      </trkpt>
      <trkpt lat="48.335833" lon="-3.075653">
        <ele>193.621105</ele>
        <time>2023-08-21T22:01:29.000Z</time>
      </trkpt>
      <trkpt lat="48.338209" lon="-3.076555">
        <ele>198.829156</ele>
        <time>2023-08-21T22:02:32.000Z</time>
      </trkpt>
      <trkpt lat="48.336748" lon="-3.086463">
        <ele>194.768597</ele>
        <time>2023-08-21T22:05:02.000Z</time>
      </trkpt>
      <trkpt lat="48.338608" lon="-3.088706">
        <ele>189.478042</ele>
        <time>2023-08-21T22:05:35.000Z</time>
      </trkpt>
      <trkpt lat="48.33987" lon="-3.09183">
        <ele>181.563571</ele>
        <time>2023-08-21T22:06:08.000Z</time>
      </trkpt>
      <trkpt lat="48.338862" lon="-3.097403">
        <ele>173.09744</ele>
        <time>2023-08-21T22:07:04.000Z</time>
      </trkpt>
      <trkpt lat="48.339155" lon="-3.100832">
        <ele>178.438692</ele>
        <time>2023-08-21T22:08:08.000Z</time>
      </trkpt>
      <trkpt lat="48.338817" lon="-3.101936">
        <ele>183.712363</ele>
        <time>2023-08-21T22:08:51.000Z</time>
      </trkpt>
      <trkpt lat="48.339294" lon="-3.104873">
        <ele>190.805723</ele>
        <time>2023-08-21T22:10:11.000Z</time>
      </trkpt>
      <trkpt lat="48.340039" lon="-3.104949">
        <ele>190.643352</ele>
        <time>2023-08-21T22:13:11.000Z</time>
      </trkpt>
      <trkpt lat="48.339306" lon="-3.105061">
        <ele>190.516432</ele>
        <time>2023-08-21T22:13:39.000Z</time>
      </trkpt>
      <trkpt lat="48.338865" lon="-3.106029">
        <ele>190.444753</ele>
        <time>2023-08-21T22:14:06.000Z</time>
      </trkpt>
      <trkpt lat="48.335295" lon="-3.104957">
        <ele>174.994184</ele>
        <time>2023-08-21T22:14:53.000Z</time>
      </trkpt>
      <trkpt lat="48.333647" lon="-3.106731">
        <ele>176.396882</ele>
        <time>2023-08-21T22:15:31.000Z</time>
      </trkpt>
      <trkpt lat="48.331141" lon="-3.107715">
        <ele>176.608757</ele>
        <time>2023-08-21T22:16:19.000Z</time>
      </trkpt>
      <trkpt lat="48.329162" lon="-3.110644">
        <ele>175.741305</ele>
        <time>2023-08-21T22:16:59.000Z</time>
      </trkpt>
      <trkpt lat="48.325321" lon="-3.118776">
        <ele>174.231047</ele>
        <time>2023-08-21T22:19:10.000Z</time>
      </trkpt>
      <trkpt lat="48.321126" lon="-3.124832">
        <ele>167.979436</ele>
        <time>2023-08-21T22:20:26.000Z</time>
      </trkpt>
      <trkpt lat="48.315884" lon="-3.146385">
        <ele>156.392378</ele>
        <time>2023-08-21T22:24:42.000Z</time>
      </trkpt>
      <trkpt lat="48.314836" lon="-3.149039">
        <ele>153.970272</ele>
        <time>2023-08-21T22:25:16.000Z</time>
      </trkpt>
      <trkpt lat="48.315554" lon="-3.15281">
        <ele>153.217962</ele>
        <time>2023-08-21T22:26:04.000Z</time>
      </trkpt>
      <trkpt lat="48.31447" lon="-3.156923">
        <ele>155.931987</ele>
        <time>2023-08-21T22:27:09.000Z</time>
      </trkpt>
      <trkpt lat="48.315612" lon="-3.15957">
        <ele>158.288047</ele>
        <time>2023-08-21T22:27:53.000Z</time>
      </trkpt>
      <trkpt lat="48.314986" lon="-3.161397">
        <ele>162.869669</ele>
        <time>2023-08-21T22:28:25.000Z</time>
      </trkpt>
      <trkpt lat="48.31492" lon="-3.164783">
        <ele>175.932946</ele>
        <time>2023-08-21T22:30:20.000Z</time>
      </trkpt>
      <trkpt lat="48.312004" lon="-3.163353">
        <ele>172.177631</ele>
        <time>2023-08-21T22:31:17.000Z</time>
      </trkpt>
      <trkpt lat="48.311018" lon="-3.161678">
        <ele>170.589268</ele>
        <time>2023-08-21T22:31:45.000Z</time>
      </trkpt>
      <trkpt lat="48.310206" lon="-3.163589">
        <ele>171.301695</ele>
        <time>2023-08-21T23:03:31.000Z</time>
      </trkpt>
      <trkpt lat="48.310261" lon="-3.165002">
        <ele>173.267766</ele>
        <time>2023-08-21T23:04:07.000Z</time>
      </trkpt>
      <trkpt lat="48.312792" lon="-3.166146">
        <ele>170.947328</ele>
        <time>2023-08-21T23:05:10.000Z</time>
      </trkpt>
      <trkpt lat="48.309755" lon="-3.174822">
        <ele>152.775832</ele>
        <time>2023-08-21T23:06:39.000Z</time>
      </trkpt>
      <trkpt lat="48.310117" lon="-3.179396">
        <ele>147.385851</ele>
        <time>2023-08-21T23:07:24.000Z</time>
      </trkpt>
      <trkpt lat="48.306423" lon="-3.186288">
        <ele>142.960764</ele>
        <time>2023-08-21T23:09:04.000Z</time>
      </trkpt>
      <trkpt lat="48.30495" lon="-3.187034">
        <ele>140.967421</ele>
        <time>2023-08-21T23:09:27.000Z</time>
      </trkpt>
      <trkpt lat="48.301776" lon="-3.191307">
        <ele>141.993146</ele>
        <time>2023-08-21T23:10:47.000Z</time>
      </trkpt>
      <trkpt lat="48.300805" lon="-3.197867">
        <ele>151.954941</ele>
        <time>2023-08-21T23:12:39.000Z</time>
      </trkpt>
      <trkpt lat="48.301212" lon="-3.215754">
        <ele>165.166813</ele>
        <time>2023-08-21T23:17:40.000Z</time>
      </trkpt>
      <trkpt lat="48.299898" lon="-3.220811">
        <ele>157.105994</ele>
        <time>2023-08-21T23:18:33.000Z</time>
      </trkpt>
      <trkpt lat="48.297892" lon="-3.2236">
        <ele>152.684473</ele>
        <time>2023-08-21T23:19:14.000Z</time>
      </trkpt>
      <trkpt lat="48.29493" lon="-3.223522">
        <ele>155.870593</ele>
        <time>2023-08-21T23:20:09.000Z</time>
      </trkpt>
      <trkpt lat="48.293405" lon="-3.225386">
        <ele>159.769162</ele>
        <time>2023-08-21T23:20:59.000Z</time>
      </trkpt>
      <trkpt lat="48.291463" lon="-3.229709">
        <ele>165.914071</ele>
        <time>2023-08-21T23:22:15.000Z</time>
      </trkpt>
      <trkpt lat="48.289445" lon="-3.232417">
        <ele>167.928907</ele>
        <time>2023-08-21T23:23:04.000Z</time>
      </trkpt>
      <trkpt lat="48.287833" lon="-3.241063">
        <ele>187.754721</ele>
        <time>2023-08-21T23:25:59.000Z</time>
      </trkpt>
      <trkpt lat="48.282384" lon="-3.250299">
        <ele>195.435757</ele>
        <time>2023-08-21T23:28:47.000Z</time>
      </trkpt>
      <trkpt lat="48.28101" lon="-3.259719">
        <ele>205.827983</ele>
        <time>2023-08-21T23:31:22.000Z</time>
      </trkpt>
      <trkpt lat="48.28111" lon="-3.266993">
        <ele>205.387075</ele>
        <time>2023-08-21T23:32:57.000Z</time>
      </trkpt>
      <trkpt lat="48.279382" lon="-3.273754">
        <ele>192.324533</ele>
        <time>2023-08-21T23:33:56.000Z</time>
      </trkpt>
      <trkpt lat="48.279207" lon="-3.277722">
        <ele>195.961133</ele>
        <time>2023-08-21T23:34:51.000Z</time>
      </trkpt>
      <trkpt lat="48.279952" lon="-3.281169">
        <ele>198.43562</ele>
        <time>2023-08-21T23:35:44.000Z</time>
      </trkpt>
      <trkpt lat="48.279815" lon="-3.285234">
        <ele>202.270677</ele>
        <time>2023-08-21T23:36:48.000Z</time>
      </trkpt>
      <trkpt lat="48.279472" lon="-3.287586">
        <ele>205.919467</ele>
        <time>2023-08-21T23:37:35.000Z</time>
      </trkpt>
      <trkpt lat="48.277761" lon="-3.292069">
        <ele>204.223572</ele>
        <time>2023-08-21T23:38:38.000Z</time>
      </trkpt>
      <trkpt lat="48.277991" lon="-3.303216">
        <ele>214.337051</ele>
        <time>2023-08-21T23:41:11.000Z</time>
      </trkpt>
      <trkpt lat="48.276676" lon="-3.30586">
        <ele>213.889886</ele>
        <time>2023-08-21T23:41:48.000Z</time>
      </trkpt>
      <trkpt lat="48.274117" lon="-3.307958">
        <ele>210.047458</ele>
        <time>2023-08-21T23:42:28.000Z</time>
      </trkpt>
      <trkpt lat="48.273184" lon="-3.309634">
        <ele>210.860648</ele>
        <time>2023-08-21T23:42:56.000Z</time>
      </trkpt>
      <trkpt lat="48.27323" lon="-3.316188">
        <ele>210.271116</ele>
        <time>2023-08-21T23:44:25.000Z</time>
      </trkpt>
      <trkpt lat="48.272464" lon="-3.319245">
        <ele>203.915975</ele>
        <time>2023-08-21T23:44:57.000Z</time>
      </trkpt>
      <trkpt lat="48.272521" lon="-3.324475">
        <ele>196.747524</ele>
        <time>2023-08-21T23:45:45.000Z</time>
      </trkpt>
      <trkpt lat="48.271491" lon="-3.326249">
        <ele>193.221007</ele>
        <time>2023-08-21T23:46:04.000Z</time>
      </trkpt>
      <trkpt lat="48.270904" lon="-3.331703">
        <ele>192.866541</ele>
        <time>2023-08-21T23:47:06.000Z</time>
      </trkpt>
      <trkpt lat="48.272072" lon="-3.336032">
        <ele>199.840847</ele>
        <time>2023-08-21T23:48:27.000Z</time>
      </trkpt>
      <trkpt lat="48.27164" lon="-3.356324">
        <ele>221.841459</ele>
        <time>2023-08-21T23:54:10.000Z</time>
      </trkpt>
      <trkpt lat="48.272306" lon="-3.359497">
        <ele>222.368134</ele>
        <time>2023-08-21T23:55:04.000Z</time>
      </trkpt>
      <trkpt lat="48.270645" lon="-3.363762">
        <ele>222.321971</ele>
        <time>2023-08-21T23:56:06.000Z</time>
      </trkpt>
      <trkpt lat="48.270816" lon="-3.370682">
        <ele>221.009988</ele>
        <time>2023-08-21T23:57:32.000Z</time>
      </trkpt>
      <trkpt lat="48.274267" lon="-3.378292">
        <ele>209.523131</ele>
        <time>2023-08-21T23:58:59.000Z</time>
      </trkpt>
      <trkpt lat="48.277305" lon="-3.391884">
        <ele>219.295264</ele>
        <time>2023-08-22T00:02:51.000Z</time>
      </trkpt>
      <trkpt lat="48.280418" lon="-3.398003">
        <ele>213.200455</ele>
        <time>2023-08-22T00:04:17.000Z</time>
      </trkpt>
      <trkpt lat="48.279381" lon="-3.413733">
        <ele>207.297687</ele>
        <time>2023-08-22T00:07:37.000Z</time>
      </trkpt>
      <trkpt lat="48.283533" lon="-3.421489">
        <ele>192.9288</ele>
        <time>2023-08-22T00:09:06.000Z</time>
      </trkpt>
      <trkpt lat="48.283115" lon="-3.422983">
        <ele>194.583062</ele>
        <time>2023-08-22T00:10:01.000Z</time>
      </trkpt>
      <trkpt lat="48.286751" lon="-3.426865">
        <ele>195.564434</ele>
        <time>2023-08-22T00:18:35.000Z</time>
      </trkpt>
      <trkpt lat="48.288317" lon="-3.431086">
        <ele>185.593959</ele>
        <time>2023-08-22T00:19:16.000Z</time>
      </trkpt>
      <trkpt lat="48.293417" lon="-3.43626">
        <ele>184.838628</ele>
        <time>2023-08-22T00:20:53.000Z</time>
      </trkpt>
      <trkpt lat="48.293713" lon="-3.438502">
        <ele>184.690299</ele>
        <time>2023-08-22T00:21:16.000Z</time>
      </trkpt>
      <trkpt lat="48.293178" lon="-3.446665">
        <ele>181.961679</ele>
        <time>2023-08-22T00:22:40.000Z</time>
      </trkpt>
      <trkpt lat="48.290791" lon="-3.455607">
        <ele>180.375502</ele>
        <time>2023-08-22T00:24:19.000Z</time>
      </trkpt>
      <trkpt lat="48.290079" lon="-3.461023">
        <ele>179.638309</ele>
        <time>2023-08-22T00:25:26.000Z</time>
      </trkpt>
      <trkpt lat="48.290874" lon="-3.483767">
        <ele>175.115753</ele>
        <time>2023-08-22T00:30:04.000Z</time>
      </trkpt>
      <trkpt lat="48.289611" lon="-3.489188">
        <ele>175.111633</ele>
        <time>2023-08-22T00:32:14.000Z</time>
      </trkpt>
      <trkpt lat="48.286675" lon="-3.494482">
        <ele>171.73328</ele>
        <time>2023-08-22T00:33:31.000Z</time>
      </trkpt>
      <trkpt lat="48.283872" lon="-3.506818">
        <ele>155.889892</ele>
        <time>2023-08-22T00:35:35.000Z</time>
      </trkpt>
      <trkpt lat="48.283811" lon="-3.511379">
        <ele>150.0629</ele>
        <time>2023-08-22T00:36:14.000Z</time>
      </trkpt>
      <trkpt lat="48.28568" lon="-3.51532">
        <ele>155.018141</ele>
        <time>2023-08-22T00:37:21.000Z</time>
      </trkpt>
      <trkpt lat="48.285163" lon="-3.51874">
        <ele>152.689966</ele>
        <time>2023-08-22T00:37:58.000Z</time>
      </trkpt>
      <trkpt lat="48.28162" lon="-3.522383">
        <ele>136.864577</ele>
        <time>2023-08-22T00:38:49.000Z</time>
      </trkpt>
      <trkpt lat="48.278753" lon="-3.534893">
        <ele>147.611075</ele>
        <time>2023-08-22T00:42:12.000Z</time>
      </trkpt>
      <trkpt lat="48.278676" lon="-3.54971">
        <ele>155.002364</ele>
        <time>2023-08-22T00:45:46.000Z</time>
      </trkpt>
      <trkpt lat="48.278602" lon="-3.55028">
        <ele>153.340543</ele>
        <time>2023-08-22T02:47:29.000Z</time>
      </trkpt>
      <trkpt lat="48.278054" lon="-3.552722">
        <ele>147.581392</ele>
        <time>2023-08-22T02:48:07.000Z</time>
      </trkpt>
      <trkpt lat="48.281915" lon="-3.553129">
        <ele>146.988559</ele>
        <time>2023-08-22T02:49:56.000Z</time>
      </trkpt>
      <trkpt lat="48.283046" lon="-3.554443">
        <ele>143.535596</ele>
        <time>2023-08-22T02:50:15.000Z</time>
      </trkpt>
      <trkpt lat="48.283641" lon="-3.557702">
        <ele>133.094594</ele>
        <time>2023-08-22T02:50:45.000Z</time>
      </trkpt>
      <trkpt lat="48.282499" lon="-3.559036">
        <ele>123.542265</ele>
        <time>2023-08-22T02:51:15.000Z</time>
      </trkpt>
      <trkpt lat="48.283455" lon="-3.55968">
        <ele>119.011354</ele>
        <time>2023-08-22T02:51:36.000Z</time>
      </trkpt>
      <trkpt lat="48.284174" lon="-3.561827">
        <ele>116.35541</ele>
        <time>2023-08-22T02:52:02.000Z</time>
      </trkpt>
      <trkpt lat="48.280364" lon="-3.568331">
        <ele>141.771071</ele>
        <time>2023-08-22T02:55:43.000Z</time>
      </trkpt>
      <trkpt lat="48.278095" lon="-3.570171">
        <ele>136.067241</ele>
        <time>2023-08-22T02:56:35.000Z</time>
      </trkpt>
      <trkpt lat="48.27781" lon="-3.571336">
        <ele>134.387394</ele>
        <time>2023-08-22T02:56:53.000Z</time>
      </trkpt>
      <trkpt lat="48.278471" lon="-3.57209">
        <ele>132.781779</ele>
        <time>2023-08-22T02:57:14.000Z</time>
      </trkpt>
      <trkpt lat="48.277317" lon="-3.576616">
        <ele>133.04835</ele>
        <time>2023-08-22T02:58:38.000Z</time>
      </trkpt>
      <trkpt lat="48.281333" lon="-3.586209">
        <ele>104.774872</ele>
        <time>2023-08-22T03:00:16.000Z</time>
      </trkpt>
      <trkpt lat="48.283269" lon="-3.593513">
        <ele>87.776335</ele>
        <time>2023-08-22T03:01:15.000Z</time>
      </trkpt>
      <trkpt lat="48.28345" lon="-3.599013">
        <ele>78.938686</ele>
        <time>2023-08-22T03:02:01.000Z</time>
      </trkpt>
      <trkpt lat="48.284985" lon="-3.601204">
        <ele>78.765159</ele>
        <time>2023-08-22T03:02:35.000Z</time>
      </trkpt>
      <trkpt lat="48.286091" lon="-3.605461">
        <ele>87.404269</ele>
        <time>2023-08-22T03:03:53.000Z</time>
      </trkpt>
      <trkpt lat="48.288076" lon="-3.60536">
        <ele>89.380228</ele>
        <time>2023-08-22T03:04:32.000Z</time>
      </trkpt>
      <trkpt lat="48.289444" lon="-3.607626">
        <ele>90.078087</ele>
        <time>2023-08-22T03:05:05.000Z</time>
      </trkpt>
      <trkpt lat="48.293742" lon="-3.607922">
        <ele>92.499606</ele>
        <time>2023-08-22T03:06:18.000Z</time>
      </trkpt>
      <trkpt lat="48.29632" lon="-3.605458">
        <ele>94.238951</ele>
        <time>2023-08-22T03:07:20.000Z</time>
      </trkpt>
      <trkpt lat="48.297715" lon="-3.608582">
        <ele>96.67395</ele>
        <time>2023-08-22T03:08:13.000Z</time>
      </trkpt>
      <trkpt lat="48.300723" lon="-3.610749">
        <ele>98.92116</ele>
        <time>2023-08-22T03:09:17.000Z</time>
      </trkpt>
      <trkpt lat="48.306769" lon="-3.61094">
        <ele>102.717246</ele>
        <time>2023-08-22T03:11:13.000Z</time>
      </trkpt>
      <trkpt lat="48.308163" lon="-3.60913">
        <ele>104.281976</ele>
        <time>2023-08-22T03:11:52.000Z</time>
      </trkpt>
      <trkpt lat="48.310426" lon="-3.607801">
        <ele>105.68596</ele>
        <time>2023-08-22T03:12:40.000Z</time>
      </trkpt>
      <trkpt lat="48.312423" lon="-3.612501">
        <ele>110.012888</ele>
        <time>2023-08-22T03:13:57.000Z</time>
      </trkpt>
      <trkpt lat="48.314441" lon="-3.614953">
        <ele>113.960201</ele>
        <time>2023-08-22T03:14:52.000Z</time>
      </trkpt>
      <trkpt lat="48.324378" lon="-3.624004">
        <ele>145.236719</ele>
        <time>2023-08-22T03:20:46.000Z</time>
      </trkpt>
      <trkpt lat="48.334884" lon="-3.628771">
        <ele>164.131136</ele>
        <time>2023-08-22T03:25:09.000Z</time>
      </trkpt>
      <trkpt lat="48.33639" lon="-3.630041">
        <ele>164.385398</ele>
        <time>2023-08-22T03:25:44.000Z</time>
      </trkpt>
      <trkpt lat="48.33639" lon="-3.636463">
        <ele>156.237041</ele>
        <time>2023-08-22T03:26:48.000Z</time>
      </trkpt>
      <trkpt lat="48.341002" lon="-3.643804">
        <ele>153.104661</ele>
        <time>2023-08-22T03:28:48.000Z</time>
      </trkpt>
      <trkpt lat="48.340046" lon="-3.647197">
        <ele>143.827172</ele>
        <time>2023-08-22T03:29:15.000Z</time>
      </trkpt>
      <trkpt lat="48.339772" lon="-3.653133">
        <ele>127.699112</ele>
        <time>2023-08-22T03:29:56.000Z</time>
      </trkpt>
      <trkpt lat="48.342281" lon="-3.656">
        <ele>116.901385</ele>
        <time>2023-08-22T03:30:33.000Z</time>
      </trkpt>
      <trkpt lat="48.344234" lon="-3.660135">
        <ele>107.69891</ele>
        <time>2023-08-22T03:31:17.000Z</time>
      </trkpt>
      <trkpt lat="48.344435" lon="-3.663544">
        <ele>101.519322</ele>
        <time>2023-08-22T03:31:48.000Z</time>
      </trkpt>
      <trkpt lat="48.343729" lon="-3.665136">
        <ele>99.214738</ele>
        <time>2023-08-22T03:32:10.000Z</time>
      </trkpt>
      <trkpt lat="48.344202" lon="-3.66848">
        <ele>96.98377</ele>
        <time>2023-08-22T03:32:48.000Z</time>
      </trkpt>
      <trkpt lat="48.343325" lon="-3.673809">
        <ele>91.616871</ele>
        <time>2023-08-22T03:33:46.000Z</time>
      </trkpt>
      <trkpt lat="48.341983" lon="-3.676184">
        <ele>89.577988</ele>
        <time>2023-08-22T03:34:20.000Z</time>
      </trkpt>
      <trkpt lat="48.341982" lon="-3.677498">
        <ele>88.995652</ele>
        <time>2023-08-22T03:34:35.000Z</time>
      </trkpt>
      <trkpt lat="48.348301" lon="-3.682018">
        <ele>83.588818</ele>
        <time>2023-08-22T03:36:36.000Z</time>
      </trkpt>
      <trkpt lat="48.349234" lon="-3.684424">
        <ele>83.654231</ele>
        <time>2023-08-22T03:37:10.000Z</time>
      </trkpt>
      <trkpt lat="48.351369" lon="-3.684067">
        <ele>85.006567</ele>
        <time>2023-08-22T03:37:55.000Z</time>
      </trkpt>
      <trkpt lat="48.353216" lon="-3.685003">
        <ele>86.818871</ele>
        <time>2023-08-22T03:38:34.000Z</time>
      </trkpt>
      <trkpt lat="48.356167" lon="-3.683466">
        <ele>89.186785</ele>
        <time>2023-08-22T03:39:41.000Z</time>
      </trkpt>
      <trkpt lat="48.357341" lon="-3.68384">
        <ele>89.95232</ele>
        <time>2023-08-22T03:40:07.000Z</time>
      </trkpt>
      <trkpt lat="48.357774" lon="-3.686963">
        <ele>89.245291</ele>
        <time>2023-08-22T03:40:49.000Z</time>
      </trkpt>
      <trkpt lat="48.357189" lon="-3.690535">
        <ele>89.184243</ele>
        <time>2023-08-22T03:41:37.000Z</time>
      </trkpt>
      <trkpt lat="48.357605" lon="-3.692899">
        <ele>89.088219</ele>
        <time>2023-08-22T03:42:07.000Z</time>
      </trkpt>
      <trkpt lat="48.359722" lon="-3.696348">
        <ele>89.081533</ele>
        <time>2023-08-22T03:43:11.000Z</time>
      </trkpt>
      <trkpt lat="48.361537" lon="-3.703275">
        <ele>89.198383</ele>
        <time>2023-08-22T03:44:43.000Z</time>
      </trkpt>
      <trkpt lat="48.364299" lon="-3.706367">
        <ele>88.914673</ele>
        <time>2023-08-22T03:45:45.000Z</time>
      </trkpt>
      <trkpt lat="48.364157" lon="-3.711693">
        <ele>94.567239</ele>
        <time>2023-08-22T03:46:58.000Z</time>
      </trkpt>
      <trkpt lat="48.365123" lon="-3.712944">
        <ele>95.36155</ele>
        <time>2023-08-22T03:47:28.000Z</time>
      </trkpt>
      <trkpt lat="48.365148" lon="-3.714926">
        <ele>94.83171</ele>
        <time>2023-08-22T03:47:48.000Z</time>
      </trkpt>
      <trkpt lat="48.364372" lon="-3.716619">
        <ele>94.678836</ele>
        <time>2023-08-22T03:48:15.000Z</time>
      </trkpt>
      <trkpt lat="48.36398" lon="-3.721254">
        <ele>100.736529</ele>
        <time>2023-08-22T03:49:27.000Z</time>
      </trkpt>
      <trkpt lat="48.361721" lon="-3.725527">
        <ele>117.415206</ele>
        <time>2023-08-22T03:51:43.000Z</time>
      </trkpt>
      <trkpt lat="48.361325" lon="-3.727551">
        <ele>124.395889</ele>
        <time>2023-08-22T03:52:39.000Z</time>
      </trkpt>
      <trkpt lat="48.36186" lon="-3.728759">
        <ele>128.167495</ele>
        <time>2023-08-22T03:53:15.000Z</time>
      </trkpt>
      <trkpt lat="48.364246" lon="-3.729656">
        <ele>134.809467</ele>
        <time>2023-08-22T03:54:32.000Z</time>
      </trkpt>
      <trkpt lat="48.366607" lon="-3.733873">
        <ele>136.913668</ele>
        <time>2023-08-22T03:55:51.000Z</time>
      </trkpt>
      <trkpt lat="48.366194" lon="-3.736061">
        <ele>138.053048</ele>
        <time>2023-08-22T03:56:18.000Z</time>
      </trkpt>
      <trkpt lat="48.365499" lon="-3.736771">
        <ele>139.865259</ele>
        <time>2023-08-22T03:56:37.000Z</time>
      </trkpt>
      <trkpt lat="48.364676" lon="-3.741828">
        <ele>154.091808</ele>
        <time>2023-08-22T03:58:37.000Z</time>
      </trkpt>
      <trkpt lat="48.363027" lon="-3.742566">
        <ele>160.120239</ele>
        <time>2023-08-22T03:59:43.000Z</time>
      </trkpt>
      <trkpt lat="48.362797" lon="-3.74506">
        <ele>162.538095</ele>
        <time>2023-08-22T04:00:26.000Z</time>
      </trkpt>
      <trkpt lat="48.363622" lon="-3.747902">
        <ele>165.251002</ele>
        <time>2023-08-22T04:01:18.000Z</time>
      </trkpt>
      <trkpt lat="48.363395" lon="-3.749725">
        <ele>164.727991</ele>
        <time>2023-08-22T04:01:46.000Z</time>
      </trkpt>
      <trkpt lat="48.361612" lon="-3.754346">
        <ele>166.524598</ele>
        <time>2023-08-22T04:03:00.000Z</time>
      </trkpt>
      <trkpt lat="48.358432" lon="-3.759577">
        <ele>166.291338</ele>
        <time>2023-08-22T04:04:25.000Z</time>
      </trkpt>
      <trkpt lat="48.359366" lon="-3.764868">
        <ele>171.11474</ele>
        <time>2023-08-22T04:05:36.000Z</time>
      </trkpt>
      <trkpt lat="48.360993" lon="-3.766766">
        <ele>175.533637</ele>
        <time>2023-08-22T04:06:31.000Z</time>
      </trkpt>
      <trkpt lat="48.3618" lon="-3.772143">
        <ele>173.094574</ele>
        <time>2023-08-22T04:07:31.000Z</time>
      </trkpt>
      <trkpt lat="48.364732" lon="-3.7742">
        <ele>179.870919</ele>
        <time>2023-08-22T04:08:42.000Z</time>
      </trkpt>
      <trkpt lat="48.365357" lon="-3.776705">
        <ele>186.593121</ele>
        <time>2023-08-22T04:09:52.000Z</time>
      </trkpt>
      <trkpt lat="48.364989" lon="-3.778914">
        <ele>185.451392</ele>
        <time>2023-08-22T04:10:51.000Z</time>
      </trkpt>
      <trkpt lat="48.366639" lon="-3.782125">
        <ele>179.824345</ele>
        <time>2023-08-22T04:11:25.000Z</time>
      </trkpt>
      <trkpt lat="48.367313" lon="-3.785149">
        <ele>180.601996</ele>
        <time>2023-08-22T04:12:00.000Z</time>
      </trkpt>
      <trkpt lat="48.367287" lon="-3.790272">
        <ele>184.057448</ele>
        <time>2023-08-22T04:13:07.000Z</time>
      </trkpt>
      <trkpt lat="48.370274" lon="-3.792469">
        <ele>185.838309</ele>
        <time>2023-08-22T04:14:10.000Z</time>
      </trkpt>
      <trkpt lat="48.372051" lon="-3.797284">
        <ele>199.675564</ele>
        <time>2023-08-22T04:16:20.000Z</time>
      </trkpt>
      <trkpt lat="48.37202" lon="-3.800955">
        <ele>207.453205</ele>
        <time>2023-08-22T04:17:46.000Z</time>
      </trkpt>
      <trkpt lat="48.369551" lon="-3.810221">
        <ele>210.943815</ele>
        <time>2023-08-22T04:20:20.000Z</time>
      </trkpt>
      <trkpt lat="48.37027" lon="-3.814">
        <ele>219.474681</ele>
        <time>2023-08-22T04:21:42.000Z</time>
      </trkpt>
      <trkpt lat="48.376008" lon="-3.826502">
        <ele>243.144422</ele>
        <time>2023-08-22T04:27:30.000Z</time>
      </trkpt>
      <trkpt lat="48.381148" lon="-3.843591">
        <ele>244.042022</ele>
        <time>2023-08-22T04:32:02.000Z</time>
      </trkpt>
      <trkpt lat="48.386218" lon="-3.851055">
        <ele>252.214844</ele>
        <time>2023-08-22T04:34:46.000Z</time>
      </trkpt>
      <trkpt lat="48.38981" lon="-3.858557">
        <ele>249.064221</ele>
        <time>2023-08-22T04:36:32.000Z</time>
      </trkpt>
      <trkpt lat="48.392696" lon="-3.86037">
        <ele>243.595903</ele>
        <time>2023-08-22T04:37:14.000Z</time>
      </trkpt>
      <trkpt lat="48.398587" lon="-3.859737">
        <ele>262.771573</ele>
        <time>2023-08-22T04:48:52.000Z</time>
      </trkpt>
      <trkpt lat="48.407174" lon="-3.861709">
        <ele>297.169842</ele>
        <time>2023-08-22T04:55:25.000Z</time>
      </trkpt>
      <trkpt lat="48.408873" lon="-3.863228">
        <ele>308.076278</ele>
        <time>2023-08-22T04:56:51.000Z</time>
      </trkpt>
      <trkpt lat="48.40963" lon="-3.865592">
        <ele>315.004554</ele>
        <time>2023-08-22T04:58:06.000Z</time>
      </trkpt>
      <trkpt lat="48.409554" lon="-3.86958">
        <ele>322.133704</ele>
        <time>2023-08-22T04:59:36.000Z</time>
      </trkpt>
      <trkpt lat="48.41095" lon="-3.881102">
        <ele>334.559619</ele>
        <time>2023-08-22T05:09:32.000Z</time>
      </trkpt>
      <trkpt lat="48.412149" lon="-3.900118">
        <ele>326.137612</ele>
        <time>2023-08-22T05:14:00.000Z</time>
      </trkpt>
      <trkpt lat="48.411391" lon="-3.903248">
        <ele>318.331042</ele>
        <time>2023-08-22T05:14:21.000Z</time>
      </trkpt>
      <trkpt lat="48.409039" lon="-3.908091">
        <ele>307.092614</ele>
        <time>2023-08-22T05:15:02.000Z</time>
      </trkpt>
      <trkpt lat="48.40435" lon="-3.926911">
        <ele>276.974187</ele>
        <time>2023-08-22T05:17:47.000Z</time>
      </trkpt>
      <trkpt lat="48.404364" lon="-3.932374">
        <ele>270.771483</ele>
        <time>2023-08-22T05:18:40.000Z</time>
      </trkpt>
      <trkpt lat="48.402692" lon="-3.939523">
        <ele>255.598423</ele>
        <time>2023-08-22T05:19:39.000Z</time>
      </trkpt>
      <trkpt lat="48.403018" lon="-3.942617">
        <ele>246.800298</ele>
        <time>2023-08-22T05:19:57.000Z</time>
      </trkpt>
      <trkpt lat="48.404601" lon="-3.946115">
        <ele>244.260831</ele>
        <time>2023-08-22T05:20:38.000Z</time>
      </trkpt>
      <trkpt lat="48.40579" lon="-3.95301">
        <ele>238.212798</ele>
        <time>2023-08-22T05:22:07.000Z</time>
      </trkpt>
      <trkpt lat="48.408495" lon="-3.959245">
        <ele>233.021159</ele>
        <time>2023-08-22T05:23:15.000Z</time>
      </trkpt>
      <trkpt lat="48.410535" lon="-3.96647">
        <ele>220.615402</ele>
        <time>2023-08-22T05:24:20.000Z</time>
      </trkpt>
      <trkpt lat="48.412702" lon="-3.970861">
        <ele>218.827156</ele>
        <time>2023-08-22T05:25:30.000Z</time>
      </trkpt>
      <trkpt lat="48.412339" lon="-3.978572">
        <ele>204.039005</ele>
        <time>2023-08-22T05:26:28.000Z</time>
      </trkpt>
      <trkpt lat="48.409824" lon="-3.983212">
        <ele>192.426186</ele>
        <time>2023-08-22T05:27:11.000Z</time>
      </trkpt>
      <trkpt lat="48.408809" lon="-3.986423">
        <ele>183.588324</ele>
        <time>2023-08-22T05:27:35.000Z</time>
      </trkpt>
      <trkpt lat="48.408825" lon="-3.992504">
        <ele>174.304999</ele>
        <time>2023-08-22T05:28:23.000Z</time>
      </trkpt>
      <trkpt lat="48.409765" lon="-3.995596">
        <ele>171.15986</ele>
        <time>2023-08-22T05:28:54.000Z</time>
      </trkpt>
      <trkpt lat="48.413039" lon="-4.000468">
        <ele>165.896957</ele>
        <time>2023-08-22T05:29:58.000Z</time>
      </trkpt>
      <trkpt lat="48.414441" lon="-4.004609">
        <ele>162.326715</ele>
        <time>2023-08-22T05:30:42.000Z</time>
      </trkpt>
      <trkpt lat="48.416437" lon="-4.008041">
        <ele>159.696711</ele>
        <time>2023-08-22T05:31:26.000Z</time>
      </trkpt>
      <trkpt lat="48.416773" lon="-4.009945">
        <ele>157.750391</ele>
        <time>2023-08-22T05:31:44.000Z</time>
      </trkpt>
      <trkpt lat="48.416018" lon="-4.020088">
        <ele>139.563329</ele>
        <time>2023-08-22T05:33:08.000Z</time>
      </trkpt>
      <trkpt lat="48.413455" lon="-4.026861">
        <ele>135.010865</ele>
        <time>2023-08-22T05:34:28.000Z</time>
      </trkpt>
      <trkpt lat="48.413839" lon="-4.034537">
        <ele>129.867862</ele>
        <time>2023-08-22T05:35:44.000Z</time>
      </trkpt>
      <trkpt lat="48.410592" lon="-4.044217">
        <ele>120.005666</ele>
        <time>2023-08-22T05:37:34.000Z</time>
      </trkpt>
      <trkpt lat="48.408759" lon="-4.051611">
        <ele>109.966146</ele>
        <time>2023-08-22T05:38:44.000Z</time>
      </trkpt>
      <trkpt lat="48.405197" lon="-4.058269">
        <ele>108.741939</ele>
        <time>2023-08-22T05:40:24.000Z</time>
      </trkpt>
      <trkpt lat="48.403481" lon="-4.066716">
        <ele>104.180188</ele>
        <time>2023-08-22T05:42:09.000Z</time>
      </trkpt>
      <trkpt lat="48.403602" lon="-4.069769">
        <ele>100.88887</ele>
        <time>2023-08-22T05:42:36.000Z</time>
      </trkpt>
      <trkpt lat="48.405754" lon="-4.074986">
        <ele>99.571553</ele>
        <time>2023-08-22T05:43:51.000Z</time>
      </trkpt>
      <trkpt lat="48.405638" lon="-4.081176">
        <ele>105.987461</ele>
        <time>2023-08-22T06:25:18.000Z</time>
      </trkpt>
      <trkpt lat="48.406318" lon="-4.082441">
        <ele>102.296262</ele>
        <time>2023-08-22T06:25:32.000Z</time>
      </trkpt>
      <trkpt lat="48.409221" lon="-4.083487">
        <ele>91.717036</ele>
        <time>2023-08-22T06:26:04.000Z</time>
      </trkpt>
      <trkpt lat="48.411138" lon="-4.085734">
        <ele>82.034896</ele>
        <time>2023-08-22T06:26:31.000Z</time>
      </trkpt>
      <trkpt lat="48.415864" lon="-4.099416">
        <ele>81.397219</ele>
        <time>2023-08-22T06:29:22.000Z</time>
      </trkpt>
      <trkpt lat="48.420913" lon="-4.103036">
        <ele>87.232172</ele>
        <time>2023-08-22T06:31:05.000Z</time>
      </trkpt>
      <trkpt lat="48.425796" lon="-4.111374">
        <ele>101.011281</ele>
        <time>2023-08-22T06:33:59.000Z</time>
      </trkpt>
      <trkpt lat="48.426917" lon="-4.116379">
        <ele>96.391058</ele>
        <time>2023-08-22T06:34:42.000Z</time>
      </trkpt>
      <trkpt lat="48.427106" lon="-4.12702">
        <ele>83.625158</ele>
        <time>2023-08-22T06:36:01.000Z</time>
      </trkpt>
      <trkpt lat="48.431076" lon="-4.138052">
        <ele>112.633275</ele>
        <time>2023-08-22T06:39:31.000Z</time>
      </trkpt>
      <trkpt lat="48.432253" lon="-4.148243">
        <ele>137.271686</ele>
        <time>2023-08-22T06:43:24.000Z</time>
      </trkpt>
      <trkpt lat="48.436789" lon="-4.1636">
        <ele>144.392872</ele>
        <time>2023-08-22T06:46:54.000Z</time>
      </trkpt>
      <trkpt lat="48.438612" lon="-4.174617">
        <ele>153.906074</ele>
        <time>2023-08-22T06:49:29.000Z</time>
      </trkpt>
      <trkpt lat="48.438869" lon="-4.181519">
        <ele>158.457095</ele>
        <time>2023-08-22T06:51:02.000Z</time>
      </trkpt>
      <trkpt lat="48.439997" lon="-4.182701">
        <ele>154.460917</ele>
        <time>2023-08-22T06:51:20.000Z</time>
      </trkpt>
      <trkpt lat="48.445492" lon="-4.183875">
        <ele>133.272658</ele>
        <time>2023-08-22T06:52:14.000Z</time>
      </trkpt>
      <trkpt lat="48.448866" lon="-4.182332">
        <ele>119.248429</ele>
        <time>2023-08-22T06:52:49.000Z</time>
      </trkpt>
      <trkpt lat="48.453878" lon="-4.185615">
        <ele>98.342408</ele>
        <time>2023-08-22T06:53:39.000Z</time>
      </trkpt>
      <trkpt lat="48.458708" lon="-4.193115">
        <ele>69.871501</ele>
        <time>2023-08-22T06:54:42.000Z</time>
      </trkpt>
      <trkpt lat="48.462306" lon="-4.194455">
        <ele>66.702171</ele>
        <time>2023-08-22T06:55:30.000Z</time>
      </trkpt>
      <trkpt lat="48.464281" lon="-4.196707">
        <ele>65.944147</ele>
        <time>2023-08-22T06:56:04.000Z</time>
      </trkpt>
      <trkpt lat="48.464733" lon="-4.199661">
        <ele>65.249545</ele>
        <time>2023-08-22T06:56:31.000Z</time>
      </trkpt>
      <trkpt lat="48.464501" lon="-4.202671">
        <ele>64.527933</ele>
        <time>2023-08-22T06:56:58.000Z</time>
      </trkpt>
      <trkpt lat="48.465956" lon="-4.205238">
        <ele>63.865609</ele>
        <time>2023-08-22T06:57:29.000Z</time>
      </trkpt>
      <trkpt lat="48.467141" lon="-4.209406">
        <ele>61.913729</ele>
        <time>2023-08-22T06:58:11.000Z</time>
      </trkpt>
      <trkpt lat="48.464432" lon="-4.217004">
        <ele>50.678394</ele>
        <time>2023-08-22T06:59:28.000Z</time>
      </trkpt>
      <trkpt lat="48.462755" lon="-4.219213">
        <ele>46.64367</ele>
        <time>2023-08-22T06:59:58.000Z</time>
      </trkpt>
      <trkpt lat="48.459553" lon="-4.225881">
        <ele>38.783375</ele>
        <time>2023-08-22T07:01:15.000Z</time>
      </trkpt>
      <trkpt lat="48.457888" lon="-4.233097">
        <ele>23.22758</ele>
        <time>2023-08-22T07:02:11.000Z</time>
      </trkpt>
      <trkpt lat="48.452788" lon="-4.241702">
        <ele>6.89239</ele>
        <time>2023-08-22T07:03:52.000Z</time>
      </trkpt>
      <trkpt lat="48.452852" lon="-4.242894">
        <ele>4.996879</ele>
        <time>2023-08-22T07:04:04.000Z</time>
      </trkpt>
      <trkpt lat="48.454062" lon="-4.24482">
        <ele>1.844061</ele>
        <time>2023-08-22T07:04:27.000Z</time>
      </trkpt>
      <trkpt lat="48.450259" lon="-4.249839">
        <ele>-0.116578</ele>
        <time>2023-08-22T07:06:02.000Z</time>
      </trkpt>
      <trkpt lat="48.449259" lon="-4.254315">
        <ele>0.180848</ele>
        <time>2023-08-22T07:07:02.000Z</time>
      </trkpt>
      <trkpt lat="48.449319" lon="-4.257223">
        <ele>-0.092055</ele>
        <time>2023-08-22T07:07:34.000Z</time>
      </trkpt>
      <trkpt lat="48.447515" lon="-4.262826">
        <ele>0.811778</ele>
        <time>2023-08-22T07:08:44.000Z</time>
      </trkpt>
      <trkpt lat="48.446819" lon="-4.263459">
        <ele>1.268013</ele>
        <time>2023-08-22T07:08:57.000Z</time>
      </trkpt>
      <trkpt lat="48.446186" lon="-4.266372">
        <ele>0.143517</ele>
        <time>2023-08-22T07:09:26.000Z</time>
      </trkpt>
      <trkpt lat="48.445341" lon="-4.273593">
        <ele>8.513056</ele>
        <time>2023-08-22T07:11:21.000Z</time>
      </trkpt>
      <trkpt lat="48.441399" lon="-4.279695">
        <ele>2.469238</ele>
        <time>2023-08-22T07:12:57.000Z</time>
      </trkpt>
      <trkpt lat="48.441741" lon="-4.281621">
        <ele>1.749834</ele>
        <time>2023-08-22T07:13:19.000Z</time>
      </trkpt>
      <trkpt lat="48.445492" lon="-4.287909">
        <ele>7.822215</ele>
        <time>2023-08-22T07:17:19.000Z</time>
      </trkpt>
      <trkpt lat="48.445537" lon="-4.292677">
        <ele>13.153088</ele>
        <time>2023-08-22T07:18:34.000Z</time>
      </trkpt>
      <trkpt lat="48.444822" lon="-4.298109">
        <ele>23.186883</ele>
        <time>2023-08-22T07:20:04.000Z</time>
      </trkpt>
      <trkpt lat="48.445976" lon="-4.301688">
        <ele>31.796407</ele>
        <time>2023-08-22T07:21:21.000Z</time>
      </trkpt>
      <trkpt lat="48.445767" lon="-4.304005">
        <ele>36.894956</ele>
        <time>2023-08-22T07:22:10.000Z</time>
      </trkpt>
      <trkpt lat="48.4467" lon="-4.313012">
        <ele>57.425982</ele>
        <time>2023-08-22T07:25:23.000Z</time>
      </trkpt>
      <trkpt lat="48.444234" lon="-4.319098">
        <ele>74.095181</ele>
        <time>2023-08-22T07:27:52.000Z</time>
      </trkpt>
      <trkpt lat="48.441474" lon="-4.330639">
        <ele>85.519605</ele>
        <time>2023-08-22T07:31:27.000Z</time>
      </trkpt>
      <trkpt lat="48.439665" lon="-4.333092">
        <ele>79.321155</ele>
        <time>2023-08-22T07:31:58.000Z</time>
      </trkpt>
      <trkpt lat="48.437789" lon="-4.337542">
        <ele>69.677392</ele>
        <time>2023-08-22T07:32:40.000Z</time>
      </trkpt>
      <trkpt lat="48.43538" lon="-4.339808">
        <ele>60.930264</ele>
        <time>2023-08-22T07:33:13.000Z</time>
      </trkpt>
      <trkpt lat="48.433983" lon="-4.346606">
        <ele>68.388843</ele>
        <time>2023-08-22T07:35:13.000Z</time>
      </trkpt>
      <trkpt lat="48.436023" lon="-4.378522">
        <ele>40.923078</ele>
        <time>2023-08-22T07:41:07.000Z</time>
      </trkpt>
      <trkpt lat="48.435684" lon="-4.399548">
        <ele>83.842353</ele>
        <time>2023-08-22T07:48:35.000Z</time>
      </trkpt>
      <trkpt lat="48.418171" lon="-4.429621">
        <ele>57.611556</ele>
        <time>2023-08-22T07:56:30.000Z</time>
      </trkpt>
      <trkpt lat="48.415169" lon="-4.435946">
        <ele>53.560538</ele>
        <time>2023-08-22T07:57:52.000Z</time>
      </trkpt>
      <trkpt lat="48.413012" lon="-4.451809">
        <ele>59.23102</ele>
        <time>2023-08-22T08:02:17.000Z</time>
      </trkpt>
      <trkpt lat="48.407005" lon="-4.474201">
        <ele>56.343533</ele>
        <time>2023-08-22T08:07:39.000Z</time>
      </trkpt>
      <trkpt lat="48.406611" lon="-4.479234">
        <ele>46.60319</ele>
        <time>2023-08-22T08:08:31.000Z</time>
      </trkpt>
      <trkpt lat="48.405959" lon="-4.479123">
        <ele>45.886083</ele>
        <time>2023-08-22T08:08:54.000Z</time>
      </trkpt>
      <trkpt lat="48.405931" lon="-4.481058">
        <ele>46.623052</ele>
        <time>2023-08-22T08:09:37.000Z</time>
      </trkpt>
      <trkpt lat="48.406786" lon="-4.481621">
        <ele>45.436528</ele>
        <time>2023-08-22T08:10:06.000Z</time>
      </trkpt>
      <trkpt lat="48.405762" lon="-4.484101">
        <ele>42.94424</ele>
        <time>2023-08-22T09:50:50.000Z</time>
      </trkpt>
      <trkpt lat="48.40512" lon="-4.483658">
        <ele>43.211611</ele>
        <time>2023-08-22T09:51:07.000Z</time>
      </trkpt>
      <trkpt lat="48.405945" lon="-4.478976">
        <ele>47.341204</ele>
        <time>2023-08-22T09:52:45.000Z</time>
      </trkpt>
      <trkpt lat="48.403864" lon="-4.474931">
        <ele>68.114626</ele>
        <time>2023-08-22T09:55:15.000Z</time>
      </trkpt>
      <trkpt lat="48.403305" lon="-4.469897">
        <ele>86.767876</ele>
        <time>2023-08-22T09:57:39.000Z</time>
      </trkpt>
      <trkpt lat="48.402211" lon="-4.466811">
        <ele>90.201791</ele>
        <time>2023-08-22T09:58:38.000Z</time>
      </trkpt>
      <trkpt lat="48.402109" lon="-4.460357">
        <ele>89.828575</ele>
        <time>2023-08-22T10:00:04.000Z</time>
      </trkpt>
      <trkpt lat="48.400861" lon="-4.452069">
        <ele>72.313123</ele>
        <time>2023-08-22T10:01:50.000Z</time>
      </trkpt>
      <trkpt lat="48.401516" lon="-4.447853">
        <ele>58.551888</ele>
        <time>2023-08-22T10:02:27.000Z</time>
      </trkpt>
      <trkpt lat="48.399485" lon="-4.443485">
        <ele>39.263556</ele>
        <time>2023-08-22T10:03:05.000Z</time>
      </trkpt>
      <trkpt lat="48.396837" lon="-4.435543">
        <ele>7.227003</ele>
        <time>2023-08-22T10:04:09.000Z</time>
      </trkpt>
      <trkpt lat="48.398314" lon="-4.430699">
        <ele>12.430058</ele>
        <time>2023-08-22T10:05:45.000Z</time>
      </trkpt>
      <trkpt lat="48.399178" lon="-4.424691">
        <ele>4.821369</ele>
        <time>2023-08-22T10:06:47.000Z</time>
      </trkpt>
      <trkpt lat="48.397659" lon="-4.4239">
        <ele>-0.359571</ele>
        <time>2023-08-22T10:07:28.000Z</time>
      </trkpt>
      <trkpt lat="48.395699" lon="-4.418401">
        <ele>0.111545</ele>
        <time>2023-08-22T10:08:39.000Z</time>
      </trkpt>
      <trkpt lat="48.39485" lon="-4.408554">
        <ele>24.213408</ele>
        <time>2023-08-22T10:12:26.000Z</time>
      </trkpt>
      <trkpt lat="48.393734" lon="-4.405311">
        <ele>21.429183</ele>
        <time>2023-08-22T10:13:11.000Z</time>
      </trkpt>
      <trkpt lat="48.384297" lon="-4.397225">
        <ele>30.219801</ele>
        <time>2023-08-22T10:19:58.000Z</time>
      </trkpt>
      <trkpt lat="48.383515" lon="-4.39553">
        <ele>32.563103</ele>
        <time>2023-08-22T10:20:29.000Z</time>
      </trkpt>
      <trkpt lat="48.383976" lon="-4.385342">
        <ele>63.504766</ele>
        <time>2023-08-22T10:24:54.000Z</time>
      </trkpt>
      <trkpt lat="48.383556" lon="-4.379739">
        <ele>81.788824</ele>
        <time>2023-08-22T10:27:49.000Z</time>
      </trkpt>
      <trkpt lat="48.382757" lon="-4.377722">
        <ele>86.518346</ele>
        <time>2023-08-22T10:28:43.000Z</time>
      </trkpt>
      <trkpt lat="48.381196" lon="-4.369017">
        <ele>99.883979</ele>
        <time>2023-08-22T10:31:12.000Z</time>
      </trkpt>
      <trkpt lat="48.382009" lon="-4.351241">
        <ele>99.707146</ele>
        <time>2023-08-22T10:34:58.000Z</time>
      </trkpt>
      <trkpt lat="48.381184" lon="-4.345026">
        <ele>92.680598</ele>
        <time>2023-08-22T10:35:55.000Z</time>
      </trkpt>
      <trkpt lat="48.38139" lon="-4.339485">
        <ele>78.533708</ele>
        <time>2023-08-22T10:36:28.000Z</time>
      </trkpt>
      <trkpt lat="48.38262" lon="-4.334775">
        <ele>62.884313</ele>
        <time>2023-08-22T10:37:00.000Z</time>
      </trkpt>
      <trkpt lat="48.381514" lon="-4.331312">
        <ele>57.172521</ele>
        <time>2023-08-22T10:37:27.000Z</time>
      </trkpt>
      <trkpt lat="48.379316" lon="-4.32729">
        <ele>45.654975</ele>
        <time>2023-08-22T10:37:59.000Z</time>
      </trkpt>
      <trkpt lat="48.379058" lon="-4.322273">
        <ele>33.789519</ele>
        <time>2023-08-22T10:38:30.000Z</time>
      </trkpt>
      <trkpt lat="48.378005" lon="-4.318955">
        <ele>31.991579</ele>
        <time>2023-08-22T10:38:59.000Z</time>
      </trkpt>
      <trkpt lat="48.377807" lon="-4.311112">
        <ele>56.095076</ele>
        <time>2023-08-22T10:42:34.000Z</time>
      </trkpt>
      <trkpt lat="48.375687" lon="-4.306628">
        <ele>56.299426</ele>
        <time>2023-08-22T10:43:46.000Z</time>
      </trkpt>
      <trkpt lat="48.375339" lon="-4.304646">
        <ele>55.117277</ele>
        <time>2023-08-22T10:44:11.000Z</time>
      </trkpt>
      <trkpt lat="48.375741" lon="-4.301952">
        <ele>51.442423</ele>
        <time>2023-08-22T10:44:37.000Z</time>
      </trkpt>
      <trkpt lat="48.379531" lon="-4.293907">
        <ele>34.420517</ele>
        <time>2023-08-22T10:45:55.000Z</time>
      </trkpt>
      <trkpt lat="48.37927" lon="-4.29126">
        <ele>37.333899</ele>
        <time>2023-08-22T10:46:29.000Z</time>
      </trkpt>
      <trkpt lat="48.378776" lon="-4.290617">
        <ele>39.264406</ele>
        <time>2023-08-22T10:46:52.000Z</time>
      </trkpt>
      <trkpt lat="48.37683" lon="-4.290809">
        <ele>51.430033</ele>
        <time>2023-08-22T10:48:25.000Z</time>
      </trkpt>
      <trkpt lat="48.375826" lon="-4.286883">
        <ele>67.817596</ele>
        <time>2023-08-22T10:50:30.000Z</time>
      </trkpt>
      <trkpt lat="48.370951" lon="-4.282934">
        <ele>75.293802</ele>
        <time>2023-08-22T10:53:11.000Z</time>
      </trkpt>
      <trkpt lat="48.369203" lon="-4.278567">
        <ele>71.809726</ele>
        <time>2023-08-22T10:54:08.000Z</time>
      </trkpt>
      <trkpt lat="48.361427" lon="-4.275627">
        <ele>34.506296</ele>
        <time>2023-08-22T10:55:37.000Z</time>
      </trkpt>
      <trkpt lat="48.360904" lon="-4.273819">
        <ele>26.284461</ele>
        <time>2023-08-22T10:55:50.000Z</time>
      </trkpt>
      <trkpt lat="48.361572" lon="-4.266951">
        <ele>12.676375</ele>
        <time>2023-08-22T10:56:47.000Z</time>
      </trkpt>
      <trkpt lat="48.360503" lon="-4.265166">
        <ele>9.543888</ele>
        <time>2023-08-22T10:57:08.000Z</time>
      </trkpt>
      <trkpt lat="48.361646" lon="-4.261013">
        <ele>0.750881</ele>
        <time>2023-08-22T10:57:44.000Z</time>
      </trkpt>
      <trkpt lat="48.361512" lon="-4.259749">
        <ele>0.471913</ele>
        <time>2023-08-22T11:12:15.000Z</time>
      </trkpt>
      <trkpt lat="48.358247" lon="-4.259647">
        <ele>4.896518</ele>
        <time>2023-08-22T11:13:28.000Z</time>
      </trkpt>
      <trkpt lat="48.35158" lon="-4.25456">
        <ele>33.907235</ele>
        <time>2023-08-22T11:17:53.000Z</time>
      </trkpt>
      <trkpt lat="48.345947" lon="-4.258492">
        <ele>47.595222</ele>
        <time>2023-08-22T11:20:28.000Z</time>
      </trkpt>
      <trkpt lat="48.33988" lon="-4.259249">
        <ele>37.005872</ele>
        <time>2023-08-22T11:21:47.000Z</time>
      </trkpt>
      <trkpt lat="48.33313" lon="-4.253732">
        <ele>33.505239</ele>
        <time>2023-08-22T11:23:57.000Z</time>
      </trkpt>
      <trkpt lat="48.330556" lon="-4.244452">
        <ele>7.778363</ele>
        <time>2023-08-22T11:25:04.000Z</time>
      </trkpt>
      <trkpt lat="48.327626" lon="-4.240588">
        <ele>5.4662</ele>
        <time>2023-08-22T11:26:04.000Z</time>
      </trkpt>
      <trkpt lat="48.327182" lon="-4.235566">
        <ele>19.955608</ele>
        <time>2023-08-22T11:28:13.000Z</time>
      </trkpt>
      <trkpt lat="48.325827" lon="-4.233574">
        <ele>28.13577</ele>
        <time>2023-08-22T11:29:23.000Z</time>
      </trkpt>
      <trkpt lat="48.325363" lon="-4.228787">
        <ele>34.606629</ele>
        <time>2023-08-22T11:30:51.000Z</time>
      </trkpt>
      <trkpt lat="48.324723" lon="-4.227019">
        <ele>32.337344</ele>
        <time>2023-08-22T11:31:10.000Z</time>
      </trkpt>
      <trkpt lat="48.322469" lon="-4.22627">
        <ele>24.745441</ele>
        <time>2023-08-22T11:31:33.000Z</time>
      </trkpt>
      <trkpt lat="48.316087" lon="-4.228858">
        <ele>18.942897</ele>
        <time>2023-08-22T11:33:10.000Z</time>
      </trkpt>
      <trkpt lat="48.315005" lon="-4.228456">
        <ele>21.997222</ele>
        <time>2023-08-22T11:33:45.000Z</time>
      </trkpt>
      <trkpt lat="48.314574" lon="-4.226273">
        <ele>24.250863</ele>
        <time>2023-08-22T11:34:24.000Z</time>
      </trkpt>
      <trkpt lat="48.314641" lon="-4.220931">
        <ele>15.376735</ele>
        <time>2023-08-22T11:35:04.000Z</time>
      </trkpt>
      <trkpt lat="48.312403" lon="-4.208447">
        <ele>18.926502</ele>
        <time>2023-08-22T11:37:56.000Z</time>
      </trkpt>
      <trkpt lat="48.312559" lon="-4.205851">
        <ele>23.445589</ele>
        <time>2023-08-22T11:38:40.000Z</time>
      </trkpt>
      <trkpt lat="48.310287" lon="-4.198725">
        <ele>48.311175</ele>
        <time>2023-08-22T11:42:16.000Z</time>
      </trkpt>
      <trkpt lat="48.308443" lon="-4.195513">
        <ele>54.173319</ele>
        <time>2023-08-22T11:43:38.000Z</time>
      </trkpt>
      <trkpt lat="48.304663" lon="-4.191149">
        <ele>43.295956</ele>
        <time>2023-08-22T11:44:44.000Z</time>
      </trkpt>
      <trkpt lat="48.300747" lon="-4.190452">
        <ele>32.445761</ele>
        <time>2023-08-22T11:45:24.000Z</time>
      </trkpt>
      <trkpt lat="48.299724" lon="-4.189461">
        <ele>29.248824</ele>
        <time>2023-08-22T11:45:37.000Z</time>
      </trkpt>
      <trkpt lat="48.298096" lon="-4.182102">
        <ele>12.410691</ele>
        <time>2023-08-22T11:46:29.000Z</time>
      </trkpt>
      <trkpt lat="48.29452" lon="-4.179596">
        <ele>5.540129</ele>
        <time>2023-08-22T11:47:43.000Z</time>
      </trkpt>
      <trkpt lat="48.292275" lon="-4.174519">
        <ele>10.698144</ele>
        <time>2023-08-22T11:49:27.000Z</time>
      </trkpt>
      <trkpt lat="48.291073" lon="-4.170855">
        <ele>18.526574</ele>
        <time>2023-08-22T11:50:50.000Z</time>
      </trkpt>
      <trkpt lat="48.289821" lon="-4.163534">
        <ele>41.760194</ele>
        <time>2023-08-22T11:53:53.000Z</time>
      </trkpt>
      <trkpt lat="48.288165" lon="-4.161037">
        <ele>51.113482</ele>
        <time>2023-08-22T11:55:13.000Z</time>
      </trkpt>
      <trkpt lat="48.285572" lon="-4.154088">
        <ele>65.027536</ele>
        <time>2023-08-22T11:57:27.000Z</time>
      </trkpt>
      <trkpt lat="48.285955" lon="-4.148908">
        <ele>81.436066</ele>
        <time>2023-08-22T11:59:21.000Z</time>
      </trkpt>
      <trkpt lat="48.284119" lon="-4.143873">
        <ele>97.330982</ele>
        <time>2023-08-22T12:01:39.000Z</time>
      </trkpt>
      <trkpt lat="48.284647" lon="-4.139685">
        <ele>107.983771</ele>
        <time>2023-08-22T12:03:12.000Z</time>
      </trkpt>
      <trkpt lat="48.28417" lon="-4.134294">
        <ele>121.815665</ele>
        <time>2023-08-22T12:05:17.000Z</time>
      </trkpt>
      <trkpt lat="48.286414" lon="-4.124017">
        <ele>152.548713</ele>
        <time>2023-08-22T12:09:42.000Z</time>
      </trkpt>
      <trkpt lat="48.284475" lon="-4.119697">
        <ele>155.942613</ele>
        <time>2023-08-22T12:11:13.000Z</time>
      </trkpt>
      <trkpt lat="48.283325" lon="-4.110467">
        <ele>132.171064</ele>
        <time>2023-08-22T12:12:05.000Z</time>
      </trkpt>
      <trkpt lat="48.283774" lon="-4.104722">
        <ele>113.164805</ele>
        <time>2023-08-22T12:12:37.000Z</time>
      </trkpt>
      <trkpt lat="48.283091" lon="-4.102066">
        <ele>104.271594</ele>
        <time>2023-08-22T12:12:53.000Z</time>
      </trkpt>
      <trkpt lat="48.283133" lon="-4.098922">
        <ele>94.664674</ele>
        <time>2023-08-22T12:13:10.000Z</time>
      </trkpt>
      <trkpt lat="48.281162" lon="-4.096117">
        <ele>82.362112</ele>
        <time>2023-08-22T12:13:33.000Z</time>
      </trkpt>
      <trkpt lat="48.280003" lon="-4.091701">
        <ele>67.24114</ele>
        <time>2023-08-22T12:13:58.000Z</time>
      </trkpt>
      <trkpt lat="48.276778" lon="-4.087225">
        <ele>47.906172</ele>
        <time>2023-08-22T12:14:31.000Z</time>
      </trkpt>
      <trkpt lat="48.272753" lon="-4.086438">
        <ele>39.690612</ele>
        <time>2023-08-22T12:15:12.000Z</time>
      </trkpt>
      <trkpt lat="48.270442" lon="-4.082404">
        <ele>33.301806</ele>
        <time>2023-08-22T12:16:01.000Z</time>
      </trkpt>
      <trkpt lat="48.268166" lon="-4.080822">
        <ele>29.678351</ele>
        <time>2023-08-22T12:16:34.000Z</time>
      </trkpt>
      <trkpt lat="48.266627" lon="-4.075824">
        <ele>24.161665</ele>
        <time>2023-08-22T12:17:27.000Z</time>
      </trkpt>
      <trkpt lat="48.263899" lon="-4.076889">
        <ele>18.595385</ele>
        <time>2023-08-22T12:18:05.000Z</time>
      </trkpt>
      <trkpt lat="48.262666" lon="-4.075163">
        <ele>17.478687</ele>
        <time>2023-08-22T12:18:29.000Z</time>
      </trkpt>
      <trkpt lat="48.261379" lon="-4.076269">
        <ele>21.037231</ele>
        <time>2023-08-22T12:19:17.000Z</time>
      </trkpt>
      <trkpt lat="48.259045" lon="-4.081006">
        <ele>37.829017</ele>
        <time>2023-08-22T12:22:01.000Z</time>
      </trkpt>
      <trkpt lat="48.256069" lon="-4.083965">
        <ele>54.038291</ele>
        <time>2023-08-22T12:24:34.000Z</time>
      </trkpt>
      <trkpt lat="48.255296" lon="-4.086439">
        <ele>62.447658</ele>
        <time>2023-08-22T12:25:54.000Z</time>
      </trkpt>
      <trkpt lat="48.253761" lon="-4.084625">
        <ele>72.64297</ele>
        <time>2023-08-22T12:45:30.000Z</time>
      </trkpt>
      <trkpt lat="48.252294" lon="-4.087916">
        <ele>85.544959</ele>
        <time>2023-08-22T12:47:22.000Z</time>
      </trkpt>
      <trkpt lat="48.251441" lon="-4.088131">
        <ele>90.040999</ele>
        <time>2023-08-22T12:48:00.000Z</time>
      </trkpt>
      <trkpt lat="48.247586" lon="-4.084135">
        <ele>97.225976</ele>
        <time>2023-08-22T12:50:13.000Z</time>
      </trkpt>
      <trkpt lat="48.247326" lon="-4.083475">
        <ele>96.393179</ele>
        <time>2023-08-22T12:50:24.000Z</time>
      </trkpt>
      <trkpt lat="48.24816" lon="-4.081606">
        <ele>95.612095</ele>
        <time>2023-08-22T12:50:53.000Z</time>
      </trkpt>
      <trkpt lat="48.244259" lon="-4.076271">
        <ele>105.143889</ele>
        <time>2023-08-22T12:53:08.000Z</time>
      </trkpt>
      <trkpt lat="48.241627" lon="-4.070049">
        <ele>113.148616</ele>
        <time>2023-08-22T12:55:08.000Z</time>
      </trkpt>
      <trkpt lat="48.240752" lon="-4.066174">
        <ele>108.687431</ele>
        <time>2023-08-22T12:55:48.000Z</time>
      </trkpt>
      <trkpt lat="48.237698" lon="-4.062405">
        <ele>99.765595</ele>
        <time>2023-08-22T12:56:34.000Z</time>
      </trkpt>
      <trkpt lat="48.236925" lon="-4.060202">
        <ele>104.012123</ele>
        <time>2023-08-22T12:57:34.000Z</time>
      </trkpt>
      <trkpt lat="48.236381" lon="-4.043523">
        <ele>120.476321</ele>
        <time>2023-08-22T13:02:13.000Z</time>
      </trkpt>
      <trkpt lat="48.234163" lon="-4.035114">
        <ele>129.234708</ele>
        <time>2023-08-22T13:04:14.000Z</time>
      </trkpt>
      <trkpt lat="48.236849" lon="-4.02958">
        <ele>136.858637</ele>
        <time>2023-08-22T13:05:56.000Z</time>
      </trkpt>
      <trkpt lat="48.239613" lon="-4.020547">
        <ele>135.031756</ele>
        <time>2023-08-22T13:07:44.000Z</time>
      </trkpt>
      <trkpt lat="48.235994" lon="-4.016652">
        <ele>136.028722</ele>
        <time>2023-08-22T13:08:59.000Z</time>
      </trkpt>
      <trkpt lat="48.234247" lon="-4.011469">
        <ele>124.4494</ele>
        <time>2023-08-22T13:09:44.000Z</time>
      </trkpt>
      <trkpt lat="48.233299" lon="-4.000065">
        <ele>125.159256</ele>
        <time>2023-08-22T13:12:45.000Z</time>
      </trkpt>
      <trkpt lat="48.234276" lon="-3.996137">
        <ele>111.651834</ele>
        <time>2023-08-22T13:13:08.000Z</time>
      </trkpt>
      <trkpt lat="48.232947" lon="-3.994145">
        <ele>100.945741</ele>
        <time>2023-08-22T13:13:23.000Z</time>
      </trkpt>
      <trkpt lat="48.231455" lon="-3.988686">
        <ele>82.88968</ele>
        <time>2023-08-22T13:13:56.000Z</time>
      </trkpt>
      <trkpt lat="48.229754" lon="-3.986457">
        <ele>83.276881</ele>
        <time>2023-08-22T13:14:31.000Z</time>
      </trkpt>
      <trkpt lat="48.230303" lon="-3.98113">
        <ele>87.553003</ele>
        <time>2023-08-22T13:16:10.000Z</time>
      </trkpt>
      <trkpt lat="48.229709" lon="-3.976483">
        <ele>79.981644</ele>
        <time>2023-08-22T13:16:47.000Z</time>
      </trkpt>
      <trkpt lat="48.227874" lon="-3.972096">
        <ele>105.690888</ele>
        <time>2023-08-22T13:20:10.000Z</time>
      </trkpt>
      <trkpt lat="48.227886" lon="-3.970297">
        <ele>112.223268</ele>
        <time>2023-08-22T13:27:05.000Z</time>
      </trkpt>
      <trkpt lat="48.226605" lon="-3.969887">
        <ele>114.02254</ele>
        <time>2023-08-22T13:27:48.000Z</time>
      </trkpt>
      <trkpt lat="48.226488" lon="-3.965419">
        <ele>106.461833</ele>
        <time>2023-08-22T13:28:33.000Z</time>
      </trkpt>
      <trkpt lat="48.227386" lon="-3.963482">
        <ele>105.905036</ele>
        <time>2023-08-22T13:29:05.000Z</time>
      </trkpt>
      <trkpt lat="48.227602" lon="-3.960118">
        <ele>118.477988</ele>
        <time>2023-08-22T13:30:47.000Z</time>
      </trkpt>
      <trkpt lat="48.22853" lon="-3.95758">
        <ele>122.381749</ele>
        <time>2023-08-22T13:31:38.000Z</time>
      </trkpt>
      <trkpt lat="48.232341" lon="-3.950315">
        <ele>120.125434</ele>
        <time>2023-08-22T13:33:28.000Z</time>
      </trkpt>
      <trkpt lat="48.235173" lon="-3.949396">
        <ele>122.776108</ele>
        <time>2023-08-22T13:34:22.000Z</time>
      </trkpt>
      <trkpt lat="48.236326" lon="-3.947756">
        <ele>128.164181</ele>
        <time>2023-08-22T13:35:12.000Z</time>
      </trkpt>
      <trkpt lat="48.236915" lon="-3.943183">
        <ele>144.452696</ele>
        <time>2023-08-22T13:37:41.000Z</time>
      </trkpt>
      <trkpt lat="48.23846" lon="-3.938999">
        <ele>143.759121</ele>
        <time>2023-08-22T13:38:41.000Z</time>
      </trkpt>
      <trkpt lat="48.239004" lon="-3.935709">
        <ele>138.571232</ele>
        <time>2023-08-22T13:39:07.000Z</time>
      </trkpt>
      <trkpt lat="48.246893" lon="-3.924875">
        <ele>146.862134</ele>
        <time>2023-08-22T13:42:54.000Z</time>
      </trkpt>
      <trkpt lat="48.24887" lon="-3.92048">
        <ele>154.352407</ele>
        <time>2023-08-22T13:44:35.000Z</time>
      </trkpt>
      <trkpt lat="48.25034" lon="-3.919388">
        <ele>155.124367</ele>
        <time>2023-08-22T13:45:07.000Z</time>
      </trkpt>
      <trkpt lat="48.251175" lon="-3.910268">
        <ele>158.342496</ele>
        <time>2023-08-22T13:47:16.000Z</time>
      </trkpt>
      <trkpt lat="48.255318" lon="-3.899811">
        <ele>153.320723</ele>
        <time>2023-08-22T13:49:19.000Z</time>
      </trkpt>
      <trkpt lat="48.255555" lon="-3.896173">
        <ele>152.194333</ele>
        <time>2023-08-22T13:49:58.000Z</time>
      </trkpt>
      <trkpt lat="48.254943" lon="-3.889695">
        <ele>139.636857</ele>
        <time>2023-08-22T13:50:41.000Z</time>
      </trkpt>
      <trkpt lat="48.252989" lon="-3.887348">
        <ele>136.61109</ele>
        <time>2023-08-22T13:51:10.000Z</time>
      </trkpt>
      <trkpt lat="48.252268" lon="-3.881278">
        <ele>132.184728</ele>
        <time>2023-08-22T13:52:08.000Z</time>
      </trkpt>
      <trkpt lat="48.24964" lon="-3.876721">
        <ele>120.166435</ele>
        <time>2023-08-22T13:52:51.000Z</time>
      </trkpt>
      <trkpt lat="48.24778" lon="-3.866858">
        <ele>95.672353</ele>
        <time>2023-08-22T13:53:56.000Z</time>
      </trkpt>
      <trkpt lat="48.248792" lon="-3.864294">
        <ele>86.859813</ele>
        <time>2023-08-22T13:54:14.000Z</time>
      </trkpt>
      <trkpt lat="48.248616" lon="-3.862203">
        <ele>87.363171</ele>
        <time>2023-08-22T13:54:36.000Z</time>
      </trkpt>
      <trkpt lat="48.246791" lon="-3.860292">
        <ele>98.748122</ele>
        <time>2023-08-22T13:57:17.000Z</time>
      </trkpt>
      <trkpt lat="48.247645" lon="-3.855464">
        <ele>118.986552</ele>
        <time>2023-08-22T13:59:58.000Z</time>
      </trkpt>
      <trkpt lat="48.249387" lon="-3.855817">
        <ele>129.397482</ele>
        <time>2023-08-22T14:01:24.000Z</time>
      </trkpt>
      <trkpt lat="48.250243" lon="-3.853985">
        <ele>138.901061</ele>
        <time>2023-08-22T14:02:25.000Z</time>
      </trkpt>
      <trkpt lat="48.251196" lon="-3.840662">
        <ele>164.040137</ele>
        <time>2023-08-22T14:09:36.000Z</time>
      </trkpt>
      <trkpt lat="48.253773" lon="-3.830351">
        <ele>156.344414</ele>
        <time>2023-08-22T14:11:42.000Z</time>
      </trkpt>
      <trkpt lat="48.25546" lon="-3.826832">
        <ele>152.482699</ele>
        <time>2023-08-22T14:12:27.000Z</time>
      </trkpt>
      <trkpt lat="48.252658" lon="-3.82519">
        <ele>152.603909</ele>
        <time>2023-08-22T14:13:22.000Z</time>
      </trkpt>
      <trkpt lat="48.249997" lon="-3.820315">
        <ele>155.222148</ele>
        <time>2023-08-22T14:17:35.000Z</time>
      </trkpt>
      <trkpt lat="48.249413" lon="-3.81842">
        <ele>155.321455</ele>
        <time>2023-08-22T14:17:57.000Z</time>
      </trkpt>
      <trkpt lat="48.249178" lon="-3.813759">
        <ele>152.283547</ele>
        <time>2023-08-22T14:18:47.000Z</time>
      </trkpt>
      <trkpt lat="48.247433" lon="-3.80803">
        <ele>150.740272</ele>
        <time>2023-08-22T14:19:57.000Z</time>
      </trkpt>
      <trkpt lat="48.244435" lon="-3.803531">
        <ele>153.722984</ele>
        <time>2023-08-22T14:21:12.000Z</time>
      </trkpt>
      <trkpt lat="48.241451" lon="-3.79555">
        <ele>142.871137</ele>
        <time>2023-08-22T14:22:48.000Z</time>
      </trkpt>
      <trkpt lat="48.241745" lon="-3.787259">
        <ele>140.479946</ele>
        <time>2023-08-22T14:24:43.000Z</time>
      </trkpt>
      <trkpt lat="48.240448" lon="-3.781927">
        <ele>148.749424</ele>
        <time>2023-08-22T14:26:22.000Z</time>
      </trkpt>
      <trkpt lat="48.237345" lon="-3.76213">
        <ele>131.054475</ele>
        <time>2023-08-22T14:29:39.000Z</time>
      </trkpt>
      <trkpt lat="48.235181" lon="-3.75531">
        <ele>125.975903</ele>
        <time>2023-08-22T14:31:12.000Z</time>
      </trkpt>
      <trkpt lat="48.234217" lon="-3.750358">
        <ele>115.225637</ele>
        <time>2023-08-22T14:31:52.000Z</time>
      </trkpt>
      <trkpt lat="48.234983" lon="-3.744314">
        <ele>100.400819</ele>
        <time>2023-08-22T14:32:32.000Z</time>
      </trkpt>
      <trkpt lat="48.234703" lon="-3.742443">
        <ele>97.661884</ele>
        <time>2023-08-22T14:32:44.000Z</time>
      </trkpt>
      <trkpt lat="48.233673" lon="-3.741115">
        <ele>98.901878</ele>
        <time>2023-08-22T14:33:04.000Z</time>
      </trkpt>
      <trkpt lat="48.229806" lon="-3.739873">
        <ele>117.868009</ele>
        <time>2023-08-22T14:35:55.000Z</time>
      </trkpt>
      <trkpt lat="48.228815" lon="-3.738727">
        <ele>121.895127</ele>
        <time>2023-08-22T14:36:38.000Z</time>
      </trkpt>
      <trkpt lat="48.225496" lon="-3.724216">
        <ele>106.960516</ele>
        <time>2023-08-22T14:39:34.000Z</time>
      </trkpt>
      <trkpt lat="48.22315" lon="-3.721946">
        <ele>101.880062</ele>
        <time>2023-08-22T14:40:24.000Z</time>
      </trkpt>
      <trkpt lat="48.219999" lon="-3.716147">
        <ele>87.736558</ele>
        <time>2023-08-22T14:41:16.000Z</time>
      </trkpt>
      <trkpt lat="48.21892" lon="-3.713116">
        <ele>86.881562</ele>
        <time>2023-08-22T14:42:01.000Z</time>
      </trkpt>
      <trkpt lat="48.218835" lon="-3.710558">
        <ele>78.429633</ele>
        <time>2023-08-22T14:42:16.000Z</time>
      </trkpt>
      <trkpt lat="48.219626" lon="-3.707262">
        <ele>65.239135</ele>
        <time>2023-08-22T14:42:34.000Z</time>
      </trkpt>
      <trkpt lat="48.219314" lon="-3.7055">
        <ele>63.760634</ele>
        <time>2023-08-22T14:42:52.000Z</time>
      </trkpt>
      <trkpt lat="48.220952" lon="-3.701379">
        <ele>70.138236</ele>
        <time>2023-08-22T14:44:13.000Z</time>
      </trkpt>
      <trkpt lat="48.224849" lon="-3.698124">
        <ele>89.366277</ele>
        <time>2023-08-22T14:49:08.000Z</time>
      </trkpt>
      <trkpt lat="48.227201" lon="-3.693905">
        <ele>104.133932</ele>
        <time>2023-08-22T14:51:17.000Z</time>
      </trkpt>
      <trkpt lat="48.229945" lon="-3.691425">
        <ele>115.155119</ele>
        <time>2023-08-22T14:53:01.000Z</time>
      </trkpt>
      <trkpt lat="48.232478" lon="-3.687883">
        <ele>122.835941</ele>
        <time>2023-08-22T14:54:38.000Z</time>
      </trkpt>
      <trkpt lat="48.235909" lon="-3.681256">
        <ele>138.261721</ele>
        <time>2023-08-22T14:57:21.000Z</time>
      </trkpt>
      <trkpt lat="48.237192" lon="-3.675466">
        <ele>146.10359</ele>
        <time>2023-08-22T14:58:55.000Z</time>
      </trkpt>
      <trkpt lat="48.240872" lon="-3.669389">
        <ele>145.994811</ele>
        <time>2023-08-22T15:00:46.000Z</time>
      </trkpt>
      <trkpt lat="48.242642" lon="-3.66496">
        <ele>144.831029</ele>
        <time>2023-08-22T15:01:47.000Z</time>
      </trkpt>
      <trkpt lat="48.243858" lon="-3.659445">
        <ele>137.840897</ele>
        <time>2023-08-22T15:02:36.000Z</time>
      </trkpt>
      <trkpt lat="48.244281" lon="-3.654301">
        <ele>146.127248</ele>
        <time>2023-08-22T15:03:56.000Z</time>
      </trkpt>
      <trkpt lat="48.246458" lon="-3.65527">
        <ele>147.147649</ele>
        <time>2023-08-22T15:04:58.000Z</time>
      </trkpt>
      <trkpt lat="48.246523" lon="-3.652348">
        <ele>143.333634</ele>
        <time>2023-08-22T15:05:25.000Z</time>
      </trkpt>
      <trkpt lat="48.251815" lon="-3.641356">
        <ele>145.025059</ele>
        <time>2023-08-22T15:08:10.000Z</time>
      </trkpt>
      <trkpt lat="48.25477" lon="-3.637342">
        <ele>154.263823</ele>
        <time>2023-08-22T15:09:50.000Z</time>
      </trkpt>
      <trkpt lat="48.259289" lon="-3.625181">
        <ele>128.226182</ele>
        <time>2023-08-22T15:11:43.000Z</time>
      </trkpt>
      <trkpt lat="48.267232" lon="-3.618826">
        <ele>115.182102</ele>
        <time>2023-08-22T15:14:06.000Z</time>
      </trkpt>
      <trkpt lat="48.267395" lon="-3.613587">
        <ele>100.913015</ele>
        <time>2023-08-22T15:14:41.000Z</time>
      </trkpt>
      <trkpt lat="48.264836" lon="-3.61247">
        <ele>94.074361</ele>
        <time>2023-08-22T15:15:14.000Z</time>
      </trkpt>
      <trkpt lat="48.264131" lon="-3.609588">
        <ele>90.814978</ele>
        <time>2023-08-22T15:15:44.000Z</time>
      </trkpt>
      <trkpt lat="48.266648" lon="-3.604378">
        <ele>85.056259</ele>
        <time>2023-08-22T15:16:50.000Z</time>
      </trkpt>
      <trkpt lat="48.266368" lon="-3.60204">
        <ele>84.473936</ele>
        <time>2023-08-22T15:17:18.000Z</time>
      </trkpt>
      <trkpt lat="48.269687" lon="-3.599902">
        <ele>86.088063</ele>
        <time>2023-08-22T15:18:20.000Z</time>
      </trkpt>
      <trkpt lat="48.270639" lon="-3.598246">
        <ele>88.175334</ele>
        <time>2023-08-22T15:18:49.000Z</time>
      </trkpt>
      <trkpt lat="48.270167" lon="-3.59294">
        <ele>101.388929</ele>
        <time>2023-08-22T15:20:51.000Z</time>
      </trkpt>
      <trkpt lat="48.271161" lon="-3.588579">
        <ele>112.961102</ele>
        <time>2023-08-22T15:22:41.000Z</time>
      </trkpt>
      <trkpt lat="48.271171" lon="-3.585112">
        <ele>120.568898</ele>
        <time>2023-08-22T15:24:01.000Z</time>
      </trkpt>
      <trkpt lat="48.272073" lon="-3.582124">
        <ele>127.951665</ele>
        <time>2023-08-22T15:26:34.000Z</time>
      </trkpt>
      <trkpt lat="48.273952" lon="-3.580428">
        <ele>132.394387</ele>
        <time>2023-08-22T15:27:35.000Z</time>
      </trkpt>
      <trkpt lat="48.275228" lon="-3.575516">
        <ele>140.066306</ele>
        <time>2023-08-22T15:29:01.000Z</time>
      </trkpt>
      <trkpt lat="48.276007" lon="-3.575398">
        <ele>142.982253</ele>
        <time>2023-08-22T15:29:27.000Z</time>
      </trkpt>
      <trkpt lat="48.27719" lon="-3.566729">
        <ele>140.737318</ele>
        <time>2023-08-22T15:32:00.000Z</time>
      </trkpt>
      <trkpt lat="48.277124" lon="-3.559392">
        <ele>136.957582</ele>
        <time>2023-08-22T15:33:36.000Z</time>
      </trkpt>
      <trkpt lat="48.27846" lon="-3.553052">
        <ele>148.941512</ele>
        <time>2023-08-22T15:35:32.000Z</time>
      </trkpt>
      <trkpt lat="48.277722" lon="-3.55254">
        <ele>151.222312</ele>
        <time>2023-08-22T15:35:57.000Z</time>
      </trkpt>
      <trkpt lat="48.278242" lon="-3.552076">
        <ele>154.36321</ele>
        <time>2023-08-22T15:36:18.000Z</time>
      </trkpt>
      <trkpt lat="48.278632" lon="-3.549756">
        <ele>160.397275</ele>
        <time>2023-08-22T15:37:27.000Z</time>
      </trkpt>
      <trkpt lat="48.278644" lon="-3.550189">
        <ele>161.723633</ele>
        <time>2023-08-22T16:38:30.000Z</time>
      </trkpt>
      <trkpt lat="48.278658" lon="-3.53553">
        <ele>157.337558</ele>
        <time>2023-08-22T16:41:27.000Z</time>
      </trkpt>
      <trkpt lat="48.273496" lon="-3.535823">
        <ele>141.856667</ele>
        <time>2023-08-22T16:42:44.000Z</time>
      </trkpt>
      <trkpt lat="48.269866" lon="-3.52046">
        <ele>149.014924</ele>
        <time>2023-08-22T16:46:07.000Z</time>
      </trkpt>
      <trkpt lat="48.268656" lon="-3.511946">
        <ele>132.618126</ele>
        <time>2023-08-22T16:47:11.000Z</time>
      </trkpt>
      <trkpt lat="48.263603" lon="-3.497117">
        <ele>129.095433</ele>
        <time>2023-08-22T16:50:23.000Z</time>
      </trkpt>
      <trkpt lat="48.259825" lon="-3.483237">
        <ele>161.669091</ele>
        <time>2023-08-22T16:57:41.000Z</time>
      </trkpt>
      <trkpt lat="48.259724" lon="-3.481528">
        <ele>157.444427</ele>
        <time>2023-08-22T16:57:53.000Z</time>
      </trkpt>
      <trkpt lat="48.260668" lon="-3.477403">
        <ele>142.13839</ele>
        <time>2023-08-22T16:58:17.000Z</time>
      </trkpt>
      <trkpt lat="48.258504" lon="-3.472733">
        <ele>139.066309</ele>
        <time>2023-08-22T16:59:07.000Z</time>
      </trkpt>
      <trkpt lat="48.25722" lon="-3.44703">
        <ele>145.47429</ele>
        <time>2023-08-22T17:04:20.000Z</time>
      </trkpt>
      <trkpt lat="48.25631" lon="-3.446058">
        <ele>141.985051</ele>
        <time>2023-08-22T17:04:33.000Z</time>
      </trkpt>
      <trkpt lat="48.250392" lon="-3.446146">
        <ele>144.628586</ele>
        <time>2023-08-22T17:06:09.000Z</time>
      </trkpt>
      <trkpt lat="48.246107" lon="-3.443772">
        <ele>153.193611</ele>
        <time>2023-08-22T17:07:53.000Z</time>
      </trkpt>
      <trkpt lat="48.239624" lon="-3.441798">
        <ele>185.766249</ele>
        <time>2023-08-22T17:12:14.000Z</time>
      </trkpt>
      <trkpt lat="48.237076" lon="-3.443352">
        <ele>182.141482</ele>
        <time>2023-08-22T17:12:51.000Z</time>
      </trkpt>
      <trkpt lat="48.235429" lon="-3.443393">
        <ele>179.921775</ele>
        <time>2023-08-22T17:13:17.000Z</time>
      </trkpt>
      <trkpt lat="48.235356" lon="-3.439111">
        <ele>178.732104</ele>
        <time>2023-08-22T17:14:02.000Z</time>
      </trkpt>
      <trkpt lat="48.234382" lon="-3.434517">
        <ele>185.836556</ele>
        <time>2023-08-22T17:15:25.000Z</time>
      </trkpt>
      <trkpt lat="48.228667" lon="-3.417888">
        <ele>196.175991</ele>
        <time>2023-08-22T17:19:51.000Z</time>
      </trkpt>
      <trkpt lat="48.220643" lon="-3.404488">
        <ele>237.297226</ele>
        <time>2023-08-22T17:26:37.000Z</time>
      </trkpt>
      <trkpt lat="48.222965" lon="-3.39477">
        <ele>242.300199</ele>
        <time>2023-08-22T17:29:02.000Z</time>
      </trkpt>
      <trkpt lat="48.228548" lon="-3.39133">
        <ele>233.333863</ele>
        <time>2023-08-22T17:30:38.000Z</time>
      </trkpt>
      <trkpt lat="48.232981" lon="-3.387339">
        <ele>221.495674</ele>
        <time>2023-08-22T17:31:44.000Z</time>
      </trkpt>
      <trkpt lat="48.235916" lon="-3.381796">
        <ele>207.013648</ele>
        <time>2023-08-22T17:32:41.000Z</time>
      </trkpt>
      <trkpt lat="48.238157" lon="-3.374932">
        <ele>194.794431</ele>
        <time>2023-08-22T17:33:42.000Z</time>
      </trkpt>
      <trkpt lat="48.244736" lon="-3.363226">
        <ele>194.962243</ele>
        <time>2023-08-22T17:36:47.000Z</time>
      </trkpt>
      <trkpt lat="48.248086" lon="-3.359828">
        <ele>197.780009</ele>
        <time>2023-08-22T17:38:04.000Z</time>
      </trkpt>
      <trkpt lat="48.246033" lon="-3.35009">
        <ele>206.439459</ele>
        <time>2023-08-22T17:40:34.000Z</time>
      </trkpt>
      <trkpt lat="48.239338" lon="-3.331299">
        <ele>203.145823</ele>
        <time>2023-08-22T17:44:56.000Z</time>
      </trkpt>
      <trkpt lat="48.238469" lon="-3.326031">
        <ele>201.765381</ele>
        <time>2023-08-22T17:45:52.000Z</time>
      </trkpt>
      <trkpt lat="48.235462" lon="-3.321279">
        <ele>213.702972</ele>
        <time>2023-08-22T17:47:52.000Z</time>
      </trkpt>
      <trkpt lat="48.239008" lon="-3.316374">
        <ele>229.252146</ele>
        <time>2023-08-22T17:50:28.000Z</time>
      </trkpt>
      <trkpt lat="48.240745" lon="-3.315056">
        <ele>223.731595</ele>
        <time>2023-08-22T17:50:53.000Z</time>
      </trkpt>
      <trkpt lat="48.241524" lon="-3.313009">
        <ele>220.385806</ele>
        <time>2023-08-22T17:51:14.000Z</time>
      </trkpt>
      <trkpt lat="48.24221" lon="-3.308845">
        <ele>222.680733</ele>
        <time>2023-08-22T17:52:21.000Z</time>
      </trkpt>
      <trkpt lat="48.242791" lon="-3.29479">
        <ele>217.081287</ele>
        <time>2023-08-22T17:55:02.000Z</time>
      </trkpt>
      <trkpt lat="48.244955" lon="-3.278982">
        <ele>196.822063</ele>
        <time>2023-08-22T17:57:24.000Z</time>
      </trkpt>
      <trkpt lat="48.244616" lon="-3.274823">
        <ele>189.750826</ele>
        <time>2023-08-22T17:57:51.000Z</time>
      </trkpt>
      <trkpt lat="48.241382" lon="-3.267653">
        <ele>206.714427</ele>
        <time>2023-08-22T18:00:34.000Z</time>
      </trkpt>
      <trkpt lat="48.24041" lon="-3.254991">
        <ele>218.468265</ele>
        <time>2023-08-22T18:04:31.000Z</time>
      </trkpt>
      <trkpt lat="48.239404" lon="-3.251164">
        <ele>222.613044</ele>
        <time>2023-08-22T18:05:43.000Z</time>
      </trkpt>
      <trkpt lat="48.239066" lon="-3.246568">
        <ele>222.069918</ele>
        <time>2023-08-22T18:06:49.000Z</time>
      </trkpt>
      <trkpt lat="48.24006" lon="-3.227856">
        <ele>209.149697</ele>
        <time>2023-08-22T18:10:21.000Z</time>
      </trkpt>
      <trkpt lat="48.23808" lon="-3.220539">
        <ele>216.819744</ele>
        <time>2023-08-22T18:12:31.000Z</time>
      </trkpt>
      <trkpt lat="48.233426" lon="-3.211367">
        <ele>209.003783</ele>
        <time>2023-08-22T18:14:51.000Z</time>
      </trkpt>
      <trkpt lat="48.231859" lon="-3.205033">
        <ele>198.629986</ele>
        <time>2023-08-22T18:15:42.000Z</time>
      </trkpt>
      <trkpt lat="48.229904" lon="-3.204686">
        <ele>197.713025</ele>
        <time>2023-08-22T18:16:18.000Z</time>
      </trkpt>
      <trkpt lat="48.229485" lon="-3.202548">
        <ele>195.197731</ele>
        <time>2023-08-22T18:16:41.000Z</time>
      </trkpt>
      <trkpt lat="48.229758" lon="-3.201364">
        <ele>193.862594</ele>
        <time>2023-08-22T18:45:27.000Z</time>
      </trkpt>
      <trkpt lat="48.230498" lon="-3.201199">
        <ele>192.611806</ele>
        <time>2023-08-22T18:49:15.000Z</time>
      </trkpt>
      <trkpt lat="48.230367" lon="-3.199452">
        <ele>188.968484</ele>
        <time>2023-08-22T18:49:37.000Z</time>
      </trkpt>
      <trkpt lat="48.229383" lon="-3.194199">
        <ele>175.663722</ele>
        <time>2023-08-22T18:50:27.000Z</time>
      </trkpt>
      <trkpt lat="48.22845" lon="-3.193648">
        <ele>171.149956</ele>
        <time>2023-08-22T18:50:43.000Z</time>
      </trkpt>
      <trkpt lat="48.228931" lon="-3.189612">
        <ele>158.521246</ele>
        <time>2023-08-22T18:51:22.000Z</time>
      </trkpt>
      <trkpt lat="48.227115" lon="-3.18371">
        <ele>144.182532</ele>
        <time>2023-08-22T18:52:14.000Z</time>
      </trkpt>
      <trkpt lat="48.22702" lon="-3.180061">
        <ele>137.490463</ele>
        <time>2023-08-22T18:52:43.000Z</time>
      </trkpt>
      <trkpt lat="48.22439" lon="-3.178357">
        <ele>137.162922</ele>
        <time>2023-08-22T18:53:34.000Z</time>
      </trkpt>
      <trkpt lat="48.223689" lon="-3.176703">
        <ele>141.127036</ele>
        <time>2023-08-22T18:54:07.000Z</time>
      </trkpt>
      <trkpt lat="48.221234" lon="-3.176602">
        <ele>158.88498</ele>
        <time>2023-08-22T18:56:09.000Z</time>
      </trkpt>
      <trkpt lat="48.220408" lon="-3.180077">
        <ele>176.998778</ele>
        <time>2023-08-22T18:58:15.000Z</time>
      </trkpt>
      <trkpt lat="48.216523" lon="-3.182749">
        <ele>205.311738</ele>
        <time>2023-08-22T19:02:01.000Z</time>
      </trkpt>
      <trkpt lat="48.211428" lon="-3.184423">
        <ele>231.362169</ele>
        <time>2023-08-22T19:06:12.000Z</time>
      </trkpt>
      <trkpt lat="48.202788" lon="-3.185003">
        <ele>213.023461</ele>
        <time>2023-08-22T19:08:30.000Z</time>
      </trkpt>
      <trkpt lat="48.197405" lon="-3.186653">
        <ele>221.380646</ele>
        <time>2023-08-22T19:10:33.000Z</time>
      </trkpt>
      <trkpt lat="48.193818" lon="-3.186387">
        <ele>226.967391</ele>
        <time>2023-08-22T19:12:01.000Z</time>
      </trkpt>
      <trkpt lat="48.186742" lon="-3.182108">
        <ele>257.647302</ele>
        <time>2023-08-22T19:17:13.000Z</time>
      </trkpt>
      <trkpt lat="48.184141" lon="-3.179424">
        <ele>252.364161</ele>
        <time>2023-08-22T19:18:27.000Z</time>
      </trkpt>
      <trkpt lat="48.176285" lon="-3.166645">
        <ele>255.928565</ele>
        <time>2023-08-22T19:23:05.000Z</time>
      </trkpt>
      <trkpt lat="48.169425" lon="-3.158738">
        <ele>249.081042</ele>
        <time>2023-08-22T19:25:49.000Z</time>
      </trkpt>
      <trkpt lat="48.150185" lon="-3.152839">
        <ele>269.826452</ele>
        <time>2023-08-22T19:34:38.000Z</time>
      </trkpt>
      <trkpt lat="48.14514" lon="-3.152477">
        <ele>254.567166</ele>
        <time>2023-08-22T19:35:27.000Z</time>
      </trkpt>
      <trkpt lat="48.143562" lon="-3.148357">
        <ele>241.460323</ele>
        <time>2023-08-22T19:36:01.000Z</time>
      </trkpt>
      <trkpt lat="48.144773" lon="-3.145325">
        <ele>228.81852</ele>
        <time>2023-08-22T19:36:27.000Z</time>
      </trkpt>
      <trkpt lat="48.144726" lon="-3.136353">
        <ele>201.991819</ele>
        <time>2023-08-22T19:37:23.000Z</time>
      </trkpt>
      <trkpt lat="48.141824" lon="-3.132718">
        <ele>185.730411</ele>
        <time>2023-08-22T19:38:05.000Z</time>
      </trkpt>
      <trkpt lat="48.1431" lon="-3.118921">
        <ele>152.056588</ele>
        <time>2023-08-22T19:39:40.000Z</time>
      </trkpt>
      <trkpt lat="48.141118" lon="-3.10005">
        <ele>116.968816</ele>
        <time>2023-08-22T19:42:04.000Z</time>
      </trkpt>
      <trkpt lat="48.139228" lon="-3.093137">
        <ele>112.902977</ele>
        <time>2023-08-22T19:43:43.000Z</time>
      </trkpt>
      <trkpt lat="48.138065" lon="-3.091109">
        <ele>113.232327</ele>
        <time>2023-08-22T19:47:50.000Z</time>
      </trkpt>
      <trkpt lat="48.137241" lon="-3.085303">
        <ele>126.032195</ele>
        <time>2023-08-22T19:50:15.000Z</time>
      </trkpt>
      <trkpt lat="48.13554" lon="-3.083782">
        <ele>136.891719</ele>
        <time>2023-08-22T19:51:50.000Z</time>
      </trkpt>
      <trkpt lat="48.131328" lon="-3.08337">
        <ele>156.008462</ele>
        <time>2023-08-22T19:55:05.000Z</time>
      </trkpt>
      <trkpt lat="48.130081" lon="-3.082588">
        <ele>160.84091</ele>
        <time>2023-08-22T19:56:06.000Z</time>
      </trkpt>
      <trkpt lat="48.12839" lon="-3.077977">
        <ele>158.223664</ele>
        <time>2023-08-22T19:57:20.000Z</time>
      </trkpt>
      <trkpt lat="48.127839" lon="-3.073792">
        <ele>154.178056</ele>
        <time>2023-08-22T19:58:05.000Z</time>
      </trkpt>
      <trkpt lat="48.119127" lon="-3.062323">
        <ele>120.67742</ele>
        <time>2023-08-22T20:00:59.000Z</time>
      </trkpt>
      <trkpt lat="48.117762" lon="-3.053114">
        <ele>96.811098</ele>
        <time>2023-08-22T20:02:03.000Z</time>
      </trkpt>
      <trkpt lat="48.115287" lon="-3.049767">
        <ele>98.826373</ele>
        <time>2023-08-22T20:03:04.000Z</time>
      </trkpt>
      <trkpt lat="48.113081" lon="-3.045354">
        <ele>113.738267</ele>
        <time>2023-08-22T20:05:33.000Z</time>
      </trkpt>
      <trkpt lat="48.110189" lon="-3.036664">
        <ele>102.881444</ele>
        <time>2023-08-22T20:07:20.000Z</time>
      </trkpt>
      <trkpt lat="48.103579" lon="-3.029713">
        <ele>123.812133</ele>
        <time>2023-08-22T20:13:40.000Z</time>
      </trkpt>
      <trkpt lat="48.10052" lon="-3.027939">
        <ele>125.307617</ele>
        <time>2023-08-22T20:15:00.000Z</time>
      </trkpt>
      <trkpt lat="48.098033" lon="-3.022584">
        <ele>109.108609</ele>
        <time>2023-08-22T20:15:52.000Z</time>
      </trkpt>
      <trkpt lat="48.094374" lon="-3.021181">
        <ele>88.247344</ele>
        <time>2023-08-22T20:16:26.000Z</time>
      </trkpt>
      <trkpt lat="48.090428" lon="-3.011157">
        <ele>77.086202</ele>
        <time>2023-08-22T20:18:13.000Z</time>
      </trkpt>
      <trkpt lat="48.089466" lon="-3.007284">
        <ele>75.645907</ele>
        <time>2023-08-22T20:19:01.000Z</time>
      </trkpt>
      <trkpt lat="48.088783" lon="-3.001055">
        <ele>69.605374</ele>
        <time>2023-08-22T20:20:03.000Z</time>
      </trkpt>
      <trkpt lat="48.087152" lon="-2.997638">
        <ele>68.233455</ele>
        <time>2023-08-22T20:20:45.000Z</time>
      </trkpt>
      <trkpt lat="48.086599" lon="-2.994608">
        <ele>63.622238</ele>
        <time>2023-08-22T20:21:15.000Z</time>
      </trkpt>
      <trkpt lat="48.082005" lon="-2.991937">
        <ele>65.377257</ele>
        <time>2023-08-22T20:22:55.000Z</time>
      </trkpt>
      <trkpt lat="48.077957" lon="-2.98764">
        <ele>60.974748</ele>
        <time>2023-08-22T20:24:20.000Z</time>
      </trkpt>
      <trkpt lat="48.06931" lon="-2.975072">
        <ele>63.860031</ele>
        <time>2023-08-22T20:27:50.000Z</time>
      </trkpt>
      <trkpt lat="48.068912" lon="-2.974163">
        <ele>62.733383</ele>
        <time>2023-08-22T20:28:09.000Z</time>
      </trkpt>
      <trkpt lat="48.06879" lon="-2.967663">
        <ele>56.098518</ele>
        <time>2023-08-22T20:29:35.000Z</time>
      </trkpt>
      <trkpt lat="48.07119" lon="-2.965317">
        <ele>55.960486</ele>
        <time>2023-08-22T20:30:47.000Z</time>
      </trkpt>
      <trkpt lat="48.070861" lon="-2.964375">
        <ele>56.381479</ele>
        <time>2023-08-22T20:49:43.000Z</time>
      </trkpt>
      <trkpt lat="48.073887" lon="-2.962103">
        <ele>58.42911</ele>
        <time>2023-08-22T20:51:02.000Z</time>
      </trkpt>
      <trkpt lat="48.075203" lon="-2.95792">
        <ele>59.95014</ele>
        <time>2023-08-22T20:52:02.000Z</time>
      </trkpt>
      <trkpt lat="48.078099" lon="-2.955023">
        <ele>70.255221</ele>
        <time>2023-08-22T20:53:45.000Z</time>
      </trkpt>
      <trkpt lat="48.078765" lon="-2.952239">
        <ele>75.994267</ele>
        <time>2023-08-22T20:54:52.000Z</time>
      </trkpt>
      <trkpt lat="48.083457" lon="-2.943358">
        <ele>80.112805</ele>
        <time>2023-08-22T20:57:18.000Z</time>
      </trkpt>
      <trkpt lat="48.083897" lon="-2.941263">
        <ele>80.538174</ele>
        <time>2023-08-22T20:57:49.000Z</time>
      </trkpt>
      <trkpt lat="48.096598" lon="-2.918573">
        <ele>110.554021</ele>
        <time>2023-08-22T21:06:05.000Z</time>
      </trkpt>
      <trkpt lat="48.098018" lon="-2.911212">
        <ele>98.774681</ele>
        <time>2023-08-22T21:07:20.000Z</time>
      </trkpt>
      <trkpt lat="48.098685" lon="-2.911086">
        <ele>97.347188</ele>
        <time>2023-08-22T21:07:33.000Z</time>
      </trkpt>
      <trkpt lat="48.100269" lon="-2.908159">
        <ele>93.797266</ele>
        <time>2023-08-22T21:08:06.000Z</time>
      </trkpt>
      <trkpt lat="48.103372" lon="-2.907542">
        <ele>104.870802</ele>
        <time>2023-08-22T21:09:51.000Z</time>
      </trkpt>
      <trkpt lat="48.105646" lon="-2.905673">
        <ele>115.02817</ele>
        <time>2023-08-22T21:11:34.000Z</time>
      </trkpt>
      <trkpt lat="48.107729" lon="-2.897541">
        <ele>134.094476</ele>
        <time>2023-08-22T21:15:09.000Z</time>
      </trkpt>
      <trkpt lat="48.110848" lon="-2.892038">
        <ele>134.309989</ele>
        <time>2023-08-22T21:16:49.000Z</time>
      </trkpt>
      <trkpt lat="48.112685" lon="-2.890263">
        <ele>130.703781</ele>
        <time>2023-08-22T21:17:22.000Z</time>
      </trkpt>
      <trkpt lat="48.114728" lon="-2.8896">
        <ele>129.779312</ele>
        <time>2023-08-22T21:17:54.000Z</time>
      </trkpt>
      <trkpt lat="48.115408" lon="-2.887246">
        <ele>131.301766</ele>
        <time>2023-08-22T21:18:31.000Z</time>
      </trkpt>
      <trkpt lat="48.118397" lon="-2.886265">
        <ele>136.983457</ele>
        <time>2023-08-22T21:19:53.000Z</time>
      </trkpt>
      <trkpt lat="48.122044" lon="-2.886532">
        <ele>129.660802</ele>
        <time>2023-08-22T21:20:46.000Z</time>
      </trkpt>
      <trkpt lat="48.123238" lon="-2.883692">
        <ele>133.082097</ele>
        <time>2023-08-22T21:21:40.000Z</time>
      </trkpt>
      <trkpt lat="48.124017" lon="-2.879759">
        <ele>140.421995</ele>
        <time>2023-08-22T21:23:09.000Z</time>
      </trkpt>
      <trkpt lat="48.127845" lon="-2.874589">
        <ele>139.977345</ele>
        <time>2023-08-22T21:24:58.000Z</time>
      </trkpt>
      <trkpt lat="48.133693" lon="-2.873024">
        <ele>159.239468</ele>
        <time>2023-08-22T21:28:56.000Z</time>
      </trkpt>
      <trkpt lat="48.136128" lon="-2.870601">
        <ele>159.696275</ele>
        <time>2023-08-22T21:30:03.000Z</time>
      </trkpt>
      <trkpt lat="48.13969" lon="-2.87021">
        <ele>160.921626</ele>
        <time>2023-08-22T21:31:23.000Z</time>
      </trkpt>
      <trkpt lat="48.141624" lon="-2.861285">
        <ele>139.697011</ele>
        <time>2023-08-22T21:32:59.000Z</time>
      </trkpt>
      <trkpt lat="48.143433" lon="-2.85675">
        <ele>120.292891</ele>
        <time>2023-08-22T21:33:40.000Z</time>
      </trkpt>
      <trkpt lat="48.144064" lon="-2.853286">
        <ele>122.917177</ele>
        <time>2023-08-22T21:34:37.000Z</time>
      </trkpt>
      <trkpt lat="48.146533" lon="-2.849197">
        <ele>134.356024</ele>
        <time>2023-08-22T21:36:56.000Z</time>
      </trkpt>
      <trkpt lat="48.148025" lon="-2.848491">
        <ele>130.55279</ele>
        <time>2023-08-22T21:37:21.000Z</time>
      </trkpt>
      <trkpt lat="48.152472" lon="-2.843928">
        <ele>121.668153</ele>
        <time>2023-08-22T21:38:47.000Z</time>
      </trkpt>
      <trkpt lat="48.158375" lon="-2.832489">
        <ele>116.48532</ele>
        <time>2023-08-22T21:42:14.000Z</time>
      </trkpt>
      <trkpt lat="48.158965" lon="-2.830659">
        <ele>110.572071</ele>
        <time>2023-08-22T21:42:31.000Z</time>
      </trkpt>
      <trkpt lat="48.157848" lon="-2.829588">
        <ele>103.868074</ele>
        <time>2023-08-22T21:42:51.000Z</time>
      </trkpt>
      <trkpt lat="48.157375" lon="-2.823412">
        <ele>96.541953</ele>
        <time>2023-08-22T21:43:52.000Z</time>
      </trkpt>
      <trkpt lat="48.160159" lon="-2.805633">
        <ele>111.793275</ele>
        <time>2023-08-22T21:48:57.000Z</time>
      </trkpt>
      <trkpt lat="48.161732" lon="-2.802865">
        <ele>121.195545</ele>
        <time>2023-08-22T21:50:31.000Z</time>
      </trkpt>
      <trkpt lat="48.164083" lon="-2.800563">
        <ele>124.58685</ele>
        <time>2023-08-22T21:51:43.000Z</time>
      </trkpt>
      <trkpt lat="48.169094" lon="-2.789821">
        <ele>134.090385</ele>
        <time>2023-08-22T21:55:15.000Z</time>
      </trkpt>
      <trkpt lat="48.17144" lon="-2.77816">
        <ele>159.383756</ele>
        <time>2023-08-22T21:59:27.000Z</time>
      </trkpt>
      <trkpt lat="48.17302" lon="-2.773364">
        <ele>157.744111</ele>
        <time>2023-08-22T22:00:41.000Z</time>
      </trkpt>
      <trkpt lat="48.176181" lon="-2.759148">
        <ele>163.730971</ele>
        <time>2023-08-22T22:04:37.000Z</time>
      </trkpt>
      <trkpt lat="48.175952" lon="-2.757115">
        <ele>161.102529</ele>
        <time>2023-08-22T22:05:07.000Z</time>
      </trkpt>
      <trkpt lat="48.173363" lon="-2.755577">
        <ele>153.274453</ele>
        <time>2023-08-22T22:05:46.000Z</time>
      </trkpt>
      <trkpt lat="48.172957" lon="-2.754555">
        <ele>150.92018</ele>
        <time>2023-08-22T22:05:59.000Z</time>
      </trkpt>
      <trkpt lat="48.172942" lon="-2.752833">
        <ele>149.354905</ele>
        <time>2023-08-22T22:06:25.000Z</time>
      </trkpt>
      <trkpt lat="48.17287" lon="-2.753943">
        <ele>155.460645</ele>
        <time>2023-08-22T23:56:49.000Z</time>
      </trkpt>
      <trkpt lat="48.17267" lon="-2.747887">
        <ele>150.533801</ele>
        <time>2023-08-22T23:58:19.000Z</time>
      </trkpt>
      <trkpt lat="48.171553" lon="-2.744323">
        <ele>144.726677</ele>
        <time>2023-08-22T23:59:04.000Z</time>
      </trkpt>
      <trkpt lat="48.168641" lon="-2.739421">
        <ele>140.385233</ele>
        <time>2023-08-23T00:00:31.000Z</time>
      </trkpt>
      <trkpt lat="48.168909" lon="-2.73621">
        <ele>134.008529</ele>
        <time>2023-08-23T00:00:59.000Z</time>
      </trkpt>
      <trkpt lat="48.168278" lon="-2.734594">
        <ele>131.732751</ele>
        <time>2023-08-23T00:01:17.000Z</time>
      </trkpt>
      <trkpt lat="48.167876" lon="-2.734192">
        <ele>131.965274</ele>
        <time>2023-08-23T00:01:26.000Z</time>
      </trkpt>
      <trkpt lat="48.166643" lon="-2.735029">
        <ele>132.823808</ele>
        <time>2023-08-23T00:01:54.000Z</time>
      </trkpt>
      <trkpt lat="48.162483" lon="-2.729916">
        <ele>138.805913</ele>
        <time>2023-08-23T00:03:52.000Z</time>
      </trkpt>
      <trkpt lat="48.156583" lon="-2.72027">
        <ele>119.446606</ele>
        <time>2023-08-23T00:05:46.000Z</time>
      </trkpt>
      <trkpt lat="48.150211" lon="-2.70243">
        <ele>152.360417</ele>
        <time>2023-08-23T00:14:16.000Z</time>
      </trkpt>
      <trkpt lat="48.148615" lon="-2.693526">
        <ele>130.446716</ele>
        <time>2023-08-23T00:15:26.000Z</time>
      </trkpt>
      <trkpt lat="48.148296" lon="-2.687953">
        <ele>120.472291</ele>
        <time>2023-08-23T00:16:11.000Z</time>
      </trkpt>
      <trkpt lat="48.142975" lon="-2.677908">
        <ele>111.886519</ele>
        <time>2023-08-23T00:18:26.000Z</time>
      </trkpt>
      <trkpt lat="48.142238" lon="-2.669101">
        <ele>98.018255</ele>
        <time>2023-08-23T00:19:41.000Z</time>
      </trkpt>
      <trkpt lat="48.139464" lon="-2.663166">
        <ele>92.497712</ele>
        <time>2023-08-23T00:20:54.000Z</time>
      </trkpt>
      <trkpt lat="48.138223" lon="-2.659026">
        <ele>93.192514</ele>
        <time>2023-08-23T00:21:51.000Z</time>
      </trkpt>
      <trkpt lat="48.136594" lon="-2.657649">
        <ele>94.56703</ele>
        <time>2023-08-23T00:22:30.000Z</time>
      </trkpt>
      <trkpt lat="48.131838" lon="-2.659296">
        <ele>86.92405</ele>
        <time>2023-08-23T00:23:41.000Z</time>
      </trkpt>
      <trkpt lat="48.131605" lon="-2.654861">
        <ele>88.907805</ele>
        <time>2023-08-23T00:24:44.000Z</time>
      </trkpt>
      <trkpt lat="48.129585" lon="-2.655636">
        <ele>97.010269</ele>
        <time>2023-08-23T00:25:53.000Z</time>
      </trkpt>
      <trkpt lat="48.127512" lon="-2.652961">
        <ele>108.882381</ele>
        <time>2023-08-23T00:28:00.000Z</time>
      </trkpt>
      <trkpt lat="48.126538" lon="-2.642744">
        <ele>117.814458</ele>
        <time>2023-08-23T00:30:36.000Z</time>
      </trkpt>
      <trkpt lat="48.129306" lon="-2.634283">
        <ele>148.414462</ele>
        <time>2023-08-23T00:35:25.000Z</time>
      </trkpt>
      <trkpt lat="48.129069" lon="-2.631368">
        <ele>152.047284</ele>
        <time>2023-08-23T00:36:28.000Z</time>
      </trkpt>
      <trkpt lat="48.123017" lon="-2.61684">
        <ele>170.746088</ele>
        <time>2023-08-23T00:41:29.000Z</time>
      </trkpt>
      <trkpt lat="48.106057" lon="-2.587572">
        <ele>148.040615</ele>
        <time>2023-08-23T00:48:29.000Z</time>
      </trkpt>
      <trkpt lat="48.102898" lon="-2.583461">
        <ele>143.469226</ele>
        <time>2023-08-23T00:49:36.000Z</time>
      </trkpt>
      <trkpt lat="48.101269" lon="-2.582576">
        <ele>141.344592</ele>
        <time>2023-08-23T00:50:05.000Z</time>
      </trkpt>
      <trkpt lat="48.101258" lon="-2.580432">
        <ele>140.773212</ele>
        <time>2023-08-23T00:50:32.000Z</time>
      </trkpt>
      <trkpt lat="48.099205" lon="-2.574458">
        <ele>139.993076</ele>
        <time>2023-08-23T00:51:57.000Z</time>
      </trkpt>
      <trkpt lat="48.097461" lon="-2.553826">
        <ele>97.048331</ele>
        <time>2023-08-23T00:54:55.000Z</time>
      </trkpt>
      <trkpt lat="48.094805" lon="-2.553152">
        <ele>90.482264</ele>
        <time>2023-08-23T00:55:39.000Z</time>
      </trkpt>
      <trkpt lat="48.092936" lon="-2.551372">
        <ele>89.01897</ele>
        <time>2023-08-23T00:56:15.000Z</time>
      </trkpt>
      <trkpt lat="48.091885" lon="-2.54868">
        <ele>89.51029</ele>
        <time>2023-08-23T00:56:50.000Z</time>
      </trkpt>
      <trkpt lat="48.091371" lon="-2.544954">
        <ele>98.685382</ele>
        <time>2023-08-23T00:58:18.000Z</time>
      </trkpt>
      <trkpt lat="48.098047" lon="-2.532136">
        <ele>131.350376</ele>
        <time>2023-08-23T01:05:15.000Z</time>
      </trkpt>
      <trkpt lat="48.111" lon="-2.50262">
        <ele>150.516313</ele>
        <time>2023-08-23T01:14:42.000Z</time>
      </trkpt>
      <trkpt lat="48.113362" lon="-2.500664">
        <ele>147.26543</ele>
        <time>2023-08-23T01:15:28.000Z</time>
      </trkpt>
      <trkpt lat="48.118692" lon="-2.498958">
        <ele>154.805058</ele>
        <time>2023-08-23T01:17:49.000Z</time>
      </trkpt>
      <trkpt lat="48.126227" lon="-2.490316">
        <ele>156.627128</ele>
        <time>2023-08-23T01:21:25.000Z</time>
      </trkpt>
      <trkpt lat="48.129262" lon="-2.483889">
        <ele>167.941256</ele>
        <time>2023-08-23T01:24:27.000Z</time>
      </trkpt>
      <trkpt lat="48.130397" lon="-2.477244">
        <ele>155.998961</ele>
        <time>2023-08-23T01:25:34.000Z</time>
      </trkpt>
      <trkpt lat="48.132586" lon="-2.473987">
        <ele>153.960047</ele>
        <time>2023-08-23T01:26:38.000Z</time>
      </trkpt>
      <trkpt lat="48.133726" lon="-2.470584">
        <ele>164.858308</ele>
        <time>2023-08-23T01:28:27.000Z</time>
      </trkpt>
      <trkpt lat="48.135443" lon="-2.467976">
        <ele>174.070672</ele>
        <time>2023-08-23T01:30:40.000Z</time>
      </trkpt>
      <trkpt lat="48.138351" lon="-2.461318">
        <ele>178.565667</ele>
        <time>2023-08-23T01:33:04.000Z</time>
      </trkpt>
      <trkpt lat="48.139886" lon="-2.46105">
        <ele>181.052572</ele>
        <time>2023-08-23T01:34:05.000Z</time>
      </trkpt>
      <trkpt lat="48.138157" lon="-2.450364">
        <ele>176.068988</ele>
        <time>2023-08-23T01:36:20.000Z</time>
      </trkpt>
      <trkpt lat="48.138204" lon="-2.445174">
        <ele>166.682312</ele>
        <time>2023-08-23T01:37:08.000Z</time>
      </trkpt>
      <trkpt lat="48.141409" lon="-2.437286">
        <ele>153.0658</ele>
        <time>2023-08-23T01:38:38.000Z</time>
      </trkpt>
      <trkpt lat="48.14546" lon="-2.421489">
        <ele>132.564933</ele>
        <time>2023-08-23T01:41:31.000Z</time>
      </trkpt>
      <trkpt lat="48.143784" lon="-2.410805">
        <ele>120.137427</ele>
        <time>2023-08-23T01:43:12.000Z</time>
      </trkpt>
      <trkpt lat="48.143588" lon="-2.402247">
        <ele>105.866005</ele>
        <time>2023-08-23T01:44:25.000Z</time>
      </trkpt>
      <trkpt lat="48.142293" lon="-2.392099">
        <ele>101.516692</ele>
        <time>2023-08-23T01:46:12.000Z</time>
      </trkpt>
      <trkpt lat="48.14182" lon="-2.391319">
        <ele>101.345899</ele>
        <time>2023-08-23T01:46:27.000Z</time>
      </trkpt>
      <trkpt lat="48.140871" lon="-2.380433">
        <ele>99.440428</ele>
        <time>2023-08-23T01:48:55.000Z</time>
      </trkpt>
      <trkpt lat="48.142354" lon="-2.354026">
        <ele>120.085103</ele>
        <time>2023-08-23T01:57:14.000Z</time>
      </trkpt>
      <trkpt lat="48.145156" lon="-2.349145">
        <ele>128.961578</ele>
        <time>2023-08-23T01:59:49.000Z</time>
      </trkpt>
      <trkpt lat="48.145818" lon="-2.346819">
        <ele>129.528786</ele>
        <time>2023-08-23T02:25:26.000Z</time>
      </trkpt>
      <trkpt lat="48.146004" lon="-2.338739">
        <ele>121.168225</ele>
        <time>2023-08-23T02:27:15.000Z</time>
      </trkpt>
      <trkpt lat="48.147157" lon="-2.332686">
        <ele>115.004501</ele>
        <time>2023-08-23T02:28:23.000Z</time>
      </trkpt>
      <trkpt lat="48.15192" lon="-2.319469">
        <ele>106.878215</ele>
        <time>2023-08-23T02:32:44.000Z</time>
      </trkpt>
      <trkpt lat="48.154727" lon="-2.313198">
        <ele>100.116735</ele>
        <time>2023-08-23T02:34:10.000Z</time>
      </trkpt>
      <trkpt lat="48.157543" lon="-2.296807">
        <ele>97.599347</ele>
        <time>2023-08-23T02:37:44.000Z</time>
      </trkpt>
      <trkpt lat="48.161364" lon="-2.281407">
        <ele>116.852449</ele>
        <time>2023-08-23T02:42:34.000Z</time>
      </trkpt>
      <trkpt lat="48.161167" lon="-2.277461">
        <ele>113.989575</ele>
        <time>2023-08-23T02:43:24.000Z</time>
      </trkpt>
      <trkpt lat="48.161885" lon="-2.274816">
        <ele>111.519831</ele>
        <time>2023-08-23T02:43:54.000Z</time>
      </trkpt>
      <trkpt lat="48.164" lon="-2.271159">
        <ele>114.230558</ele>
        <time>2023-08-23T02:45:03.000Z</time>
      </trkpt>
      <trkpt lat="48.166829" lon="-2.261631">
        <ele>102.550907</ele>
        <time>2023-08-23T02:46:52.000Z</time>
      </trkpt>
      <trkpt lat="48.169394" lon="-2.257364">
        <ele>116.190226</ele>
        <time>2023-08-23T02:49:21.000Z</time>
      </trkpt>
      <trkpt lat="48.172993" lon="-2.248067">
        <ele>100.191395</ele>
        <time>2023-08-23T02:51:14.000Z</time>
      </trkpt>
      <trkpt lat="48.180138" lon="-2.236262">
        <ele>119.86103</ele>
        <time>2023-08-23T02:56:15.000Z</time>
      </trkpt>
      <trkpt lat="48.182038" lon="-2.234295">
        <ele>122.988217</ele>
        <time>2023-08-23T02:57:16.000Z</time>
      </trkpt>
      <trkpt lat="48.183772" lon="-2.230668">
        <ele>119.917747</ele>
        <time>2023-08-23T02:58:20.000Z</time>
      </trkpt>
      <trkpt lat="48.184015" lon="-2.227392">
        <ele>119.965828</ele>
        <time>2023-08-23T02:59:00.000Z</time>
      </trkpt>
      <trkpt lat="48.186443" lon="-2.215506">
        <ele>128.504887</ele>
        <time>2023-08-23T03:02:38.000Z</time>
      </trkpt>
      <trkpt lat="48.189305" lon="-2.20971">
        <ele>128.108128</ele>
        <time>2023-08-23T03:04:11.000Z</time>
      </trkpt>
      <trkpt lat="48.188797" lon="-2.199679">
        <ele>116.8931</ele>
        <time>2023-08-23T03:05:55.000Z</time>
      </trkpt>
      <trkpt lat="48.189853" lon="-2.193502">
        <ele>123.581769</ele>
        <time>2023-08-23T03:07:43.000Z</time>
      </trkpt>
      <trkpt lat="48.188558" lon="-2.190959">
        <ele>126.040763</ele>
        <time>2023-08-23T03:08:43.000Z</time>
      </trkpt>
      <trkpt lat="48.187115" lon="-2.190789">
        <ele>124.149442</ele>
        <time>2023-08-23T03:09:10.000Z</time>
      </trkpt>
      <trkpt lat="48.18481" lon="-2.185908">
        <ele>123.638731</ele>
        <time>2023-08-23T03:10:24.000Z</time>
      </trkpt>
      <trkpt lat="48.185955" lon="-2.176554">
        <ele>129.981227</ele>
        <time>2023-08-23T03:12:47.000Z</time>
      </trkpt>
      <trkpt lat="48.188496" lon="-2.172997">
        <ele>128.511001</ele>
        <time>2023-08-23T03:13:53.000Z</time>
      </trkpt>
      <trkpt lat="48.189662" lon="-2.170163">
        <ele>126.997078</ele>
        <time>2023-08-23T03:14:34.000Z</time>
      </trkpt>
      <trkpt lat="48.190804" lon="-2.170832">
        <ele>125.71314</ele>
        <time>2023-08-23T03:14:53.000Z</time>
      </trkpt>
      <trkpt lat="48.195163" lon="-2.170323">
        <ele>118.908066</ele>
        <time>2023-08-23T03:15:59.000Z</time>
      </trkpt>
      <trkpt lat="48.203443" lon="-2.17575">
        <ele>114.517121</ele>
        <time>2023-08-23T03:18:14.000Z</time>
      </trkpt>
      <trkpt lat="48.208133" lon="-2.175201">
        <ele>108.23244</ele>
        <time>2023-08-23T03:19:17.000Z</time>
      </trkpt>
      <trkpt lat="48.223902" lon="-2.177615">
        <ele>128.561243</ele>
        <time>2023-08-23T03:25:37.000Z</time>
      </trkpt>
      <trkpt lat="48.231315" lon="-2.174868">
        <ele>118.138923</ele>
        <time>2023-08-23T03:27:25.000Z</time>
      </trkpt>
      <trkpt lat="48.235704" lon="-2.160187">
        <ele>111.143996</ele>
        <time>2023-08-23T03:30:24.000Z</time>
      </trkpt>
      <trkpt lat="48.244502" lon="-2.148954">
        <ele>101.171819</ele>
        <time>2023-08-23T03:33:16.000Z</time>
      </trkpt>
      <trkpt lat="48.247657" lon="-2.146204">
        <ele>88.840685</ele>
        <time>2023-08-23T03:33:58.000Z</time>
      </trkpt>
      <trkpt lat="48.248092" lon="-2.146825">
        <ele>88.322834</ele>
        <time>2023-08-23T03:34:28.000Z</time>
      </trkpt>
      <trkpt lat="48.247863" lon="-2.146076">
        <ele>89.918684</ele>
        <time>2023-08-23T04:38:10.000Z</time>
      </trkpt>
      <trkpt lat="48.250036" lon="-2.142738">
        <ele>102.877562</ele>
        <time>2023-08-23T04:39:53.000Z</time>
      </trkpt>
      <trkpt lat="48.249877" lon="-2.142022">
        <ele>104.995334</ele>
        <time>2023-08-23T04:40:10.000Z</time>
      </trkpt>
      <trkpt lat="48.251081" lon="-2.139478">
        <ele>112.266846</ele>
        <time>2023-08-23T04:41:22.000Z</time>
      </trkpt>
      <trkpt lat="48.253711" lon="-2.129">
        <ele>127.507063</ele>
        <time>2023-08-23T04:44:20.000Z</time>
      </trkpt>
      <trkpt lat="48.253732" lon="-2.124563">
        <ele>132.986764</ele>
        <time>2023-08-23T04:45:30.000Z</time>
      </trkpt>
      <trkpt lat="48.254508" lon="-2.120332">
        <ele>139.443826</ele>
        <time>2023-08-23T04:46:33.000Z</time>
      </trkpt>
      <trkpt lat="48.25743" lon="-2.112464">
        <ele>142.056165</ele>
        <time>2023-08-23T04:48:21.000Z</time>
      </trkpt>
      <trkpt lat="48.257972" lon="-2.10463">
        <ele>144.246867</ele>
        <time>2023-08-23T04:49:58.000Z</time>
      </trkpt>
      <trkpt lat="48.2679" lon="-2.072495">
        <ele>112.5878</ele>
        <time>2023-08-23T04:55:46.000Z</time>
      </trkpt>
      <trkpt lat="48.267451" lon="-2.064757">
        <ele>114.667147</ele>
        <time>2023-08-23T04:57:39.000Z</time>
      </trkpt>
      <trkpt lat="48.267736" lon="-2.062123">
        <ele>111.85788</ele>
        <time>2023-08-23T04:58:04.000Z</time>
      </trkpt>
      <trkpt lat="48.271483" lon="-2.050947">
        <ele>99.780509</ele>
        <time>2023-08-23T05:00:00.000Z</time>
      </trkpt>
      <trkpt lat="48.27356" lon="-2.03654">
        <ele>100.052238</ele>
        <time>2023-08-23T05:03:07.000Z</time>
      </trkpt>
      <trkpt lat="48.274947" lon="-2.031847">
        <ele>106.469668</ele>
        <time>2023-08-23T05:04:27.000Z</time>
      </trkpt>
      <trkpt lat="48.275521" lon="-2.026077">
        <ele>113.294645</ele>
        <time>2023-08-23T05:05:52.000Z</time>
      </trkpt>
      <trkpt lat="48.278741" lon="-2.017733">
        <ele>114.594848</ele>
        <time>2023-08-23T05:07:51.000Z</time>
      </trkpt>
      <trkpt lat="48.281453" lon="-2.008293">
        <ele>115.341372</ele>
        <time>2023-08-23T05:09:45.000Z</time>
      </trkpt>
      <trkpt lat="48.280601" lon="-1.999739">
        <ele>116.481705</ele>
        <time>2023-08-23T05:11:22.000Z</time>
      </trkpt>
      <trkpt lat="48.281243" lon="-1.997089">
        <ele>112.871112</ele>
        <time>2023-08-23T05:11:47.000Z</time>
      </trkpt>
      <trkpt lat="48.283568" lon="-1.992418">
        <ele>116.169332</ele>
        <time>2023-08-23T05:12:55.000Z</time>
      </trkpt>
      <trkpt lat="48.284457" lon="-1.988736">
        <ele>122.828759</ele>
        <time>2023-08-23T05:13:58.000Z</time>
      </trkpt>
      <trkpt lat="48.285174" lon="-1.977332">
        <ele>162.125494</ele>
        <time>2023-08-23T05:19:48.000Z</time>
      </trkpt>
      <trkpt lat="48.28502" lon="-1.970643">
        <ele>168.95178</ele>
        <time>2023-08-23T05:21:22.000Z</time>
      </trkpt>
      <trkpt lat="48.287162" lon="-1.968909">
        <ele>168.521572</ele>
        <time>2023-08-23T05:22:06.000Z</time>
      </trkpt>
      <trkpt lat="48.288162" lon="-1.964156">
        <ele>175.259279</ele>
        <time>2023-08-23T05:23:20.000Z</time>
      </trkpt>
      <trkpt lat="48.289034" lon="-1.962639">
        <ele>182.583817</ele>
        <time>2023-08-23T05:24:12.000Z</time>
      </trkpt>
      <trkpt lat="48.289014" lon="-1.961152">
        <ele>188.625491</ele>
        <time>2023-08-23T05:24:49.000Z</time>
      </trkpt>
      <trkpt lat="48.292149" lon="-1.953948">
        <ele>184.239339</ele>
        <time>2023-08-23T05:26:40.000Z</time>
      </trkpt>
      <trkpt lat="48.294021" lon="-1.946458">
        <ele>192.609069</ele>
        <time>2023-08-23T05:28:24.000Z</time>
      </trkpt>
      <trkpt lat="48.296278" lon="-1.945186">
        <ele>187.77776</ele>
        <time>2023-08-23T05:28:59.000Z</time>
      </trkpt>
      <trkpt lat="48.298197" lon="-1.940871">
        <ele>174.760657</ele>
        <time>2023-08-23T05:29:40.000Z</time>
      </trkpt>
      <trkpt lat="48.300861" lon="-1.9381">
        <ele>157.16382</ele>
        <time>2023-08-23T05:30:20.000Z</time>
      </trkpt>
      <trkpt lat="48.300163" lon="-1.934077">
        <ele>144.473239</ele>
        <time>2023-08-23T05:30:50.000Z</time>
      </trkpt>
      <trkpt lat="48.30269" lon="-1.924481">
        <ele>116.648036</ele>
        <time>2023-08-23T05:31:57.000Z</time>
      </trkpt>
      <trkpt lat="48.312825" lon="-1.899755">
        <ele>98.922754</ele>
        <time>2023-08-23T05:36:26.000Z</time>
      </trkpt>
      <trkpt lat="48.313234" lon="-1.889462">
        <ele>89.874224</ele>
        <time>2023-08-23T05:38:06.000Z</time>
      </trkpt>
      <trkpt lat="48.326298" lon="-1.846568">
        <ele>70.026483</ele>
        <time>2023-08-23T05:45:58.000Z</time>
      </trkpt>
      <trkpt lat="48.325663" lon="-1.843715">
        <ele>76.711734</ele>
        <time>2023-08-23T05:47:06.000Z</time>
      </trkpt>
      <trkpt lat="48.326166" lon="-1.842856">
        <ele>75.719133</ele>
        <time>2023-08-23T05:47:24.000Z</time>
      </trkpt>
      <trkpt lat="48.326369" lon="-1.843481">
        <ele>74.481857</ele>
        <time>2023-08-23T06:59:59.000Z</time>
      </trkpt>
      <trkpt lat="48.326555" lon="-1.84194">
        <ele>73.206004</ele>
        <time>2023-08-23T07:04:25.000Z</time>
      </trkpt>
      <trkpt lat="48.327655" lon="-1.842007">
        <ele>73.326449</ele>
        <time>2023-08-23T07:04:56.000Z</time>
      </trkpt>
      <trkpt lat="48.32902" lon="-1.837597">
        <ele>70.914917</ele>
        <time>2023-08-23T07:06:00.000Z</time>
      </trkpt>
      <trkpt lat="48.328996" lon="-1.835594">
        <ele>68.010943</ele>
        <time>2023-08-23T07:06:19.000Z</time>
      </trkpt>
      <trkpt lat="48.328137" lon="-1.832869">
        <ele>64.262851</ele>
        <time>2023-08-23T07:06:50.000Z</time>
      </trkpt>
      <trkpt lat="48.309696" lon="-1.82242">
        <ele>68.771351</ele>
        <time>2023-08-23T07:13:25.000Z</time>
      </trkpt>
      <trkpt lat="48.302215" lon="-1.816871">
        <ele>71.160292</ele>
        <time>2023-08-23T07:15:58.000Z</time>
      </trkpt>
      <trkpt lat="48.30027" lon="-1.814499">
        <ele>67.732371</ele>
        <time>2023-08-23T07:16:38.000Z</time>
      </trkpt>
      <trkpt lat="48.294814" lon="-1.804484">
        <ele>78.061025</ele>
        <time>2023-08-23T07:20:09.000Z</time>
      </trkpt>
      <trkpt lat="48.293369" lon="-1.803918">
        <ele>84.41304</ele>
        <time>2023-08-23T07:24:04.000Z</time>
      </trkpt>
      <trkpt lat="48.290235" lon="-1.800797">
        <ele>100.69688</ele>
        <time>2023-08-23T07:26:47.000Z</time>
      </trkpt>
      <trkpt lat="48.286385" lon="-1.801597">
        <ele>109.452048</ele>
        <time>2023-08-23T07:28:37.000Z</time>
      </trkpt>
      <trkpt lat="48.285834" lon="-1.800762">
        <ele>110.570547</ele>
        <time>2023-08-23T07:28:54.000Z</time>
      </trkpt>
      <trkpt lat="48.28333" lon="-1.800214">
        <ele>108.852415</ele>
        <time>2023-08-23T07:29:32.000Z</time>
      </trkpt>
      <trkpt lat="48.281551" lon="-1.798485">
        <ele>107.366444</ele>
        <time>2023-08-23T07:30:00.000Z</time>
      </trkpt>
      <trkpt lat="48.276591" lon="-1.79104">
        <ele>116.902989</ele>
        <time>2023-08-23T07:32:21.000Z</time>
      </trkpt>
      <trkpt lat="48.276389" lon="-1.785522">
        <ele>115.336126</ele>
        <time>2023-08-23T07:33:21.000Z</time>
      </trkpt>
      <trkpt lat="48.276973" lon="-1.779865">
        <ele>116.891069</ele>
        <time>2023-08-23T07:34:25.000Z</time>
      </trkpt>
      <trkpt lat="48.27663" lon="-1.776347">
        <ele>119.11524</ele>
        <time>2023-08-23T07:35:10.000Z</time>
      </trkpt>
      <trkpt lat="48.2751" lon="-1.772741">
        <ele>120.609469</ele>
        <time>2023-08-23T07:36:06.000Z</time>
      </trkpt>
      <trkpt lat="48.275062" lon="-1.768835">
        <ele>117.568304</ele>
        <time>2023-08-23T07:36:43.000Z</time>
      </trkpt>
      <trkpt lat="48.27523" lon="-1.766305">
        <ele>114.7764</ele>
        <time>2023-08-23T07:37:05.000Z</time>
      </trkpt>
      <trkpt lat="48.276494" lon="-1.762154">
        <ele>119.669659</ele>
        <time>2023-08-23T07:38:03.000Z</time>
      </trkpt>
      <trkpt lat="48.276477" lon="-1.759004">
        <ele>121.514962</ele>
        <time>2023-08-23T07:38:42.000Z</time>
      </trkpt>
      <trkpt lat="48.277317" lon="-1.754372">
        <ele>117.645018</ele>
        <time>2023-08-23T07:39:28.000Z</time>
      </trkpt>
      <trkpt lat="48.276402" lon="-1.749493">
        <ele>119.830301</ele>
        <time>2023-08-23T07:40:24.000Z</time>
      </trkpt>
      <trkpt lat="48.275444" lon="-1.748264">
        <ele>121.745805</ele>
        <time>2023-08-23T07:40:54.000Z</time>
      </trkpt>
      <trkpt lat="48.274525" lon="-1.7423">
        <ele>121.915844</ele>
        <time>2023-08-23T07:42:11.000Z</time>
      </trkpt>
      <trkpt lat="48.274525" lon="-1.732104">
        <ele>116.604752</ele>
        <time>2023-08-23T07:44:11.000Z</time>
      </trkpt>
      <trkpt lat="48.276833" lon="-1.721951">
        <ele>110.118574</ele>
        <time>2023-08-23T07:46:15.000Z</time>
      </trkpt>
      <trkpt lat="48.277733" lon="-1.713203">
        <ele>96.943738</ele>
        <time>2023-08-23T07:47:37.000Z</time>
      </trkpt>
      <trkpt lat="48.276591" lon="-1.709836">
        <ele>95.253256</ele>
        <time>2023-08-23T07:48:13.000Z</time>
      </trkpt>
      <trkpt lat="48.274758" lon="-1.698738">
        <ele>89.960305</ele>
        <time>2023-08-23T07:50:08.000Z</time>
      </trkpt>
      <trkpt lat="48.272761" lon="-1.696361">
        <ele>87.628314</ele>
        <time>2023-08-23T07:50:42.000Z</time>
      </trkpt>
      <trkpt lat="48.272628" lon="-1.692158">
        <ele>87.95883</ele>
        <time>2023-08-23T07:51:28.000Z</time>
      </trkpt>
      <trkpt lat="48.270948" lon="-1.687945">
        <ele>93.468951</ele>
        <time>2023-08-23T07:52:53.000Z</time>
      </trkpt>
      <trkpt lat="48.270746" lon="-1.682406">
        <ele>89.89947</ele>
        <time>2023-08-23T07:53:52.000Z</time>
      </trkpt>
      <trkpt lat="48.272756" lon="-1.673156">
        <ele>92.885047</ele>
        <time>2023-08-23T07:55:41.000Z</time>
      </trkpt>
      <trkpt lat="48.27725" lon="-1.666519">
        <ele>77.124875</ele>
        <time>2023-08-23T07:56:57.000Z</time>
      </trkpt>
      <trkpt lat="48.276847" lon="-1.662773">
        <ele>69.129098</ele>
        <time>2023-08-23T07:57:21.000Z</time>
      </trkpt>
      <trkpt lat="48.277856" lon="-1.658939">
        <ele>67.990782</ele>
        <time>2023-08-23T07:58:02.000Z</time>
      </trkpt>
      <trkpt lat="48.276793" lon="-1.656459">
        <ele>73.401357</ele>
        <time>2023-08-23T07:58:50.000Z</time>
      </trkpt>
      <trkpt lat="48.273742" lon="-1.6545">
        <ele>94.84778</ele>
        <time>2023-08-23T08:05:43.000Z</time>
      </trkpt>
      <trkpt lat="48.274183" lon="-1.650316">
        <ele>96.201735</ele>
        <time>2023-08-23T08:06:41.000Z</time>
      </trkpt>
      <trkpt lat="48.273358" lon="-1.646439">
        <ele>90.767518</ele>
        <time>2023-08-23T08:07:12.000Z</time>
      </trkpt>
      <trkpt lat="48.267634" lon="-1.648877">
        <ele>116.383419</ele>
        <time>2023-08-23T08:10:28.000Z</time>
      </trkpt>
      <trkpt lat="48.26687" lon="-1.636411">
        <ele>118.239498</ele>
        <time>2023-08-23T08:12:52.000Z</time>
      </trkpt>
      <trkpt lat="48.262792" lon="-1.627832">
        <ele>98.923384</ele>
        <time>2023-08-23T08:14:08.000Z</time>
      </trkpt>
      <trkpt lat="48.257236" lon="-1.610625">
        <ele>86.309965</ele>
        <time>2023-08-23T08:16:58.000Z</time>
      </trkpt>
      <trkpt lat="48.256542" lon="-1.605409">
        <ele>78.092714</ele>
        <time>2023-08-23T08:17:39.000Z</time>
      </trkpt>
      <trkpt lat="48.254586" lon="-1.59991">
        <ele>73.602329</ele>
        <time>2023-08-23T08:18:33.000Z</time>
      </trkpt>
      <trkpt lat="48.254945" lon="-1.591001">
        <ele>73.394121</ele>
        <time>2023-08-23T08:20:06.000Z</time>
      </trkpt>
      <trkpt lat="48.253379" lon="-1.564895">
        <ele>68.04779</ele>
        <time>2023-08-23T08:24:54.000Z</time>
      </trkpt>
      <trkpt lat="48.255948" lon="-1.552552">
        <ele>72.945321</ele>
        <time>2023-08-23T08:27:47.000Z</time>
      </trkpt>
      <trkpt lat="48.25549" lon="-1.530253">
        <ele>85.755863</ele>
        <time>2023-08-23T08:33:04.000Z</time>
      </trkpt>
      <trkpt lat="48.254992" lon="-1.526714">
        <ele>89.718832</ele>
        <time>2023-08-23T08:34:07.000Z</time>
      </trkpt>
      <trkpt lat="48.256053" lon="-1.516504">
        <ele>83.542863</ele>
        <time>2023-08-23T08:57:22.000Z</time>
      </trkpt>
      <trkpt lat="48.254575" lon="-1.51262">
        <ele>84.182788</ele>
        <time>2023-08-23T08:58:49.000Z</time>
      </trkpt>
      <trkpt lat="48.253434" lon="-1.506302">
        <ele>82.975823</ele>
        <time>2023-08-23T09:00:09.000Z</time>
      </trkpt>
      <trkpt lat="48.25355" lon="-1.495135">
        <ele>82.120318</ele>
        <time>2023-08-23T09:02:22.000Z</time>
      </trkpt>
      <trkpt lat="48.254444" lon="-1.484945">
        <ele>97.003845</ele>
        <time>2023-08-23T09:05:19.000Z</time>
      </trkpt>
      <trkpt lat="48.252726" lon="-1.478496">
        <ele>125.578343</ele>
        <time>2023-08-23T09:09:00.000Z</time>
      </trkpt>
      <trkpt lat="48.24838" lon="-1.471116">
        <ele>138.379746</ele>
        <time>2023-08-23T09:12:07.000Z</time>
      </trkpt>
      <trkpt lat="48.24652" lon="-1.46613">
        <ele>133.603463</ele>
        <time>2023-08-23T09:13:07.000Z</time>
      </trkpt>
      <trkpt lat="48.245791" lon="-1.460254">
        <ele>124.929332</ele>
        <time>2023-08-23T09:14:02.000Z</time>
      </trkpt>
      <trkpt lat="48.24533" lon="-1.449">
        <ele>125.308963</ele>
        <time>2023-08-23T09:16:16.000Z</time>
      </trkpt>
      <trkpt lat="48.248262" lon="-1.440875">
        <ele>128.179983</ele>
        <time>2023-08-23T09:18:26.000Z</time>
      </trkpt>
      <trkpt lat="48.250586" lon="-1.432372">
        <ele>124.664828</ele>
        <time>2023-08-23T09:20:15.000Z</time>
      </trkpt>
      <trkpt lat="48.256685" lon="-1.415512">
        <ele>137.623264</ele>
        <time>2023-08-23T09:25:05.000Z</time>
      </trkpt>
      <trkpt lat="48.258139" lon="-1.413462">
        <ele>138.245951</ele>
        <time>2023-08-23T09:25:42.000Z</time>
      </trkpt>
      <trkpt lat="48.259725" lon="-1.405659">
        <ele>141.443994</ele>
        <time>2023-08-23T09:27:40.000Z</time>
      </trkpt>
      <trkpt lat="48.261851" lon="-1.403636">
        <ele>142.816237</ele>
        <time>2023-08-23T09:28:39.000Z</time>
      </trkpt>
      <trkpt lat="48.263187" lon="-1.398066">
        <ele>129.632509</ele>
        <time>2023-08-23T09:29:22.000Z</time>
      </trkpt>
      <trkpt lat="48.266768" lon="-1.393653">
        <ele>110.309386</ele>
        <time>2023-08-23T09:30:01.000Z</time>
      </trkpt>
      <trkpt lat="48.277208" lon="-1.387269">
        <ele>108.00299</ele>
        <time>2023-08-23T09:33:32.000Z</time>
      </trkpt>
      <trkpt lat="48.28581" lon="-1.375498">
        <ele>96.421443</ele>
        <time>2023-08-23T09:36:47.000Z</time>
      </trkpt>
      <trkpt lat="48.28773" lon="-1.371978">
        <ele>92.201776</ele>
        <time>2023-08-23T09:37:29.000Z</time>
      </trkpt>
      <trkpt lat="48.303235" lon="-1.356078">
        <ele>119.308301</ele>
        <time>2023-08-23T09:45:41.000Z</time>
      </trkpt>
      <trkpt lat="48.30786" lon="-1.345545">
        <ele>143.535477</ele>
        <time>2023-08-23T09:50:40.000Z</time>
      </trkpt>
      <trkpt lat="48.311673" lon="-1.331122">
        <ele>146.620287</ele>
        <time>2023-08-23T09:54:15.000Z</time>
      </trkpt>
      <trkpt lat="48.317145" lon="-1.314514">
        <ele>152.260166</ele>
        <time>2023-08-23T09:58:20.000Z</time>
      </trkpt>
      <trkpt lat="48.343118" lon="-1.275435">
        <ele>150.550746</ele>
        <time>2023-08-23T10:09:45.000Z</time>
      </trkpt>
      <trkpt lat="48.345486" lon="-1.27109">
        <ele>157.114297</ele>
        <time>2023-08-23T10:11:17.000Z</time>
      </trkpt>
      <trkpt lat="48.349268" lon="-1.260309">
        <ele>168.396534</ele>
        <time>2023-08-23T10:14:19.000Z</time>
      </trkpt>
      <trkpt lat="48.350019" lon="-1.257494">
        <ele>171.315962</ele>
        <time>2023-08-23T10:15:02.000Z</time>
      </trkpt>
      <trkpt lat="48.350527" lon="-1.246035">
        <ele>181.373885</ele>
        <time>2023-08-23T10:18:00.000Z</time>
      </trkpt>
      <trkpt lat="48.350259" lon="-1.241717">
        <ele>171.045275</ele>
        <time>2023-08-23T10:18:29.000Z</time>
      </trkpt>
      <trkpt lat="48.351524" lon="-1.233944">
        <ele>170.01477</ele>
        <time>2023-08-23T10:20:24.000Z</time>
      </trkpt>
      <trkpt lat="48.351446" lon="-1.229542">
        <ele>168.566703</ele>
        <time>2023-08-23T10:21:18.000Z</time>
      </trkpt>
      <trkpt lat="48.353142" lon="-1.22146">
        <ele>163.732327</ele>
        <time>2023-08-23T10:22:49.000Z</time>
      </trkpt>
      <trkpt lat="48.353282" lon="-1.216659">
        <ele>155.676043</ele>
        <time>2023-08-23T10:23:28.000Z</time>
      </trkpt>
      <trkpt lat="48.35498" lon="-1.208853">
        <ele>131.322847</ele>
        <time>2023-08-23T10:24:53.000Z</time>
      </trkpt>
      <trkpt lat="48.356133" lon="-1.206983">
        <ele>136.770579</ele>
        <time>2023-08-23T10:25:46.000Z</time>
      </trkpt>
      <trkpt lat="48.356533" lon="-1.204722">
        <ele>140.452583</ele>
        <time>2023-08-23T10:26:33.000Z</time>
      </trkpt>
      <trkpt lat="48.351836" lon="-1.196236">
        <ele>133.921783</ele>
        <time>2023-08-23T10:29:10.000Z</time>
      </trkpt>
      <trkpt lat="48.350274" lon="-1.196218">
        <ele>127.376431</ele>
        <time>2023-08-23T10:29:36.000Z</time>
      </trkpt>
      <trkpt lat="48.349042" lon="-1.195259">
        <ele>124.610929</ele>
        <time>2023-08-23T10:29:58.000Z</time>
      </trkpt>
      <trkpt lat="48.34572" lon="-1.196317">
        <ele>119.39385</ele>
        <time>2023-08-23T10:30:42.000Z</time>
      </trkpt>
      <trkpt lat="48.346212" lon="-1.199488">
        <ele>123.855273</ele>
        <time>2023-08-23T10:31:44.000Z</time>
      </trkpt>
      <trkpt lat="48.348496" lon="-1.19861">
        <ele>131.120027</ele>
        <time>2023-08-23T10:37:11.000Z</time>
      </trkpt>
      <trkpt lat="48.348216" lon="-1.199459">
        <ele>130.567044</ele>
        <time>2023-08-23T11:23:49.000Z</time>
      </trkpt>
      <trkpt lat="48.347845" lon="-1.19868">
        <ele>129.91846</ele>
        <time>2023-08-23T11:24:07.000Z</time>
      </trkpt>
      <trkpt lat="48.346103" lon="-1.199458">
        <ele>126.73378</ele>
        <time>2023-08-23T11:24:54.000Z</time>
      </trkpt>
      <trkpt lat="48.344885" lon="-1.190938">
        <ele>122.883957</ele>
        <time>2023-08-23T11:27:43.000Z</time>
      </trkpt>
      <trkpt lat="48.346883" lon="-1.187248">
        <ele>120.291419</ele>
        <time>2023-08-23T11:28:44.000Z</time>
      </trkpt>
      <trkpt lat="48.346883" lon="-1.185919">
        <ele>118.952641</ele>
        <time>2023-08-23T11:28:58.000Z</time>
      </trkpt>
      <trkpt lat="48.343687" lon="-1.176327">
        <ele>134.104367</ele>
        <time>2023-08-23T11:32:20.000Z</time>
      </trkpt>
      <trkpt lat="48.342423" lon="-1.170305">
        <ele>132.66971</ele>
        <time>2023-08-23T11:33:47.000Z</time>
      </trkpt>
      <trkpt lat="48.347952" lon="-1.171222">
        <ele>130.613411</ele>
        <time>2023-08-23T11:35:22.000Z</time>
      </trkpt>
      <trkpt lat="48.356723" lon="-1.175632">
        <ele>146.110477</ele>
        <time>2023-08-23T11:39:00.000Z</time>
      </trkpt>
      <trkpt lat="48.36881" lon="-1.170252">
        <ele>198.773075</ele>
        <time>2023-08-23T11:48:50.000Z</time>
      </trkpt>
      <trkpt lat="48.370474" lon="-1.159781">
        <ele>211.957758</ele>
        <time>2023-08-23T11:52:14.000Z</time>
      </trkpt>
      <trkpt lat="48.370865" lon="-1.145513">
        <ele>207.494496</ele>
        <time>2023-08-23T11:55:12.000Z</time>
      </trkpt>
      <trkpt lat="48.381965" lon="-1.107613">
        <ele>256.680367</ele>
        <time>2023-08-23T12:07:42.000Z</time>
      </trkpt>
      <trkpt lat="48.382182" lon="-1.102963">
        <ele>259.180182</ele>
        <time>2023-08-23T12:08:55.000Z</time>
      </trkpt>
      <trkpt lat="48.380781" lon="-1.085419">
        <ele>246.076591</ele>
        <time>2023-08-23T12:12:16.000Z</time>
      </trkpt>
      <trkpt lat="48.384418" lon="-1.081777">
        <ele>231.428709</ele>
        <time>2023-08-23T12:13:03.000Z</time>
      </trkpt>
      <trkpt lat="48.39393" lon="-1.068296">
        <ele>207.607489</ele>
        <time>2023-08-23T12:16:15.000Z</time>
      </trkpt>
      <trkpt lat="48.395263" lon="-1.061636">
        <ele>201.355306</ele>
        <time>2023-08-23T12:17:38.000Z</time>
      </trkpt>
      <trkpt lat="48.396762" lon="-1.059241">
        <ele>210.443648</ele>
        <time>2023-08-23T12:19:14.000Z</time>
      </trkpt>
      <trkpt lat="48.396438" lon="-1.056019">
        <ele>219.010599</ele>
        <time>2023-08-23T12:37:09.000Z</time>
      </trkpt>
      <trkpt lat="48.400562" lon="-1.04701">
        <ele>217.35397</ele>
        <time>2023-08-23T12:39:14.000Z</time>
      </trkpt>
      <trkpt lat="48.402968" lon="-1.027183">
        <ele>210.377537</ele>
        <time>2023-08-23T12:42:46.000Z</time>
      </trkpt>
      <trkpt lat="48.402356" lon="-1.017892">
        <ele>199.325128</ele>
        <time>2023-08-23T12:44:05.000Z</time>
      </trkpt>
      <trkpt lat="48.404239" lon="-1.011391">
        <ele>208.607021</ele>
        <time>2023-08-23T12:46:09.000Z</time>
      </trkpt>
      <trkpt lat="48.407758" lon="-0.98769">
        <ele>196.41695</ele>
        <time>2023-08-23T12:50:22.000Z</time>
      </trkpt>
      <trkpt lat="48.406221" lon="-0.983572">
        <ele>202.193206</ele>
        <time>2023-08-23T12:57:12.000Z</time>
      </trkpt>
      <trkpt lat="48.405965" lon="-0.979312">
        <ele>205.938437</ele>
        <time>2023-08-23T12:58:15.000Z</time>
      </trkpt>
      <trkpt lat="48.403658" lon="-0.970829">
        <ele>206.205637</ele>
        <time>2023-08-23T12:59:59.000Z</time>
      </trkpt>
      <trkpt lat="48.40362" lon="-0.965395">
        <ele>217.599114</ele>
        <time>2023-08-23T13:01:44.000Z</time>
      </trkpt>
      <trkpt lat="48.409225" lon="-0.937246">
        <ele>239.257447</ele>
        <time>2023-08-23T13:09:54.000Z</time>
      </trkpt>
      <trkpt lat="48.412226" lon="-0.928813">
        <ele>256.995641</ele>
        <time>2023-08-23T13:13:21.000Z</time>
      </trkpt>
      <trkpt lat="48.416582" lon="-0.920127">
        <ele>266.060483</ele>
        <time>2023-08-23T13:16:30.000Z</time>
      </trkpt>
      <trkpt lat="48.417593" lon="-0.916386">
        <ele>264.040394</ele>
        <time>2023-08-23T13:17:27.000Z</time>
      </trkpt>
      <trkpt lat="48.419748" lon="-0.88893">
        <ele>250.27843</ele>
        <time>2023-08-23T13:22:35.000Z</time>
      </trkpt>
      <trkpt lat="48.418282" lon="-0.846206">
        <ele>214.481951</ele>
        <time>2023-08-23T13:30:39.000Z</time>
      </trkpt>
      <trkpt lat="48.415508" lon="-0.838605">
        <ele>203.955754</ele>
        <time>2023-08-23T13:31:53.000Z</time>
      </trkpt>
      <trkpt lat="48.412046" lon="-0.822891">
        <ele>203.026744</ele>
        <time>2023-08-23T13:35:22.000Z</time>
      </trkpt>
      <trkpt lat="48.410667" lon="-0.819474">
        <ele>197.522663</ele>
        <time>2023-08-23T13:36:05.000Z</time>
      </trkpt>
      <trkpt lat="48.41099" lon="-0.800039">
        <ele>201.876835</ele>
        <time>2023-08-23T13:40:58.000Z</time>
      </trkpt>
      <trkpt lat="48.411628" lon="-0.796033">
        <ele>206.493711</ele>
        <time>2023-08-23T13:42:14.000Z</time>
      </trkpt>
      <trkpt lat="48.410257" lon="-0.787064">
        <ele>213.76345</ele>
        <time>2023-08-23T13:44:48.000Z</time>
      </trkpt>
      <trkpt lat="48.410681" lon="-0.779972">
        <ele>205.835378</ele>
        <time>2023-08-23T13:46:05.000Z</time>
      </trkpt>
      <trkpt lat="48.409797" lon="-0.776373">
        <ele>204.54224</ele>
        <time>2023-08-23T13:46:47.000Z</time>
      </trkpt>
      <trkpt lat="48.408416" lon="-0.774419">
        <ele>209.998282</ele>
        <time>2023-08-23T13:47:45.000Z</time>
      </trkpt>
      <trkpt lat="48.408045" lon="-0.772611">
        <ele>214.259006</ele>
        <time>2023-08-23T13:48:31.000Z</time>
      </trkpt>
      <trkpt lat="48.40971" lon="-0.765056">
        <ele>220.137312</ele>
        <time>2023-08-23T13:50:36.000Z</time>
      </trkpt>
      <trkpt lat="48.40829" lon="-0.757397">
        <ele>226.039109</ele>
        <time>2023-08-23T13:52:48.000Z</time>
      </trkpt>
      <trkpt lat="48.407405" lon="-0.743154">
        <ele>225.893999</ele>
        <time>2023-08-23T13:55:40.000Z</time>
      </trkpt>
      <trkpt lat="48.407576" lon="-0.733736">
        <ele>218.892784</ele>
        <time>2023-08-23T13:57:16.000Z</time>
      </trkpt>
      <trkpt lat="48.406338" lon="-0.72898">
        <ele>214.919641</ele>
        <time>2023-08-23T13:58:16.000Z</time>
      </trkpt>
      <trkpt lat="48.407359" lon="-0.712856">
        <ele>191.796818</ele>
        <time>2023-08-23T14:00:52.000Z</time>
      </trkpt>
      <trkpt lat="48.407125" lon="-0.707374">
        <ele>194.222275</ele>
        <time>2023-08-23T14:02:17.000Z</time>
      </trkpt>
      <trkpt lat="48.405265" lon="-0.702352">
        <ele>190.00382</ele>
        <time>2023-08-23T14:03:31.000Z</time>
      </trkpt>
      <trkpt lat="48.403392" lon="-0.662449">
        <ele>184.740148</ele>
        <time>2023-08-23T14:11:23.000Z</time>
      </trkpt>
      <trkpt lat="48.402702" lon="-0.659055">
        <ele>181.061271</ele>
        <time>2023-08-23T14:11:59.000Z</time>
      </trkpt>
      <trkpt lat="48.40076" lon="-0.655601">
        <ele>175.992853</ele>
        <time>2023-08-23T14:12:39.000Z</time>
      </trkpt>
      <trkpt lat="48.400709" lon="-0.652952">
        <ele>173.515765</ele>
        <time>2023-08-23T14:13:06.000Z</time>
      </trkpt>
      <trkpt lat="48.400063" lon="-0.651052">
        <ele>172.068913</ele>
        <time>2023-08-23T14:13:27.000Z</time>
      </trkpt>
      <trkpt lat="48.401371" lon="-0.647156">
        <ele>167.816034</ele>
        <time>2023-08-23T14:14:06.000Z</time>
      </trkpt>
      <trkpt lat="48.401956" lon="-0.640705">
        <ele>166.502333</ele>
        <time>2023-08-23T14:15:50.000Z</time>
      </trkpt>
      <trkpt lat="48.40352" lon="-0.63504">
        <ele>166.90298</ele>
        <time>2023-08-23T14:18:52.000Z</time>
      </trkpt>
      <trkpt lat="48.403146" lon="-0.632669">
        <ele>163.189639</ele>
        <time>2023-08-23T14:19:28.000Z</time>
      </trkpt>
      <trkpt lat="48.404114" lon="-0.632235">
        <ele>160.607916</ele>
        <time>2023-08-23T14:39:18.000Z</time>
      </trkpt>
      <trkpt lat="48.404116" lon="-0.629921">
        <ele>154.659019</ele>
        <time>2023-08-23T14:39:35.000Z</time>
      </trkpt>
      <trkpt lat="48.402841" lon="-0.628357">
        <ele>146.99563</ele>
        <time>2023-08-23T14:39:52.000Z</time>
      </trkpt>
      <trkpt lat="48.402886" lon="-0.627333">
        <ele>143.789382</ele>
        <time>2023-08-23T14:40:03.000Z</time>
      </trkpt>
      <trkpt lat="48.401103" lon="-0.625373">
        <ele>148.263284</ele>
        <time>2023-08-23T14:49:15.000Z</time>
      </trkpt>
      <trkpt lat="48.400651" lon="-0.621855">
        <ele>159.178746</ele>
        <time>2023-08-23T14:50:43.000Z</time>
      </trkpt>
      <trkpt lat="48.402229" lon="-0.615422">
        <ele>169.990327</ele>
        <time>2023-08-23T14:52:47.000Z</time>
      </trkpt>
      <trkpt lat="48.403141" lon="-0.613649">
        <ele>165.867317</ele>
        <time>2023-08-23T14:53:04.000Z</time>
      </trkpt>
      <trkpt lat="48.403003" lon="-0.609228">
        <ele>154.287277</ele>
        <time>2023-08-23T14:53:32.000Z</time>
      </trkpt>
      <trkpt lat="48.404135" lon="-0.608132">
        <ele>149.289515</ele>
        <time>2023-08-23T14:53:45.000Z</time>
      </trkpt>
      <trkpt lat="48.404595" lon="-0.606536">
        <ele>145.442325</ele>
        <time>2023-08-23T14:53:57.000Z</time>
      </trkpt>
      <trkpt lat="48.404582" lon="-0.60541">
        <ele>145.70249</ele>
        <time>2023-08-23T14:54:08.000Z</time>
      </trkpt>
      <trkpt lat="48.403644" lon="-0.60368">
        <ele>148.208211</ele>
        <time>2023-08-23T14:54:37.000Z</time>
      </trkpt>
      <trkpt lat="48.406789" lon="-0.600325">
        <ele>164.015087</ele>
        <time>2023-08-23T14:56:43.000Z</time>
      </trkpt>
      <trkpt lat="48.407461" lon="-0.597076">
        <ele>168.318034</ele>
        <time>2023-08-23T14:57:41.000Z</time>
      </trkpt>
      <trkpt lat="48.408926" lon="-0.594862">
        <ele>165.738355</ele>
        <time>2023-08-23T14:58:10.000Z</time>
      </trkpt>
      <trkpt lat="48.411856" lon="-0.586368">
        <ele>169.895136</ele>
        <time>2023-08-23T15:00:00.000Z</time>
      </trkpt>
      <trkpt lat="48.411811" lon="-0.581228">
        <ele>171.651897</ele>
        <time>2023-08-23T15:01:04.000Z</time>
      </trkpt>
      <trkpt lat="48.41441" lon="-0.572624">
        <ele>180.831164</ele>
        <time>2023-08-23T15:03:29.000Z</time>
      </trkpt>
      <trkpt lat="48.41627" lon="-0.562329">
        <ele>180.89289</ele>
        <time>2023-08-23T15:05:35.000Z</time>
      </trkpt>
      <trkpt lat="48.416135" lon="-0.554965">
        <ele>190.358155</ele>
        <time>2023-08-23T15:07:40.000Z</time>
      </trkpt>
      <trkpt lat="48.416732" lon="-0.551136">
        <ele>194.719313</ele>
        <time>2023-08-23T15:08:50.000Z</time>
      </trkpt>
      <trkpt lat="48.418722" lon="-0.544896">
        <ele>218.017609</ele>
        <time>2023-08-23T15:12:05.000Z</time>
      </trkpt>
      <trkpt lat="48.419934" lon="-0.536455">
        <ele>234.605792</ele>
        <time>2023-08-23T15:15:23.000Z</time>
      </trkpt>
      <trkpt lat="48.419968" lon="-0.53267">
        <ele>245.461661</ele>
        <time>2023-08-23T15:16:58.000Z</time>
      </trkpt>
      <trkpt lat="48.421788" lon="-0.529745">
        <ele>253.059939</ele>
        <time>2023-08-23T15:18:27.000Z</time>
      </trkpt>
      <trkpt lat="48.423757" lon="-0.521162">
        <ele>258.643348</ele>
        <time>2023-08-23T15:20:44.000Z</time>
      </trkpt>
      <trkpt lat="48.427726" lon="-0.511458">
        <ele>265.040641</ele>
        <time>2023-08-23T15:23:38.000Z</time>
      </trkpt>
      <trkpt lat="48.433217" lon="-0.502936">
        <ele>247.353005</ele>
        <time>2023-08-23T15:25:26.000Z</time>
      </trkpt>
      <trkpt lat="48.435191" lon="-0.501793">
        <ele>242.364422</ele>
        <time>2023-08-23T15:26:02.000Z</time>
      </trkpt>
      <trkpt lat="48.438163" lon="-0.497559">
        <ele>235.829774</ele>
        <time>2023-08-23T15:27:01.000Z</time>
      </trkpt>
      <trkpt lat="48.437511" lon="-0.495808">
        <ele>237.681922</ele>
        <time>2023-08-23T15:27:39.000Z</time>
      </trkpt>
      <trkpt lat="48.437915" lon="-0.491372">
        <ele>237.808391</ele>
        <time>2023-08-23T15:30:47.000Z</time>
      </trkpt>
      <trkpt lat="48.436166" lon="-0.486616">
        <ele>243.164694</ele>
        <time>2023-08-23T15:32:28.000Z</time>
      </trkpt>
      <trkpt lat="48.436233" lon="-0.482674">
        <ele>249.911994</ele>
        <time>2023-08-23T15:33:43.000Z</time>
      </trkpt>
      <trkpt lat="48.435575" lon="-0.480777">
        <ele>251.851135</ele>
        <time>2023-08-23T15:34:15.000Z</time>
      </trkpt>
      <trkpt lat="48.432086" lon="-0.475306">
        <ele>257.626952</ele>
        <time>2023-08-23T15:36:21.000Z</time>
      </trkpt>
      <trkpt lat="48.430578" lon="-0.469176">
        <ele>277.83336</ele>
        <time>2023-08-23T15:39:34.000Z</time>
      </trkpt>
      <trkpt lat="48.426989" lon="-0.460171">
        <ele>288.968945</ele>
        <time>2023-08-23T15:42:39.000Z</time>
      </trkpt>
      <trkpt lat="48.420579" lon="-0.445747">
        <ele>287.104505</ele>
        <time>2023-08-23T15:46:15.000Z</time>
      </trkpt>
      <trkpt lat="48.417411" lon="-0.440597">
        <ele>279.191604</ele>
        <time>2023-08-23T15:47:13.000Z</time>
      </trkpt>
      <trkpt lat="48.416387" lon="-0.43725">
        <ele>287.127291</ele>
        <time>2023-08-23T15:48:41.000Z</time>
      </trkpt>
      <trkpt lat="48.416075" lon="-0.434526">
        <ele>289.2642</ele>
        <time>2023-08-23T15:49:28.000Z</time>
      </trkpt>
      <trkpt lat="48.41643" lon="-0.425468">
        <ele>290.419867</ele>
        <time>2023-08-23T15:51:43.000Z</time>
      </trkpt>
      <trkpt lat="48.417357" lon="-0.419804">
        <ele>283.270346</ele>
        <time>2023-08-23T15:52:49.000Z</time>
      </trkpt>
      <trkpt lat="48.4176" lon="-0.409496">
        <ele>275.247571</ele>
        <time>2023-08-23T15:54:54.000Z</time>
      </trkpt>
      <trkpt lat="48.417402" lon="-0.408074">
        <ele>277.129884</ele>
        <time>2023-08-23T15:55:18.000Z</time>
      </trkpt>
      <trkpt lat="48.415435" lon="-0.406834">
        <ele>279.610601</ele>
        <time>2023-08-23T15:56:00.000Z</time>
      </trkpt>
      <trkpt lat="48.413206" lon="-0.403704">
        <ele>274.953368</ele>
        <time>2023-08-23T15:56:47.000Z</time>
      </trkpt>
      <trkpt lat="48.411324" lon="-0.402585">
        <ele>268.138748</ele>
        <time>2023-08-23T15:57:07.000Z</time>
      </trkpt>
      <trkpt lat="48.407472" lon="-0.403457">
        <ele>251.446475</ele>
        <time>2023-08-23T15:57:39.000Z</time>
      </trkpt>
      <trkpt lat="48.402606" lon="-0.409186">
        <ele>235.589754</ele>
        <time>2023-08-23T15:58:41.000Z</time>
      </trkpt>
      <trkpt lat="48.397192" lon="-0.408861">
        <ele>222.445603</ele>
        <time>2023-08-23T15:59:41.000Z</time>
      </trkpt>
      <trkpt lat="48.392516" lon="-0.406919">
        <ele>224.10069</ele>
        <time>2023-08-23T16:01:09.000Z</time>
      </trkpt>
      <trkpt lat="48.38886" lon="-0.409619">
        <ele>232.163023</ele>
        <time>2023-08-23T16:03:04.000Z</time>
      </trkpt>
      <trkpt lat="48.385695" lon="-0.409867">
        <ele>240.581614</ele>
        <time>2023-08-23T16:04:41.000Z</time>
      </trkpt>
      <trkpt lat="48.381541" lon="-0.406116">
        <ele>242.302874</ele>
        <time>2023-08-23T16:07:04.000Z</time>
      </trkpt>
      <trkpt lat="48.377639" lon="-0.410278">
        <ele>240.270959</ele>
        <time>2023-08-23T16:08:35.000Z</time>
      </trkpt>
      <trkpt lat="48.366728" lon="-0.408103">
        <ele>246.944679</ele>
        <time>2023-08-23T16:12:41.000Z</time>
      </trkpt>
      <trkpt lat="48.364295" lon="-0.410002">
        <ele>261.102857</ele>
        <time>2023-08-23T16:14:56.000Z</time>
      </trkpt>
      <trkpt lat="48.363386" lon="-0.41321">
        <ele>272.908355</ele>
        <time>2023-08-23T16:16:56.000Z</time>
      </trkpt>
      <trkpt lat="48.361485" lon="-0.41567">
        <ele>286.433735</ele>
        <time>2023-08-23T16:18:58.000Z</time>
      </trkpt>
      <trkpt lat="48.359956" lon="-0.415919">
        <ele>294.729651</ele>
        <time>2023-08-23T16:20:19.000Z</time>
      </trkpt>
      <trkpt lat="48.35783" lon="-0.413704">
        <ele>303.172102</ele>
        <time>2023-08-23T16:22:00.000Z</time>
      </trkpt>
      <trkpt lat="48.346335" lon="-0.417774">
        <ele>316.06037</ele>
        <time>2023-08-23T16:27:13.000Z</time>
      </trkpt>
      <trkpt lat="48.345079" lon="-0.417254">
        <ele>310.086508</ele>
        <time>2023-08-23T16:27:26.000Z</time>
      </trkpt>
      <trkpt lat="48.343954" lon="-0.415456">
        <ele>301.713411</ele>
        <time>2023-08-23T16:27:43.000Z</time>
      </trkpt>
      <trkpt lat="48.343855" lon="-0.409283">
        <ele>280.510143</ele>
        <time>2023-08-23T16:28:24.000Z</time>
      </trkpt>
      <trkpt lat="48.342086" lon="-0.4058">
        <ele>265.848933</ele>
        <time>2023-08-23T16:28:48.000Z</time>
      </trkpt>
      <trkpt lat="48.338185" lon="-0.405799">
        <ele>253.33224</ele>
        <time>2023-08-23T16:29:25.000Z</time>
      </trkpt>
      <trkpt lat="48.337728" lon="-0.402736">
        <ele>256.763435</ele>
        <time>2023-08-23T16:30:19.000Z</time>
      </trkpt>
      <trkpt lat="48.33674" lon="-0.402051">
        <ele>258.289111</ele>
        <time>2023-08-23T16:30:53.000Z</time>
      </trkpt>
      <trkpt lat="48.330566" lon="-0.404525">
        <ele>248.847156</ele>
        <time>2023-08-23T16:32:36.000Z</time>
      </trkpt>
      <trkpt lat="48.328859" lon="-0.404372">
        <ele>240.172063</ele>
        <time>2023-08-23T16:32:53.000Z</time>
      </trkpt>
      <trkpt lat="48.326666" lon="-0.402734">
        <ele>228.098022</ele>
        <time>2023-08-23T16:33:24.000Z</time>
      </trkpt>
      <trkpt lat="48.327816" lon="-0.400064">
        <ele>227.755345</ele>
        <time>2023-08-23T16:34:23.000Z</time>
      </trkpt>
      <trkpt lat="48.328233" lon="-0.396994">
        <ele>232.520786</ele>
        <time>2023-08-23T16:35:23.000Z</time>
      </trkpt>
      <trkpt lat="48.328221" lon="-0.393242">
        <ele>235.660567</ele>
        <time>2023-08-23T16:36:33.000Z</time>
      </trkpt>
      <trkpt lat="48.326573" lon="-0.387234">
        <ele>225.451201</ele>
        <time>2023-08-23T16:37:31.000Z</time>
      </trkpt>
      <trkpt lat="48.328534" lon="-0.376248">
        <ele>231.897641</ele>
        <time>2023-08-23T16:40:29.000Z</time>
      </trkpt>
      <trkpt lat="48.328446" lon="-0.370932">
        <ele>242.708379</ele>
        <time>2023-08-23T16:42:39.000Z</time>
      </trkpt>
      <trkpt lat="48.330891" lon="-0.364983">
        <ele>237.147334</ele>
        <time>2023-08-23T16:44:01.000Z</time>
      </trkpt>
      <trkpt lat="48.332088" lon="-0.358736">
        <ele>238.305199</ele>
        <time>2023-08-23T16:45:32.000Z</time>
      </trkpt>
      <trkpt lat="48.33362" lon="-0.354655">
        <ele>244.66046</ele>
        <time>2023-08-23T16:46:56.000Z</time>
      </trkpt>
      <trkpt lat="48.338465" lon="-0.348772">
        <ele>258.547195</ele>
        <time>2023-08-23T16:49:53.000Z</time>
      </trkpt>
      <trkpt lat="48.338386" lon="-0.343891">
        <ele>258.922025</ele>
        <time>2023-08-23T16:50:57.000Z</time>
      </trkpt>
      <trkpt lat="48.342409" lon="-0.33252">
        <ele>267.548001</ele>
        <time>2023-08-23T16:54:15.000Z</time>
      </trkpt>
      <trkpt lat="48.344414" lon="-0.323131">
        <ele>253.465135</ele>
        <time>2023-08-23T16:55:42.000Z</time>
      </trkpt>
      <trkpt lat="48.344297" lon="-0.319934">
        <ele>256.847574</ele>
        <time>2023-08-23T16:56:36.000Z</time>
      </trkpt>
      <trkpt lat="48.345822" lon="-0.30925">
        <ele>268.191434</ele>
        <time>2023-08-23T16:59:32.000Z</time>
      </trkpt>
      <trkpt lat="48.344994" lon="-0.306394">
        <ele>264.698925</ele>
        <time>2023-08-23T17:00:08.000Z</time>
      </trkpt>
      <trkpt lat="48.341861" lon="-0.299875">
        <ele>243.714228</ele>
        <time>2023-08-23T17:01:01.000Z</time>
      </trkpt>
      <trkpt lat="48.341522" lon="-0.29706">
        <ele>244.198343</ele>
        <time>2023-08-23T17:01:38.000Z</time>
      </trkpt>
      <trkpt lat="48.342052" lon="-0.296133">
        <ele>244.555544</ele>
        <time>2023-08-23T17:01:56.000Z</time>
      </trkpt>
      <trkpt lat="48.341593" lon="-0.293315">
        <ele>245.565935</ele>
        <time>2023-08-23T17:02:35.000Z</time>
      </trkpt>
      <trkpt lat="48.342309" lon="-0.286671">
        <ele>248.250531</ele>
        <time>2023-08-23T17:04:08.000Z</time>
      </trkpt>
      <trkpt lat="48.341787" lon="-0.284026">
        <ele>246.202424</ele>
        <time>2023-08-23T17:04:44.000Z</time>
      </trkpt>
      <trkpt lat="48.343435" lon="-0.282987">
        <ele>242.231527</ele>
        <time>2023-08-23T17:05:15.000Z</time>
      </trkpt>
      <trkpt lat="48.344796" lon="-0.280428">
        <ele>233.791508</ele>
        <time>2023-08-23T17:07:04.000Z</time>
      </trkpt>
      <trkpt lat="48.344949" lon="-0.275058">
        <ele>230.438078</ele>
        <time>2023-08-23T18:16:27.000Z</time>
      </trkpt>
      <trkpt lat="48.342959" lon="-0.269871">
        <ele>228.784933</ele>
        <time>2023-08-23T18:17:42.000Z</time>
      </trkpt>
      <trkpt lat="48.342315" lon="-0.262558">
        <ele>239.896561</ele>
        <time>2023-08-23T18:19:42.000Z</time>
      </trkpt>
      <trkpt lat="48.340395" lon="-0.255392">
        <ele>250.695057</ele>
        <time>2023-08-23T18:21:45.000Z</time>
      </trkpt>
      <trkpt lat="48.339711" lon="-0.25011">
        <ele>246.954348</ele>
        <time>2023-08-23T18:22:40.000Z</time>
      </trkpt>
      <trkpt lat="48.335596" lon="-0.2418">
        <ele>242.499384</ele>
        <time>2023-08-23T18:24:20.000Z</time>
      </trkpt>
      <trkpt lat="48.335227" lon="-0.234534">
        <ele>238.849454</ele>
        <time>2023-08-23T18:25:31.000Z</time>
      </trkpt>
      <trkpt lat="48.333811" lon="-0.227506">
        <ele>226.964507</ele>
        <time>2023-08-23T18:26:25.000Z</time>
      </trkpt>
      <trkpt lat="48.331151" lon="-0.223278">
        <ele>216.973377</ele>
        <time>2023-08-23T18:27:08.000Z</time>
      </trkpt>
      <trkpt lat="48.328182" lon="-0.223231">
        <ele>207.12333</ele>
        <time>2023-08-23T18:27:38.000Z</time>
      </trkpt>
      <trkpt lat="48.327448" lon="-0.221275">
        <ele>209.477673</ele>
        <time>2023-08-23T18:28:06.000Z</time>
      </trkpt>
      <trkpt lat="48.327533" lon="-0.215407">
        <ele>223.893462</ele>
        <time>2023-08-23T18:30:05.000Z</time>
      </trkpt>
      <trkpt lat="48.325971" lon="-0.208588">
        <ele>234.939213</ele>
        <time>2023-08-23T18:32:18.000Z</time>
      </trkpt>
      <trkpt lat="48.326615" lon="-0.200191">
        <ele>257.077101</ele>
        <time>2023-08-23T18:35:28.000Z</time>
      </trkpt>
      <trkpt lat="48.325525" lon="-0.195109">
        <ele>264.869338</ele>
        <time>2023-08-23T18:37:08.000Z</time>
      </trkpt>
      <trkpt lat="48.325174" lon="-0.188148">
        <ele>258.449111</ele>
        <time>2023-08-23T18:38:17.000Z</time>
      </trkpt>
      <trkpt lat="48.322374" lon="-0.178849">
        <ele>270.113983</ele>
        <time>2023-08-23T18:40:47.000Z</time>
      </trkpt>
      <trkpt lat="48.322079" lon="-0.170028">
        <ele>263.414693</ele>
        <time>2023-08-23T18:42:04.000Z</time>
      </trkpt>
      <trkpt lat="48.320364" lon="-0.161127">
        <ele>253.762566</ele>
        <time>2023-08-23T18:43:18.000Z</time>
      </trkpt>
      <trkpt lat="48.320159" lon="-0.15609">
        <ele>249.140249</ele>
        <time>2023-08-23T18:44:03.000Z</time>
      </trkpt>
      <trkpt lat="48.321611" lon="-0.149143">
        <ele>242.009818</ele>
        <time>2023-08-23T18:45:04.000Z</time>
      </trkpt>
      <trkpt lat="48.321856" lon="-0.144338">
        <ele>240.79121</ele>
        <time>2023-08-23T18:45:49.000Z</time>
      </trkpt>
      <trkpt lat="48.320931" lon="-0.139463">
        <ele>233.446288</ele>
        <time>2023-08-23T18:46:28.000Z</time>
      </trkpt>
      <trkpt lat="48.321569" lon="-0.133826">
        <ele>217.075167</ele>
        <time>2023-08-23T18:47:00.000Z</time>
      </trkpt>
      <trkpt lat="48.320397" lon="-0.127583">
        <ele>208.779128</ele>
        <time>2023-08-23T18:47:47.000Z</time>
      </trkpt>
      <trkpt lat="48.323782" lon="-0.121521">
        <ele>194.959522</ele>
        <time>2023-08-23T18:48:45.000Z</time>
      </trkpt>
      <trkpt lat="48.324226" lon="-0.117115">
        <ele>180.387356</ele>
        <time>2023-08-23T18:49:10.000Z</time>
      </trkpt>
      <trkpt lat="48.323143" lon="-0.115744">
        <ele>171.47932</ele>
        <time>2023-08-23T18:49:25.000Z</time>
      </trkpt>
      <trkpt lat="48.321122" lon="-0.114811">
        <ele>160.373019</ele>
        <time>2023-08-23T18:49:47.000Z</time>
      </trkpt>
      <trkpt lat="48.321614" lon="-0.110113">
        <ele>161.549167</ele>
        <time>2023-08-23T18:50:40.000Z</time>
      </trkpt>
      <trkpt lat="48.319159" lon="-0.100392">
        <ele>153.233327</ele>
        <time>2023-08-23T18:52:35.000Z</time>
      </trkpt>
      <trkpt lat="48.318686" lon="-0.093995">
        <ele>152.252759</ele>
        <time>2023-08-23T18:53:40.000Z</time>
      </trkpt>
      <trkpt lat="48.317572" lon="-0.091544">
        <ele>150.9851</ele>
        <time>2023-08-23T18:54:10.000Z</time>
      </trkpt>
      <trkpt lat="48.316481" lon="-0.086181">
        <ele>146.590555</ele>
        <time>2023-08-23T18:54:58.000Z</time>
      </trkpt>
      <trkpt lat="48.316063" lon="-0.080158">
        <ele>145.058454</ele>
        <time>2023-08-23T18:55:54.000Z</time>
      </trkpt>
      <trkpt lat="48.314985" lon="-0.074872">
        <ele>145.264719</ele>
        <time>2023-08-23T18:56:49.000Z</time>
      </trkpt>
      <trkpt lat="48.312695" lon="-0.070746">
        <ele>142.865984</ele>
        <time>2023-08-23T18:57:38.000Z</time>
      </trkpt>
      <trkpt lat="48.309532" lon="-0.068027">
        <ele>142.477349</ele>
        <time>2023-08-23T18:58:31.000Z</time>
      </trkpt>
      <trkpt lat="48.308751" lon="-0.066615">
        <ele>143.455018</ele>
        <time>2023-08-23T18:58:51.000Z</time>
      </trkpt>
      <trkpt lat="48.308761" lon="-0.065447">
        <ele>144.51078</ele>
        <time>2023-08-23T18:59:07.000Z</time>
      </trkpt>
      <trkpt lat="48.313333" lon="-0.053188">
        <ele>158.969228</ele>
        <time>2023-08-23T19:02:30.000Z</time>
      </trkpt>
      <trkpt lat="48.31334" lon="-0.049256">
        <ele>162.968996</ele>
        <time>2023-08-23T19:03:31.000Z</time>
      </trkpt>
      <trkpt lat="48.316798" lon="-0.040203">
        <ele>186.066029</ele>
        <time>2023-08-23T19:07:17.000Z</time>
      </trkpt>
      <trkpt lat="48.317308" lon="-0.032567">
        <ele>200.570831</ele>
        <time>2023-08-23T19:11:20.000Z</time>
      </trkpt>
      <trkpt lat="48.317964" lon="-0.03013">
        <ele>202.108798</ele>
        <time>2023-08-23T19:12:02.000Z</time>
      </trkpt>
      <trkpt lat="48.317453" lon="-0.027149">
        <ele>203.099217</ele>
        <time>2023-08-23T19:12:51.000Z</time>
      </trkpt>
      <trkpt lat="48.317997" lon="-0.020572">
        <ele>197.815567</ele>
        <time>2023-08-23T19:14:06.000Z</time>
      </trkpt>
      <trkpt lat="48.322564" lon="-0.01092">
        <ele>198.727843</ele>
        <time>2023-08-23T19:16:52.000Z</time>
      </trkpt>
      <trkpt lat="48.322735" lon="-0.007733">
        <ele>196.16034</ele>
        <time>2023-08-23T19:18:26.000Z</time>
      </trkpt>
      <trkpt lat="48.328309" lon="-0.005318">
        <ele>202.809657</ele>
        <time>2023-08-23T19:20:29.000Z</time>
      </trkpt>
      <trkpt lat="48.333533" lon="0.0016">
        <ele>200.837233</ele>
        <time>2023-08-23T19:22:31.000Z</time>
      </trkpt>
      <trkpt lat="48.33755" lon="0.002458">
        <ele>205.313399</ele>
        <time>2023-08-23T19:23:54.000Z</time>
      </trkpt>
      <trkpt lat="48.341151" lon="0.006228">
        <ele>212.867655</ele>
        <time>2023-08-23T19:25:39.000Z</time>
      </trkpt>
      <trkpt lat="48.345079" lon="0.007091">
        <ele>218.404139</ele>
        <time>2023-08-23T19:30:26.000Z</time>
      </trkpt>
      <trkpt lat="48.35238" lon="0.013897">
        <ele>227.156459</ele>
        <time>2023-08-23T19:33:46.000Z</time>
      </trkpt>
      <trkpt lat="48.355071" lon="0.015015">
        <ele>221.669855</ele>
        <time>2023-08-23T19:34:21.000Z</time>
      </trkpt>
      <trkpt lat="48.355116" lon="0.021358">
        <ele>220.133731</ele>
        <time>2023-08-23T19:35:42.000Z</time>
      </trkpt>
      <trkpt lat="48.358409" lon="0.022048">
        <ele>232.155852</ele>
        <time>2023-08-23T19:37:28.000Z</time>
      </trkpt>
      <trkpt lat="48.366911" lon="0.027096">
        <ele>241.337636</ele>
        <time>2023-08-23T19:41:12.000Z</time>
      </trkpt>
      <trkpt lat="48.368712" lon="0.028741">
        <ele>238.587272</ele>
        <time>2023-08-23T19:41:41.000Z</time>
      </trkpt>
      <trkpt lat="48.372636" lon="0.035428">
        <ele>227.570565</ele>
        <time>2023-08-23T19:43:00.000Z</time>
      </trkpt>
      <trkpt lat="48.378854" lon="0.039593">
        <ele>217.366391</ele>
        <time>2023-08-23T19:44:35.000Z</time>
      </trkpt>
      <trkpt lat="48.382146" lon="0.039848">
        <ele>219.890489</ele>
        <time>2023-08-23T19:45:43.000Z</time>
      </trkpt>
      <trkpt lat="48.389446" lon="0.047076">
        <ele>227.324187</ele>
        <time>2023-08-23T19:48:47.000Z</time>
      </trkpt>
      <trkpt lat="48.392159" lon="0.05436">
        <ele>219.570017</ele>
        <time>2023-08-23T19:50:08.000Z</time>
      </trkpt>
      <trkpt lat="48.396343" lon="0.059487">
        <ele>222.490953</ele>
        <time>2023-08-23T19:51:46.000Z</time>
      </trkpt>
      <trkpt lat="48.40136" lon="0.063364">
        <ele>222.189644</ele>
        <time>2023-08-23T19:53:11.000Z</time>
      </trkpt>
      <trkpt lat="48.407912" lon="0.065092">
        <ele>219.241733</ele>
        <time>2023-08-23T19:54:49.000Z</time>
      </trkpt>
      <trkpt lat="48.415774" lon="0.074421">
        <ele>188.529374</ele>
        <time>2023-08-23T19:56:39.000Z</time>
      </trkpt>
      <trkpt lat="48.422794" lon="0.080636">
        <ele>176.927701</ele>
        <time>2023-08-23T19:58:34.000Z</time>
      </trkpt>
      <trkpt lat="48.422323" lon="0.089611">
        <ele>184.038743</ele>
        <time>2023-08-23T20:00:48.000Z</time>
      </trkpt>
      <trkpt lat="48.430912" lon="0.096162">
        <ele>184.97596</ele>
        <time>2023-08-23T20:03:56.000Z</time>
      </trkpt>
      <trkpt lat="48.431566" lon="0.100257">
        <ele>186.50848</ele>
        <time>2023-08-23T20:04:48.000Z</time>
      </trkpt>
      <trkpt lat="48.434469" lon="0.110523">
        <ele>181.730847</ele>
        <time>2023-08-23T20:07:00.000Z</time>
      </trkpt>
      <trkpt lat="48.435465" lon="0.114982">
        <ele>180.318308</ele>
        <time>2023-08-23T20:07:54.000Z</time>
      </trkpt>
      <trkpt lat="48.433908" lon="0.118308">
        <ele>178.906409</ele>
        <time>2023-08-23T20:08:37.000Z</time>
      </trkpt>
      <trkpt lat="48.43346" lon="0.125368">
        <ele>179.922084</ele>
        <time>2023-08-23T20:09:53.000Z</time>
      </trkpt>
      <trkpt lat="48.432346" lon="0.12627">
        <ele>180.120275</ele>
        <time>2023-08-23T20:10:15.000Z</time>
      </trkpt>
      <trkpt lat="48.432226" lon="0.127114">
        <ele>180.379903</ele>
        <time>2023-08-23T20:10:27.000Z</time>
      </trkpt>
      <trkpt lat="48.432125" lon="0.133303">
        <ele>184.178942</ele>
        <time>2023-08-23T20:11:46.000Z</time>
      </trkpt>
      <trkpt lat="48.433682" lon="0.139332">
        <ele>191.547837</ele>
        <time>2023-08-23T20:13:27.000Z</time>
      </trkpt>
      <trkpt lat="48.433622" lon="0.143647">
        <ele>193.444129</ele>
        <time>2023-08-23T20:14:19.000Z</time>
      </trkpt>
      <trkpt lat="48.435454" lon="0.147381">
        <ele>193.398769</ele>
        <time>2023-08-23T20:15:09.000Z</time>
      </trkpt>
      <trkpt lat="48.435903" lon="0.150746">
        <ele>193.755055</ele>
        <time>2023-08-23T20:15:43.000Z</time>
      </trkpt>
      <trkpt lat="48.437507" lon="0.155834">
        <ele>195.177982</ele>
        <time>2023-08-23T20:16:38.000Z</time>
      </trkpt>
      <trkpt lat="48.441213" lon="0.162654">
        <ele>195.074735</ele>
        <time>2023-08-23T20:18:07.000Z</time>
      </trkpt>
      <trkpt lat="48.443744" lon="0.164218">
        <ele>195.232516</ele>
        <time>2023-08-23T20:18:52.000Z</time>
      </trkpt>
      <trkpt lat="48.446811" lon="0.171871">
        <ele>188.893593</ele>
        <time>2023-08-23T20:20:11.000Z</time>
      </trkpt>
      <trkpt lat="48.448758" lon="0.178425">
        <ele>184.575976</ele>
        <time>2023-08-23T20:21:18.000Z</time>
      </trkpt>
      <trkpt lat="48.447298" lon="0.186858">
        <ele>186.264829</ele>
        <time>2023-08-23T20:22:53.000Z</time>
      </trkpt>
      <trkpt lat="48.448774" lon="0.190714">
        <ele>183.22635</ele>
        <time>2023-08-23T20:23:40.000Z</time>
      </trkpt>
      <trkpt lat="48.448563" lon="0.196404">
        <ele>183.897171</ele>
        <time>2023-08-23T20:24:42.000Z</time>
      </trkpt>
      <trkpt lat="48.446276" lon="0.204062">
        <ele>185.663312</ele>
        <time>2023-08-23T20:26:35.000Z</time>
      </trkpt>
      <trkpt lat="48.447534" lon="0.212461">
        <ele>186.818754</ele>
        <time>2023-08-23T20:28:25.000Z</time>
      </trkpt>
      <trkpt lat="48.445422" lon="0.215839">
        <ele>191.518727</ele>
        <time>2023-08-23T20:29:35.000Z</time>
      </trkpt>
      <trkpt lat="48.444764" lon="0.219275">
        <ele>194.404127</ele>
        <time>2023-08-23T20:30:34.000Z</time>
      </trkpt>
      <trkpt lat="48.443191" lon="0.221924">
        <ele>196.840008</ele>
        <time>2023-08-23T20:31:27.000Z</time>
      </trkpt>
      <trkpt lat="48.441945" lon="0.228127">
        <ele>201.573737</ele>
        <time>2023-08-23T20:33:14.000Z</time>
      </trkpt>
      <trkpt lat="48.444715" lon="0.240418">
        <ele>210.882479</ele>
        <time>2023-08-23T20:36:32.000Z</time>
      </trkpt>
      <trkpt lat="48.44542" lon="0.246654">
        <ele>210.873773</ele>
        <time>2023-08-23T20:37:58.000Z</time>
      </trkpt>
      <trkpt lat="48.447528" lon="0.250733">
        <ele>206.751002</ele>
        <time>2023-08-23T20:38:53.000Z</time>
      </trkpt>
      <trkpt lat="48.447766" lon="0.252483">
        <ele>206.760776</ele>
        <time>2023-08-23T20:39:14.000Z</time>
      </trkpt>
      <trkpt lat="48.447681" lon="0.254374">
        <ele>207.339395</ele>
        <time>2023-08-23T20:49:29.000Z</time>
      </trkpt>
      <trkpt lat="48.444992" lon="0.256006">
        <ele>211.873649</ele>
        <time>2023-08-23T20:50:46.000Z</time>
      </trkpt>
      <trkpt lat="48.445662" lon="0.26676">
        <ele>205.302564</ele>
        <time>2023-08-23T20:54:54.000Z</time>
      </trkpt>
      <trkpt lat="48.444373" lon="0.274123">
        <ele>225.660701</ele>
        <time>2023-08-23T20:58:01.000Z</time>
      </trkpt>
      <trkpt lat="48.447962" lon="0.288153">
        <ele>203.65406</ele>
        <time>2023-08-23T21:00:04.000Z</time>
      </trkpt>
      <trkpt lat="48.450574" lon="0.293926">
        <ele>205.331474</ele>
        <time>2023-08-23T21:01:22.000Z</time>
      </trkpt>
      <trkpt lat="48.45606" lon="0.298091">
        <ele>198.358276</ele>
        <time>2023-08-23T21:02:53.000Z</time>
      </trkpt>
      <trkpt lat="48.459994" lon="0.298763">
        <ele>194.525144</ele>
        <time>2023-08-23T21:03:47.000Z</time>
      </trkpt>
      <trkpt lat="48.463252" lon="0.301961">
        <ele>193.137229</ele>
        <time>2023-08-23T21:04:41.000Z</time>
      </trkpt>
      <trkpt lat="48.463333" lon="0.308216">
        <ele>190.960697</ele>
        <time>2023-08-23T21:05:49.000Z</time>
      </trkpt>
      <trkpt lat="48.464599" lon="0.313552">
        <ele>190.904994</ele>
        <time>2023-08-23T21:06:49.000Z</time>
      </trkpt>
      <trkpt lat="48.464125" lon="0.316117">
        <ele>191.517477</ele>
        <time>2023-08-23T21:07:19.000Z</time>
      </trkpt>
      <trkpt lat="48.464438" lon="0.318214">
        <ele>192.416307</ele>
        <time>2023-08-23T21:07:43.000Z</time>
      </trkpt>
      <trkpt lat="48.463494" lon="0.323699">
        <ele>194.418558</ele>
        <time>2023-08-23T21:08:48.000Z</time>
      </trkpt>
      <trkpt lat="48.459986" lon="0.328896">
        <ele>196.439515</ele>
        <time>2023-08-23T21:10:14.000Z</time>
      </trkpt>
      <trkpt lat="48.457889" lon="0.3338">
        <ele>196.526825</ele>
        <time>2023-08-23T21:11:21.000Z</time>
      </trkpt>
      <trkpt lat="48.458237" lon="0.337044">
        <ele>195.166008</ele>
        <time>2023-08-23T21:11:57.000Z</time>
      </trkpt>
      <trkpt lat="48.457846" lon="0.342657">
        <ele>193.669156</ele>
        <time>2023-08-23T21:12:55.000Z</time>
      </trkpt>
      <trkpt lat="48.456786" lon="0.34711">
        <ele>193.265339</ele>
        <time>2023-08-23T21:13:46.000Z</time>
      </trkpt>
      <trkpt lat="48.459202" lon="0.347777">
        <ele>193.243226</ele>
        <time>2023-08-23T21:14:40.000Z</time>
      </trkpt>
      <trkpt lat="48.461133" lon="0.354667">
        <ele>194.535516</ele>
        <time>2023-08-23T21:16:06.000Z</time>
      </trkpt>
      <trkpt lat="48.460361" lon="0.376609">
        <ele>204.84597</ele>
        <time>2023-08-23T21:20:39.000Z</time>
      </trkpt>
      <trkpt lat="48.456097" lon="0.384129">
        <ele>204.335703</ele>
        <time>2023-08-23T21:22:38.000Z</time>
      </trkpt>
      <trkpt lat="48.4503" lon="0.403599">
        <ele>217.729891</ele>
        <time>2023-08-23T21:28:13.000Z</time>
      </trkpt>
      <trkpt lat="48.446428" lon="0.408365">
        <ele>215.651005</ele>
        <time>2023-08-23T21:29:47.000Z</time>
      </trkpt>
      <trkpt lat="48.444442" lon="0.412442">
        <ele>220.220135</ele>
        <time>2023-08-23T21:31:02.000Z</time>
      </trkpt>
      <trkpt lat="48.443894" lon="0.414436">
        <ele>225.385002</ele>
        <time>2023-08-23T21:31:52.000Z</time>
      </trkpt>
      <trkpt lat="48.443882" lon="0.417584">
        <ele>234.863046</ele>
        <time>2023-08-23T21:33:24.000Z</time>
      </trkpt>
      <trkpt lat="48.438341" lon="0.424891">
        <ele>221.712926</ele>
        <time>2023-08-23T21:35:29.000Z</time>
      </trkpt>
      <trkpt lat="48.437325" lon="0.428788">
        <ele>228.865662</ele>
        <time>2023-08-23T21:37:03.000Z</time>
      </trkpt>
      <trkpt lat="48.436107" lon="0.446885">
        <ele>220.264816</ele>
        <time>2023-08-23T21:40:36.000Z</time>
      </trkpt>
      <trkpt lat="48.442433" lon="0.463631">
        <ele>219.207376</ele>
        <time>2023-08-23T21:44:40.000Z</time>
      </trkpt>
      <trkpt lat="48.457414" lon="0.480708">
        <ele>223.371904</ele>
        <time>2023-08-23T21:57:25.000Z</time>
      </trkpt>
      <trkpt lat="48.466025" lon="0.483129">
        <ele>238.694569</ele>
        <time>2023-08-23T22:00:59.000Z</time>
      </trkpt>
      <trkpt lat="48.469122" lon="0.490029">
        <ele>225.93963</ele>
        <time>2023-08-23T22:02:04.000Z</time>
      </trkpt>
      <trkpt lat="48.469346" lon="0.494261">
        <ele>234.805438</ele>
        <time>2023-08-23T22:03:25.000Z</time>
      </trkpt>
      <trkpt lat="48.47353" lon="0.495292">
        <ele>250.296841</ele>
        <time>2023-08-23T22:05:56.000Z</time>
      </trkpt>
      <trkpt lat="48.47881" lon="0.504673">
        <ele>246.877045</ele>
        <time>2023-08-23T22:08:06.000Z</time>
      </trkpt>
      <trkpt lat="48.481585" lon="0.504261">
        <ele>239.70026</ele>
        <time>2023-08-23T22:08:40.000Z</time>
      </trkpt>
      <trkpt lat="48.482013" lon="0.508299">
        <ele>246.988779</ele>
        <time>2023-08-23T22:10:06.000Z</time>
      </trkpt>
      <trkpt lat="48.485021" lon="0.512082">
        <ele>248.310339</ele>
        <time>2023-08-23T22:11:30.000Z</time>
      </trkpt>
      <trkpt lat="48.488067" lon="0.513504">
        <ele>248.671139</ele>
        <time>2023-08-23T22:12:27.000Z</time>
      </trkpt>
      <trkpt lat="48.493763" lon="0.514147">
        <ele>244.48813</ele>
        <time>2023-08-23T22:14:05.000Z</time>
      </trkpt>
      <trkpt lat="48.497122" lon="0.520915">
        <ele>224.889999</ele>
        <time>2023-08-23T22:15:01.000Z</time>
      </trkpt>
      <trkpt lat="48.498002" lon="0.521426">
        <ele>230.41459</ele>
        <time>2023-08-23T22:15:32.000Z</time>
      </trkpt>
      <trkpt lat="48.499956" lon="0.520896">
        <ele>239.817304</ele>
        <time>2023-08-23T22:16:57.000Z</time>
      </trkpt>
      <trkpt lat="48.501145" lon="0.5216">
        <ele>242.474384</ele>
        <time>2023-08-23T22:17:32.000Z</time>
      </trkpt>
      <trkpt lat="48.50654" lon="0.528952">
        <ele>224.461103</ele>
        <time>2023-08-23T22:19:03.000Z</time>
      </trkpt>
      <trkpt lat="48.511223" lon="0.539688">
        <ele>252.412533</ele>
        <time>2023-08-23T22:23:06.000Z</time>
      </trkpt>
      <trkpt lat="48.518185" lon="0.542138">
        <ele>288.065021</ele>
        <time>2023-08-23T22:28:05.000Z</time>
      </trkpt>
      <trkpt lat="48.519669" lon="0.541713">
        <ele>297.171029</ele>
        <time>2023-08-23T22:29:08.000Z</time>
      </trkpt>
      <trkpt lat="48.521266" lon="0.540594">
        <ele>309.385066</ele>
        <time>2023-08-23T22:35:40.000Z</time>
      </trkpt>
      <trkpt lat="48.521741" lon="0.541229">
        <ele>318.548756</ele>
        <time>2023-08-24T01:03:27.000Z</time>
      </trkpt>
      <trkpt lat="48.520702" lon="0.543056">
        <ele>317.596754</ele>
        <time>2023-08-24T01:04:05.000Z</time>
      </trkpt>
      <trkpt lat="48.521239" lon="0.544183">
        <ele>316.258529</ele>
        <time>2023-08-24T01:04:29.000Z</time>
      </trkpt>
      <trkpt lat="48.52086" lon="0.54493">
        <ele>314.753761</ele>
        <time>2023-08-24T01:04:45.000Z</time>
      </trkpt>
      <trkpt lat="48.522781" lon="0.549984">
        <ele>296.559404</ele>
        <time>2023-08-24T01:05:42.000Z</time>
      </trkpt>
      <trkpt lat="48.521959" lon="0.554511">
        <ele>287.793718</ele>
        <time>2023-08-24T01:06:40.000Z</time>
      </trkpt>
      <trkpt lat="48.520598" lon="0.557704">
        <ele>277.141642</ele>
        <time>2023-08-24T01:07:10.000Z</time>
      </trkpt>
      <trkpt lat="48.519794" lon="0.565385">
        <ele>253.296065</ele>
        <time>2023-08-24T01:08:00.000Z</time>
      </trkpt>
      <trkpt lat="48.5186" lon="0.568122">
        <ele>254.512676</ele>
        <time>2023-08-24T01:08:46.000Z</time>
      </trkpt>
      <trkpt lat="48.519069" lon="0.572948">
        <ele>258.210037</ele>
        <time>2023-08-24T01:10:02.000Z</time>
      </trkpt>
      <trkpt lat="48.51833" lon="0.579138">
        <ele>258.933679</ele>
        <time>2023-08-24T01:11:12.000Z</time>
      </trkpt>
      <trkpt lat="48.513953" lon="0.590231">
        <ele>246.841138</ele>
        <time>2023-08-24T01:15:16.000Z</time>
      </trkpt>
      <trkpt lat="48.512439" lon="0.600781">
        <ele>263.073721</ele>
        <time>2023-08-24T01:18:25.000Z</time>
      </trkpt>
      <trkpt lat="48.513119" lon="0.612769">
        <ele>244.56954</ele>
        <time>2023-08-24T01:20:03.000Z</time>
      </trkpt>
      <trkpt lat="48.511871" lon="0.616135">
        <ele>254.335454</ele>
        <time>2023-08-24T01:21:19.000Z</time>
      </trkpt>
      <trkpt lat="48.509985" lon="0.617703">
        <ele>265.898585</ele>
        <time>2023-08-24T01:22:50.000Z</time>
      </trkpt>
      <trkpt lat="48.509637" lon="0.618797">
        <ele>270.063099</ele>
        <time>2023-08-24T01:23:28.000Z</time>
      </trkpt>
      <trkpt lat="48.510289" lon="0.625628">
        <ele>283.66525</ele>
        <time>2023-08-24T01:25:59.000Z</time>
      </trkpt>
      <trkpt lat="48.509653" lon="0.630807">
        <ele>269.792414</ele>
        <time>2023-08-24T01:26:37.000Z</time>
      </trkpt>
      <trkpt lat="48.50983" lon="0.633882">
        <ele>264.614087</ele>
        <time>2023-08-24T01:27:03.000Z</time>
      </trkpt>
      <trkpt lat="48.513156" lon="0.645828">
        <ele>241.422701</ele>
        <time>2023-08-24T01:28:46.000Z</time>
      </trkpt>
      <trkpt lat="48.514372" lon="0.657091">
        <ele>254.920321</ele>
        <time>2023-08-24T01:32:08.000Z</time>
      </trkpt>
      <trkpt lat="48.515315" lon="0.658494">
        <ele>260.989052</ele>
        <time>2023-08-24T01:33:12.000Z</time>
      </trkpt>
      <trkpt lat="48.518849" lon="0.659994">
        <ele>263.92186</ele>
        <time>2023-08-24T01:35:05.000Z</time>
      </trkpt>
      <trkpt lat="48.521265" lon="0.667094">
        <ele>274.779727</ele>
        <time>2023-08-24T01:37:14.000Z</time>
      </trkpt>
      <trkpt lat="48.520586" lon="0.669361">
        <ele>284.04057</ele>
        <time>2023-08-24T01:38:20.000Z</time>
      </trkpt>
      <trkpt lat="48.5209" lon="0.673077">
        <ele>296.146523</ele>
        <time>2023-08-24T01:40:13.000Z</time>
      </trkpt>
      <trkpt lat="48.516841" lon="0.678656">
        <ele>295.600666</ele>
        <time>2023-08-24T01:41:56.000Z</time>
      </trkpt>
      <trkpt lat="48.517218" lon="0.690261">
        <ele>278.569008</ele>
        <time>2023-08-24T01:43:41.000Z</time>
      </trkpt>
      <trkpt lat="48.515675" lon="0.692502">
        <ele>267.553913</ele>
        <time>2023-08-24T01:44:00.000Z</time>
      </trkpt>
      <trkpt lat="48.514889" lon="0.695935">
        <ele>253.794797</ele>
        <time>2023-08-24T01:44:24.000Z</time>
      </trkpt>
      <trkpt lat="48.513415" lon="0.699262">
        <ele>240.207317</ele>
        <time>2023-08-24T01:45:02.000Z</time>
      </trkpt>
      <trkpt lat="48.513388" lon="0.700984">
        <ele>234.335632</ele>
        <time>2023-08-24T01:45:13.000Z</time>
      </trkpt>
      <trkpt lat="48.515296" lon="0.703776">
        <ele>230.175301</ele>
        <time>2023-08-24T01:45:54.000Z</time>
      </trkpt>
      <trkpt lat="48.521858" lon="0.703891">
        <ele>264.454667</ele>
        <time>2023-08-24T01:50:56.000Z</time>
      </trkpt>
      <trkpt lat="48.524222" lon="0.705981">
        <ele>279.91744</ele>
        <time>2023-08-24T01:53:11.000Z</time>
      </trkpt>
      <trkpt lat="48.526035" lon="0.712682">
        <ele>298.147389</ele>
        <time>2023-08-24T01:56:26.000Z</time>
      </trkpt>
      <trkpt lat="48.529195" lon="0.721171">
        <ele>290.25753</ele>
        <time>2023-08-24T01:58:07.000Z</time>
      </trkpt>
      <trkpt lat="48.529425" lon="0.732784">
        <ele>290.839582</ele>
        <time>2023-08-24T02:00:26.000Z</time>
      </trkpt>
      <trkpt lat="48.530727" lon="0.743363">
        <ele>281.387312</ele>
        <time>2023-08-24T02:02:16.000Z</time>
      </trkpt>
      <trkpt lat="48.530093" lon="0.749539">
        <ele>248.311746</ele>
        <time>2023-08-24T02:03:00.000Z</time>
      </trkpt>
      <trkpt lat="48.529" lon="0.751321">
        <ele>236.560131</ele>
        <time>2023-08-24T02:03:31.000Z</time>
      </trkpt>
      <trkpt lat="48.530785" lon="0.75273">
        <ele>233.916251</ele>
        <time>2023-08-24T02:04:18.000Z</time>
      </trkpt>
      <trkpt lat="48.530383" lon="0.753539">
        <ele>234.388999</ele>
        <time>2023-08-24T02:04:47.000Z</time>
      </trkpt>
      <trkpt lat="48.530554" lon="0.755377">
        <ele>236.248866</ele>
        <time>2023-08-24T02:05:38.000Z</time>
      </trkpt>
      <trkpt lat="48.528863" lon="0.757641">
        <ele>240.171845</ele>
        <time>2023-08-24T02:06:44.000Z</time>
      </trkpt>
      <trkpt lat="48.525118" lon="0.771795">
        <ele>245.053683</ele>
        <time>2023-08-24T02:10:08.000Z</time>
      </trkpt>
      <trkpt lat="48.521639" lon="0.776794">
        <ele>266.744085</ele>
        <time>2023-08-24T02:14:29.000Z</time>
      </trkpt>
      <trkpt lat="48.521085" lon="0.780029">
        <ele>278.282425</ele>
        <time>2023-08-24T02:16:16.000Z</time>
      </trkpt>
      <trkpt lat="48.521229" lon="0.784382">
        <ele>287.289786</ele>
        <time>2023-08-24T02:18:08.000Z</time>
      </trkpt>
      <trkpt lat="48.518801" lon="0.789142">
        <ele>278.651876</ele>
        <time>2023-08-24T02:19:20.000Z</time>
      </trkpt>
      <trkpt lat="48.519175" lon="0.801691">
        <ele>273.860201</ele>
        <time>2023-08-24T02:22:01.000Z</time>
      </trkpt>
      <trkpt lat="48.519869" lon="0.806689">
        <ele>295.805846</ele>
        <time>2023-08-24T02:26:00.000Z</time>
      </trkpt>
      <trkpt lat="48.521083" lon="0.808588">
        <ele>304.883168</ele>
        <time>2023-08-24T02:27:27.000Z</time>
      </trkpt>
      <trkpt lat="48.525465" lon="0.819954">
        <ele>301.72404</ele>
        <time>2023-08-24T02:30:15.000Z</time>
      </trkpt>
      <trkpt lat="48.528351" lon="0.829562">
        <ele>307.606331</ele>
        <time>2023-08-24T02:32:51.000Z</time>
      </trkpt>
      <trkpt lat="48.531424" lon="0.834775">
        <ele>306.80907</ele>
        <time>2023-08-24T02:34:10.000Z</time>
      </trkpt>
      <trkpt lat="48.533086" lon="0.840179">
        <ele>303.549016</ele>
        <time>2023-08-24T02:35:19.000Z</time>
      </trkpt>
      <trkpt lat="48.535848" lon="0.843044">
        <ele>302.275489</ele>
        <time>2023-08-24T02:36:13.000Z</time>
      </trkpt>
      <trkpt lat="48.539102" lon="0.867287">
        <ele>299.409686</ele>
        <time>2023-08-24T02:41:00.000Z</time>
      </trkpt>
      <trkpt lat="48.539569" lon="0.877197">
        <ele>291.702128</ele>
        <time>2023-08-24T02:42:39.000Z</time>
      </trkpt>
      <trkpt lat="48.540666" lon="0.884278">
        <ele>291.955136</ele>
        <time>2023-08-24T02:44:03.000Z</time>
      </trkpt>
      <trkpt lat="48.542083" lon="0.889454">
        <ele>290.866712</ele>
        <time>2023-08-24T02:45:05.000Z</time>
      </trkpt>
      <trkpt lat="48.541673" lon="0.903775">
        <ele>287.477264</ele>
        <time>2023-08-24T03:11:10.000Z</time>
      </trkpt>
      <trkpt lat="48.54041" lon="0.908877">
        <ele>285.513685</ele>
        <time>2023-08-24T03:12:17.000Z</time>
      </trkpt>
      <trkpt lat="48.538712" lon="0.920187">
        <ele>285.479816</ele>
        <time>2023-08-24T03:17:32.000Z</time>
      </trkpt>
      <trkpt lat="48.533442" lon="0.935344">
        <ele>283.275391</ele>
        <time>2023-08-24T03:20:49.000Z</time>
      </trkpt>
      <trkpt lat="48.537669" lon="0.942482">
        <ele>296.215097</ele>
        <time>2023-08-24T03:23:53.000Z</time>
      </trkpt>
      <trkpt lat="48.540571" lon="0.951568">
        <ele>316.169194</ele>
        <time>2023-08-24T03:27:44.000Z</time>
      </trkpt>
      <trkpt lat="48.544132" lon="0.956922">
        <ele>336.754008</ele>
        <time>2023-08-24T03:31:01.000Z</time>
      </trkpt>
      <trkpt lat="48.549" lon="0.969512">
        <ele>336.053569</ele>
        <time>2023-08-24T03:34:06.000Z</time>
      </trkpt>
      <trkpt lat="48.55358" lon="0.993091">
        <ele>329.752746</ele>
        <time>2023-08-24T03:38:40.000Z</time>
      </trkpt>
      <trkpt lat="48.561846" lon="1.009111">
        <ele>309.674854</ele>
        <time>2023-08-24T03:41:42.000Z</time>
      </trkpt>
      <trkpt lat="48.563028" lon="1.020062">
        <ele>300.654638</ele>
        <time>2023-08-24T03:43:31.000Z</time>
      </trkpt>
      <trkpt lat="48.562937" lon="1.023486">
        <ele>298.592515</ele>
        <time>2023-08-24T03:44:04.000Z</time>
      </trkpt>
      <trkpt lat="48.561835" lon="1.027983">
        <ele>295.087232</ele>
        <time>2023-08-24T03:44:56.000Z</time>
      </trkpt>
      <trkpt lat="48.561982" lon="1.030281">
        <ele>292.591221</ele>
        <time>2023-08-24T03:45:22.000Z</time>
      </trkpt>
      <trkpt lat="48.561112" lon="1.031086">
        <ele>291.621037</ele>
        <time>2023-08-24T03:57:02.000Z</time>
      </trkpt>
      <trkpt lat="48.560851" lon="1.03238">
        <ele>291.565906</ele>
        <time>2023-08-24T03:57:21.000Z</time>
      </trkpt>
      <trkpt lat="48.562201" lon="1.032776">
        <ele>289.618181</ele>
        <time>2023-08-24T03:57:48.000Z</time>
      </trkpt>
      <trkpt lat="48.5619" lon="1.038597">
        <ele>288.040619</ele>
        <time>2023-08-24T03:59:08.000Z</time>
      </trkpt>
      <trkpt lat="48.565602" lon="1.045068">
        <ele>284.132818</ele>
        <time>2023-08-24T04:00:42.000Z</time>
      </trkpt>
      <trkpt lat="48.571779" lon="1.048318">
        <ele>281.269436</ele>
        <time>2023-08-24T04:02:26.000Z</time>
      </trkpt>
      <trkpt lat="48.574106" lon="1.054468">
        <ele>280.307306</ele>
        <time>2023-08-24T04:03:39.000Z</time>
      </trkpt>
      <trkpt lat="48.578114" lon="1.06231">
        <ele>285.424679</ele>
        <time>2023-08-24T04:05:53.000Z</time>
      </trkpt>
      <trkpt lat="48.583139" lon="1.067886">
        <ele>280.360994</ele>
        <time>2023-08-24T04:07:31.000Z</time>
      </trkpt>
      <trkpt lat="48.592245" lon="1.083399">
        <ele>272.402215</ele>
        <time>2023-08-24T04:11:03.000Z</time>
      </trkpt>
      <trkpt lat="48.598484" lon="1.090692">
        <ele>270.779071</ele>
        <time>2023-08-24T04:13:14.000Z</time>
      </trkpt>
      <trkpt lat="48.603712" lon="1.106222">
        <ele>263.653304</ele>
        <time>2023-08-24T04:16:22.000Z</time>
      </trkpt>
      <trkpt lat="48.611557" lon="1.105618">
        <ele>266.292412</ele>
        <time>2023-08-24T04:18:51.000Z</time>
      </trkpt>
      <trkpt lat="48.619995" lon="1.113736">
        <ele>256.522501</ele>
        <time>2023-08-24T04:21:24.000Z</time>
      </trkpt>
      <trkpt lat="48.626473" lon="1.11792">
        <ele>245.833727</ele>
        <time>2023-08-24T04:22:57.000Z</time>
      </trkpt>
      <trkpt lat="48.627619" lon="1.121873">
        <ele>242.626342</ele>
        <time>2023-08-24T04:23:40.000Z</time>
      </trkpt>
      <trkpt lat="48.629717" lon="1.123348">
        <ele>242.517093</ele>
        <time>2023-08-24T04:24:15.000Z</time>
      </trkpt>
      <trkpt lat="48.62987" lon="1.127392">
        <ele>242.543005</ele>
        <time>2023-08-24T04:25:16.000Z</time>
      </trkpt>
      <trkpt lat="48.630616" lon="1.129022">
        <ele>242.142287</ele>
        <time>2023-08-24T04:25:43.000Z</time>
      </trkpt>
      <trkpt lat="48.630769" lon="1.140092">
        <ele>243.795669</ele>
        <time>2023-08-24T04:28:07.000Z</time>
      </trkpt>
      <trkpt lat="48.631326" lon="1.142913">
        <ele>242.896551</ele>
        <time>2023-08-24T04:28:37.000Z</time>
      </trkpt>
      <trkpt lat="48.634318" lon="1.146804">
        <ele>249.540453</ele>
        <time>2023-08-24T04:30:10.000Z</time>
      </trkpt>
      <trkpt lat="48.640619" lon="1.166691">
        <ele>250.220662</ele>
        <time>2023-08-24T04:34:55.000Z</time>
      </trkpt>
      <trkpt lat="48.639317" lon="1.177626">
        <ele>239.122698</ele>
        <time>2023-08-24T04:36:51.000Z</time>
      </trkpt>
      <trkpt lat="48.639413" lon="1.180588">
        <ele>229.459448</ele>
        <time>2023-08-24T04:37:17.000Z</time>
      </trkpt>
      <trkpt lat="48.64065" lon="1.180156">
        <ele>226.57644</ele>
        <time>2023-08-24T04:53:08.000Z</time>
      </trkpt>
      <trkpt lat="48.645371" lon="1.184634">
        <ele>227.986675</ele>
        <time>2023-08-24T04:54:46.000Z</time>
      </trkpt>
      <trkpt lat="48.649753" lon="1.185999">
        <ele>224.994373</ele>
        <time>2023-08-24T04:55:51.000Z</time>
      </trkpt>
      <trkpt lat="48.65475" lon="1.190987">
        <ele>228.232095</ele>
        <time>2023-08-24T04:57:28.000Z</time>
      </trkpt>
      <trkpt lat="48.658734" lon="1.196864">
        <ele>235.433461</ele>
        <time>2023-08-24T04:59:22.000Z</time>
      </trkpt>
      <trkpt lat="48.659229" lon="1.200048">
        <ele>240.445095</ele>
        <time>2023-08-24T05:00:16.000Z</time>
      </trkpt>
      <trkpt lat="48.659074" lon="1.222736">
        <ele>250.669489</ele>
        <time>2023-08-24T05:05:06.000Z</time>
      </trkpt>
      <trkpt lat="48.662598" lon="1.244952">
        <ele>246.863879</ele>
        <time>2023-08-24T05:09:56.000Z</time>
      </trkpt>
      <trkpt lat="48.664469" lon="1.252569">
        <ele>239.3433</ele>
        <time>2023-08-24T05:11:11.000Z</time>
      </trkpt>
      <trkpt lat="48.667776" lon="1.271511">
        <ele>242.956661</ele>
        <time>2023-08-24T05:15:02.000Z</time>
      </trkpt>
      <trkpt lat="48.66729" lon="1.278192">
        <ele>243.472708</ele>
        <time>2023-08-24T05:16:28.000Z</time>
      </trkpt>
      <trkpt lat="48.671093" lon="1.283681">
        <ele>241.579919</ele>
        <time>2023-08-24T05:17:56.000Z</time>
      </trkpt>
      <trkpt lat="48.672885" lon="1.281778">
        <ele>243.322913</ele>
        <time>2023-08-24T05:18:42.000Z</time>
      </trkpt>
      <trkpt lat="48.6749" lon="1.284016">
        <ele>243.014033</ele>
        <time>2023-08-24T05:19:28.000Z</time>
      </trkpt>
      <trkpt lat="48.69671" lon="1.286249">
        <ele>221.533407</ele>
        <time>2023-08-24T05:25:03.000Z</time>
      </trkpt>
      <trkpt lat="48.731099" lon="1.338647">
        <ele>207.559369</ele>
        <time>2023-08-24T05:38:15.000Z</time>
      </trkpt>
      <trkpt lat="48.733039" lon="1.343905">
        <ele>200.677138</ele>
        <time>2023-08-24T05:39:26.000Z</time>
      </trkpt>
      <trkpt lat="48.7336" lon="1.352423">
        <ele>188.113051</ele>
        <time>2023-08-24T05:41:17.000Z</time>
      </trkpt>
      <trkpt lat="48.732814" lon="1.3581">
        <ele>176.472516</ele>
        <time>2023-08-24T05:42:01.000Z</time>
      </trkpt>
      <trkpt lat="48.732022" lon="1.360297">
        <ele>171.939041</ele>
        <time>2023-08-24T05:42:20.000Z</time>
      </trkpt>
      <trkpt lat="48.731372" lon="1.359968">
        <ele>170.245381</ele>
        <time>2023-08-24T05:42:33.000Z</time>
      </trkpt>
      <trkpt lat="48.730698" lon="1.360778">
        <ele>168.712474</ele>
        <time>2023-08-24T06:17:51.000Z</time>
      </trkpt>
      <trkpt lat="48.729896" lon="1.363162">
        <ele>167.839631</ele>
        <time>2023-08-24T06:18:47.000Z</time>
      </trkpt>
      <trkpt lat="48.731013" lon="1.364472">
        <ele>168.629004</ele>
        <time>2023-08-24T06:19:16.000Z</time>
      </trkpt>
      <trkpt lat="48.730152" lon="1.366921">
        <ele>173.795055</ele>
        <time>2023-08-24T06:20:08.000Z</time>
      </trkpt>
      <trkpt lat="48.732964" lon="1.373315">
        <ele>180.707763</ele>
        <time>2023-08-24T06:22:13.000Z</time>
      </trkpt>
      <trkpt lat="48.730178" lon="1.379904">
        <ele>194.281585</ele>
        <time>2023-08-24T06:24:36.000Z</time>
      </trkpt>
      <trkpt lat="48.729836" lon="1.383222">
        <ele>195.021802</ele>
        <time>2023-08-24T06:57:36.000Z</time>
      </trkpt>
      <trkpt lat="48.727616" lon="1.389999">
        <ele>208.844864</ele>
        <time>2023-08-24T07:00:32.000Z</time>
      </trkpt>
      <trkpt lat="48.727455" lon="1.392505">
        <ele>208.008367</ele>
        <time>2023-08-24T07:01:01.000Z</time>
      </trkpt>
      <trkpt lat="48.726028" lon="1.397997">
        <ele>204.292463</ele>
        <time>2023-08-24T07:02:00.000Z</time>
      </trkpt>
      <trkpt lat="48.726924" lon="1.399308">
        <ele>196.728666</ele>
        <time>2023-08-24T07:02:19.000Z</time>
      </trkpt>
      <trkpt lat="48.724979" lon="1.399848">
        <ele>186.257173</ele>
        <time>2023-08-24T07:02:41.000Z</time>
      </trkpt>
      <trkpt lat="48.724086" lon="1.401045">
        <ele>179.674355</ele>
        <time>2023-08-24T07:02:52.000Z</time>
      </trkpt>
      <trkpt lat="48.720977" lon="1.407387">
        <ele>162.273004</ele>
        <time>2023-08-24T07:03:36.000Z</time>
      </trkpt>
      <trkpt lat="48.717718" lon="1.411438">
        <ele>163.69154</ele>
        <time>2023-08-24T07:04:38.000Z</time>
      </trkpt>
      <trkpt lat="48.714617" lon="1.418049">
        <ele>161.250049</ele>
        <time>2023-08-24T07:05:51.000Z</time>
      </trkpt>
      <trkpt lat="48.708258" lon="1.423551">
        <ele>155.974927</ele>
        <time>2023-08-24T07:07:22.000Z</time>
      </trkpt>
      <trkpt lat="48.709068" lon="1.426529">
        <ele>153.440457</ele>
        <time>2023-08-24T07:08:06.000Z</time>
      </trkpt>
      <trkpt lat="48.708178" lon="1.433017">
        <ele>154.255669</ele>
        <time>2023-08-24T07:09:17.000Z</time>
      </trkpt>
      <trkpt lat="48.706681" lon="1.435652">
        <ele>154.687932</ele>
        <time>2023-08-24T07:09:53.000Z</time>
      </trkpt>
      <trkpt lat="48.705087" lon="1.441599">
        <ele>155.178343</ele>
        <time>2023-08-24T07:11:07.000Z</time>
      </trkpt>
      <trkpt lat="48.702533" lon="1.443214">
        <ele>155.660839</ele>
        <time>2023-08-24T07:11:55.000Z</time>
      </trkpt>
      <trkpt lat="48.703023" lon="1.446553">
        <ele>160.979222</ele>
        <time>2023-08-24T07:12:53.000Z</time>
      </trkpt>
      <trkpt lat="48.701448" lon="1.447647">
        <ele>166.914717</ele>
        <time>2023-08-24T07:13:47.000Z</time>
      </trkpt>
      <trkpt lat="48.703094" lon="1.448618">
        <ele>174.595971</ele>
        <time>2023-08-24T07:14:49.000Z</time>
      </trkpt>
      <trkpt lat="48.707032" lon="1.447039">
        <ele>193.309724</ele>
        <time>2023-08-24T07:17:48.000Z</time>
      </trkpt>
      <trkpt lat="48.716363" lon="1.445662">
        <ele>199.753287</ele>
        <time>2023-08-24T07:21:23.000Z</time>
      </trkpt>
      <trkpt lat="48.719245" lon="1.444585">
        <ele>199.70926</ele>
        <time>2023-08-24T07:22:29.000Z</time>
      </trkpt>
      <trkpt lat="48.725491" lon="1.447315">
        <ele>201.857793</ele>
        <time>2023-08-24T07:24:54.000Z</time>
      </trkpt>
      <trkpt lat="48.722378" lon="1.454867">
        <ele>202.287272</ele>
        <time>2023-08-24T07:26:34.000Z</time>
      </trkpt>
      <trkpt lat="48.72275" lon="1.459091">
        <ele>204.290222</ele>
        <time>2023-08-24T07:27:26.000Z</time>
      </trkpt>
      <trkpt lat="48.72167" lon="1.471223">
        <ele>205.955502</ele>
        <time>2023-08-24T07:29:49.000Z</time>
      </trkpt>
      <trkpt lat="48.719647" lon="1.479245">
        <ele>204.512843</ele>
        <time>2023-08-24T07:31:25.000Z</time>
      </trkpt>
      <trkpt lat="48.719484" lon="1.483269">
        <ele>203.75796</ele>
        <time>2023-08-24T07:32:11.000Z</time>
      </trkpt>
      <trkpt lat="48.721735" lon="1.488758">
        <ele>202.739793</ele>
        <time>2023-08-24T07:33:22.000Z</time>
      </trkpt>
      <trkpt lat="48.721669" lon="1.49473">
        <ele>196.920972</ele>
        <time>2023-08-24T07:37:03.000Z</time>
      </trkpt>
      <trkpt lat="48.720045" lon="1.499427">
        <ele>203.298739</ele>
        <time>2023-08-24T07:38:44.000Z</time>
      </trkpt>
      <trkpt lat="48.718609" lon="1.507005">
        <ele>203.083702</ele>
        <time>2023-08-24T07:40:06.000Z</time>
      </trkpt>
      <trkpt lat="48.718568" lon="1.515212">
        <ele>205.190951</ele>
        <time>2023-08-24T07:41:35.000Z</time>
      </trkpt>
      <trkpt lat="48.715847" lon="1.520857">
        <ele>205.246371</ele>
        <time>2023-08-24T07:42:46.000Z</time>
      </trkpt>
      <trkpt lat="48.714793" lon="1.527726">
        <ele>207.773044</ele>
        <time>2023-08-24T07:44:03.000Z</time>
      </trkpt>
      <trkpt lat="48.714836" lon="1.532289">
        <ele>208.002296</ele>
        <time>2023-08-24T07:44:57.000Z</time>
      </trkpt>
      <trkpt lat="48.712794" lon="1.538296">
        <ele>210.277159</ele>
        <time>2023-08-24T07:46:42.000Z</time>
      </trkpt>
      <trkpt lat="48.707254" lon="1.545637">
        <ele>216.242731</ele>
        <time>2023-08-24T07:49:00.000Z</time>
      </trkpt>
      <trkpt lat="48.703741" lon="1.551928">
        <ele>217.232198</ele>
        <time>2023-08-24T07:50:28.000Z</time>
      </trkpt>
      <trkpt lat="48.702086" lon="1.563716">
        <ele>212.696976</ele>
        <time>2023-08-24T07:52:31.000Z</time>
      </trkpt>
      <trkpt lat="48.701226" lon="1.566215">
        <ele>212.247133</ele>
        <time>2023-08-24T07:53:00.000Z</time>
      </trkpt>
      <trkpt lat="48.701263" lon="1.568587">
        <ele>212.821076</ele>
        <time>2023-08-24T07:53:32.000Z</time>
      </trkpt>
      <trkpt lat="48.699055" lon="1.571522">
        <ele>216.918688</ele>
        <time>2023-08-24T07:54:31.000Z</time>
      </trkpt>
      <trkpt lat="48.696048" lon="1.572991">
        <ele>221.955356</ele>
        <time>2023-08-24T07:55:42.000Z</time>
      </trkpt>
      <trkpt lat="48.688751" lon="1.578865">
        <ele>217.538792</ele>
        <time>2023-08-24T07:57:49.000Z</time>
      </trkpt>
      <trkpt lat="48.687683" lon="1.578354">
        <ele>216.169573</ele>
        <time>2023-08-24T07:58:06.000Z</time>
      </trkpt>
      <trkpt lat="48.68809" lon="1.581736">
        <ele>213.837912</ele>
        <time>2023-08-24T07:58:41.000Z</time>
      </trkpt>
      <trkpt lat="48.687721" lon="1.586431">
        <ele>213.960593</ele>
        <time>2023-08-24T07:59:32.000Z</time>
      </trkpt>
      <trkpt lat="48.684592" lon="1.59971">
        <ele>217.624761</ele>
        <time>2023-08-24T08:02:25.000Z</time>
      </trkpt>
      <trkpt lat="48.684718" lon="1.607773">
        <ele>220.60695</ele>
        <time>2023-08-24T08:04:14.000Z</time>
      </trkpt>
      <trkpt lat="48.68391" lon="1.61377">
        <ele>227.081322</ele>
        <time>2023-08-24T08:05:40.000Z</time>
      </trkpt>
      <trkpt lat="48.683698" lon="1.622247">
        <ele>248.360049</ele>
        <time>2023-08-24T08:11:00.000Z</time>
      </trkpt>
      <trkpt lat="48.682443" lon="1.628181">
        <ele>243.627088</ele>
        <time>2023-08-24T08:12:04.000Z</time>
      </trkpt>
      <trkpt lat="48.677931" lon="1.642351">
        <ele>219.776149</ele>
        <time>2023-08-24T08:14:01.000Z</time>
      </trkpt>
      <trkpt lat="48.673757" lon="1.647991">
        <ele>219.901345</ele>
        <time>2023-08-24T08:15:48.000Z</time>
      </trkpt>
      <trkpt lat="48.673071" lon="1.651243">
        <ele>225.247941</ele>
        <time>2023-08-24T08:16:50.000Z</time>
      </trkpt>
      <trkpt lat="48.669355" lon="1.660671">
        <ele>245.47548</ele>
        <time>2023-08-24T08:20:38.000Z</time>
      </trkpt>
      <trkpt lat="48.654764" lon="1.677857">
        <ele>239.527452</ele>
        <time>2023-08-24T08:26:06.000Z</time>
      </trkpt>
      <trkpt lat="48.650742" lon="1.688596">
        <ele>216.171476</ele>
        <time>2023-08-24T08:28:04.000Z</time>
      </trkpt>
      <trkpt lat="48.652319" lon="1.689493">
        <ele>211.476161</ele>
        <time>2023-08-24T08:28:42.000Z</time>
      </trkpt>
      <trkpt lat="48.655685" lon="1.689862">
        <ele>211.573066</ele>
        <time>2023-08-24T08:29:53.000Z</time>
      </trkpt>
      <trkpt lat="48.657166" lon="1.691625">
        <ele>212.852259</ele>
        <time>2023-08-24T08:30:34.000Z</time>
      </trkpt>
      <trkpt lat="48.660474" lon="1.699704">
        <ele>215.58801</ele>
        <time>2023-08-24T08:32:40.000Z</time>
      </trkpt>
      <trkpt lat="48.661024" lon="1.70379">
        <ele>215.532296</ele>
        <time>2023-08-24T08:33:31.000Z</time>
      </trkpt>
      <trkpt lat="48.665053" lon="1.708125">
        <ele>212.135064</ele>
        <time>2023-08-24T08:34:47.000Z</time>
      </trkpt>
      <trkpt lat="48.666279" lon="1.713342">
        <ele>213.631298</ele>
        <time>2023-08-24T08:35:52.000Z</time>
      </trkpt>
      <trkpt lat="48.666443" lon="1.71863">
        <ele>216.109791</ele>
        <time>2023-08-24T08:36:57.000Z</time>
      </trkpt>
      <trkpt lat="48.669271" lon="1.726209">
        <ele>215.33623</ele>
        <time>2023-08-24T08:38:29.000Z</time>
      </trkpt>
      <trkpt lat="48.669862" lon="1.729783">
        <ele>216.897319</ele>
        <time>2023-08-24T08:39:10.000Z</time>
      </trkpt>
      <trkpt lat="48.672212" lon="1.732647">
        <ele>217.253521</ele>
        <time>2023-08-24T08:39:56.000Z</time>
      </trkpt>
      <trkpt lat="48.673071" lon="1.735127">
        <ele>217.196249</ele>
        <time>2023-08-24T08:40:26.000Z</time>
      </trkpt>
      <trkpt lat="48.672215" lon="1.742748">
        <ele>217.06862</ele>
        <time>2023-08-24T08:41:46.000Z</time>
      </trkpt>
      <trkpt lat="48.672571" lon="1.747798">
        <ele>219.28415</ele>
        <time>2023-08-24T08:42:46.000Z</time>
      </trkpt>
      <trkpt lat="48.674045" lon="1.75121">
        <ele>220.989022</ele>
        <time>2023-08-24T08:43:41.000Z</time>
      </trkpt>
      <trkpt lat="48.675789" lon="1.752708">
        <ele>220.197391</ele>
        <time>2023-08-24T08:44:18.000Z</time>
      </trkpt>
      <trkpt lat="48.678035" lon="1.758699">
        <ele>219.995831</ele>
        <time>2023-08-24T08:45:46.000Z</time>
      </trkpt>
      <trkpt lat="48.677985" lon="1.760655">
        <ele>222.327515</ele>
        <time>2023-08-24T08:46:14.000Z</time>
      </trkpt>
      <trkpt lat="48.676618" lon="1.764679">
        <ele>228.578541</ele>
        <time>2023-08-24T08:47:33.000Z</time>
      </trkpt>
      <trkpt lat="48.676239" lon="1.769956">
        <ele>226.231519</ele>
        <time>2023-08-24T08:48:31.000Z</time>
      </trkpt>
      <trkpt lat="48.677872" lon="1.776184">
        <ele>224.93073</ele>
        <time>2023-08-24T08:49:53.000Z</time>
      </trkpt>
      <trkpt lat="48.678289" lon="1.78469">
        <ele>227.073748</ele>
        <time>2023-08-24T08:51:38.000Z</time>
      </trkpt>
      <trkpt lat="48.666964" lon="1.802215">
        <ele>241.516229</ele>
        <time>2023-08-24T08:56:58.000Z</time>
      </trkpt>
      <trkpt lat="48.659162" lon="1.820122">
        <ele>239.201665</ele>
        <time>2023-08-24T09:01:25.000Z</time>
      </trkpt>
      <trkpt lat="48.65677" lon="1.820844">
        <ele>230.129597</ele>
        <time>2023-08-24T09:01:53.000Z</time>
      </trkpt>
      <trkpt lat="48.654532" lon="1.816471">
        <ele>236.238544</ele>
        <time>2023-08-24T09:03:28.000Z</time>
      </trkpt>
	  <trkpt lat="48.65104" lon="1.816632">
        <ele>159.130317</ele>
        <time>2023-08-20T16:31:06.000Z</time>
      </trkpt>
    </trkseg>
  </trk>
</gpx>
