<?xml version="1.0" encoding="UTF-8"?>
<!-- track-length = 388791 filtered ascend = 1982 plain-ascend = -33 cost=1060798 energy=2.0kwh time=20h 18m 45s -->
<gpx 
 xmlns="http://www.topografix.com/GPX/1/1" 
 xmlns:xsi="http://www.w3.org/2001/XMLSchema-instance" 
 xsi:schemaLocation="http://www.topografix.com/GPX/1/1 http://www.topografix.com/GPX/1/1/gpx.xsd" 
 version="1.1" 
 creator="bikerouter.de 2026.2">
 <trk>
  <name>Fleche-Go-West-Variante</name>
  <link href="https://bikerouter.de/#map=10/49.7241/10.6252/osm-mapnik-german_style&amp;lonlats=11.431618,48.772568;10.190334,49.375499;10.03283,49.787596;10.196439,50.024273;10.349143,50.421033;10.324616,50.769672;10.305385,50.967869">
   <text>bikerouter.de</text>
  </link>
  <trkseg>
   <trkpt lat="48.772583" lon="11.431614"><ele>373.5</ele></trkpt>
   <trkpt lat="48.772579" lon="11.431561"><ele>373.75</ele></trkpt>
   <trkpt lat="48.772564" lon="11.431563"><ele>373.75</ele></trkpt>
   <trkpt lat="48.772499" lon="11.431572"><ele>374</ele></trkpt>
   <trkpt lat="48.772372" lon="11.431583"><ele>374</ele></trkpt>
   <trkpt lat="48.77231" lon="11.431583"><ele>374</ele></trkpt>
   <trkpt lat="48.772252" lon="11.43155"><ele>374</ele></trkpt>
   <trkpt lat="48.772186" lon="11.431493"><ele>374</ele></trkpt>
   <trkpt lat="48.772147" lon="11.431461"><ele>374</ele></trkpt>
   <trkpt lat="48.772198" lon="11.431315"><ele>374</ele></trkpt>
   <trkpt lat="48.772122" lon="11.431236"><ele>374</ele></trkpt>
   <trkpt lat="48.772039" lon="11.431151"><ele>374</ele></trkpt>
   <trkpt lat="48.771969" lon="11.431079"><ele>374</ele></trkpt>
   <trkpt lat="48.771997" lon="11.430985"><ele>374</ele></trkpt>
   <trkpt lat="48.772038" lon="11.430719"><ele>374</ele></trkpt>
   <trkpt lat="48.772109" lon="11.429466"><ele>374</ele></trkpt>
   <trkpt lat="48.772179" lon="11.427889"><ele>374</ele></trkpt>
   <trkpt lat="48.772216" lon="11.427391"><ele>374</ele></trkpt>
   <trkpt lat="48.77225" lon="11.427169"><ele>373.75</ele></trkpt>
   <trkpt lat="48.772588" lon="11.425947"><ele>374</ele></trkpt>
   <trkpt lat="48.772929" lon="11.424753"><ele>373.25</ele></trkpt>
   <trkpt lat="48.773063" lon="11.424247"><ele>373.5</ele></trkpt>
   <trkpt lat="48.773133" lon="11.423919"><ele>373.75</ele></trkpt>
   <trkpt lat="48.773163" lon="11.423564"><ele>374.5</ele></trkpt>
   <trkpt lat="48.77316" lon="11.423435"><ele>374.25</ele></trkpt>
   <trkpt lat="48.773253" lon="11.423432"><ele>373.75</ele></trkpt>
   <trkpt lat="48.773247" lon="11.423331"><ele>373.5</ele></trkpt>
   <trkpt lat="48.773192" lon="11.422972"><ele>373.75</ele></trkpt>
   <trkpt lat="48.773309" lon="11.422875"><ele>373.75</ele></trkpt>
   <trkpt lat="48.773796" lon="11.422812"><ele>373.25</ele></trkpt>
   <trkpt lat="48.774432" lon="11.422762"><ele>373</ele></trkpt>
   <trkpt lat="48.774891" lon="11.422732"><ele>373</ele></trkpt>
   <trkpt lat="48.774898" lon="11.421994"><ele>373</ele></trkpt>
   <trkpt lat="48.774902" lon="11.421358"><ele>373</ele></trkpt>
   <trkpt lat="48.774904" lon="11.42077"><ele>373</ele></trkpt>
   <trkpt lat="48.774904" lon="11.420675"><ele>373</ele></trkpt>
   <trkpt lat="48.774907" lon="11.419893"><ele>373</ele></trkpt>
   <trkpt lat="48.774906" lon="11.41979"><ele>373</ele></trkpt>
   <trkpt lat="48.774867" lon="11.417394"><ele>373.25</ele></trkpt>
   <trkpt lat="48.774863" lon="11.417287"><ele>373</ele></trkpt>
   <trkpt lat="48.774846" lon="11.417245"><ele>373</ele></trkpt>
   <trkpt lat="48.774821" lon="11.417226"><ele>373</ele></trkpt>
   <trkpt lat="48.774824" lon="11.417078"><ele>373</ele></trkpt>
   <trkpt lat="48.774836" lon="11.41693"><ele>373</ele></trkpt>
   <trkpt lat="48.774861" lon="11.416879"><ele>373</ele></trkpt>
   <trkpt lat="48.774875" lon="11.416852"><ele>373</ele></trkpt>
   <trkpt lat="48.774891" lon="11.416775"><ele>373</ele></trkpt>
   <trkpt lat="48.77497" lon="11.415751"><ele>373</ele></trkpt>
   <trkpt lat="48.775077" lon="11.414366"><ele>373</ele></trkpt>
   <trkpt lat="48.775201" lon="11.412612"><ele>374</ele></trkpt>
   <trkpt lat="48.775211" lon="11.412348"><ele>374</ele></trkpt>
   <trkpt lat="48.775225" lon="11.411967"><ele>374</ele></trkpt>
   <trkpt lat="48.775214" lon="11.411477"><ele>374</ele></trkpt>
   <trkpt lat="48.775147" lon="11.411001"><ele>374</ele></trkpt>
   <trkpt lat="48.775038" lon="11.410456"><ele>374</ele></trkpt>
   <trkpt lat="48.774954" lon="11.41012"><ele>374</ele></trkpt>
   <trkpt lat="48.774922" lon="11.410072"><ele>374</ele></trkpt>
   <trkpt lat="48.774882" lon="11.410049"><ele>374</ele></trkpt>
   <trkpt lat="48.774863" lon="11.409927"><ele>374</ele></trkpt>
   <trkpt lat="48.774977" lon="11.409858"><ele>374</ele></trkpt>
   <trkpt lat="48.775176" lon="11.409715"><ele>374</ele></trkpt>
   <trkpt lat="48.77528" lon="11.409625"><ele>374</ele></trkpt>
   <trkpt lat="48.775314" lon="11.409594"><ele>374</ele></trkpt>
   <trkpt lat="48.775661" lon="11.409271"><ele>374</ele></trkpt>
   <trkpt lat="48.775953" lon="11.408873"><ele>374</ele></trkpt>
   <trkpt lat="48.776195" lon="11.408501"><ele>374</ele></trkpt>
   <trkpt lat="48.776284" lon="11.408313"><ele>374</ele></trkpt>
   <trkpt lat="48.776439" lon="11.408007"><ele>374</ele></trkpt>
   <trkpt lat="48.776722" lon="11.407324"><ele>374</ele></trkpt>
   <trkpt lat="48.776875" lon="11.406927"><ele>374</ele></trkpt>
   <trkpt lat="48.777078" lon="11.406491"><ele>374</ele></trkpt>
   <trkpt lat="48.777267" lon="11.406133"><ele>374</ele></trkpt>
   <trkpt lat="48.777283" lon="11.406101"><ele>374</ele></trkpt>
   <trkpt lat="48.777676" lon="11.405377"><ele>374.75</ele></trkpt>
   <trkpt lat="48.777944" lon="11.404893"><ele>374.75</ele></trkpt>
   <trkpt lat="48.778017" lon="11.40476"><ele>374.75</ele></trkpt>
   <trkpt lat="48.778117" lon="11.404579"><ele>375</ele></trkpt>
   <trkpt lat="48.778482" lon="11.403852"><ele>375</ele></trkpt>
   <trkpt lat="48.778756" lon="11.40334"><ele>375</ele></trkpt>
   <trkpt lat="48.778936" lon="11.403013"><ele>375</ele></trkpt>
   <trkpt lat="48.779188" lon="11.402563"><ele>375</ele></trkpt>
   <trkpt lat="48.779242" lon="11.402466"><ele>375.25</ele></trkpt>
   <trkpt lat="48.779307" lon="11.402355"><ele>375.5</ele></trkpt>
   <trkpt lat="48.779666" lon="11.401775"><ele>375.25</ele></trkpt>
   <trkpt lat="48.779768" lon="11.40161"><ele>375</ele></trkpt>
   <trkpt lat="48.779788" lon="11.401578"><ele>375</ele></trkpt>
   <trkpt lat="48.779911" lon="11.401387"><ele>375</ele></trkpt>
   <trkpt lat="48.78006" lon="11.401164"><ele>375.5</ele></trkpt>
   <trkpt lat="48.780092" lon="11.401116"><ele>375.5</ele></trkpt>
   <trkpt lat="48.780235" lon="11.400898"><ele>375.5</ele></trkpt>
   <trkpt lat="48.780448" lon="11.400536"><ele>376</ele></trkpt>
   <trkpt lat="48.780679" lon="11.400145"><ele>376</ele></trkpt>
   <trkpt lat="48.781103" lon="11.399376"><ele>377</ele></trkpt>
   <trkpt lat="48.781349" lon="11.398919"><ele>375.5</ele></trkpt>
   <trkpt lat="48.781392" lon="11.398859"><ele>375.25</ele></trkpt>
   <trkpt lat="48.781415" lon="11.398839"><ele>375.25</ele></trkpt>
   <trkpt lat="48.781529" lon="11.398774"><ele>375.25</ele></trkpt>
   <trkpt lat="48.781808" lon="11.398591"><ele>374.5</ele></trkpt>
   <trkpt lat="48.781866" lon="11.398637"><ele>374.5</ele></trkpt>
   <trkpt lat="48.781964" lon="11.398456"><ele>374.75</ele></trkpt>
   <trkpt lat="48.782089" lon="11.398215"><ele>374.75</ele></trkpt>
   <trkpt lat="48.782212" lon="11.397988"><ele>374.75</ele></trkpt>
   <trkpt lat="48.782561" lon="11.397341"><ele>375</ele></trkpt>
   <trkpt lat="48.782725" lon="11.397265"><ele>375</ele></trkpt>
   <trkpt lat="48.78294" lon="11.397155"><ele>375.25</ele></trkpt>
   <trkpt lat="48.782983" lon="11.397064"><ele>375.25</ele></trkpt>
   <trkpt lat="48.782859" lon="11.396499"><ele>375.5</ele></trkpt>
   <trkpt lat="48.782819" lon="11.396316"><ele>376.25</ele></trkpt>
   <trkpt lat="48.782778" lon="11.396162"><ele>376.75</ele></trkpt>
   <trkpt lat="48.783068" lon="11.395995"><ele>376.75</ele></trkpt>
   <trkpt lat="48.783902" lon="11.395513"><ele>376.75</ele></trkpt>
   <trkpt lat="48.784677" lon="11.395065"><ele>376.75</ele></trkpt>
   <trkpt lat="48.78475" lon="11.395018"><ele>376.75</ele></trkpt>
   <trkpt lat="48.785415" lon="11.394638"><ele>377</ele></trkpt>
   <trkpt lat="48.78564" lon="11.394508"><ele>376.75</ele></trkpt>
   <trkpt lat="48.785837" lon="11.394394"><ele>376.75</ele></trkpt>
   <trkpt lat="48.786082" lon="11.394252"><ele>376.5</ele></trkpt>
   <trkpt lat="48.786398" lon="11.394068"><ele>376.5</ele></trkpt>
   <trkpt lat="48.78644" lon="11.39402"><ele>376.75</ele></trkpt>
   <trkpt lat="48.78649" lon="11.393921"><ele>377</ele></trkpt>
   <trkpt lat="48.7865" lon="11.393859"><ele>377</ele></trkpt>
   <trkpt lat="48.786501" lon="11.393798"><ele>377</ele></trkpt>
   <trkpt lat="48.786497" lon="11.393714"><ele>377</ele></trkpt>
   <trkpt lat="48.786424" lon="11.39351"><ele>377</ele></trkpt>
   <trkpt lat="48.786193" lon="11.392858"><ele>379.25</ele></trkpt>
   <trkpt lat="48.786018" lon="11.392431"><ele>380.25</ele></trkpt>
   <trkpt lat="48.785776" lon="11.391885"><ele>379.75</ele></trkpt>
   <trkpt lat="48.785415" lon="11.391165"><ele>379.25</ele></trkpt>
   <trkpt lat="48.785272" lon="11.390903"><ele>382.5</ele></trkpt>
   <trkpt lat="48.785159" lon="11.390631"><ele>383</ele></trkpt>
   <trkpt lat="48.785105" lon="11.390492"><ele>382.25</ele></trkpt>
   <trkpt lat="48.785144" lon="11.390327"><ele>381</ele></trkpt>
   <trkpt lat="48.785217" lon="11.390244"><ele>381.25</ele></trkpt>
   <trkpt lat="48.785856" lon="11.389569"><ele>378.25</ele></trkpt>
   <trkpt lat="48.786015" lon="11.389369"><ele>377.5</ele></trkpt>
   <trkpt lat="48.786246" lon="11.389058"><ele>377</ele></trkpt>
   <trkpt lat="48.786408" lon="11.388827"><ele>376.75</ele></trkpt>
   <trkpt lat="48.786522" lon="11.38864"><ele>376.5</ele></trkpt>
   <trkpt lat="48.786829" lon="11.38812"><ele>376.75</ele></trkpt>
   <trkpt lat="48.786935" lon="11.387979"><ele>376.75</ele></trkpt>
   <trkpt lat="48.787407" lon="11.387362"><ele>376.25</ele></trkpt>
   <trkpt lat="48.787838" lon="11.386761"><ele>376.75</ele></trkpt>
   <trkpt lat="48.788033" lon="11.38644"><ele>377</ele></trkpt>
   <trkpt lat="48.788362" lon="11.385882"><ele>377</ele></trkpt>
   <trkpt lat="48.788531" lon="11.385619"><ele>377</ele></trkpt>
   <trkpt lat="48.788552" lon="11.385585"><ele>377</ele></trkpt>
   <trkpt lat="48.788552" lon="11.38556"><ele>377</ele></trkpt>
   <trkpt lat="48.78855" lon="11.38554"><ele>377</ele></trkpt>
   <trkpt lat="48.788546" lon="11.38552"><ele>377</ele></trkpt>
   <trkpt lat="48.788538" lon="11.385493"><ele>377</ele></trkpt>
   <trkpt lat="48.788511" lon="11.385432"><ele>377</ele></trkpt>
   <trkpt lat="48.788472" lon="11.385372"><ele>377</ele></trkpt>
   <trkpt lat="48.788406" lon="11.385307"><ele>377</ele></trkpt>
   <trkpt lat="48.788466" lon="11.38521"><ele>377</ele></trkpt>
   <trkpt lat="48.788501" lon="11.385173"><ele>377</ele></trkpt>
   <trkpt lat="48.788576" lon="11.385148"><ele>377</ele></trkpt>
   <trkpt lat="48.788627" lon="11.385119"><ele>377</ele></trkpt>
   <trkpt lat="48.788653" lon="11.385084"><ele>377</ele></trkpt>
   <trkpt lat="48.788753" lon="11.384915"><ele>377</ele></trkpt>
   <trkpt lat="48.788927" lon="11.384581"><ele>377</ele></trkpt>
   <trkpt lat="48.789077" lon="11.384292"><ele>377</ele></trkpt>
   <trkpt lat="48.789244" lon="11.384028"><ele>377</ele></trkpt>
   <trkpt lat="48.789403" lon="11.38382"><ele>377.5</ele></trkpt>
   <trkpt lat="48.789528" lon="11.383624"><ele>377</ele></trkpt>
   <trkpt lat="48.789619" lon="11.383461"><ele>377.25</ele></trkpt>
   <trkpt lat="48.789675" lon="11.383319"><ele>377.75</ele></trkpt>
   <trkpt lat="48.789723" lon="11.383145"><ele>377.75</ele></trkpt>
   <trkpt lat="48.789745" lon="11.383086"><ele>377.75</ele></trkpt>
   <trkpt lat="48.789771" lon="11.383035"><ele>377.75</ele></trkpt>
   <trkpt lat="48.789801" lon="11.38297"><ele>377.75</ele></trkpt>
   <trkpt lat="48.789882" lon="11.382843"><ele>377.5</ele></trkpt>
   <trkpt lat="48.789942" lon="11.382719"><ele>377.75</ele></trkpt>
   <trkpt lat="48.790058" lon="11.38237"><ele>377.5</ele></trkpt>
   <trkpt lat="48.790089" lon="11.382185"><ele>377.25</ele></trkpt>
   <trkpt lat="48.790113" lon="11.381874"><ele>377.25</ele></trkpt>
   <trkpt lat="48.790191" lon="11.381501"><ele>377.75</ele></trkpt>
   <trkpt lat="48.790216" lon="11.381384"><ele>377.75</ele></trkpt>
   <trkpt lat="48.790229" lon="11.381326"><ele>377.75</ele></trkpt>
   <trkpt lat="48.790428" lon="11.380591"><ele>378</ele></trkpt>
   <trkpt lat="48.790662" lon="11.379338"><ele>378</ele></trkpt>
   <trkpt lat="48.790722" lon="11.379103"><ele>378.5</ele></trkpt>
   <trkpt lat="48.790768" lon="11.37892"><ele>378.75</ele></trkpt>
   <trkpt lat="48.791054" lon="11.378134"><ele>378</ele></trkpt>
   <trkpt lat="48.791148" lon="11.377889"><ele>378</ele></trkpt>
   <trkpt lat="48.791224" lon="11.377634"><ele>378</ele></trkpt>
   <trkpt lat="48.791271" lon="11.377621"><ele>378</ele></trkpt>
   <trkpt lat="48.79135" lon="11.377598"><ele>378</ele></trkpt>
   <trkpt lat="48.791359" lon="11.377652"><ele>378</ele></trkpt>
   <trkpt lat="48.791383" lon="11.377691"><ele>378</ele></trkpt>
   <trkpt lat="48.791444" lon="11.377757"><ele>378</ele></trkpt>
   <trkpt lat="48.791494" lon="11.377783"><ele>378</ele></trkpt>
   <trkpt lat="48.791535" lon="11.377724"><ele>378</ele></trkpt>
   <trkpt lat="48.791581" lon="11.377714"><ele>378</ele></trkpt>
   <trkpt lat="48.791645" lon="11.377665"><ele>378</ele></trkpt>
   <trkpt lat="48.791703" lon="11.377594"><ele>377.75</ele></trkpt>
   <trkpt lat="48.791761" lon="11.377572"><ele>377.75</ele></trkpt>
   <trkpt lat="48.791773" lon="11.377499"><ele>378</ele></trkpt>
   <trkpt lat="48.791897" lon="11.377493"><ele>378</ele></trkpt>
   <trkpt lat="48.792373" lon="11.377639"><ele>377</ele></trkpt>
   <trkpt lat="48.792783" lon="11.377746"><ele>377</ele></trkpt>
   <trkpt lat="48.793095" lon="11.377826"><ele>376.75</ele></trkpt>
   <trkpt lat="48.793125" lon="11.377831"><ele>376.75</ele></trkpt>
   <trkpt lat="48.793205" lon="11.377843"><ele>376.75</ele></trkpt>
   <trkpt lat="48.79327" lon="11.377853"><ele>376.75</ele></trkpt>
   <trkpt lat="48.793501" lon="11.377863"><ele>377</ele></trkpt>
   <trkpt lat="48.793628" lon="11.377824"><ele>377</ele></trkpt>
   <trkpt lat="48.793715" lon="11.377767"><ele>377.25</ele></trkpt>
   <trkpt lat="48.793872" lon="11.377611"><ele>377.25</ele></trkpt>
   <trkpt lat="48.793923" lon="11.37754"><ele>377</ele></trkpt>
   <trkpt lat="48.793975" lon="11.377451"><ele>377.25</ele></trkpt>
   <trkpt lat="48.794026" lon="11.377326"><ele>377.25</ele></trkpt>
   <trkpt lat="48.794088" lon="11.377118"><ele>377.5</ele></trkpt>
   <trkpt lat="48.794133" lon="11.376949"><ele>377.75</ele></trkpt>
   <trkpt lat="48.79422" lon="11.376787"><ele>377.75</ele></trkpt>
   <trkpt lat="48.794301" lon="11.376673"><ele>377.5</ele></trkpt>
   <trkpt lat="48.794385" lon="11.376581"><ele>377.25</ele></trkpt>
   <trkpt lat="48.794478" lon="11.376496"><ele>377.5</ele></trkpt>
   <trkpt lat="48.794749" lon="11.376349"><ele>378</ele></trkpt>
   <trkpt lat="48.794957" lon="11.376238"><ele>378.75</ele></trkpt>
   <trkpt lat="48.795292" lon="11.376042"><ele>379</ele></trkpt>
   <trkpt lat="48.795427" lon="11.375924"><ele>379.5</ele></trkpt>
   <trkpt lat="48.795489" lon="11.375847"><ele>379.75</ele></trkpt>
   <trkpt lat="48.795669" lon="11.375605"><ele>379.5</ele></trkpt>
   <trkpt lat="48.795896" lon="11.375233"><ele>380</ele></trkpt>
   <trkpt lat="48.796016" lon="11.375085"><ele>380.5</ele></trkpt>
   <trkpt lat="48.79612" lon="11.374983"><ele>381</ele></trkpt>
   <trkpt lat="48.796298" lon="11.374846"><ele>381</ele></trkpt>
   <trkpt lat="48.796509" lon="11.374745"><ele>381.25</ele></trkpt>
   <trkpt lat="48.796599" lon="11.374703"><ele>381.75</ele></trkpt>
   <trkpt lat="48.796694" lon="11.374648"><ele>382</ele></trkpt>
   <trkpt lat="48.796811" lon="11.374551"><ele>382.5</ele></trkpt>
   <trkpt lat="48.796898" lon="11.374446"><ele>382.75</ele></trkpt>
   <trkpt lat="48.797043" lon="11.374224"><ele>383.5</ele></trkpt>
   <trkpt lat="48.797169" lon="11.374034"><ele>384.5</ele></trkpt>
   <trkpt lat="48.797249" lon="11.373946"><ele>385</ele></trkpt>
   <trkpt lat="48.797339" lon="11.373888"><ele>385.75</ele></trkpt>
   <trkpt lat="48.797428" lon="11.373863"><ele>386.25</ele></trkpt>
   <trkpt lat="48.797533" lon="11.373864"><ele>386.75</ele></trkpt>
   <trkpt lat="48.797573" lon="11.373866"><ele>386.75</ele></trkpt>
   <trkpt lat="48.797639" lon="11.373869"><ele>386.75</ele></trkpt>
   <trkpt lat="48.79772" lon="11.37387"><ele>386.75</ele></trkpt>
   <trkpt lat="48.797807" lon="11.373854"><ele>387</ele></trkpt>
   <trkpt lat="48.797903" lon="11.373795"><ele>387.25</ele></trkpt>
   <trkpt lat="48.798166" lon="11.373647"><ele>387.5</ele></trkpt>
   <trkpt lat="48.798664" lon="11.373299"><ele>389.25</ele></trkpt>
   <trkpt lat="48.799071" lon="11.372948"><ele>390.5</ele></trkpt>
   <trkpt lat="48.799235" lon="11.372844"><ele>391</ele></trkpt>
   <trkpt lat="48.799394" lon="11.372778"><ele>391</ele></trkpt>
   <trkpt lat="48.799614" lon="11.372731"><ele>391</ele></trkpt>
   <trkpt lat="48.79965" lon="11.372723"><ele>391</ele></trkpt>
   <trkpt lat="48.799796" lon="11.372693"><ele>391.25</ele></trkpt>
   <trkpt lat="48.79994" lon="11.372641"><ele>391.5</ele></trkpt>
   <trkpt lat="48.799969" lon="11.372623"><ele>391.25</ele></trkpt>
   <trkpt lat="48.80009" lon="11.372552"><ele>390.75</ele></trkpt>
   <trkpt lat="48.800184" lon="11.372467"><ele>390.25</ele></trkpt>
   <trkpt lat="48.800765" lon="11.371744"><ele>387.25</ele></trkpt>
   <trkpt lat="48.800879" lon="11.371599"><ele>386.75</ele></trkpt>
   <trkpt lat="48.801053" lon="11.371394"><ele>386</ele></trkpt>
   <trkpt lat="48.801227" lon="11.371175"><ele>385.5</ele></trkpt>
   <trkpt lat="48.801279" lon="11.371133"><ele>385.25</ele></trkpt>
   <trkpt lat="48.801589" lon="11.370745"><ele>384.25</ele></trkpt>
   <trkpt lat="48.80178" lon="11.370475"><ele>383.5</ele></trkpt>
   <trkpt lat="48.801958" lon="11.370195"><ele>383</ele></trkpt>
   <trkpt lat="48.802046" lon="11.370042"><ele>383</ele></trkpt>
   <trkpt lat="48.802194" lon="11.369781"><ele>383</ele></trkpt>
   <trkpt lat="48.802303" lon="11.369576"><ele>383</ele></trkpt>
   <trkpt lat="48.802378" lon="11.369462"><ele>383</ele></trkpt>
   <trkpt lat="48.802444" lon="11.369395"><ele>383</ele></trkpt>
   <trkpt lat="48.802543" lon="11.369342"><ele>383</ele></trkpt>
   <trkpt lat="48.802645" lon="11.369322"><ele>383</ele></trkpt>
   <trkpt lat="48.80274" lon="11.369317"><ele>383</ele></trkpt>
   <trkpt lat="48.80308" lon="11.369386"><ele>383</ele></trkpt>
   <trkpt lat="48.80317" lon="11.369386"><ele>383</ele></trkpt>
   <trkpt lat="48.803323" lon="11.36938"><ele>382.75</ele></trkpt>
   <trkpt lat="48.803454" lon="11.369359"><ele>383</ele></trkpt>
   <trkpt lat="48.803688" lon="11.369269"><ele>383.5</ele></trkpt>
   <trkpt lat="48.803981" lon="11.36911"><ele>383</ele></trkpt>
   <trkpt lat="48.804124" lon="11.369006"><ele>383</ele></trkpt>
   <trkpt lat="48.804195" lon="11.368945"><ele>383</ele></trkpt>
   <trkpt lat="48.804356" lon="11.368748"><ele>382.5</ele></trkpt>
   <trkpt lat="48.804449" lon="11.36865"><ele>382</ele></trkpt>
   <trkpt lat="48.804489" lon="11.36863"><ele>382</ele></trkpt>
   <trkpt lat="48.804653" lon="11.368628"><ele>382</ele></trkpt>
   <trkpt lat="48.804763" lon="11.368604"><ele>381.75</ele></trkpt>
   <trkpt lat="48.804768" lon="11.368585"><ele>381.75</ele></trkpt>
   <trkpt lat="48.804787" lon="11.3685"><ele>381.25</ele></trkpt>
   <trkpt lat="48.804813" lon="11.3684"><ele>381</ele></trkpt>
   <trkpt lat="48.804843" lon="11.368177"><ele>381.25</ele></trkpt>
   <trkpt lat="48.804911" lon="11.368199"><ele>381</ele></trkpt>
   <trkpt lat="48.805008" lon="11.368222"><ele>380.75</ele></trkpt>
   <trkpt lat="48.805152" lon="11.368245"><ele>380.25</ele></trkpt>
   <trkpt lat="48.805259" lon="11.368283"><ele>380</ele></trkpt>
   <trkpt lat="48.805375" lon="11.368301"><ele>380</ele></trkpt>
   <trkpt lat="48.805462" lon="11.368336"><ele>380</ele></trkpt>
   <trkpt lat="48.805556" lon="11.368355"><ele>380</ele></trkpt>
   <trkpt lat="48.805624" lon="11.368364"><ele>380</ele></trkpt>
   <trkpt lat="48.80592" lon="11.3684"><ele>380</ele></trkpt>
   <trkpt lat="48.80624" lon="11.368484"><ele>380.25</ele></trkpt>
   <trkpt lat="48.806358" lon="11.367709"><ele>380.5</ele></trkpt>
   <trkpt lat="48.806513" lon="11.366913"><ele>380.25</ele></trkpt>
   <trkpt lat="48.806595" lon="11.366686"><ele>380.5</ele></trkpt>
   <trkpt lat="48.806844" lon="11.366119"><ele>381.25</ele></trkpt>
   <trkpt lat="48.806949" lon="11.365882"><ele>382</ele></trkpt>
   <trkpt lat="48.806979" lon="11.365813"><ele>382</ele></trkpt>
   <trkpt lat="48.807151" lon="11.365396"><ele>382.5</ele></trkpt>
   <trkpt lat="48.807235" lon="11.365161"><ele>382.5</ele></trkpt>
   <trkpt lat="48.807338" lon="11.36487"><ele>382.25</ele></trkpt>
   <trkpt lat="48.807469" lon="11.364504"><ele>382</ele></trkpt>
   <trkpt lat="48.807686" lon="11.363885"><ele>383.25</ele></trkpt>
   <trkpt lat="48.807717" lon="11.363665"><ele>383.5</ele></trkpt>
   <trkpt lat="48.807964" lon="11.360974"><ele>384</ele></trkpt>
   <trkpt lat="48.808051" lon="11.360006"><ele>384.75</ele></trkpt>
   <trkpt lat="48.808121" lon="11.359492"><ele>385</ele></trkpt>
   <trkpt lat="48.808547" lon="11.357713"><ele>385.75</ele></trkpt>
   <trkpt lat="48.808695" lon="11.357082"><ele>385.75</ele></trkpt>
   <trkpt lat="48.808723" lon="11.356938"><ele>385.25</ele></trkpt>
   <trkpt lat="48.808962" lon="11.355488"><ele>385.25</ele></trkpt>
   <trkpt lat="48.809065" lon="11.354821"><ele>385.75</ele></trkpt>
   <trkpt lat="48.809192" lon="11.354914"><ele>386</ele></trkpt>
   <trkpt lat="48.810354" lon="11.355958"><ele>387</ele></trkpt>
   <trkpt lat="48.810922" lon="11.356482"><ele>388.75</ele></trkpt>
   <trkpt lat="48.811014" lon="11.356566"><ele>388.75</ele></trkpt>
   <trkpt lat="48.811563" lon="11.354708"><ele>388.5</ele></trkpt>
   <trkpt lat="48.811866" lon="11.353725"><ele>389</ele></trkpt>
   <trkpt lat="48.812596" lon="11.351365"><ele>391.5</ele></trkpt>
   <trkpt lat="48.813336" lon="11.349086"><ele>397.25</ele></trkpt>
   <trkpt lat="48.813773" lon="11.348007"><ele>399.5</ele></trkpt>
   <trkpt lat="48.813844" lon="11.34783"><ele>399.75</ele></trkpt>
   <trkpt lat="48.814258" lon="11.346965"><ele>400.25</ele></trkpt>
   <trkpt lat="48.814292" lon="11.346909"><ele>400.25</ele></trkpt>
   <trkpt lat="48.815106" lon="11.345528"><ele>398.5</ele></trkpt>
   <trkpt lat="48.816164" lon="11.34384"><ele>396</ele></trkpt>
   <trkpt lat="48.816479" lon="11.343279"><ele>395</ele></trkpt>
   <trkpt lat="48.816645" lon="11.342963"><ele>395.5</ele></trkpt>
   <trkpt lat="48.817005" lon="11.342248"><ele>395.25</ele></trkpt>
   <trkpt lat="48.817282" lon="11.341628"><ele>395.25</ele></trkpt>
   <trkpt lat="48.817549" lon="11.340933"><ele>395</ele></trkpt>
   <trkpt lat="48.817694" lon="11.340512"><ele>395</ele></trkpt>
   <trkpt lat="48.817807" lon="11.340158"><ele>394.25</ele></trkpt>
   <trkpt lat="48.817944" lon="11.33973"><ele>394</ele></trkpt>
   <trkpt lat="48.818156" lon="11.338875"><ele>393.25</ele></trkpt>
   <trkpt lat="48.818358" lon="11.337896"><ele>394</ele></trkpt>
   <trkpt lat="48.818461" lon="11.337257"><ele>394.25</ele></trkpt>
   <trkpt lat="48.818545" lon="11.336589"><ele>394.75</ele></trkpt>
   <trkpt lat="48.818622" lon="11.335759"><ele>395</ele></trkpt>
   <trkpt lat="48.818683" lon="11.335106"><ele>395.75</ele></trkpt>
   <trkpt lat="48.818713" lon="11.3347"><ele>396.25</ele></trkpt>
   <trkpt lat="48.818718" lon="11.334496"><ele>395.5</ele></trkpt>
   <trkpt lat="48.818738" lon="11.332889"><ele>396.75</ele></trkpt>
   <trkpt lat="48.818766" lon="11.332163"><ele>397.5</ele></trkpt>
   <trkpt lat="48.818815" lon="11.330941"><ele>397.5</ele></trkpt>
   <trkpt lat="48.818952" lon="11.329426"><ele>398</ele></trkpt>
   <trkpt lat="48.818969" lon="11.32929"><ele>398</ele></trkpt>
   <trkpt lat="48.819049" lon="11.328681"><ele>398</ele></trkpt>
   <trkpt lat="48.819212" lon="11.327534"><ele>399</ele></trkpt>
   <trkpt lat="48.81952" lon="11.325274"><ele>399</ele></trkpt>
   <trkpt lat="48.819603" lon="11.324676"><ele>400</ele></trkpt>
   <trkpt lat="48.819656" lon="11.324072"><ele>399.75</ele></trkpt>
   <trkpt lat="48.819646" lon="11.323831"><ele>400</ele></trkpt>
   <trkpt lat="48.819622" lon="11.323597"><ele>400</ele></trkpt>
   <trkpt lat="48.819498" lon="11.323109"><ele>400.25</ele></trkpt>
   <trkpt lat="48.819386" lon="11.322435"><ele>400</ele></trkpt>
   <trkpt lat="48.819346" lon="11.321951"><ele>400.5</ele></trkpt>
   <trkpt lat="48.819306" lon="11.321463"><ele>400.5</ele></trkpt>
   <trkpt lat="48.819311" lon="11.321294"><ele>400.5</ele></trkpt>
   <trkpt lat="48.819378" lon="11.320805"><ele>401</ele></trkpt>
   <trkpt lat="48.819435" lon="11.320483"><ele>401</ele></trkpt>
   <trkpt lat="48.81949" lon="11.320298"><ele>401</ele></trkpt>
   <trkpt lat="48.819546" lon="11.320362"><ele>401.25</ele></trkpt>
   <trkpt lat="48.819647" lon="11.320415"><ele>401.5</ele></trkpt>
   <trkpt lat="48.819729" lon="11.32043"><ele>402</ele></trkpt>
   <trkpt lat="48.819916" lon="11.320408"><ele>402</ele></trkpt>
   <trkpt lat="48.820106" lon="11.320341"><ele>402</ele></trkpt>
   <trkpt lat="48.820337" lon="11.320223"><ele>402.5</ele></trkpt>
   <trkpt lat="48.820879" lon="11.319894"><ele>404.25</ele></trkpt>
   <trkpt lat="48.821502" lon="11.319499"><ele>405</ele></trkpt>
   <trkpt lat="48.822276" lon="11.31903"><ele>407</ele></trkpt>
   <trkpt lat="48.822402" lon="11.318993"><ele>407</ele></trkpt>
   <trkpt lat="48.822409" lon="11.3189"><ele>407</ele></trkpt>
   <trkpt lat="48.823133" lon="11.317682"><ele>407</ele></trkpt>
   <trkpt lat="48.825433" lon="11.313679"><ele>410</ele></trkpt>
   <trkpt lat="48.825513" lon="11.313543"><ele>410</ele></trkpt>
   <trkpt lat="48.825957" lon="11.31278"><ele>410.5</ele></trkpt>
   <trkpt lat="48.826019" lon="11.312654"><ele>410.5</ele></trkpt>
   <trkpt lat="48.828011" lon="11.30917"><ele>415.75</ele></trkpt>
   <trkpt lat="48.829191" lon="11.307064"><ele>419</ele></trkpt>
   <trkpt lat="48.829208" lon="11.306991"><ele>419</ele></trkpt>
   <trkpt lat="48.829209" lon="11.30691"><ele>419</ele></trkpt>
   <trkpt lat="48.829243" lon="11.306793"><ele>419.25</ele></trkpt>
   <trkpt lat="48.830753" lon="11.303719"><ele>424.5</ele></trkpt>
   <trkpt lat="48.831018" lon="11.303899"><ele>425</ele></trkpt>
   <trkpt lat="48.831191" lon="11.303969"><ele>425.75</ele></trkpt>
   <trkpt lat="48.831242" lon="11.303802"><ele>425.75</ele></trkpt>
   <trkpt lat="48.831381" lon="11.303521"><ele>425.75</ele></trkpt>
   <trkpt lat="48.832783" lon="11.301154"><ele>429</ele></trkpt>
   <trkpt lat="48.834238" lon="11.298487"><ele>429.5</ele></trkpt>
   <trkpt lat="48.837725" lon="11.291369"><ele>423</ele></trkpt>
   <trkpt lat="48.84015" lon="11.286391"><ele>417.5</ele></trkpt>
   <trkpt lat="48.840363" lon="11.285974"><ele>415</ele></trkpt>
   <trkpt lat="48.840649" lon="11.285501"><ele>414.75</ele></trkpt>
   <trkpt lat="48.840942" lon="11.285066"><ele>414.25</ele></trkpt>
   <trkpt lat="48.841046" lon="11.284936"><ele>413.5</ele></trkpt>
   <trkpt lat="48.84215" lon="11.28327"><ele>410.5</ele></trkpt>
   <trkpt lat="48.842983" lon="11.281969"><ele>409.25</ele></trkpt>
   <trkpt lat="48.843842" lon="11.280561"><ele>408.5</ele></trkpt>
   <trkpt lat="48.844439" lon="11.279556"><ele>406.5</ele></trkpt>
   <trkpt lat="48.845271" lon="11.278305"><ele>408</ele></trkpt>
   <trkpt lat="48.845787" lon="11.277593"><ele>404.5</ele></trkpt>
   <trkpt lat="48.846624" lon="11.276514"><ele>403.75</ele></trkpt>
   <trkpt lat="48.846931" lon="11.276163"><ele>403.75</ele></trkpt>
   <trkpt lat="48.847006" lon="11.276114"><ele>403.75</ele></trkpt>
   <trkpt lat="48.847103" lon="11.276095"><ele>403.5</ele></trkpt>
   <trkpt lat="48.84719" lon="11.276107"><ele>403</ele></trkpt>
   <trkpt lat="48.847315" lon="11.276151"><ele>403</ele></trkpt>
   <trkpt lat="48.847384" lon="11.276163"><ele>403</ele></trkpt>
   <trkpt lat="48.847467" lon="11.276145"><ele>403</ele></trkpt>
   <trkpt lat="48.847635" lon="11.276065"><ele>403.25</ele></trkpt>
   <trkpt lat="48.847751" lon="11.276024"><ele>403.5</ele></trkpt>
   <trkpt lat="48.847948" lon="11.276028"><ele>403</ele></trkpt>
   <trkpt lat="48.84804" lon="11.276044"><ele>403</ele></trkpt>
   <trkpt lat="48.848081" lon="11.276026"><ele>403</ele></trkpt>
   <trkpt lat="48.848119" lon="11.275956"><ele>403</ele></trkpt>
   <trkpt lat="48.848142" lon="11.275867"><ele>403</ele></trkpt>
   <trkpt lat="48.848154" lon="11.275742"><ele>402.75</ele></trkpt>
   <trkpt lat="48.848284" lon="11.27576"><ele>402.75</ele></trkpt>
   <trkpt lat="48.848589" lon="11.275863"><ele>402</ele></trkpt>
   <trkpt lat="48.849017" lon="11.276113"><ele>402</ele></trkpt>
   <trkpt lat="48.849305" lon="11.276335"><ele>402.5</ele></trkpt>
   <trkpt lat="48.849826" lon="11.276755"><ele>402.5</ele></trkpt>
   <trkpt lat="48.850007" lon="11.276843"><ele>403</ele></trkpt>
   <trkpt lat="48.850198" lon="11.276872"><ele>402.75</ele></trkpt>
   <trkpt lat="48.850361" lon="11.276863"><ele>402.5</ele></trkpt>
   <trkpt lat="48.850885" lon="11.276734"><ele>401.5</ele></trkpt>
   <trkpt lat="48.851295" lon="11.276646"><ele>401</ele></trkpt>
   <trkpt lat="48.851567" lon="11.276627"><ele>400.5</ele></trkpt>
   <trkpt lat="48.85174" lon="11.27663"><ele>400.5</ele></trkpt>
   <trkpt lat="48.851856" lon="11.276657"><ele>400.75</ele></trkpt>
   <trkpt lat="48.851971" lon="11.276723"><ele>400.5</ele></trkpt>
   <trkpt lat="48.852429" lon="11.277191"><ele>399</ele></trkpt>
   <trkpt lat="48.85271" lon="11.277405"><ele>399.75</ele></trkpt>
   <trkpt lat="48.852994" lon="11.277562"><ele>398.75</ele></trkpt>
   <trkpt lat="48.853356" lon="11.277703"><ele>398.75</ele></trkpt>
   <trkpt lat="48.853427" lon="11.277717"><ele>398.5</ele></trkpt>
   <trkpt lat="48.853499" lon="11.277715"><ele>398.25</ele></trkpt>
   <trkpt lat="48.85358" lon="11.277684"><ele>398.25</ele></trkpt>
   <trkpt lat="48.853672" lon="11.277606"><ele>398.25</ele></trkpt>
   <trkpt lat="48.85379" lon="11.27746"><ele>398.25</ele></trkpt>
   <trkpt lat="48.854528" lon="11.276565"><ele>397.25</ele></trkpt>
   <trkpt lat="48.854696" lon="11.276407"><ele>397</ele></trkpt>
   <trkpt lat="48.854846" lon="11.276291"><ele>398.25</ele></trkpt>
   <trkpt lat="48.855231" lon="11.276127"><ele>397.25</ele></trkpt>
   <trkpt lat="48.855411" lon="11.276101"><ele>397</ele></trkpt>
   <trkpt lat="48.855563" lon="11.276109"><ele>397</ele></trkpt>
   <trkpt lat="48.855721" lon="11.276158"><ele>397.25</ele></trkpt>
   <trkpt lat="48.855848" lon="11.276223"><ele>397.25</ele></trkpt>
   <trkpt lat="48.856468" lon="11.276764"><ele>397.75</ele></trkpt>
   <trkpt lat="48.856914" lon="11.277243"><ele>396.75</ele></trkpt>
   <trkpt lat="48.857095" lon="11.277498"><ele>398</ele></trkpt>
   <trkpt lat="48.857239" lon="11.27773"><ele>397</ele></trkpt>
   <trkpt lat="48.857496" lon="11.278264"><ele>396.25</ele></trkpt>
   <trkpt lat="48.858202" lon="11.280168"><ele>396.5</ele></trkpt>
   <trkpt lat="48.858353" lon="11.280428"><ele>396.25</ele></trkpt>
   <trkpt lat="48.858454" lon="11.28055"><ele>396.75</ele></trkpt>
   <trkpt lat="48.858953" lon="11.280939"><ele>395.5</ele></trkpt>
   <trkpt lat="48.85914" lon="11.281035"><ele>395.25</ele></trkpt>
   <trkpt lat="48.85938" lon="11.281117"><ele>394.75</ele></trkpt>
   <trkpt lat="48.859474" lon="11.281098"><ele>395</ele></trkpt>
   <trkpt lat="48.859559" lon="11.281044"><ele>395</ele></trkpt>
   <trkpt lat="48.859649" lon="11.280946"><ele>394.5</ele></trkpt>
   <trkpt lat="48.859734" lon="11.280802"><ele>394</ele></trkpt>
   <trkpt lat="48.859951" lon="11.280178"><ele>394</ele></trkpt>
   <trkpt lat="48.859978" lon="11.280115"><ele>394</ele></trkpt>
   <trkpt lat="48.860175" lon="11.279603"><ele>394</ele></trkpt>
   <trkpt lat="48.860295" lon="11.279355"><ele>393.75</ele></trkpt>
   <trkpt lat="48.860434" lon="11.279155"><ele>393.25</ele></trkpt>
   <trkpt lat="48.861044" lon="11.278602"><ele>393.5</ele></trkpt>
   <trkpt lat="48.861619" lon="11.278098"><ele>393.5</ele></trkpt>
   <trkpt lat="48.86225" lon="11.27757"><ele>393.75</ele></trkpt>
   <trkpt lat="48.862533" lon="11.277355"><ele>393.5</ele></trkpt>
   <trkpt lat="48.86281" lon="11.277178"><ele>392.75</ele></trkpt>
   <trkpt lat="48.863075" lon="11.277063"><ele>392.75</ele></trkpt>
   <trkpt lat="48.863673" lon="11.276901"><ele>392</ele></trkpt>
   <trkpt lat="48.863895" lon="11.276801"><ele>392.5</ele></trkpt>
   <trkpt lat="48.864093" lon="11.276647"><ele>392.5</ele></trkpt>
   <trkpt lat="48.864298" lon="11.276401"><ele>393</ele></trkpt>
   <trkpt lat="48.864444" lon="11.27618"><ele>392.25</ele></trkpt>
   <trkpt lat="48.864629" lon="11.275875"><ele>392.75</ele></trkpt>
   <trkpt lat="48.864895" lon="11.275317"><ele>392.75</ele></trkpt>
   <trkpt lat="48.865058" lon="11.27509"><ele>392</ele></trkpt>
   <trkpt lat="48.865178" lon="11.274947"><ele>392</ele></trkpt>
   <trkpt lat="48.865311" lon="11.274853"><ele>392</ele></trkpt>
   <trkpt lat="48.865456" lon="11.274779"><ele>392</ele></trkpt>
   <trkpt lat="48.865616" lon="11.274757"><ele>392.25</ele></trkpt>
   <trkpt lat="48.865817" lon="11.27477"><ele>393</ele></trkpt>
   <trkpt lat="48.866019" lon="11.274801"><ele>393.25</ele></trkpt>
   <trkpt lat="48.866631" lon="11.274872"><ele>391.5</ele></trkpt>
   <trkpt lat="48.867262" lon="11.274955"><ele>390.75</ele></trkpt>
   <trkpt lat="48.867555" lon="11.275002"><ele>391</ele></trkpt>
   <trkpt lat="48.867808" lon="11.274994"><ele>390.75</ele></trkpt>
   <trkpt lat="48.868" lon="11.274972"><ele>390</ele></trkpt>
   <trkpt lat="48.868145" lon="11.274919"><ele>390</ele></trkpt>
   <trkpt lat="48.868295" lon="11.27483"><ele>390.25</ele></trkpt>
   <trkpt lat="48.86848" lon="11.274632"><ele>390.25</ele></trkpt>
   <trkpt lat="48.868687" lon="11.274307"><ele>390.75</ele></trkpt>
   <trkpt lat="48.869022" lon="11.273648"><ele>391.75</ele></trkpt>
   <trkpt lat="48.869315" lon="11.273047"><ele>391.5</ele></trkpt>
   <trkpt lat="48.869602" lon="11.272586"><ele>390.5</ele></trkpt>
   <trkpt lat="48.869787" lon="11.272351"><ele>390</ele></trkpt>
   <trkpt lat="48.869988" lon="11.272174"><ele>389.75</ele></trkpt>
   <trkpt lat="48.870219" lon="11.272"><ele>390.25</ele></trkpt>
   <trkpt lat="48.870467" lon="11.271855"><ele>390</ele></trkpt>
   <trkpt lat="48.870631" lon="11.271786"><ele>389.75</ele></trkpt>
   <trkpt lat="48.87102" lon="11.271624"><ele>389</ele></trkpt>
   <trkpt lat="48.87141" lon="11.271536"><ele>389.25</ele></trkpt>
   <trkpt lat="48.871844" lon="11.271545"><ele>390</ele></trkpt>
   <trkpt lat="48.872037" lon="11.271608"><ele>390.25</ele></trkpt>
   <trkpt lat="48.87219" lon="11.271675"><ele>389.75</ele></trkpt>
   <trkpt lat="48.872839" lon="11.272172"><ele>389.75</ele></trkpt>
   <trkpt lat="48.873385" lon="11.272715"><ele>389.75</ele></trkpt>
   <trkpt lat="48.873723" lon="11.27315"><ele>389.75</ele></trkpt>
   <trkpt lat="48.874043" lon="11.273663"><ele>390.25</ele></trkpt>
   <trkpt lat="48.874207" lon="11.273996"><ele>390.25</ele></trkpt>
   <trkpt lat="48.874344" lon="11.274326"><ele>390.5</ele></trkpt>
   <trkpt lat="48.874556" lon="11.274879"><ele>390.5</ele></trkpt>
   <trkpt lat="48.874776" lon="11.2753"><ele>388.75</ele></trkpt>
   <trkpt lat="48.874877" lon="11.275438"><ele>388.25</ele></trkpt>
   <trkpt lat="48.874917" lon="11.275484"><ele>388.25</ele></trkpt>
   <trkpt lat="48.874966" lon="11.27552"><ele>388</ele></trkpt>
   <trkpt lat="48.875036" lon="11.275562"><ele>388</ele></trkpt>
   <trkpt lat="48.875114" lon="11.275589"><ele>388</ele></trkpt>
   <trkpt lat="48.875236" lon="11.275605"><ele>388</ele></trkpt>
   <trkpt lat="48.875299" lon="11.275601"><ele>388</ele></trkpt>
   <trkpt lat="48.875361" lon="11.275586"><ele>388</ele></trkpt>
   <trkpt lat="48.87546" lon="11.275553"><ele>388</ele></trkpt>
   <trkpt lat="48.875553" lon="11.275504"><ele>388</ele></trkpt>
   <trkpt lat="48.875633" lon="11.275442"><ele>388</ele></trkpt>
   <trkpt lat="48.875713" lon="11.27536"><ele>388</ele></trkpt>
   <trkpt lat="48.875768" lon="11.275298"><ele>388</ele></trkpt>
   <trkpt lat="48.875819" lon="11.275223"><ele>388</ele></trkpt>
   <trkpt lat="48.875864" lon="11.275139"><ele>388</ele></trkpt>
   <trkpt lat="48.875903" lon="11.275048"><ele>388</ele></trkpt>
   <trkpt lat="48.875944" lon="11.274943"><ele>388</ele></trkpt>
   <trkpt lat="48.875978" lon="11.274832"><ele>388</ele></trkpt>
   <trkpt lat="48.876124" lon="11.274171"><ele>389</ele></trkpt>
   <trkpt lat="48.876178" lon="11.273969"><ele>389.25</ele></trkpt>
   <trkpt lat="48.876251" lon="11.27378"><ele>389.75</ele></trkpt>
   <trkpt lat="48.876449" lon="11.273449"><ele>390.75</ele></trkpt>
   <trkpt lat="48.87664" lon="11.273206"><ele>390.25</ele></trkpt>
   <trkpt lat="48.876792" lon="11.273074"><ele>390</ele></trkpt>
   <trkpt lat="48.876974" lon="11.272967"><ele>390</ele></trkpt>
   <trkpt lat="48.877172" lon="11.272912"><ele>389.75</ele></trkpt>
   <trkpt lat="48.87732" lon="11.272899"><ele>389.5</ele></trkpt>
   <trkpt lat="48.877761" lon="11.27287"><ele>389.5</ele></trkpt>
   <trkpt lat="48.878003" lon="11.272806"><ele>389.25</ele></trkpt>
   <trkpt lat="48.878211" lon="11.272711"><ele>389.75</ele></trkpt>
   <trkpt lat="48.878392" lon="11.272601"><ele>390</ele></trkpt>
   <trkpt lat="48.8786" lon="11.272423"><ele>389.25</ele></trkpt>
   <trkpt lat="48.878911" lon="11.272136"><ele>389.5</ele></trkpt>
   <trkpt lat="48.879401" lon="11.271615"><ele>390</ele></trkpt>
   <trkpt lat="48.879548" lon="11.271444"><ele>389.75</ele></trkpt>
   <trkpt lat="48.879678" lon="11.271264"><ele>389.5</ele></trkpt>
   <trkpt lat="48.880048" lon="11.270647"><ele>389.5</ele></trkpt>
   <trkpt lat="48.880172" lon="11.27048"><ele>390.25</ele></trkpt>
   <trkpt lat="48.880293" lon="11.270342"><ele>390</ele></trkpt>
   <trkpt lat="48.88167" lon="11.269079"><ele>389.75</ele></trkpt>
   <trkpt lat="48.882153" lon="11.268684"><ele>389</ele></trkpt>
   <trkpt lat="48.882285" lon="11.268599"><ele>388</ele></trkpt>
   <trkpt lat="48.882434" lon="11.268516"><ele>387.75</ele></trkpt>
   <trkpt lat="48.882597" lon="11.268479"><ele>387.5</ele></trkpt>
   <trkpt lat="48.882766" lon="11.268476"><ele>388</ele></trkpt>
   <trkpt lat="48.882949" lon="11.268478"><ele>387.5</ele></trkpt>
   <trkpt lat="48.883084" lon="11.268503"><ele>387.5</ele></trkpt>
   <trkpt lat="48.883256" lon="11.268571"><ele>387.25</ele></trkpt>
   <trkpt lat="48.88372" lon="11.268944"><ele>388.5</ele></trkpt>
   <trkpt lat="48.883865" lon="11.269038"><ele>388</ele></trkpt>
   <trkpt lat="48.884195" lon="11.269176"><ele>388</ele></trkpt>
   <trkpt lat="48.884556" lon="11.269298"><ele>389.5</ele></trkpt>
   <trkpt lat="48.884695" lon="11.269041"><ele>388.5</ele></trkpt>
   <trkpt lat="48.884848" lon="11.268797"><ele>387.5</ele></trkpt>
   <trkpt lat="48.885119" lon="11.268408"><ele>386.25</ele></trkpt>
   <trkpt lat="48.885464" lon="11.267969"><ele>385</ele></trkpt>
   <trkpt lat="48.885778" lon="11.267685"><ele>384</ele></trkpt>
   <trkpt lat="48.885856" lon="11.267617"><ele>384</ele></trkpt>
   <trkpt lat="48.885956" lon="11.267519"><ele>384</ele></trkpt>
   <trkpt lat="48.886437" lon="11.267113"><ele>383.5</ele></trkpt>
   <trkpt lat="48.886805" lon="11.266799"><ele>383</ele></trkpt>
   <trkpt lat="48.886931" lon="11.266707"><ele>383</ele></trkpt>
   <trkpt lat="48.887071" lon="11.266629"><ele>383</ele></trkpt>
   <trkpt lat="48.887141" lon="11.266598"><ele>383</ele></trkpt>
   <trkpt lat="48.88735" lon="11.266532"><ele>383</ele></trkpt>
   <trkpt lat="48.887484" lon="11.266469"><ele>383.25</ele></trkpt>
   <trkpt lat="48.887571" lon="11.266405"><ele>383.25</ele></trkpt>
   <trkpt lat="48.887668" lon="11.266297"><ele>383.5</ele></trkpt>
   <trkpt lat="48.887814" lon="11.266095"><ele>384</ele></trkpt>
   <trkpt lat="48.887849" lon="11.266008"><ele>384</ele></trkpt>
   <trkpt lat="48.887866" lon="11.265922"><ele>384</ele></trkpt>
   <trkpt lat="48.887969" lon="11.265961"><ele>384</ele></trkpt>
   <trkpt lat="48.888458" lon="11.266312"><ele>385.5</ele></trkpt>
   <trkpt lat="48.889276" lon="11.266935"><ele>390.75</ele></trkpt>
   <trkpt lat="48.889481" lon="11.267107"><ele>392</ele></trkpt>
   <trkpt lat="48.889671" lon="11.267313"><ele>393</ele></trkpt>
   <trkpt lat="48.890083" lon="11.267769"><ele>392.5</ele></trkpt>
   <trkpt lat="48.890769" lon="11.268603"><ele>392.25</ele></trkpt>
   <trkpt lat="48.890987" lon="11.268917"><ele>391.5</ele></trkpt>
   <trkpt lat="48.891201" lon="11.269266"><ele>391.25</ele></trkpt>
   <trkpt lat="48.891667" lon="11.270099"><ele>392.25</ele></trkpt>
   <trkpt lat="48.892154" lon="11.270986"><ele>391</ele></trkpt>
   <trkpt lat="48.892741" lon="11.272094"><ele>390.25</ele></trkpt>
   <trkpt lat="48.893508" lon="11.273795"><ele>391</ele></trkpt>
   <trkpt lat="48.893686" lon="11.27415"><ele>390.75</ele></trkpt>
   <trkpt lat="48.893823" lon="11.274401"><ele>389.5</ele></trkpt>
   <trkpt lat="48.893889" lon="11.274494"><ele>388.25</ele></trkpt>
   <trkpt lat="48.893951" lon="11.274554"><ele>388</ele></trkpt>
   <trkpt lat="48.893999" lon="11.274581"><ele>387.75</ele></trkpt>
   <trkpt lat="48.894075" lon="11.274593"><ele>387</ele></trkpt>
   <trkpt lat="48.894149" lon="11.274589"><ele>386</ele></trkpt>
   <trkpt lat="48.894215" lon="11.274567"><ele>385.5</ele></trkpt>
   <trkpt lat="48.894251" lon="11.274548"><ele>385.25</ele></trkpt>
   <trkpt lat="48.894412" lon="11.275088"><ele>386</ele></trkpt>
   <trkpt lat="48.894451" lon="11.275059"><ele>385.75</ele></trkpt>
   <trkpt lat="48.894542" lon="11.274978"><ele>385.5</ele></trkpt>
   <trkpt lat="48.894598" lon="11.274911"><ele>385</ele></trkpt>
   <trkpt lat="48.894715" lon="11.274684"><ele>383.75</ele></trkpt>
   <trkpt lat="48.894774" lon="11.274593"><ele>383.25</ele></trkpt>
   <trkpt lat="48.89486" lon="11.274539"><ele>382.75</ele></trkpt>
   <trkpt lat="48.894956" lon="11.274521"><ele>382.25</ele></trkpt>
   <trkpt lat="48.895085" lon="11.274578"><ele>382</ele></trkpt>
   <trkpt lat="48.895221" lon="11.274669"><ele>382</ele></trkpt>
   <trkpt lat="48.895371" lon="11.274805"><ele>381.75</ele></trkpt>
   <trkpt lat="48.895478" lon="11.274937"><ele>381.75</ele></trkpt>
   <trkpt lat="48.895664" lon="11.275249"><ele>381.5</ele></trkpt>
   <trkpt lat="48.895825" lon="11.27556"><ele>382</ele></trkpt>
   <trkpt lat="48.895895" lon="11.275676"><ele>381.75</ele></trkpt>
   <trkpt lat="48.895966" lon="11.27573"><ele>381.5</ele></trkpt>
   <trkpt lat="48.89604" lon="11.275756"><ele>381.25</ele></trkpt>
   <trkpt lat="48.896123" lon="11.275719"><ele>381</ele></trkpt>
   <trkpt lat="48.896542" lon="11.275355"><ele>381</ele></trkpt>
   <trkpt lat="48.896722" lon="11.275228"><ele>380.75</ele></trkpt>
   <trkpt lat="48.896914" lon="11.275121"><ele>381</ele></trkpt>
   <trkpt lat="48.897045" lon="11.275078"><ele>381</ele></trkpt>
   <trkpt lat="48.897138" lon="11.275073"><ele>381</ele></trkpt>
   <trkpt lat="48.897288" lon="11.275069"><ele>381.25</ele></trkpt>
   <trkpt lat="48.897408" lon="11.27505"><ele>382</ele></trkpt>
   <trkpt lat="48.897654" lon="11.274885"><ele>381.25</ele></trkpt>
   <trkpt lat="48.898019" lon="11.274632"><ele>381.5</ele></trkpt>
   <trkpt lat="48.898149" lon="11.274524"><ele>382.25</ele></trkpt>
   <trkpt lat="48.898337" lon="11.274368"><ele>383.25</ele></trkpt>
   <trkpt lat="48.898371" lon="11.274326"><ele>383.5</ele></trkpt>
   <trkpt lat="48.898417" lon="11.27427"><ele>384</ele></trkpt>
   <trkpt lat="48.898457" lon="11.274216"><ele>384.5</ele></trkpt>
   <trkpt lat="48.89855" lon="11.274082"><ele>385.75</ele></trkpt>
   <trkpt lat="48.898815" lon="11.27375"><ele>389</ele></trkpt>
   <trkpt lat="48.89895" lon="11.273587"><ele>391.5</ele></trkpt>
   <trkpt lat="48.899026" lon="11.273687"><ele>392.25</ele></trkpt>
   <trkpt lat="48.899145" lon="11.273872"><ele>392.75</ele></trkpt>
   <trkpt lat="48.899213" lon="11.273852"><ele>394.25</ele></trkpt>
   <trkpt lat="48.899351" lon="11.273879"><ele>397</ele></trkpt>
   <trkpt lat="48.899468" lon="11.27394"><ele>399</ele></trkpt>
   <trkpt lat="48.899624" lon="11.274053"><ele>402.25</ele></trkpt>
   <trkpt lat="48.899779" lon="11.274184"><ele>404.75</ele></trkpt>
   <trkpt lat="48.89992" lon="11.274338"><ele>407.75</ele></trkpt>
   <trkpt lat="48.900132" lon="11.274624"><ele>411.25</ele></trkpt>
   <trkpt lat="48.900768" lon="11.275513"><ele>423.5</ele></trkpt>
   <trkpt lat="48.900799" lon="11.275547"><ele>423.75</ele></trkpt>
   <trkpt lat="48.900839" lon="11.275564"><ele>424.75</ele></trkpt>
   <trkpt lat="48.90095" lon="11.275572"><ele>426.5</ele></trkpt>
   <trkpt lat="48.901226" lon="11.275548"><ele>433</ele></trkpt>
   <trkpt lat="48.901288" lon="11.275568"><ele>434</ele></trkpt>
   <trkpt lat="48.901337" lon="11.275605"><ele>434.75</ele></trkpt>
   <trkpt lat="48.901379" lon="11.275659"><ele>435.5</ele></trkpt>
   <trkpt lat="48.901399" lon="11.275731"><ele>435.5</ele></trkpt>
   <trkpt lat="48.901414" lon="11.275867"><ele>435.75</ele></trkpt>
   <trkpt lat="48.901407" lon="11.27631"><ele>439</ele></trkpt>
   <trkpt lat="48.901435" lon="11.276475"><ele>439.75</ele></trkpt>
   <trkpt lat="48.901488" lon="11.2766"><ele>440.75</ele></trkpt>
   <trkpt lat="48.90188" lon="11.27723"><ele>445.75</ele></trkpt>
   <trkpt lat="48.901997" lon="11.277438"><ele>448.25</ele></trkpt>
   <trkpt lat="48.902096" lon="11.277681"><ele>449.5</ele></trkpt>
   <trkpt lat="48.902136" lon="11.277842"><ele>449.75</ele></trkpt>
   <trkpt lat="48.902146" lon="11.277917"><ele>450</ele></trkpt>
   <trkpt lat="48.902171" lon="11.277992"><ele>450.75</ele></trkpt>
   <trkpt lat="48.90221" lon="11.278024"><ele>452.5</ele></trkpt>
   <trkpt lat="48.902254" lon="11.278014"><ele>453.5</ele></trkpt>
   <trkpt lat="48.902279" lon="11.277944"><ele>454.25</ele></trkpt>
   <trkpt lat="48.902273" lon="11.277856"><ele>454.5</ele></trkpt>
   <trkpt lat="48.902169" lon="11.277493"><ele>454</ele></trkpt>
   <trkpt lat="48.902134" lon="11.277252"><ele>454.25</ele></trkpt>
   <trkpt lat="48.90207" lon="11.277017"><ele>455.25</ele></trkpt>
   <trkpt lat="48.90196" lon="11.276691"><ele>456.75</ele></trkpt>
   <trkpt lat="48.901903" lon="11.276458"><ele>456.75</ele></trkpt>
   <trkpt lat="48.901867" lon="11.276225"><ele>456.75</ele></trkpt>
   <trkpt lat="48.901727" lon="11.274914"><ele>458.75</ele></trkpt>
   <trkpt lat="48.901726" lon="11.274782"><ele>459.25</ele></trkpt>
   <trkpt lat="48.901739" lon="11.274652"><ele>459.75</ele></trkpt>
   <trkpt lat="48.901848" lon="11.274318"><ele>461</ele></trkpt>
   <trkpt lat="48.901989" lon="11.274045"><ele>462.5</ele></trkpt>
   <trkpt lat="48.902092" lon="11.273889"><ele>463.5</ele></trkpt>
   <trkpt lat="48.902223" lon="11.273727"><ele>464.5</ele></trkpt>
   <trkpt lat="48.902457" lon="11.273512"><ele>465.75</ele></trkpt>
   <trkpt lat="48.902588" lon="11.27343"><ele>466.25</ele></trkpt>
   <trkpt lat="48.902775" lon="11.273352"><ele>466.75</ele></trkpt>
   <trkpt lat="48.903005" lon="11.273296"><ele>467.75</ele></trkpt>
   <trkpt lat="48.90334" lon="11.273188"><ele>468.75</ele></trkpt>
   <trkpt lat="48.904052" lon="11.27283"><ele>469</ele></trkpt>
   <trkpt lat="48.904585" lon="11.272506"><ele>469</ele></trkpt>
   <trkpt lat="48.904707" lon="11.272406"><ele>468.5</ele></trkpt>
   <trkpt lat="48.904759" lon="11.272317"><ele>468.25</ele></trkpt>
   <trkpt lat="48.904792" lon="11.272231"><ele>468</ele></trkpt>
   <trkpt lat="48.904809" lon="11.272101"><ele>467.75</ele></trkpt>
   <trkpt lat="48.904801" lon="11.271971"><ele>467.5</ele></trkpt>
   <trkpt lat="48.904739" lon="11.271513"><ele>467.75</ele></trkpt>
   <trkpt lat="48.904735" lon="11.271402"><ele>467.75</ele></trkpt>
   <trkpt lat="48.904761" lon="11.271248"><ele>467.75</ele></trkpt>
   <trkpt lat="48.904806" lon="11.271104"><ele>467.5</ele></trkpt>
   <trkpt lat="48.904912" lon="11.270898"><ele>466.5</ele></trkpt>
   <trkpt lat="48.90505" lon="11.270713"><ele>465.5</ele></trkpt>
   <trkpt lat="48.905086" lon="11.270604"><ele>465.25</ele></trkpt>
   <trkpt lat="48.905143" lon="11.270382"><ele>464.5</ele></trkpt>
   <trkpt lat="48.905181" lon="11.270318"><ele>464.25</ele></trkpt>
   <trkpt lat="48.905293" lon="11.270216"><ele>463.5</ele></trkpt>
   <trkpt lat="48.905397" lon="11.27014"><ele>462.5</ele></trkpt>
   <trkpt lat="48.905454" lon="11.270064"><ele>461.75</ele></trkpt>
   <trkpt lat="48.905525" lon="11.26986"><ele>460.5</ele></trkpt>
   <trkpt lat="48.905535" lon="11.269736"><ele>460</ele></trkpt>
   <trkpt lat="48.905495" lon="11.26923"><ele>456</ele></trkpt>
   <trkpt lat="48.905498" lon="11.269032"><ele>455</ele></trkpt>
   <trkpt lat="48.905556" lon="11.268762"><ele>454.25</ele></trkpt>
   <trkpt lat="48.90557" lon="11.268636"><ele>455</ele></trkpt>
   <trkpt lat="48.90557" lon="11.268498"><ele>455.5</ele></trkpt>
   <trkpt lat="48.905544" lon="11.268333"><ele>456</ele></trkpt>
   <trkpt lat="48.905498" lon="11.268151"><ele>456.5</ele></trkpt>
   <trkpt lat="48.90532" lon="11.267673"><ele>457.5</ele></trkpt>
   <trkpt lat="48.905301" lon="11.267584"><ele>457.75</ele></trkpt>
   <trkpt lat="48.905306" lon="11.267495"><ele>458.25</ele></trkpt>
   <trkpt lat="48.905797" lon="11.265666"><ele>469.25</ele></trkpt>
   <trkpt lat="48.906075" lon="11.264524"><ele>471.5</ele></trkpt>
   <trkpt lat="48.906102" lon="11.264311"><ele>471.75</ele></trkpt>
   <trkpt lat="48.906112" lon="11.264177"><ele>472</ele></trkpt>
   <trkpt lat="48.906091" lon="11.263947"><ele>472</ele></trkpt>
   <trkpt lat="48.905601" lon="11.261418"><ele>474.75</ele></trkpt>
   <trkpt lat="48.905145" lon="11.258972"><ele>478.75</ele></trkpt>
   <trkpt lat="48.904831" lon="11.25732"><ele>482</ele></trkpt>
   <trkpt lat="48.904814" lon="11.257228"><ele>482.25</ele></trkpt>
   <trkpt lat="48.904515" lon="11.255723"><ele>484.25</ele></trkpt>
   <trkpt lat="48.904487" lon="11.255406"><ele>484.5</ele></trkpt>
   <trkpt lat="48.904486" lon="11.255149"><ele>484.75</ele></trkpt>
   <trkpt lat="48.904527" lon="11.254913"><ele>484.75</ele></trkpt>
   <trkpt lat="48.904649" lon="11.254662"><ele>484.5</ele></trkpt>
   <trkpt lat="48.904918" lon="11.254144"><ele>482.5</ele></trkpt>
   <trkpt lat="48.905626" lon="11.252933"><ele>480</ele></trkpt>
   <trkpt lat="48.906153" lon="11.252128"><ele>485.25</ele></trkpt>
   <trkpt lat="48.907056" lon="11.250805"><ele>494</ele></trkpt>
   <trkpt lat="48.907682" lon="11.250127"><ele>494.25</ele></trkpt>
   <trkpt lat="48.908406" lon="11.249446"><ele>490.25</ele></trkpt>
   <trkpt lat="48.908624" lon="11.249243"><ele>488.75</ele></trkpt>
   <trkpt lat="48.908759" lon="11.249101"><ele>488</ele></trkpt>
   <trkpt lat="48.908927" lon="11.248887"><ele>487.5</ele></trkpt>
   <trkpt lat="48.908944" lon="11.248711"><ele>487</ele></trkpt>
   <trkpt lat="48.908941" lon="11.248551"><ele>486.75</ele></trkpt>
   <trkpt lat="48.908902" lon="11.248232"><ele>487.75</ele></trkpt>
   <trkpt lat="48.908803" lon="11.24729"><ele>489.25</ele></trkpt>
   <trkpt lat="48.908803" lon="11.247098"><ele>490</ele></trkpt>
   <trkpt lat="48.908826" lon="11.246925"><ele>490.5</ele></trkpt>
   <trkpt lat="48.90888" lon="11.246754"><ele>490.5</ele></trkpt>
   <trkpt lat="48.909004" lon="11.246466"><ele>491.5</ele></trkpt>
   <trkpt lat="48.909094" lon="11.246317"><ele>491.5</ele></trkpt>
   <trkpt lat="48.909196" lon="11.246121"><ele>491.75</ele></trkpt>
   <trkpt lat="48.909267" lon="11.246022"><ele>491.25</ele></trkpt>
   <trkpt lat="48.909616" lon="11.245803"><ele>488.75</ele></trkpt>
   <trkpt lat="48.909704" lon="11.245759"><ele>488</ele></trkpt>
   <trkpt lat="48.909847" lon="11.245686"><ele>487.25</ele></trkpt>
   <trkpt lat="48.910046" lon="11.245587"><ele>485.75</ele></trkpt>
   <trkpt lat="48.910152" lon="11.245568"><ele>484.75</ele></trkpt>
   <trkpt lat="48.910243" lon="11.245583"><ele>484.25</ele></trkpt>
   <trkpt lat="48.910467" lon="11.245804"><ele>482.5</ele></trkpt>
   <trkpt lat="48.910601" lon="11.245903"><ele>481.75</ele></trkpt>
   <trkpt lat="48.910657" lon="11.245876"><ele>481.5</ele></trkpt>
   <trkpt lat="48.911791" lon="11.245125"><ele>491.5</ele></trkpt>
   <trkpt lat="48.911921" lon="11.245041"><ele>492.75</ele></trkpt>
   <trkpt lat="48.911947" lon="11.244992"><ele>493</ele></trkpt>
   <trkpt lat="48.912078" lon="11.244661"><ele>495</ele></trkpt>
   <trkpt lat="48.912112" lon="11.244618"><ele>495.25</ele></trkpt>
   <trkpt lat="48.912134" lon="11.244589"><ele>495.5</ele></trkpt>
   <trkpt lat="48.912186" lon="11.244561"><ele>495.75</ele></trkpt>
   <trkpt lat="48.91224" lon="11.244559"><ele>496</ele></trkpt>
   <trkpt lat="48.912313" lon="11.244583"><ele>496</ele></trkpt>
   <trkpt lat="48.912502" lon="11.244572"><ele>496.5</ele></trkpt>
   <trkpt lat="48.912715" lon="11.244501"><ele>496</ele></trkpt>
   <trkpt lat="48.912875" lon="11.244408"><ele>495.5</ele></trkpt>
   <trkpt lat="48.913023" lon="11.244265"><ele>495.5</ele></trkpt>
   <trkpt lat="48.912897" lon="11.243528"><ele>497</ele></trkpt>
   <trkpt lat="48.912785" lon="11.242671"><ele>498.75</ele></trkpt>
   <trkpt lat="48.912694" lon="11.241833"><ele>500.5</ele></trkpt>
   <trkpt lat="48.912567" lon="11.240622"><ele>504.25</ele></trkpt>
   <trkpt lat="48.912524" lon="11.239993"><ele>506.75</ele></trkpt>
   <trkpt lat="48.912526" lon="11.239335"><ele>508</ele></trkpt>
   <trkpt lat="48.912561" lon="11.238835"><ele>508.75</ele></trkpt>
   <trkpt lat="48.91275" lon="11.236988"><ele>513.75</ele></trkpt>
   <trkpt lat="48.912811" lon="11.236188"><ele>514.5</ele></trkpt>
   <trkpt lat="48.912991" lon="11.234632"><ele>517.75</ele></trkpt>
   <trkpt lat="48.913032" lon="11.234043"><ele>518.75</ele></trkpt>
   <trkpt lat="48.913057" lon="11.233227"><ele>520.25</ele></trkpt>
   <trkpt lat="48.91304" lon="11.232808"><ele>520.75</ele></trkpt>
   <trkpt lat="48.913018" lon="11.231854"><ele>521.75</ele></trkpt>
   <trkpt lat="48.913021" lon="11.231437"><ele>522.5</ele></trkpt>
   <trkpt lat="48.913074" lon="11.231039"><ele>523</ele></trkpt>
   <trkpt lat="48.913132" lon="11.230752"><ele>523</ele></trkpt>
   <trkpt lat="48.913209" lon="11.230532"><ele>523</ele></trkpt>
   <trkpt lat="48.913302" lon="11.230401"><ele>523</ele></trkpt>
   <trkpt lat="48.913574" lon="11.230225"><ele>522.75</ele></trkpt>
   <trkpt lat="48.913403" lon="11.229174"><ele>522.5</ele></trkpt>
   <trkpt lat="48.913299" lon="11.228447"><ele>523</ele></trkpt>
   <trkpt lat="48.913237" lon="11.228014"><ele>523</ele></trkpt>
   <trkpt lat="48.913097" lon="11.227377"><ele>523.25</ele></trkpt>
   <trkpt lat="48.91293" lon="11.226885"><ele>524</ele></trkpt>
   <trkpt lat="48.912868" lon="11.226731"><ele>524</ele></trkpt>
   <trkpt lat="48.912661" lon="11.226323"><ele>524.5</ele></trkpt>
   <trkpt lat="48.912523" lon="11.226108"><ele>525.75</ele></trkpt>
   <trkpt lat="48.912376" lon="11.225878"><ele>525.25</ele></trkpt>
   <trkpt lat="48.910515" lon="11.223203"><ele>536.25</ele></trkpt>
   <trkpt lat="48.910026" lon="11.222323"><ele>538.5</ele></trkpt>
   <trkpt lat="48.909736" lon="11.221605"><ele>539.75</ele></trkpt>
   <trkpt lat="48.909494" lon="11.220861"><ele>540.75</ele></trkpt>
   <trkpt lat="48.909335" lon="11.220236"><ele>541</ele></trkpt>
   <trkpt lat="48.910912" lon="11.217149"><ele>537.5</ele></trkpt>
   <trkpt lat="48.911441" lon="11.216148"><ele>535.75</ele></trkpt>
   <trkpt lat="48.913065" lon="11.212965"><ele>530.75</ele></trkpt>
   <trkpt lat="48.913164" lon="11.212784"><ele>530.5</ele></trkpt>
   <trkpt lat="48.913638" lon="11.211885"><ele>532</ele></trkpt>
   <trkpt lat="48.914791" lon="11.209614"><ele>539</ele></trkpt>
   <trkpt lat="48.915616" lon="11.208012"><ele>543</ele></trkpt>
   <trkpt lat="48.915692" lon="11.207851"><ele>543.25</ele></trkpt>
   <trkpt lat="48.915773" lon="11.20768"><ele>543.75</ele></trkpt>
   <trkpt lat="48.916267" lon="11.206632"><ele>542.25</ele></trkpt>
   <trkpt lat="48.916547" lon="11.206081"><ele>541.25</ele></trkpt>
   <trkpt lat="48.916873" lon="11.205512"><ele>540.75</ele></trkpt>
   <trkpt lat="48.916949" lon="11.205392"><ele>540.25</ele></trkpt>
   <trkpt lat="48.917283" lon="11.20486"><ele>539.25</ele></trkpt>
   <trkpt lat="48.917666" lon="11.20433"><ele>537.75</ele></trkpt>
   <trkpt lat="48.917781" lon="11.204165"><ele>538</ele></trkpt>
   <trkpt lat="48.91846" lon="11.203088"><ele>537.75</ele></trkpt>
   <trkpt lat="48.919157" lon="11.202094"><ele>536.5</ele></trkpt>
   <trkpt lat="48.919207" lon="11.202027"><ele>536.25</ele></trkpt>
   <trkpt lat="48.919279" lon="11.20193"><ele>536.25</ele></trkpt>
   <trkpt lat="48.919301" lon="11.201901"><ele>536.25</ele></trkpt>
   <trkpt lat="48.919553" lon="11.201574"><ele>536</ele></trkpt>
   <trkpt lat="48.919899" lon="11.201136"><ele>536</ele></trkpt>
   <trkpt lat="48.920134" lon="11.200838"><ele>536</ele></trkpt>
   <trkpt lat="48.919734" lon="11.199991"><ele>534.75</ele></trkpt>
   <trkpt lat="48.919544" lon="11.198687"><ele>529</ele></trkpt>
   <trkpt lat="48.919499" lon="11.19842"><ele>528</ele></trkpt>
   <trkpt lat="48.919447" lon="11.198269"><ele>527.75</ele></trkpt>
   <trkpt lat="48.919368" lon="11.198043"><ele>527</ele></trkpt>
   <trkpt lat="48.919239" lon="11.197729"><ele>525.5</ele></trkpt>
   <trkpt lat="48.919135" lon="11.197431"><ele>525.75</ele></trkpt>
   <trkpt lat="48.919107" lon="11.197306"><ele>525.25</ele></trkpt>
   <trkpt lat="48.919102" lon="11.197191"><ele>525.25</ele></trkpt>
   <trkpt lat="48.919113" lon="11.197058"><ele>525.5</ele></trkpt>
   <trkpt lat="48.919156" lon="11.196952"><ele>525.75</ele></trkpt>
   <trkpt lat="48.919233" lon="11.196855"><ele>525.75</ele></trkpt>
   <trkpt lat="48.919494" lon="11.196577"><ele>527.25</ele></trkpt>
   <trkpt lat="48.919563" lon="11.196483"><ele>527.5</ele></trkpt>
   <trkpt lat="48.91966" lon="11.19626"><ele>528.25</ele></trkpt>
   <trkpt lat="48.91972" lon="11.195989"><ele>529</ele></trkpt>
   <trkpt lat="48.919792" lon="11.195511"><ele>528.5</ele></trkpt>
   <trkpt lat="48.919858" lon="11.195021"><ele>528.5</ele></trkpt>
   <trkpt lat="48.9199" lon="11.194445"><ele>527.25</ele></trkpt>
   <trkpt lat="48.919966" lon="11.192864"><ele>523.25</ele></trkpt>
   <trkpt lat="48.920003" lon="11.191803"><ele>521.75</ele></trkpt>
   <trkpt lat="48.920019" lon="11.191559"><ele>521.75</ele></trkpt>
   <trkpt lat="48.920062" lon="11.191219"><ele>521.5</ele></trkpt>
   <trkpt lat="48.920143" lon="11.19083"><ele>521.5</ele></trkpt>
   <trkpt lat="48.920488" lon="11.189583"><ele>525.5</ele></trkpt>
   <trkpt lat="48.920613" lon="11.189121"><ele>524.75</ele></trkpt>
   <trkpt lat="48.920755" lon="11.188697"><ele>524.75</ele></trkpt>
   <trkpt lat="48.921085" lon="11.187887"><ele>527.5</ele></trkpt>
   <trkpt lat="48.921658" lon="11.186551"><ele>533.75</ele></trkpt>
   <trkpt lat="48.921813" lon="11.186212"><ele>535.75</ele></trkpt>
   <trkpt lat="48.922222" lon="11.185217"><ele>536.75</ele></trkpt>
   <trkpt lat="48.922527" lon="11.184443"><ele>537</ele></trkpt>
   <trkpt lat="48.922782" lon="11.183669"><ele>536</ele></trkpt>
   <trkpt lat="48.923598" lon="11.181149"><ele>533.75</ele></trkpt>
   <trkpt lat="48.924537" lon="11.178267"><ele>530</ele></trkpt>
   <trkpt lat="48.924852" lon="11.177296"><ele>529.5</ele></trkpt>
   <trkpt lat="48.925" lon="11.176787"><ele>530</ele></trkpt>
   <trkpt lat="48.925114" lon="11.176202"><ele>530.25</ele></trkpt>
   <trkpt lat="48.925178" lon="11.175653"><ele>531</ele></trkpt>
   <trkpt lat="48.925222" lon="11.174869"><ele>531.75</ele></trkpt>
   <trkpt lat="48.925321" lon="11.172533"><ele>534</ele></trkpt>
   <trkpt lat="48.925362" lon="11.171899"><ele>534.25</ele></trkpt>
   <trkpt lat="48.925382" lon="11.171596"><ele>534.5</ele></trkpt>
   <trkpt lat="48.925387" lon="11.171371"><ele>535</ele></trkpt>
   <trkpt lat="48.925398" lon="11.170848"><ele>535.25</ele></trkpt>
   <trkpt lat="48.925434" lon="11.170447"><ele>535.5</ele></trkpt>
   <trkpt lat="48.925526" lon="11.16997"><ele>536</ele></trkpt>
   <trkpt lat="48.925628" lon="11.169319"><ele>537.5</ele></trkpt>
   <trkpt lat="48.925652" lon="11.16911"><ele>538.25</ele></trkpt>
   <trkpt lat="48.925686" lon="11.168555"><ele>538.5</ele></trkpt>
   <trkpt lat="48.925791" lon="11.167514"><ele>538.75</ele></trkpt>
   <trkpt lat="48.925875" lon="11.166579"><ele>538</ele></trkpt>
   <trkpt lat="48.925932" lon="11.165876"><ele>538</ele></trkpt>
   <trkpt lat="48.925934" lon="11.165727"><ele>538</ele></trkpt>
   <trkpt lat="48.925937" lon="11.165401"><ele>537.25</ele></trkpt>
   <trkpt lat="48.925932" lon="11.165114"><ele>536.75</ele></trkpt>
   <trkpt lat="48.925959" lon="11.164354"><ele>536</ele></trkpt>
   <trkpt lat="48.925964" lon="11.164237"><ele>536</ele></trkpt>
   <trkpt lat="48.925978" lon="11.163898"><ele>535</ele></trkpt>
   <trkpt lat="48.926018" lon="11.163318"><ele>534.5</ele></trkpt>
   <trkpt lat="48.92609" lon="11.162802"><ele>534</ele></trkpt>
   <trkpt lat="48.926157" lon="11.162391"><ele>533.75</ele></trkpt>
   <trkpt lat="48.926232" lon="11.162003"><ele>533.5</ele></trkpt>
   <trkpt lat="48.926309" lon="11.161684"><ele>533.25</ele></trkpt>
   <trkpt lat="48.926469" lon="11.16105"><ele>532.5</ele></trkpt>
   <trkpt lat="48.926768" lon="11.160042"><ele>532.25</ele></trkpt>
   <trkpt lat="48.927097" lon="11.158981"><ele>533</ele></trkpt>
   <trkpt lat="48.927452" lon="11.157696"><ele>533</ele></trkpt>
   <trkpt lat="48.927551" lon="11.157224"><ele>533</ele></trkpt>
   <trkpt lat="48.927626" lon="11.156745"><ele>533.75</ele></trkpt>
   <trkpt lat="48.927677" lon="11.156277"><ele>534.5</ele></trkpt>
   <trkpt lat="48.927698" lon="11.1557"><ele>535</ele></trkpt>
   <trkpt lat="48.927697" lon="11.155596"><ele>535.5</ele></trkpt>
   <trkpt lat="48.927682" lon="11.154614"><ele>536.5</ele></trkpt>
   <trkpt lat="48.927687" lon="11.154041"><ele>537.5</ele></trkpt>
   <trkpt lat="48.927738" lon="11.153008"><ele>538.75</ele></trkpt>
   <trkpt lat="48.92782" lon="11.15225"><ele>539</ele></trkpt>
   <trkpt lat="48.927843" lon="11.152127"><ele>539.25</ele></trkpt>
   <trkpt lat="48.927877" lon="11.152025"><ele>539.25</ele></trkpt>
   <trkpt lat="48.92794" lon="11.151908"><ele>539.25</ele></trkpt>
   <trkpt lat="48.927899" lon="11.151808"><ele>539.25</ele></trkpt>
   <trkpt lat="48.927875" lon="11.151709"><ele>539</ele></trkpt>
   <trkpt lat="48.927838" lon="11.151389"><ele>538</ele></trkpt>
   <trkpt lat="48.927807" lon="11.151277"><ele>538</ele></trkpt>
   <trkpt lat="48.927768" lon="11.151165"><ele>538</ele></trkpt>
   <trkpt lat="48.927899" lon="11.15097"><ele>538.25</ele></trkpt>
   <trkpt lat="48.928242" lon="11.149621"><ele>538.25</ele></trkpt>
   <trkpt lat="48.92837" lon="11.149276"><ele>538</ele></trkpt>
   <trkpt lat="48.92849" lon="11.148998"><ele>538</ele></trkpt>
   <trkpt lat="48.928679" lon="11.14866"><ele>538</ele></trkpt>
   <trkpt lat="48.928761" lon="11.148523"><ele>538</ele></trkpt>
   <trkpt lat="48.929049" lon="11.148093"><ele>537</ele></trkpt>
   <trkpt lat="48.92883" lon="11.147781"><ele>536.75</ele></trkpt>
   <trkpt lat="48.928312" lon="11.147041"><ele>534.25</ele></trkpt>
   <trkpt lat="48.927731" lon="11.146123"><ele>530</ele></trkpt>
   <trkpt lat="48.928053" lon="11.145182"><ele>529</ele></trkpt>
   <trkpt lat="48.928109" lon="11.144957"><ele>529</ele></trkpt>
   <trkpt lat="48.928217" lon="11.144665"><ele>528.75</ele></trkpt>
   <trkpt lat="48.928275" lon="11.144477"><ele>528.25</ele></trkpt>
   <trkpt lat="48.928482" lon="11.143946"><ele>528</ele></trkpt>
   <trkpt lat="48.928803" lon="11.143203"><ele>528</ele></trkpt>
   <trkpt lat="48.928984" lon="11.142759"><ele>527.5</ele></trkpt>
   <trkpt lat="48.929105" lon="11.142421"><ele>528</ele></trkpt>
   <trkpt lat="48.929246" lon="11.141945"><ele>527.5</ele></trkpt>
   <trkpt lat="48.929432" lon="11.141243"><ele>528</ele></trkpt>
   <trkpt lat="48.929657" lon="11.140627"><ele>527.75</ele></trkpt>
   <trkpt lat="48.92979" lon="11.140227"><ele>527</ele></trkpt>
   <trkpt lat="48.930265" lon="11.138415"><ele>527.75</ele></trkpt>
   <trkpt lat="48.930602" lon="11.137145"><ele>528</ele></trkpt>
   <trkpt lat="48.930656" lon="11.136911"><ele>528</ele></trkpt>
   <trkpt lat="48.930699" lon="11.136647"><ele>528</ele></trkpt>
   <trkpt lat="48.930714" lon="11.136514"><ele>528.5</ele></trkpt>
   <trkpt lat="48.93071" lon="11.136426"><ele>528.75</ele></trkpt>
   <trkpt lat="48.930675" lon="11.136348"><ele>529</ele></trkpt>
   <trkpt lat="48.930712" lon="11.136259"><ele>529</ele></trkpt>
   <trkpt lat="48.93078" lon="11.136142"><ele>529</ele></trkpt>
   <trkpt lat="48.93167" lon="11.135085"><ele>530.5</ele></trkpt>
   <trkpt lat="48.932309" lon="11.134395"><ele>535.5</ele></trkpt>
   <trkpt lat="48.932504" lon="11.134185"><ele>537</ele></trkpt>
   <trkpt lat="48.933471" lon="11.133035"><ele>539.75</ele></trkpt>
   <trkpt lat="48.934199" lon="11.132085"><ele>541.5</ele></trkpt>
   <trkpt lat="48.934538" lon="11.131596"><ele>542</ele></trkpt>
   <trkpt lat="48.935412" lon="11.130015"><ele>537.5</ele></trkpt>
   <trkpt lat="48.936032" lon="11.128847"><ele>536.5</ele></trkpt>
   <trkpt lat="48.936372" lon="11.128136"><ele>537</ele></trkpt>
   <trkpt lat="48.936727" lon="11.127574"><ele>536.25</ele></trkpt>
   <trkpt lat="48.937459" lon="11.126223"><ele>534.25</ele></trkpt>
   <trkpt lat="48.939189" lon="11.123037"><ele>532.75</ele></trkpt>
   <trkpt lat="48.942272" lon="11.117435"><ele>535.5</ele></trkpt>
   <trkpt lat="48.943116" lon="11.115789"><ele>540</ele></trkpt>
   <trkpt lat="48.944032" lon="11.114124"><ele>542.5</ele></trkpt>
   <trkpt lat="48.944195" lon="11.113881"><ele>542.75</ele></trkpt>
   <trkpt lat="48.944296" lon="11.113745"><ele>542.5</ele></trkpt>
   <trkpt lat="48.944362" lon="11.11372"><ele>542.25</ele></trkpt>
   <trkpt lat="48.944416" lon="11.11372"><ele>542.25</ele></trkpt>
   <trkpt lat="48.944482" lon="11.113767"><ele>541.75</ele></trkpt>
   <trkpt lat="48.944545" lon="11.113785"><ele>541.25</ele></trkpt>
   <trkpt lat="48.944633" lon="11.113736"><ele>541.25</ele></trkpt>
   <trkpt lat="48.944677" lon="11.11366"><ele>541.25</ele></trkpt>
   <trkpt lat="48.944693" lon="11.113578"><ele>541</ele></trkpt>
   <trkpt lat="48.94466" lon="11.113435"><ele>541.25</ele></trkpt>
   <trkpt lat="48.944606" lon="11.113291"><ele>541.75</ele></trkpt>
   <trkpt lat="48.944597" lon="11.113249"><ele>541.75</ele></trkpt>
   <trkpt lat="48.944604" lon="11.113199"><ele>541.75</ele></trkpt>
   <trkpt lat="48.944634" lon="11.1131"><ele>541.5</ele></trkpt>
   <trkpt lat="48.946427" lon="11.109785"><ele>540.5</ele></trkpt>
   <trkpt lat="48.946565" lon="11.10956"><ele>540.5</ele></trkpt>
   <trkpt lat="48.946679" lon="11.10949"><ele>539.75</ele></trkpt>
   <trkpt lat="48.946781" lon="11.109404"><ele>540</ele></trkpt>
   <trkpt lat="48.946812" lon="11.109355"><ele>540.25</ele></trkpt>
   <trkpt lat="48.946815" lon="11.109232"><ele>540.5</ele></trkpt>
   <trkpt lat="48.946831" lon="11.109085"><ele>540.75</ele></trkpt>
   <trkpt lat="48.946871" lon="11.108959"><ele>541</ele></trkpt>
   <trkpt lat="48.947576" lon="11.107693"><ele>540.75</ele></trkpt>
   <trkpt lat="48.948027" lon="11.106899"><ele>538.5</ele></trkpt>
   <trkpt lat="48.948629" lon="11.10588"><ele>534.75</ele></trkpt>
   <trkpt lat="48.948985" lon="11.105252"><ele>535.25</ele></trkpt>
   <trkpt lat="48.949524" lon="11.104227"><ele>535.5</ele></trkpt>
   <trkpt lat="48.949947" lon="11.103439"><ele>535</ele></trkpt>
   <trkpt lat="48.950458" lon="11.102425"><ele>537.25</ele></trkpt>
   <trkpt lat="48.950685" lon="11.101923"><ele>539.75</ele></trkpt>
   <trkpt lat="48.950769" lon="11.101755"><ele>539</ele></trkpt>
   <trkpt lat="48.950877" lon="11.101518"><ele>539.25</ele></trkpt>
   <trkpt lat="48.951362" lon="11.100684"><ele>542.75</ele></trkpt>
   <trkpt lat="48.951678" lon="11.100035"><ele>541.75</ele></trkpt>
   <trkpt lat="48.952496" lon="11.098388"><ele>539</ele></trkpt>
   <trkpt lat="48.953038" lon="11.097462"><ele>536.5</ele></trkpt>
   <trkpt lat="48.953775" lon="11.095957"><ele>538</ele></trkpt>
   <trkpt lat="48.954784" lon="11.094076"><ele>535.25</ele></trkpt>
   <trkpt lat="48.954882" lon="11.093841"><ele>536.25</ele></trkpt>
   <trkpt lat="48.95506" lon="11.093376"><ele>537.5</ele></trkpt>
   <trkpt lat="48.955184" lon="11.093109"><ele>537.25</ele></trkpt>
   <trkpt lat="48.955419" lon="11.092704"><ele>536.75</ele></trkpt>
   <trkpt lat="48.956887" lon="11.089957"><ele>532.25</ele></trkpt>
   <trkpt lat="48.956782" lon="11.089823"><ele>532.5</ele></trkpt>
   <trkpt lat="48.956694" lon="11.089717"><ele>532</ele></trkpt>
   <trkpt lat="48.9567" lon="11.089633"><ele>531.75</ele></trkpt>
   <trkpt lat="48.956725" lon="11.089525"><ele>531.5</ele></trkpt>
   <trkpt lat="48.956926" lon="11.089153"><ele>532.75</ele></trkpt>
   <trkpt lat="48.957207" lon="11.088638"><ele>531</ele></trkpt>
   <trkpt lat="48.95751" lon="11.088142"><ele>532</ele></trkpt>
   <trkpt lat="48.958634" lon="11.085971"><ele>527.5</ele></trkpt>
   <trkpt lat="48.959432" lon="11.084431"><ele>526.75</ele></trkpt>
   <trkpt lat="48.960046" lon="11.083228"><ele>525.75</ele></trkpt>
   <trkpt lat="48.960144" lon="11.082936"><ele>525.25</ele></trkpt>
   <trkpt lat="48.96014" lon="11.082856"><ele>524.75</ele></trkpt>
   <trkpt lat="48.960149" lon="11.082779"><ele>524.5</ele></trkpt>
   <trkpt lat="48.960249" lon="11.082714"><ele>524.5</ele></trkpt>
   <trkpt lat="48.960345" lon="11.082621"><ele>524.75</ele></trkpt>
   <trkpt lat="48.960423" lon="11.082513"><ele>525.5</ele></trkpt>
   <trkpt lat="48.96097" lon="11.08145"><ele>526</ele></trkpt>
   <trkpt lat="48.961171" lon="11.081115"><ele>527</ele></trkpt>
   <trkpt lat="48.961291" lon="11.08087"><ele>526.75</ele></trkpt>
   <trkpt lat="48.961616" lon="11.080051"><ele>527.75</ele></trkpt>
   <trkpt lat="48.961918" lon="11.079171"><ele>528.75</ele></trkpt>
   <trkpt lat="48.962142" lon="11.078451"><ele>528</ele></trkpt>
   <trkpt lat="48.962306" lon="11.077849"><ele>528.25</ele></trkpt>
   <trkpt lat="48.962416" lon="11.077336"><ele>528.5</ele></trkpt>
   <trkpt lat="48.962508" lon="11.076747"><ele>528.75</ele></trkpt>
   <trkpt lat="48.962743" lon="11.075068"><ele>529</ele></trkpt>
   <trkpt lat="48.963034" lon="11.073454"><ele>528</ele></trkpt>
   <trkpt lat="48.963165" lon="11.072547"><ele>526.5</ele></trkpt>
   <trkpt lat="48.963279" lon="11.071668"><ele>525</ele></trkpt>
   <trkpt lat="48.96344" lon="11.070372"><ele>522.25</ele></trkpt>
   <trkpt lat="48.963473" lon="11.07001"><ele>521.5</ele></trkpt>
   <trkpt lat="48.96356" lon="11.068567"><ele>517</ele></trkpt>
   <trkpt lat="48.963555" lon="11.068352"><ele>517</ele></trkpt>
   <trkpt lat="48.963523" lon="11.067968"><ele>516.25</ele></trkpt>
   <trkpt lat="48.963531" lon="11.067729"><ele>516.25</ele></trkpt>
   <trkpt lat="48.963557" lon="11.067549"><ele>516.75</ele></trkpt>
   <trkpt lat="48.963593" lon="11.067001"><ele>517.75</ele></trkpt>
   <trkpt lat="48.963606" lon="11.066896"><ele>518</ele></trkpt>
   <trkpt lat="48.963646" lon="11.066748"><ele>517.5</ele></trkpt>
   <trkpt lat="48.963673" lon="11.066592"><ele>517.5</ele></trkpt>
   <trkpt lat="48.963687" lon="11.066345"><ele>517.75</ele></trkpt>
   <trkpt lat="48.963739" lon="11.06514"><ele>519.75</ele></trkpt>
   <trkpt lat="48.963779" lon="11.064051"><ele>521.5</ele></trkpt>
   <trkpt lat="48.963789" lon="11.063341"><ele>520.5</ele></trkpt>
   <trkpt lat="48.96385" lon="11.062829"><ele>519.25</ele></trkpt>
   <trkpt lat="48.963948" lon="11.061926"><ele>516.5</ele></trkpt>
   <trkpt lat="48.96412" lon="11.060742"><ele>517</ele></trkpt>
   <trkpt lat="48.964182" lon="11.060718"><ele>516.75</ele></trkpt>
   <trkpt lat="48.964277" lon="11.060115"><ele>517.25</ele></trkpt>
   <trkpt lat="48.964339" lon="11.059871"><ele>517.75</ele></trkpt>
   <trkpt lat="48.964443" lon="11.059583"><ele>518</ele></trkpt>
   <trkpt lat="48.964478" lon="11.059518"><ele>517.5</ele></trkpt>
   <trkpt lat="48.964602" lon="11.059337"><ele>516.75</ele></trkpt>
   <trkpt lat="48.964729" lon="11.059169"><ele>516.75</ele></trkpt>
   <trkpt lat="48.965025" lon="11.058864"><ele>515.5</ele></trkpt>
   <trkpt lat="48.96578" lon="11.058199"><ele>511.75</ele></trkpt>
   <trkpt lat="48.965914" lon="11.058069"><ele>510.75</ele></trkpt>
   <trkpt lat="48.966038" lon="11.057926"><ele>509</ele></trkpt>
   <trkpt lat="48.966193" lon="11.05773"><ele>507.25</ele></trkpt>
   <trkpt lat="48.966426" lon="11.057428"><ele>505.75</ele></trkpt>
   <trkpt lat="48.966547" lon="11.057269"><ele>505.25</ele></trkpt>
   <trkpt lat="48.967328" lon="11.056312"><ele>502</ele></trkpt>
   <trkpt lat="48.967651" lon="11.055981"><ele>501.5</ele></trkpt>
   <trkpt lat="48.968242" lon="11.055408"><ele>501</ele></trkpt>
   <trkpt lat="48.968582" lon="11.055033"><ele>499.75</ele></trkpt>
   <trkpt lat="48.968813" lon="11.054745"><ele>499.25</ele></trkpt>
   <trkpt lat="48.968935" lon="11.054622"><ele>498.5</ele></trkpt>
   <trkpt lat="48.969164" lon="11.054459"><ele>496.75</ele></trkpt>
   <trkpt lat="48.969278" lon="11.054415"><ele>496.5</ele></trkpt>
   <trkpt lat="48.969406" lon="11.054388"><ele>496</ele></trkpt>
   <trkpt lat="48.969652" lon="11.054403"><ele>495.25</ele></trkpt>
   <trkpt lat="48.970006" lon="11.054497"><ele>494</ele></trkpt>
   <trkpt lat="48.970244" lon="11.054578"><ele>493</ele></trkpt>
   <trkpt lat="48.970399" lon="11.05465"><ele>493</ele></trkpt>
   <trkpt lat="48.970493" lon="11.054709"><ele>493</ele></trkpt>
   <trkpt lat="48.970585" lon="11.054777"><ele>492.75</ele></trkpt>
   <trkpt lat="48.970676" lon="11.054858"><ele>492.5</ele></trkpt>
   <trkpt lat="48.970754" lon="11.05494"><ele>492.25</ele></trkpt>
   <trkpt lat="48.970954" lon="11.055173"><ele>492</ele></trkpt>
   <trkpt lat="48.971125" lon="11.055387"><ele>491.5</ele></trkpt>
   <trkpt lat="48.971381" lon="11.05574"><ele>491.25</ele></trkpt>
   <trkpt lat="48.971379" lon="11.05587"><ele>490.75</ele></trkpt>
   <trkpt lat="48.971548" lon="11.056184"><ele>490.25</ele></trkpt>
   <trkpt lat="48.971675" lon="11.056366"><ele>490</ele></trkpt>
   <trkpt lat="48.971904" lon="11.056497"><ele>490</ele></trkpt>
   <trkpt lat="48.972111" lon="11.056524"><ele>489.5</ele></trkpt>
   <trkpt lat="48.972383" lon="11.056433"><ele>488.75</ele></trkpt>
   <trkpt lat="48.972624" lon="11.056162"><ele>487.5</ele></trkpt>
   <trkpt lat="48.972629" lon="11.055996"><ele>488</ele></trkpt>
   <trkpt lat="48.972855" lon="11.055794"><ele>486.75</ele></trkpt>
   <trkpt lat="48.973604" lon="11.05486"><ele>485</ele></trkpt>
   <trkpt lat="48.973785" lon="11.054684"><ele>484.5</ele></trkpt>
   <trkpt lat="48.97499" lon="11.053792"><ele>481.5</ele></trkpt>
   <trkpt lat="48.975269" lon="11.053551"><ele>481</ele></trkpt>
   <trkpt lat="48.975521" lon="11.053295"><ele>480.25</ele></trkpt>
   <trkpt lat="48.97639" lon="11.05211"><ele>479</ele></trkpt>
   <trkpt lat="48.976601" lon="11.051852"><ele>478.75</ele></trkpt>
   <trkpt lat="48.977403" lon="11.051"><ele>478.25</ele></trkpt>
   <trkpt lat="48.977829" lon="11.050546"><ele>478.75</ele></trkpt>
   <trkpt lat="48.977986" lon="11.050344"><ele>479.5</ele></trkpt>
   <trkpt lat="48.97796" lon="11.050263"><ele>479.5</ele></trkpt>
   <trkpt lat="48.977942" lon="11.050174"><ele>479.25</ele></trkpt>
   <trkpt lat="48.977936" lon="11.05006"><ele>479</ele></trkpt>
   <trkpt lat="48.977901" lon="11.048334"><ele>478.25</ele></trkpt>
   <trkpt lat="48.977886" lon="11.047089"><ele>478</ele></trkpt>
   <trkpt lat="48.977868" lon="11.046018"><ele>477.25</ele></trkpt>
   <trkpt lat="48.977837" lon="11.045705"><ele>477</ele></trkpt>
   <trkpt lat="48.977809" lon="11.045545"><ele>476.5</ele></trkpt>
   <trkpt lat="48.977758" lon="11.045342"><ele>476.5</ele></trkpt>
   <trkpt lat="48.97767" lon="11.045072"><ele>475.75</ele></trkpt>
   <trkpt lat="48.977349" lon="11.044266"><ele>477.25</ele></trkpt>
   <trkpt lat="48.977266" lon="11.04401"><ele>476.25</ele></trkpt>
   <trkpt lat="48.977206" lon="11.043759"><ele>475.75</ele></trkpt>
   <trkpt lat="48.977158" lon="11.043466"><ele>476.25</ele></trkpt>
   <trkpt lat="48.977126" lon="11.043186"><ele>476.25</ele></trkpt>
   <trkpt lat="48.977102" lon="11.042913"><ele>475.75</ele></trkpt>
   <trkpt lat="48.977095" lon="11.042629"><ele>475.5</ele></trkpt>
   <trkpt lat="48.977095" lon="11.042292"><ele>474.75</ele></trkpt>
   <trkpt lat="48.977114" lon="11.041993"><ele>474.25</ele></trkpt>
   <trkpt lat="48.977147" lon="11.041671"><ele>473.75</ele></trkpt>
   <trkpt lat="48.977197" lon="11.041345"><ele>473.5</ele></trkpt>
   <trkpt lat="48.977425" lon="11.040128"><ele>474</ele></trkpt>
   <trkpt lat="48.977446" lon="11.039913"><ele>473.25</ele></trkpt>
   <trkpt lat="48.977452" lon="11.039729"><ele>473.25</ele></trkpt>
   <trkpt lat="48.977447" lon="11.039571"><ele>473.75</ele></trkpt>
   <trkpt lat="48.97743" lon="11.039345"><ele>474.25</ele></trkpt>
   <trkpt lat="48.977363" lon="11.038689"><ele>473</ele></trkpt>
   <trkpt lat="48.977354" lon="11.038427"><ele>472</ele></trkpt>
   <trkpt lat="48.977355" lon="11.038183"><ele>471.75</ele></trkpt>
   <trkpt lat="48.977395" lon="11.037718"><ele>471.5</ele></trkpt>
   <trkpt lat="48.97769" lon="11.035137"><ele>470.25</ele></trkpt>
   <trkpt lat="48.977776" lon="11.034556"><ele>469.25</ele></trkpt>
   <trkpt lat="48.978041" lon="11.033118"><ele>467.75</ele></trkpt>
   <trkpt lat="48.978067" lon="11.032898"><ele>467.5</ele></trkpt>
   <trkpt lat="48.978082" lon="11.032639"><ele>467</ele></trkpt>
   <trkpt lat="48.978138" lon="11.031645"><ele>466</ele></trkpt>
   <trkpt lat="48.978155" lon="11.031441"><ele>466</ele></trkpt>
   <trkpt lat="48.97818" lon="11.03127"><ele>466.5</ele></trkpt>
   <trkpt lat="48.978204" lon="11.031159"><ele>467</ele></trkpt>
   <trkpt lat="48.978251" lon="11.030973"><ele>467.75</ele></trkpt>
   <trkpt lat="48.978504" lon="11.030126"><ele>467</ele></trkpt>
   <trkpt lat="48.978774" lon="11.029231"><ele>467</ele></trkpt>
   <trkpt lat="48.978942" lon="11.028653"><ele>468.25</ele></trkpt>
   <trkpt lat="48.978982" lon="11.028479"><ele>467.75</ele></trkpt>
   <trkpt lat="48.978998" lon="11.028359"><ele>467.75</ele></trkpt>
   <trkpt lat="48.979004" lon="11.028198"><ele>467.5</ele></trkpt>
   <trkpt lat="48.978999" lon="11.028048"><ele>467.25</ele></trkpt>
   <trkpt lat="48.978978" lon="11.02786"><ele>467.5</ele></trkpt>
   <trkpt lat="48.97887" lon="11.02707"><ele>466.25</ele></trkpt>
   <trkpt lat="48.978772" lon="11.026334"><ele>466.25</ele></trkpt>
   <trkpt lat="48.978751" lon="11.02601"><ele>466.25</ele></trkpt>
   <trkpt lat="48.978756" lon="11.025743"><ele>466.5</ele></trkpt>
   <trkpt lat="48.97877" lon="11.02547"><ele>466.5</ele></trkpt>
   <trkpt lat="48.978799" lon="11.025199"><ele>466.25</ele></trkpt>
   <trkpt lat="48.978848" lon="11.024915"><ele>465.75</ele></trkpt>
   <trkpt lat="48.978916" lon="11.024615"><ele>465.75</ele></trkpt>
   <trkpt lat="48.979004" lon="11.024303"><ele>467</ele></trkpt>
   <trkpt lat="48.979113" lon="11.023984"><ele>465.75</ele></trkpt>
   <trkpt lat="48.979216" lon="11.023735"><ele>466</ele></trkpt>
   <trkpt lat="48.97949" lon="11.023186"><ele>465.25</ele></trkpt>
   <trkpt lat="48.979632" lon="11.022953"><ele>464.75</ele></trkpt>
   <trkpt lat="48.979751" lon="11.02278"><ele>462.5</ele></trkpt>
   <trkpt lat="48.9799" lon="11.022598"><ele>463.25</ele></trkpt>
   <trkpt lat="48.980216" lon="11.022258"><ele>461</ele></trkpt>
   <trkpt lat="48.980559" lon="11.021875"><ele>460.25</ele></trkpt>
   <trkpt lat="48.980659" lon="11.021748"><ele>460.5</ele></trkpt>
   <trkpt lat="48.981014" lon="11.021188"><ele>459.5</ele></trkpt>
   <trkpt lat="48.981138" lon="11.021052"><ele>458.75</ele></trkpt>
   <trkpt lat="48.981242" lon="11.020963"><ele>458.5</ele></trkpt>
   <trkpt lat="48.981308" lon="11.020918"><ele>458.25</ele></trkpt>
   <trkpt lat="48.981563" lon="11.020743"><ele>458</ele></trkpt>
   <trkpt lat="48.981629" lon="11.02067"><ele>458</ele></trkpt>
   <trkpt lat="48.981668" lon="11.02059"><ele>458</ele></trkpt>
   <trkpt lat="48.981712" lon="11.020447"><ele>458</ele></trkpt>
   <trkpt lat="48.98176" lon="11.020233"><ele>458</ele></trkpt>
   <trkpt lat="48.981864" lon="11.019568"><ele>457.25</ele></trkpt>
   <trkpt lat="48.981899" lon="11.019088"><ele>457</ele></trkpt>
   <trkpt lat="48.981969" lon="11.018556"><ele>457</ele></trkpt>
   <trkpt lat="48.982043" lon="11.017923"><ele>457</ele></trkpt>
   <trkpt lat="48.982095" lon="11.017383"><ele>457</ele></trkpt>
   <trkpt lat="48.982098" lon="11.017177"><ele>456.75</ele></trkpt>
   <trkpt lat="48.982093" lon="11.017096"><ele>456.5</ele></trkpt>
   <trkpt lat="48.98207" lon="11.016923"><ele>456</ele></trkpt>
   <trkpt lat="48.982026" lon="11.016765"><ele>456</ele></trkpt>
   <trkpt lat="48.981818" lon="11.016217"><ele>456</ele></trkpt>
   <trkpt lat="48.981704" lon="11.015967"><ele>456</ele></trkpt>
   <trkpt lat="48.981564" lon="11.015727"><ele>456</ele></trkpt>
   <trkpt lat="48.98128" lon="11.015279"><ele>456</ele></trkpt>
   <trkpt lat="48.981133" lon="11.015013"><ele>456</ele></trkpt>
   <trkpt lat="48.980727" lon="11.014165"><ele>456.25</ele></trkpt>
   <trkpt lat="48.980216" lon="11.013141"><ele>456.5</ele></trkpt>
   <trkpt lat="48.980071" lon="11.012899"><ele>456.75</ele></trkpt>
   <trkpt lat="48.980003" lon="11.012805"><ele>457</ele></trkpt>
   <trkpt lat="48.979856" lon="11.012639"><ele>457.5</ele></trkpt>
   <trkpt lat="48.979578" lon="11.012378"><ele>457.5</ele></trkpt>
   <trkpt lat="48.979321" lon="11.012118"><ele>457.75</ele></trkpt>
   <trkpt lat="48.979099" lon="11.011863"><ele>457.75</ele></trkpt>
   <trkpt lat="48.978902" lon="11.011609"><ele>457.25</ele></trkpt>
   <trkpt lat="48.978641" lon="11.011196"><ele>457</ele></trkpt>
   <trkpt lat="48.978518" lon="11.010976"><ele>456.25</ele></trkpt>
   <trkpt lat="48.978354" lon="11.01064"><ele>455.75</ele></trkpt>
   <trkpt lat="48.978219" lon="11.010336"><ele>454.5</ele></trkpt>
   <trkpt lat="48.978062" lon="11.00992"><ele>454.5</ele></trkpt>
   <trkpt lat="48.977972" lon="11.009598"><ele>454</ele></trkpt>
   <trkpt lat="48.977837" lon="11.009079"><ele>454</ele></trkpt>
   <trkpt lat="48.977762" lon="11.008773"><ele>453.75</ele></trkpt>
   <trkpt lat="48.97772" lon="11.008571"><ele>453.75</ele></trkpt>
   <trkpt lat="48.977655" lon="11.007963"><ele>453.5</ele></trkpt>
   <trkpt lat="48.977616" lon="11.007637"><ele>453.25</ele></trkpt>
   <trkpt lat="48.977581" lon="11.007367"><ele>453</ele></trkpt>
   <trkpt lat="48.977535" lon="11.007124"><ele>452.75</ele></trkpt>
   <trkpt lat="48.977417" lon="11.006507"><ele>452.5</ele></trkpt>
   <trkpt lat="48.977308" lon="11.006012"><ele>452.25</ele></trkpt>
   <trkpt lat="48.977039" lon="11.004949"><ele>452.5</ele></trkpt>
   <trkpt lat="48.976815" lon="11.003855"><ele>450.75</ele></trkpt>
   <trkpt lat="48.976756" lon="11.003638"><ele>450.25</ele></trkpt>
   <trkpt lat="48.976678" lon="11.003401"><ele>450</ele></trkpt>
   <trkpt lat="48.976512" lon="11.002963"><ele>450.25</ele></trkpt>
   <trkpt lat="48.976292" lon="11.002432"><ele>450.25</ele></trkpt>
   <trkpt lat="48.975687" lon="11.001083"><ele>449.5</ele></trkpt>
   <trkpt lat="48.975434" lon="11.000526"><ele>449.25</ele></trkpt>
   <trkpt lat="48.975304" lon="11.000265"><ele>449.5</ele></trkpt>
   <trkpt lat="48.975122" lon="10.999963"><ele>449</ele></trkpt>
   <trkpt lat="48.973979" lon="10.998159"><ele>449.5</ele></trkpt>
   <trkpt lat="48.973565" lon="10.99746"><ele>451</ele></trkpt>
   <trkpt lat="48.973498" lon="10.997326"><ele>451</ele></trkpt>
   <trkpt lat="48.973447" lon="10.997201"><ele>451</ele></trkpt>
   <trkpt lat="48.973398" lon="10.997057"><ele>451.25</ele></trkpt>
   <trkpt lat="48.973361" lon="10.996921"><ele>451.5</ele></trkpt>
   <trkpt lat="48.97331" lon="10.996645"><ele>452</ele></trkpt>
   <trkpt lat="48.973285" lon="10.99645"><ele>451.5</ele></trkpt>
   <trkpt lat="48.973267" lon="10.99622"><ele>451.5</ele></trkpt>
   <trkpt lat="48.97326" lon="10.996027"><ele>451.5</ele></trkpt>
   <trkpt lat="48.97327" lon="10.995568"><ele>451.75</ele></trkpt>
   <trkpt lat="48.973293" lon="10.995224"><ele>452.5</ele></trkpt>
   <trkpt lat="48.973475" lon="10.993054"><ele>453.25</ele></trkpt>
   <trkpt lat="48.973523" lon="10.992299"><ele>453</ele></trkpt>
   <trkpt lat="48.973537" lon="10.991354"><ele>451.75</ele></trkpt>
   <trkpt lat="48.973543" lon="10.988956"><ele>448.25</ele></trkpt>
   <trkpt lat="48.973544" lon="10.98885"><ele>448</ele></trkpt>
   <trkpt lat="48.973535" lon="10.98727"><ele>445.5</ele></trkpt>
   <trkpt lat="48.97349" lon="10.982507"><ele>444</ele></trkpt>
   <trkpt lat="48.973502" lon="10.982099"><ele>444.75</ele></trkpt>
   <trkpt lat="48.973528" lon="10.981613"><ele>444.5</ele></trkpt>
   <trkpt lat="48.973616" lon="10.980359"><ele>441.75</ele></trkpt>
   <trkpt lat="48.973625" lon="10.980039"><ele>442</ele></trkpt>
   <trkpt lat="48.973626" lon="10.979772"><ele>442</ele></trkpt>
   <trkpt lat="48.973619" lon="10.97958"><ele>442</ele></trkpt>
   <trkpt lat="48.973594" lon="10.97932"><ele>442.25</ele></trkpt>
   <trkpt lat="48.973556" lon="10.979039"><ele>442.5</ele></trkpt>
   <trkpt lat="48.97342" lon="10.978113"><ele>441.25</ele></trkpt>
   <trkpt lat="48.97336" lon="10.977738"><ele>440.75</ele></trkpt>
   <trkpt lat="48.973288" lon="10.977353"><ele>440.5</ele></trkpt>
   <trkpt lat="48.973183" lon="10.976887"><ele>440.5</ele></trkpt>
   <trkpt lat="48.97273" lon="10.975004"><ele>440.5</ele></trkpt>
   <trkpt lat="48.972384" lon="10.973542"><ele>438.5</ele></trkpt>
   <trkpt lat="48.972305" lon="10.973243"><ele>439</ele></trkpt>
   <trkpt lat="48.972262" lon="10.973101"><ele>439.5</ele></trkpt>
   <trkpt lat="48.971953" lon="10.972246"><ele>439</ele></trkpt>
   <trkpt lat="48.971883" lon="10.972038"><ele>439</ele></trkpt>
   <trkpt lat="48.971836" lon="10.971859"><ele>439</ele></trkpt>
   <trkpt lat="48.971797" lon="10.971613"><ele>438.25</ele></trkpt>
   <trkpt lat="48.971557" lon="10.969771"><ele>437.25</ele></trkpt>
   <trkpt lat="48.971518" lon="10.969549"><ele>437</ele></trkpt>
   <trkpt lat="48.97149" lon="10.969414"><ele>437</ele></trkpt>
   <trkpt lat="48.971433" lon="10.969199"><ele>436.75</ele></trkpt>
   <trkpt lat="48.971045" lon="10.968005"><ele>437.5</ele></trkpt>
   <trkpt lat="48.970925" lon="10.967609"><ele>437.25</ele></trkpt>
   <trkpt lat="48.970861" lon="10.967399"><ele>437.25</ele></trkpt>
   <trkpt lat="48.970805" lon="10.967156"><ele>436.75</ele></trkpt>
   <trkpt lat="48.970709" lon="10.966605"><ele>436</ele></trkpt>
   <trkpt lat="48.970667" lon="10.966439"><ele>436</ele></trkpt>
   <trkpt lat="48.97063" lon="10.966314"><ele>435.75</ele></trkpt>
   <trkpt lat="48.970568" lon="10.966163"><ele>436</ele></trkpt>
   <trkpt lat="48.970379" lon="10.965731"><ele>436.25</ele></trkpt>
   <trkpt lat="48.970333" lon="10.96557"><ele>436.25</ele></trkpt>
   <trkpt lat="48.970298" lon="10.965368"><ele>435.25</ele></trkpt>
   <trkpt lat="48.970253" lon="10.964699"><ele>435</ele></trkpt>
   <trkpt lat="48.970237" lon="10.964541"><ele>434.5</ele></trkpt>
   <trkpt lat="48.970214" lon="10.964399"><ele>433.75</ele></trkpt>
   <trkpt lat="48.970157" lon="10.964107"><ele>433.25</ele></trkpt>
   <trkpt lat="48.970091" lon="10.963826"><ele>434</ele></trkpt>
   <trkpt lat="48.969874" lon="10.963003"><ele>432.75</ele></trkpt>
   <trkpt lat="48.969715" lon="10.962431"><ele>432.75</ele></trkpt>
   <trkpt lat="48.969659" lon="10.96228"><ele>432.5</ele></trkpt>
   <trkpt lat="48.969596" lon="10.962135"><ele>432.5</ele></trkpt>
   <trkpt lat="48.969497" lon="10.961958"><ele>432.5</ele></trkpt>
   <trkpt lat="48.969278" lon="10.961647"><ele>432</ele></trkpt>
   <trkpt lat="48.969193" lon="10.961504"><ele>432</ele></trkpt>
   <trkpt lat="48.969124" lon="10.961361"><ele>432.25</ele></trkpt>
   <trkpt lat="48.968972" lon="10.960871"><ele>432</ele></trkpt>
   <trkpt lat="48.968183" lon="10.957886"><ele>430.5</ele></trkpt>
   <trkpt lat="48.967661" lon="10.955911"><ele>428.5</ele></trkpt>
   <trkpt lat="48.967575" lon="10.955584"><ele>428</ele></trkpt>
   <trkpt lat="48.967417" lon="10.954996"><ele>427.75</ele></trkpt>
   <trkpt lat="48.967301" lon="10.954532"><ele>426.75</ele></trkpt>
   <trkpt lat="48.967255" lon="10.954316"><ele>426.5</ele></trkpt>
   <trkpt lat="48.967234" lon="10.954119"><ele>426</ele></trkpt>
   <trkpt lat="48.967243" lon="10.953421"><ele>425</ele></trkpt>
   <trkpt lat="48.967224" lon="10.953154"><ele>425</ele></trkpt>
   <trkpt lat="48.967178" lon="10.952848"><ele>425</ele></trkpt>
   <trkpt lat="48.967086" lon="10.952339"><ele>425</ele></trkpt>
   <trkpt lat="48.967017" lon="10.951691"><ele>424.75</ele></trkpt>
   <trkpt lat="48.967095" lon="10.951663"><ele>424.75</ele></trkpt>
   <trkpt lat="48.967287" lon="10.951592"><ele>424.75</ele></trkpt>
   <trkpt lat="48.967565" lon="10.951443"><ele>425.5</ele></trkpt>
   <trkpt lat="48.967772" lon="10.951323"><ele>426.75</ele></trkpt>
   <trkpt lat="48.967948" lon="10.951172"><ele>428</ele></trkpt>
   <trkpt lat="48.968106" lon="10.950872"><ele>430</ele></trkpt>
   <trkpt lat="48.968142" lon="10.950737"><ele>431</ele></trkpt>
   <trkpt lat="48.968153" lon="10.950676"><ele>431.25</ele></trkpt>
   <trkpt lat="48.968166" lon="10.950417"><ele>432.25</ele></trkpt>
   <trkpt lat="48.968151" lon="10.950112"><ele>432.25</ele></trkpt>
   <trkpt lat="48.968151" lon="10.949616"><ele>432</ele></trkpt>
   <trkpt lat="48.96814" lon="10.948657"><ele>431.25</ele></trkpt>
   <trkpt lat="48.968173" lon="10.94821"><ele>431</ele></trkpt>
   <trkpt lat="48.968247" lon="10.947746"><ele>432.25</ele></trkpt>
   <trkpt lat="48.968627" lon="10.946134"><ele>434</ele></trkpt>
   <trkpt lat="48.968782" lon="10.945105"><ele>430.5</ele></trkpt>
   <trkpt lat="48.969261" lon="10.945125"><ele>433.5</ele></trkpt>
   <trkpt lat="48.970231" lon="10.945303"><ele>439.75</ele></trkpt>
   <trkpt lat="48.970727" lon="10.945356"><ele>440</ele></trkpt>
   <trkpt lat="48.971031" lon="10.945347"><ele>439.5</ele></trkpt>
   <trkpt lat="48.971502" lon="10.945316"><ele>437.5</ele></trkpt>
   <trkpt lat="48.971967" lon="10.945328"><ele>436.5</ele></trkpt>
   <trkpt lat="48.972836" lon="10.945385"><ele>436.25</ele></trkpt>
   <trkpt lat="48.975009" lon="10.945547"><ele>436</ele></trkpt>
   <trkpt lat="48.975318" lon="10.945548"><ele>436</ele></trkpt>
   <trkpt lat="48.975608" lon="10.945524"><ele>436</ele></trkpt>
   <trkpt lat="48.976207" lon="10.945437"><ele>436</ele></trkpt>
   <trkpt lat="48.976768" lon="10.945407"><ele>436</ele></trkpt>
   <trkpt lat="48.978203" lon="10.945416"><ele>436.25</ele></trkpt>
   <trkpt lat="48.978842" lon="10.945435"><ele>436.5</ele></trkpt>
   <trkpt lat="48.978842" lon="10.944847"><ele>435.25</ele></trkpt>
   <trkpt lat="48.978768" lon="10.944384"><ele>431</ele></trkpt>
   <trkpt lat="48.978658" lon="10.943762"><ele>431.25</ele></trkpt>
   <trkpt lat="48.978633" lon="10.943542"><ele>432</ele></trkpt>
   <trkpt lat="48.978641" lon="10.943318"><ele>430.5</ele></trkpt>
   <trkpt lat="48.978725" lon="10.942703"><ele>427.75</ele></trkpt>
   <trkpt lat="48.9787" lon="10.94238"><ele>427.25</ele></trkpt>
   <trkpt lat="48.978464" lon="10.940783"><ele>431.25</ele></trkpt>
   <trkpt lat="48.978438" lon="10.940551"><ele>432.5</ele></trkpt>
   <trkpt lat="48.978449" lon="10.940409"><ele>433.75</ele></trkpt>
   <trkpt lat="48.978508" lon="10.940312"><ele>434.5</ele></trkpt>
   <trkpt lat="48.978569" lon="10.94024"><ele>435.25</ele></trkpt>
   <trkpt lat="48.978696" lon="10.940173"><ele>435.5</ele></trkpt>
   <trkpt lat="48.979222" lon="10.939965"><ele>436</ele></trkpt>
   <trkpt lat="48.979722" lon="10.939747"><ele>435.75</ele></trkpt>
   <trkpt lat="48.980026" lon="10.939575"><ele>435.75</ele></trkpt>
   <trkpt lat="48.980665" lon="10.939186"><ele>435.25</ele></trkpt>
   <trkpt lat="48.981317" lon="10.938732"><ele>433.75</ele></trkpt>
   <trkpt lat="48.98237" lon="10.937877"><ele>431</ele></trkpt>
   <trkpt lat="48.982907" lon="10.937459"><ele>429.5</ele></trkpt>
   <trkpt lat="48.984088" lon="10.936484"><ele>428.75</ele></trkpt>
   <trkpt lat="48.984159" lon="10.936458"><ele>428.75</ele></trkpt>
   <trkpt lat="48.984264" lon="10.936483"><ele>428.25</ele></trkpt>
   <trkpt lat="48.985451" lon="10.936569"><ele>425</ele></trkpt>
   <trkpt lat="48.985683" lon="10.936582"><ele>425.25</ele></trkpt>
   <trkpt lat="48.985779" lon="10.93657"><ele>425.75</ele></trkpt>
   <trkpt lat="48.985761" lon="10.936405"><ele>425.5</ele></trkpt>
   <trkpt lat="48.985665" lon="10.935476"><ele>425.5</ele></trkpt>
   <trkpt lat="48.9856" lon="10.9349"><ele>426.25</ele></trkpt>
   <trkpt lat="48.985535" lon="10.934396"><ele>428</ele></trkpt>
   <trkpt lat="48.985476" lon="10.934005"><ele>428.75</ele></trkpt>
   <trkpt lat="48.985412" lon="10.933677"><ele>429.75</ele></trkpt>
   <trkpt lat="48.985321" lon="10.933289"><ele>430.75</ele></trkpt>
   <trkpt lat="48.984789" lon="10.931325"><ele>435.5</ele></trkpt>
   <trkpt lat="48.984736" lon="10.931139"><ele>435.75</ele></trkpt>
   <trkpt lat="48.984582" lon="10.930596"><ele>436</ele></trkpt>
   <trkpt lat="48.984454" lon="10.930261"><ele>435.75</ele></trkpt>
   <trkpt lat="48.983868" lon="10.928977"><ele>434.25</ele></trkpt>
   <trkpt lat="48.983695" lon="10.928474"><ele>433</ele></trkpt>
   <trkpt lat="48.983592" lon="10.928094"><ele>431.25</ele></trkpt>
   <trkpt lat="48.983501" lon="10.927672"><ele>430</ele></trkpt>
   <trkpt lat="48.983334" lon="10.926804"><ele>427.25</ele></trkpt>
   <trkpt lat="48.983243" lon="10.926244"><ele>425</ele></trkpt>
   <trkpt lat="48.983183" lon="10.925875"><ele>423.5</ele></trkpt>
   <trkpt lat="48.983024" lon="10.924726"><ele>420</ele></trkpt>
   <trkpt lat="48.982919" lon="10.924203"><ele>419</ele></trkpt>
   <trkpt lat="48.982785" lon="10.923764"><ele>417.75</ele></trkpt>
   <trkpt lat="48.982627" lon="10.923398"><ele>417</ele></trkpt>
   <trkpt lat="48.98258" lon="10.923305"><ele>417</ele></trkpt>
   <trkpt lat="48.982458" lon="10.923086"><ele>417.25</ele></trkpt>
   <trkpt lat="48.982313" lon="10.922883"><ele>416.75</ele></trkpt>
   <trkpt lat="48.981985" lon="10.922504"><ele>416</ele></trkpt>
   <trkpt lat="48.981726" lon="10.92225"><ele>416</ele></trkpt>
   <trkpt lat="48.981641" lon="10.922149"><ele>415.75</ele></trkpt>
   <trkpt lat="48.98183" lon="10.921589"><ele>415</ele></trkpt>
   <trkpt lat="48.981882" lon="10.921374"><ele>414</ele></trkpt>
   <trkpt lat="48.981931" lon="10.921116"><ele>414</ele></trkpt>
   <trkpt lat="48.981953" lon="10.920745"><ele>413.5</ele></trkpt>
   <trkpt lat="48.981951" lon="10.920601"><ele>413</ele></trkpt>
   <trkpt lat="48.981957" lon="10.920458"><ele>413</ele></trkpt>
   <trkpt lat="48.981986" lon="10.920114"><ele>413</ele></trkpt>
   <trkpt lat="48.982044" lon="10.919844"><ele>413</ele></trkpt>
   <trkpt lat="48.982216" lon="10.91923"><ele>412.75</ele></trkpt>
   <trkpt lat="48.982323" lon="10.919055"><ele>412.25</ele></trkpt>
   <trkpt lat="48.982406" lon="10.91896"><ele>412</ele></trkpt>
   <trkpt lat="48.982415" lon="10.91878"><ele>412</ele></trkpt>
   <trkpt lat="48.982386" lon="10.918535"><ele>412</ele></trkpt>
   <trkpt lat="48.982369" lon="10.918442"><ele>412.25</ele></trkpt>
   <trkpt lat="48.982189" lon="10.917865"><ele>411.75</ele></trkpt>
   <trkpt lat="48.982156" lon="10.917707"><ele>412</ele></trkpt>
   <trkpt lat="48.982131" lon="10.917527"><ele>412</ele></trkpt>
   <trkpt lat="48.982032" lon="10.916638"><ele>411.75</ele></trkpt>
   <trkpt lat="48.981889" lon="10.915262"><ele>410.75</ele></trkpt>
   <trkpt lat="48.981885" lon="10.914885"><ele>410.75</ele></trkpt>
   <trkpt lat="48.98191" lon="10.914571"><ele>410.75</ele></trkpt>
   <trkpt lat="48.981959" lon="10.914279"><ele>411</ele></trkpt>
   <trkpt lat="48.982025" lon="10.91402"><ele>411</ele></trkpt>
   <trkpt lat="48.982105" lon="10.91383"><ele>411</ele></trkpt>
   <trkpt lat="48.982325" lon="10.913302"><ele>411</ele></trkpt>
   <trkpt lat="48.982377" lon="10.913104"><ele>411</ele></trkpt>
   <trkpt lat="48.98241" lon="10.912906"><ele>411</ele></trkpt>
   <trkpt lat="48.982414" lon="10.91274"><ele>411</ele></trkpt>
   <trkpt lat="48.982392" lon="10.912545"><ele>411</ele></trkpt>
   <trkpt lat="48.982233" lon="10.911555"><ele>411</ele></trkpt>
   <trkpt lat="48.982169" lon="10.91135"><ele>411</ele></trkpt>
   <trkpt lat="48.982101" lon="10.911204"><ele>411</ele></trkpt>
   <trkpt lat="48.982038" lon="10.911107"><ele>411</ele></trkpt>
   <trkpt lat="48.981938" lon="10.91098"><ele>410.75</ele></trkpt>
   <trkpt lat="48.981727" lon="10.910743"><ele>411</ele></trkpt>
   <trkpt lat="48.981656" lon="10.910644"><ele>410.75</ele></trkpt>
   <trkpt lat="48.981592" lon="10.910506"><ele>410.5</ele></trkpt>
   <trkpt lat="48.981549" lon="10.910361"><ele>410.5</ele></trkpt>
   <trkpt lat="48.981507" lon="10.91015"><ele>410.25</ele></trkpt>
   <trkpt lat="48.981494" lon="10.909747"><ele>410</ele></trkpt>
   <trkpt lat="48.981507" lon="10.909382"><ele>410</ele></trkpt>
   <trkpt lat="48.981549" lon="10.908937"><ele>410</ele></trkpt>
   <trkpt lat="48.981615" lon="10.908584"><ele>410</ele></trkpt>
   <trkpt lat="48.98184" lon="10.907773"><ele>410</ele></trkpt>
   <trkpt lat="48.981906" lon="10.9074"><ele>410.75</ele></trkpt>
   <trkpt lat="48.981954" lon="10.906913"><ele>410.75</ele></trkpt>
   <trkpt lat="48.981981" lon="10.906787"><ele>410.5</ele></trkpt>
   <trkpt lat="48.982037" lon="10.906614"><ele>410.25</ele></trkpt>
   <trkpt lat="48.982115" lon="10.906451"><ele>410.5</ele></trkpt>
   <trkpt lat="48.982201" lon="10.906322"><ele>410.5</ele></trkpt>
   <trkpt lat="48.982658" lon="10.905796"><ele>411.5</ele></trkpt>
   <trkpt lat="48.982939" lon="10.905459"><ele>412.25</ele></trkpt>
   <trkpt lat="48.983013" lon="10.90531"><ele>412.5</ele></trkpt>
   <trkpt lat="48.983051" lon="10.905181"><ele>412.5</ele></trkpt>
   <trkpt lat="48.983066" lon="10.905071"><ele>412.25</ele></trkpt>
   <trkpt lat="48.983061" lon="10.904937"><ele>412</ele></trkpt>
   <trkpt lat="48.983028" lon="10.904794"><ele>411.75</ele></trkpt>
   <trkpt lat="48.982938" lon="10.904479"><ele>410.5</ele></trkpt>
   <trkpt lat="48.982915" lon="10.904273"><ele>410.75</ele></trkpt>
   <trkpt lat="48.982914" lon="10.904065"><ele>410.75</ele></trkpt>
   <trkpt lat="48.982938" lon="10.903859"><ele>410.5</ele></trkpt>
   <trkpt lat="48.982985" lon="10.903656"><ele>410.5</ele></trkpt>
   <trkpt lat="48.983209" lon="10.90304"><ele>410.5</ele></trkpt>
   <trkpt lat="48.983477" lon="10.902341"><ele>410.25</ele></trkpt>
   <trkpt lat="48.98382" lon="10.901541"><ele>410.25</ele></trkpt>
   <trkpt lat="48.984163" lon="10.900833"><ele>410.75</ele></trkpt>
   <trkpt lat="48.984523" lon="10.900158"><ele>410.5</ele></trkpt>
   <trkpt lat="48.985" lon="10.89935"><ele>410.75</ele></trkpt>
   <trkpt lat="48.985343" lon="10.898793"><ele>410.75</ele></trkpt>
   <trkpt lat="48.985951" lon="10.897577"><ele>410.5</ele></trkpt>
   <trkpt lat="48.986232" lon="10.897059"><ele>410.75</ele></trkpt>
   <trkpt lat="48.986501" lon="10.896584"><ele>410.5</ele></trkpt>
   <trkpt lat="48.986967" lon="10.89564"><ele>412</ele></trkpt>
   <trkpt lat="48.987157" lon="10.895342"><ele>411.75</ele></trkpt>
   <trkpt lat="48.987428" lon="10.89499"><ele>412.5</ele></trkpt>
   <trkpt lat="48.988078" lon="10.894225"><ele>415.5</ele></trkpt>
   <trkpt lat="48.988805" lon="10.893547"><ele>419</ele></trkpt>
   <trkpt lat="48.988928" lon="10.893446"><ele>419.75</ele></trkpt>
   <trkpt lat="48.988977" lon="10.893375"><ele>420</ele></trkpt>
   <trkpt lat="48.989154" lon="10.893006"><ele>418.5</ele></trkpt>
   <trkpt lat="48.989348" lon="10.892582"><ele>417.5</ele></trkpt>
   <trkpt lat="48.989515" lon="10.892193"><ele>416.5</ele></trkpt>
   <trkpt lat="48.989647" lon="10.891978"><ele>416.25</ele></trkpt>
   <trkpt lat="48.989793" lon="10.891779"><ele>416.5</ele></trkpt>
   <trkpt lat="48.989997" lon="10.891481"><ele>414.75</ele></trkpt>
   <trkpt lat="48.990111" lon="10.891279"><ele>414</ele></trkpt>
   <trkpt lat="48.990421" lon="10.89059"><ele>412</ele></trkpt>
   <trkpt lat="48.990742" lon="10.889959"><ele>411.75</ele></trkpt>
   <trkpt lat="48.991087" lon="10.88925"><ele>411.75</ele></trkpt>
   <trkpt lat="48.99113" lon="10.889281"><ele>412</ele></trkpt>
   <trkpt lat="48.991167" lon="10.889206"><ele>412</ele></trkpt>
   <trkpt lat="48.991231" lon="10.889098"><ele>411.5</ele></trkpt>
   <trkpt lat="48.991345" lon="10.888944"><ele>411.5</ele></trkpt>
   <trkpt lat="48.991517" lon="10.888734"><ele>411.25</ele></trkpt>
   <trkpt lat="48.991711" lon="10.888526"><ele>411.25</ele></trkpt>
   <trkpt lat="48.991942" lon="10.888315"><ele>411.75</ele></trkpt>
   <trkpt lat="48.992309" lon="10.888059"><ele>411.5</ele></trkpt>
   <trkpt lat="48.992774" lon="10.887855"><ele>411.5</ele></trkpt>
   <trkpt lat="48.993148" lon="10.887721"><ele>411.25</ele></trkpt>
   <trkpt lat="48.994113" lon="10.887446"><ele>411.75</ele></trkpt>
   <trkpt lat="48.994788" lon="10.887277"><ele>411.75</ele></trkpt>
   <trkpt lat="48.995502" lon="10.887125"><ele>411</ele></trkpt>
   <trkpt lat="48.996782" lon="10.886831"><ele>410.75</ele></trkpt>
   <trkpt lat="48.997824" lon="10.886573"><ele>411.5</ele></trkpt>
   <trkpt lat="48.998219" lon="10.886464"><ele>411.5</ele></trkpt>
   <trkpt lat="48.99849" lon="10.886397"><ele>412</ele></trkpt>
   <trkpt lat="48.998903" lon="10.886295"><ele>411.5</ele></trkpt>
   <trkpt lat="48.999565" lon="10.886059"><ele>411.75</ele></trkpt>
   <trkpt lat="49.000187" lon="10.885837"><ele>411.75</ele></trkpt>
   <trkpt lat="49.000485" lon="10.88569"><ele>411.75</ele></trkpt>
   <trkpt lat="49.001122" lon="10.88533"><ele>413</ele></trkpt>
   <trkpt lat="49.001479" lon="10.885083"><ele>413.25</ele></trkpt>
   <trkpt lat="49.001873" lon="10.884733"><ele>413.75</ele></trkpt>
   <trkpt lat="49.002286" lon="10.884298"><ele>415</ele></trkpt>
   <trkpt lat="49.002757" lon="10.883709"><ele>415.25</ele></trkpt>
   <trkpt lat="49.003085" lon="10.88319"><ele>415</ele></trkpt>
   <trkpt lat="49.003393" lon="10.8826"><ele>415.25</ele></trkpt>
   <trkpt lat="49.003633" lon="10.88209"><ele>416</ele></trkpt>
   <trkpt lat="49.003858" lon="10.881551"><ele>416.75</ele></trkpt>
   <trkpt lat="49.00408" lon="10.880904"><ele>416.75</ele></trkpt>
   <trkpt lat="49.004261" lon="10.88026"><ele>417.25</ele></trkpt>
   <trkpt lat="49.004466" lon="10.879367"><ele>417.75</ele></trkpt>
   <trkpt lat="49.004619" lon="10.878493"><ele>418</ele></trkpt>
   <trkpt lat="49.004795" lon="10.877178"><ele>418.5</ele></trkpt>
   <trkpt lat="49.005018" lon="10.875607"><ele>420</ele></trkpt>
   <trkpt lat="49.005178" lon="10.874752"><ele>419.5</ele></trkpt>
   <trkpt lat="49.005363" lon="10.873963"><ele>419.75</ele></trkpt>
   <trkpt lat="49.005508" lon="10.873467"><ele>420.25</ele></trkpt>
   <trkpt lat="49.005644" lon="10.873075"><ele>419.75</ele></trkpt>
   <trkpt lat="49.005821" lon="10.872657"><ele>420.25</ele></trkpt>
   <trkpt lat="49.005956" lon="10.872364"><ele>419.75</ele></trkpt>
   <trkpt lat="49.006183" lon="10.871934"><ele>421</ele></trkpt>
   <trkpt lat="49.006412" lon="10.871539"><ele>420.5</ele></trkpt>
   <trkpt lat="49.006577" lon="10.871296"><ele>420.75</ele></trkpt>
   <trkpt lat="49.006817" lon="10.870976"><ele>421.25</ele></trkpt>
   <trkpt lat="49.006998" lon="10.87076"><ele>421.75</ele></trkpt>
   <trkpt lat="49.007245" lon="10.870501"><ele>421.75</ele></trkpt>
   <trkpt lat="49.007412" lon="10.870346"><ele>422</ele></trkpt>
   <trkpt lat="49.00785" lon="10.86999"><ele>422.25</ele></trkpt>
   <trkpt lat="49.008548" lon="10.869583"><ele>422.25</ele></trkpt>
   <trkpt lat="49.008981" lon="10.869368"><ele>422.25</ele></trkpt>
   <trkpt lat="49.009433" lon="10.869192"><ele>423.5</ele></trkpt>
   <trkpt lat="49.01018" lon="10.86893"><ele>425.5</ele></trkpt>
   <trkpt lat="49.011092" lon="10.868664"><ele>428.75</ele></trkpt>
   <trkpt lat="49.011841" lon="10.868467"><ele>430.75</ele></trkpt>
   <trkpt lat="49.012118" lon="10.868415"><ele>430.5</ele></trkpt>
   <trkpt lat="49.012545" lon="10.868338"><ele>430</ele></trkpt>
   <trkpt lat="49.013203" lon="10.868252"><ele>428.25</ele></trkpt>
   <trkpt lat="49.01403" lon="10.868122"><ele>426.25</ele></trkpt>
   <trkpt lat="49.014511" lon="10.868031"><ele>424.75</ele></trkpt>
   <trkpt lat="49.014577" lon="10.868019"><ele>424.75</ele></trkpt>
   <trkpt lat="49.015323" lon="10.867742"><ele>421.75</ele></trkpt>
   <trkpt lat="49.016336" lon="10.86733"><ele>418</ele></trkpt>
   <trkpt lat="49.017995" lon="10.866597"><ele>413</ele></trkpt>
   <trkpt lat="49.019287" lon="10.866044"><ele>412.75</ele></trkpt>
   <trkpt lat="49.01975" lon="10.865922"><ele>412.5</ele></trkpt>
   <trkpt lat="49.02029" lon="10.86587"><ele>412.75</ele></trkpt>
   <trkpt lat="49.020592" lon="10.865909"><ele>412</ele></trkpt>
   <trkpt lat="49.020999" lon="10.866011"><ele>412</ele></trkpt>
   <trkpt lat="49.021376" lon="10.866157"><ele>412</ele></trkpt>
   <trkpt lat="49.021489" lon="10.866209"><ele>412</ele></trkpt>
   <trkpt lat="49.022479" lon="10.866663"><ele>412</ele></trkpt>
   <trkpt lat="49.023155" lon="10.866989"><ele>411.5</ele></trkpt>
   <trkpt lat="49.023567" lon="10.86714"><ele>411.75</ele></trkpt>
   <trkpt lat="49.023906" lon="10.867228"><ele>411.75</ele></trkpt>
   <trkpt lat="49.024104" lon="10.867256"><ele>411.75</ele></trkpt>
   <trkpt lat="49.02437" lon="10.86728"><ele>411.75</ele></trkpt>
   <trkpt lat="49.024648" lon="10.867249"><ele>411.75</ele></trkpt>
   <trkpt lat="49.025046" lon="10.867187"><ele>412</ele></trkpt>
   <trkpt lat="49.025339" lon="10.867123"><ele>412</ele></trkpt>
   <trkpt lat="49.025468" lon="10.867097"><ele>412</ele></trkpt>
   <trkpt lat="49.025988" lon="10.866971"><ele>412</ele></trkpt>
   <trkpt lat="49.026164" lon="10.866964"><ele>412</ele></trkpt>
   <trkpt lat="49.02624" lon="10.866984"><ele>412.25</ele></trkpt>
   <trkpt lat="49.026333" lon="10.867058"><ele>412.5</ele></trkpt>
   <trkpt lat="49.026425" lon="10.867148"><ele>412.25</ele></trkpt>
   <trkpt lat="49.026522" lon="10.867183"><ele>412.5</ele></trkpt>
   <trkpt lat="49.026638" lon="10.867162"><ele>412.75</ele></trkpt>
   <trkpt lat="49.027064" lon="10.867011"><ele>414</ele></trkpt>
   <trkpt lat="49.027412" lon="10.866856"><ele>414</ele></trkpt>
   <trkpt lat="49.027603" lon="10.866789"><ele>414</ele></trkpt>
   <trkpt lat="49.027728" lon="10.866782"><ele>414</ele></trkpt>
   <trkpt lat="49.027829" lon="10.866833"><ele>414</ele></trkpt>
   <trkpt lat="49.027918" lon="10.866957"><ele>414.5</ele></trkpt>
   <trkpt lat="49.028029" lon="10.867208"><ele>414</ele></trkpt>
   <trkpt lat="49.028214" lon="10.867524"><ele>414.5</ele></trkpt>
   <trkpt lat="49.028542" lon="10.868024"><ele>414.25</ele></trkpt>
   <trkpt lat="49.028806" lon="10.868461"><ele>415</ele></trkpt>
   <trkpt lat="49.029193" lon="10.868127"><ele>415</ele></trkpt>
   <trkpt lat="49.029324" lon="10.867932"><ele>415.75</ele></trkpt>
   <trkpt lat="49.029484" lon="10.867742"><ele>416</ele></trkpt>
   <trkpt lat="49.0298" lon="10.867341"><ele>416.5</ele></trkpt>
   <trkpt lat="49.030005" lon="10.867046"><ele>416.25</ele></trkpt>
   <trkpt lat="49.030267" lon="10.8667"><ele>416.75</ele></trkpt>
   <trkpt lat="49.030388" lon="10.86657"><ele>417</ele></trkpt>
   <trkpt lat="49.030468" lon="10.866487"><ele>417</ele></trkpt>
   <trkpt lat="49.030852" lon="10.866096"><ele>417</ele></trkpt>
   <trkpt lat="49.030946" lon="10.866017"><ele>417.25</ele></trkpt>
   <trkpt lat="49.031318" lon="10.865695"><ele>417.25</ele></trkpt>
   <trkpt lat="49.031544" lon="10.865496"><ele>417.75</ele></trkpt>
   <trkpt lat="49.031882" lon="10.865238"><ele>417.75</ele></trkpt>
   <trkpt lat="49.0321" lon="10.86511"><ele>417.25</ele></trkpt>
   <trkpt lat="49.032296" lon="10.865025"><ele>417</ele></trkpt>
   <trkpt lat="49.032372" lon="10.864874"><ele>417</ele></trkpt>
   <trkpt lat="49.032466" lon="10.864593"><ele>417.75</ele></trkpt>
   <trkpt lat="49.032571" lon="10.864205"><ele>416.75</ele></trkpt>
   <trkpt lat="49.032609" lon="10.863893"><ele>416.5</ele></trkpt>
   <trkpt lat="49.0328" lon="10.860118"><ele>416.75</ele></trkpt>
   <trkpt lat="49.032789" lon="10.859412"><ele>416.75</ele></trkpt>
   <trkpt lat="49.032798" lon="10.857378"><ele>416.75</ele></trkpt>
   <trkpt lat="49.032885" lon="10.85561"><ele>414.25</ele></trkpt>
   <trkpt lat="49.032874" lon="10.854527"><ele>412.25</ele></trkpt>
   <trkpt lat="49.032856" lon="10.854105"><ele>412.25</ele></trkpt>
   <trkpt lat="49.032857" lon="10.853706"><ele>410.5</ele></trkpt>
   <trkpt lat="49.032865" lon="10.853615"><ele>410</ele></trkpt>
   <trkpt lat="49.03291" lon="10.853131"><ele>410</ele></trkpt>
   <trkpt lat="49.03301" lon="10.852479"><ele>410</ele></trkpt>
   <trkpt lat="49.033166" lon="10.851614"><ele>410.5</ele></trkpt>
   <trkpt lat="49.033183" lon="10.851433"><ele>410.75</ele></trkpt>
   <trkpt lat="49.033183" lon="10.85133"><ele>410.75</ele></trkpt>
   <trkpt lat="49.033184" lon="10.851124"><ele>410</ele></trkpt>
   <trkpt lat="49.033191" lon="10.850478"><ele>411</ele></trkpt>
   <trkpt lat="49.033181" lon="10.849366"><ele>411</ele></trkpt>
   <trkpt lat="49.033198" lon="10.844372"><ele>413</ele></trkpt>
   <trkpt lat="49.033207" lon="10.841918"><ele>414</ele></trkpt>
   <trkpt lat="49.036651" lon="10.843452"><ele>411</ele></trkpt>
   <trkpt lat="49.036748" lon="10.843473"><ele>410.75</ele></trkpt>
   <trkpt lat="49.036833" lon="10.843442"><ele>410.75</ele></trkpt>
   <trkpt lat="49.036884" lon="10.843392"><ele>410.75</ele></trkpt>
   <trkpt lat="49.037006" lon="10.843186"><ele>410.75</ele></trkpt>
   <trkpt lat="49.037185" lon="10.842819"><ele>411</ele></trkpt>
   <trkpt lat="49.037379" lon="10.842484"><ele>410.25</ele></trkpt>
   <trkpt lat="49.037482" lon="10.842412"><ele>410.25</ele></trkpt>
   <trkpt lat="49.03758" lon="10.842383"><ele>410.25</ele></trkpt>
   <trkpt lat="49.037797" lon="10.842269"><ele>410.75</ele></trkpt>
   <trkpt lat="49.038306" lon="10.841683"><ele>410.75</ele></trkpt>
   <trkpt lat="49.038931" lon="10.840904"><ele>411</ele></trkpt>
   <trkpt lat="49.043111" lon="10.835816"><ele>411</ele></trkpt>
   <trkpt lat="49.043138" lon="10.835731"><ele>411</ele></trkpt>
   <trkpt lat="49.043141" lon="10.835609"><ele>411</ele></trkpt>
   <trkpt lat="49.042698" lon="10.832991"><ele>412</ele></trkpt>
   <trkpt lat="49.042503" lon="10.831961"><ele>412.75</ele></trkpt>
   <trkpt lat="49.042499" lon="10.831808"><ele>413.25</ele></trkpt>
   <trkpt lat="49.04252" lon="10.831755"><ele>413.5</ele></trkpt>
   <trkpt lat="49.042771" lon="10.831445"><ele>413.5</ele></trkpt>
   <trkpt lat="49.043103" lon="10.830976"><ele>416.5</ele></trkpt>
   <trkpt lat="49.043199" lon="10.830873"><ele>415.75</ele></trkpt>
   <trkpt lat="49.043368" lon="10.830804"><ele>414.5</ele></trkpt>
   <trkpt lat="49.043463" lon="10.830719"><ele>414</ele></trkpt>
   <trkpt lat="49.044675" lon="10.829145"><ele>411.75</ele></trkpt>
   <trkpt lat="49.045113" lon="10.828554"><ele>412.5</ele></trkpt>
   <trkpt lat="49.04678" lon="10.826491"><ele>413</ele></trkpt>
   <trkpt lat="49.047211" lon="10.826085"><ele>412.25</ele></trkpt>
   <trkpt lat="49.047322" lon="10.826043"><ele>412</ele></trkpt>
   <trkpt lat="49.047646" lon="10.825817"><ele>412</ele></trkpt>
   <trkpt lat="49.048035" lon="10.825663"><ele>411.5</ele></trkpt>
   <trkpt lat="49.048241" lon="10.825571"><ele>411.75</ele></trkpt>
   <trkpt lat="49.048355" lon="10.825481"><ele>412</ele></trkpt>
   <trkpt lat="49.049644" lon="10.824333"><ele>412</ele></trkpt>
   <trkpt lat="49.051598" lon="10.82296"><ele>413</ele></trkpt>
   <trkpt lat="49.05229" lon="10.822436"><ele>412.75</ele></trkpt>
   <trkpt lat="49.055969" lon="10.818249"><ele>411</ele></trkpt>
   <trkpt lat="49.059868" lon="10.813619"><ele>412.75</ele></trkpt>
   <trkpt lat="49.060877" lon="10.812408"><ele>412.75</ele></trkpt>
   <trkpt lat="49.064192" lon="10.808737"><ele>412</ele></trkpt>
   <trkpt lat="49.064417" lon="10.808497"><ele>412</ele></trkpt>
   <trkpt lat="49.064476" lon="10.808426"><ele>412</ele></trkpt>
   <trkpt lat="49.06452" lon="10.808332"><ele>412</ele></trkpt>
   <trkpt lat="49.064518" lon="10.80829"><ele>412</ele></trkpt>
   <trkpt lat="49.064501" lon="10.808239"><ele>412</ele></trkpt>
   <trkpt lat="49.064435" lon="10.808093"><ele>412</ele></trkpt>
   <trkpt lat="49.06431" lon="10.807785"><ele>412.5</ele></trkpt>
   <trkpt lat="49.064164" lon="10.807493"><ele>412</ele></trkpt>
   <trkpt lat="49.064085" lon="10.807252"><ele>412.5</ele></trkpt>
   <trkpt lat="49.064079" lon="10.807089"><ele>412.25</ele></trkpt>
   <trkpt lat="49.064119" lon="10.806969"><ele>412</ele></trkpt>
   <trkpt lat="49.064237" lon="10.806806"><ele>412.25</ele></trkpt>
   <trkpt lat="49.064406" lon="10.806609"><ele>412.5</ele></trkpt>
   <trkpt lat="49.064507" lon="10.80648"><ele>412.25</ele></trkpt>
   <trkpt lat="49.065532" lon="10.805267"><ele>412.75</ele></trkpt>
   <trkpt lat="49.065988" lon="10.804716"><ele>412.5</ele></trkpt>
   <trkpt lat="49.067245" lon="10.803211"><ele>412</ele></trkpt>
   <trkpt lat="49.067316" lon="10.803167"><ele>412</ele></trkpt>
   <trkpt lat="49.068787" lon="10.801597"><ele>412</ele></trkpt>
   <trkpt lat="49.069674" lon="10.800846"><ele>412</ele></trkpt>
   <trkpt lat="49.071242" lon="10.799488"><ele>413.75</ele></trkpt>
   <trkpt lat="49.071466" lon="10.799367"><ele>414.25</ele></trkpt>
   <trkpt lat="49.072409" lon="10.799"><ele>414.5</ele></trkpt>
   <trkpt lat="49.073127" lon="10.798639"><ele>414.5</ele></trkpt>
   <trkpt lat="49.073802" lon="10.798287"><ele>414</ele></trkpt>
   <trkpt lat="49.074619" lon="10.79809"><ele>413.75</ele></trkpt>
   <trkpt lat="49.074812" lon="10.798115"><ele>414</ele></trkpt>
   <trkpt lat="49.07513" lon="10.79811"><ele>414</ele></trkpt>
   <trkpt lat="49.075623" lon="10.798015"><ele>414</ele></trkpt>
   <trkpt lat="49.076272" lon="10.797875"><ele>414.25</ele></trkpt>
   <trkpt lat="49.076522" lon="10.797828"><ele>414</ele></trkpt>
   <trkpt lat="49.076972" lon="10.797768"><ele>413</ele></trkpt>
   <trkpt lat="49.077175" lon="10.797812"><ele>413</ele></trkpt>
   <trkpt lat="49.077506" lon="10.79781"><ele>413</ele></trkpt>
   <trkpt lat="49.077869" lon="10.797782"><ele>413</ele></trkpt>
   <trkpt lat="49.078397" lon="10.797713"><ele>412.75</ele></trkpt>
   <trkpt lat="49.078501" lon="10.797656"><ele>412.5</ele></trkpt>
   <trkpt lat="49.07857" lon="10.797577"><ele>412.75</ele></trkpt>
   <trkpt lat="49.078705" lon="10.797353"><ele>412.5</ele></trkpt>
   <trkpt lat="49.078849" lon="10.797032"><ele>412.5</ele></trkpt>
   <trkpt lat="49.07913" lon="10.79651"><ele>412.5</ele></trkpt>
   <trkpt lat="49.079242" lon="10.796327"><ele>412.5</ele></trkpt>
   <trkpt lat="49.079618" lon="10.795917"><ele>412.5</ele></trkpt>
   <trkpt lat="49.07984" lon="10.795797"><ele>412.75</ele></trkpt>
   <trkpt lat="49.080068" lon="10.795735"><ele>412.5</ele></trkpt>
   <trkpt lat="49.080742" lon="10.795715"><ele>412.25</ele></trkpt>
   <trkpt lat="49.081198" lon="10.795683"><ele>412.5</ele></trkpt>
   <trkpt lat="49.081723" lon="10.795522"><ele>413</ele></trkpt>
   <trkpt lat="49.082193" lon="10.79536"><ele>413.5</ele></trkpt>
   <trkpt lat="49.082225" lon="10.795302"><ele>413.75</ele></trkpt>
   <trkpt lat="49.082249" lon="10.795383"><ele>413.5</ele></trkpt>
   <trkpt lat="49.082313" lon="10.795432"><ele>413.25</ele></trkpt>
   <trkpt lat="49.082409" lon="10.795477"><ele>413.25</ele></trkpt>
   <trkpt lat="49.082582" lon="10.795496"><ele>413</ele></trkpt>
   <trkpt lat="49.082897" lon="10.795564"><ele>413</ele></trkpt>
   <trkpt lat="49.083602" lon="10.795778"><ele>412.25</ele></trkpt>
   <trkpt lat="49.084096" lon="10.795911"><ele>413</ele></trkpt>
   <trkpt lat="49.084811" lon="10.795964"><ele>412.75</ele></trkpt>
   <trkpt lat="49.085434" lon="10.796122"><ele>413.5</ele></trkpt>
   <trkpt lat="49.085503" lon="10.79616"><ele>413.75</ele></trkpt>
   <trkpt lat="49.086685" lon="10.796499"><ele>413.75</ele></trkpt>
   <trkpt lat="49.087023" lon="10.796609"><ele>413.25</ele></trkpt>
   <trkpt lat="49.087439" lon="10.796802"><ele>414</ele></trkpt>
   <trkpt lat="49.087503" lon="10.796853"><ele>414.25</ele></trkpt>
   <trkpt lat="49.087535" lon="10.796934"><ele>414</ele></trkpt>
   <trkpt lat="49.08757" lon="10.796983"><ele>413.75</ele></trkpt>
   <trkpt lat="49.087652" lon="10.796988"><ele>413.75</ele></trkpt>
   <trkpt lat="49.087797" lon="10.79703"><ele>414</ele></trkpt>
   <trkpt lat="49.087908" lon="10.796019"><ele>413.5</ele></trkpt>
   <trkpt lat="49.088005" lon="10.795354"><ele>413</ele></trkpt>
   <trkpt lat="49.0883" lon="10.794074"><ele>413.5</ele></trkpt>
   <trkpt lat="49.088581" lon="10.793209"><ele>413</ele></trkpt>
   <trkpt lat="49.088978" lon="10.792147"><ele>413.25</ele></trkpt>
   <trkpt lat="49.089103" lon="10.79181"><ele>413.25</ele></trkpt>
   <trkpt lat="49.089184" lon="10.791656"><ele>413</ele></trkpt>
   <trkpt lat="49.089267" lon="10.791427"><ele>413.25</ele></trkpt>
   <trkpt lat="49.089408" lon="10.791085"><ele>413.75</ele></trkpt>
   <trkpt lat="49.089314" lon="10.790994"><ele>413.25</ele></trkpt>
   <trkpt lat="49.089506" lon="10.790595"><ele>413.75</ele></trkpt>
   <trkpt lat="49.089608" lon="10.790418"><ele>413.75</ele></trkpt>
   <trkpt lat="49.089714" lon="10.790274"><ele>413.75</ele></trkpt>
   <trkpt lat="49.089953" lon="10.789995"><ele>413.75</ele></trkpt>
   <trkpt lat="49.090502" lon="10.789396"><ele>415</ele></trkpt>
   <trkpt lat="49.090667" lon="10.789202"><ele>415.75</ele></trkpt>
   <trkpt lat="49.090783" lon="10.789034"><ele>416</ele></trkpt>
   <trkpt lat="49.090891" lon="10.788863"><ele>416.25</ele></trkpt>
   <trkpt lat="49.091021" lon="10.7886"><ele>416.5</ele></trkpt>
   <trkpt lat="49.091403" lon="10.787732"><ele>417</ele></trkpt>
   <trkpt lat="49.091468" lon="10.787589"><ele>417</ele></trkpt>
   <trkpt lat="49.09156" lon="10.787375"><ele>417</ele></trkpt>
   <trkpt lat="49.091649" lon="10.787126"><ele>417</ele></trkpt>
   <trkpt lat="49.091696" lon="10.786993"><ele>417</ele></trkpt>
   <trkpt lat="49.091853" lon="10.786457"><ele>417.5</ele></trkpt>
   <trkpt lat="49.091951" lon="10.786159"><ele>417</ele></trkpt>
   <trkpt lat="49.092152" lon="10.785687"><ele>418</ele></trkpt>
   <trkpt lat="49.092395" lon="10.785278"><ele>417.5</ele></trkpt>
   <trkpt lat="49.092501" lon="10.785329"><ele>418</ele></trkpt>
   <trkpt lat="49.092663" lon="10.78512"><ele>418</ele></trkpt>
   <trkpt lat="49.092924" lon="10.784766"><ele>418.25</ele></trkpt>
   <trkpt lat="49.093207" lon="10.784343"><ele>418.75</ele></trkpt>
   <trkpt lat="49.093321" lon="10.784216"><ele>419</ele></trkpt>
   <trkpt lat="49.093339" lon="10.784155"><ele>419</ele></trkpt>
   <trkpt lat="49.093728" lon="10.783514"><ele>420</ele></trkpt>
   <trkpt lat="49.094212" lon="10.782668"><ele>420.75</ele></trkpt>
   <trkpt lat="49.095433" lon="10.779922"><ele>421.25</ele></trkpt>
   <trkpt lat="49.096486" lon="10.777434"><ele>422</ele></trkpt>
   <trkpt lat="49.096728" lon="10.776882"><ele>422.25</ele></trkpt>
   <trkpt lat="49.097895" lon="10.774157"><ele>421.75</ele></trkpt>
   <trkpt lat="49.097929" lon="10.774138"><ele>421.75</ele></trkpt>
   <trkpt lat="49.097986" lon="10.774082"><ele>421.75</ele></trkpt>
   <trkpt lat="49.098214" lon="10.77347"><ele>421.25</ele></trkpt>
   <trkpt lat="49.098234" lon="10.773295"><ele>420.75</ele></trkpt>
   <trkpt lat="49.098371" lon="10.772961"><ele>421</ele></trkpt>
   <trkpt lat="49.098548" lon="10.772637"><ele>420.75</ele></trkpt>
   <trkpt lat="49.099865" lon="10.770602"><ele>420</ele></trkpt>
   <trkpt lat="49.09995" lon="10.770521"><ele>420</ele></trkpt>
   <trkpt lat="49.100273" lon="10.770378"><ele>420</ele></trkpt>
   <trkpt lat="49.100356" lon="10.770279"><ele>420</ele></trkpt>
   <trkpt lat="49.10056" lon="10.770088"><ele>419.25</ele></trkpt>
   <trkpt lat="49.100805" lon="10.769841"><ele>419.75</ele></trkpt>
   <trkpt lat="49.101058" lon="10.769423"><ele>420.5</ele></trkpt>
   <trkpt lat="49.101044" lon="10.769273"><ele>420.5</ele></trkpt>
   <trkpt lat="49.100953" lon="10.76909"><ele>420.25</ele></trkpt>
   <trkpt lat="49.103187" lon="10.765721"><ele>420.25</ele></trkpt>
   <trkpt lat="49.104451" lon="10.763829"><ele>419</ele></trkpt>
   <trkpt lat="49.104831" lon="10.763258"><ele>418.25</ele></trkpt>
   <trkpt lat="49.104901" lon="10.763189"><ele>418</ele></trkpt>
   <trkpt lat="49.104994" lon="10.763146"><ele>418</ele></trkpt>
   <trkpt lat="49.105194" lon="10.763117"><ele>418</ele></trkpt>
   <trkpt lat="49.105246" lon="10.763008"><ele>418</ele></trkpt>
   <trkpt lat="49.105283" lon="10.762932"><ele>417.75</ele></trkpt>
   <trkpt lat="49.105294" lon="10.762869"><ele>417.75</ele></trkpt>
   <trkpt lat="49.105405" lon="10.762587"><ele>417.5</ele></trkpt>
   <trkpt lat="49.1056" lon="10.762171"><ele>417</ele></trkpt>
   <trkpt lat="49.105666" lon="10.762065"><ele>417</ele></trkpt>
   <trkpt lat="49.105969" lon="10.76159"><ele>417</ele></trkpt>
   <trkpt lat="49.106448" lon="10.760842"><ele>416</ele></trkpt>
   <trkpt lat="49.106585" lon="10.760628"><ele>416</ele></trkpt>
   <trkpt lat="49.106793" lon="10.760303"><ele>416</ele></trkpt>
   <trkpt lat="49.106872" lon="10.76021"><ele>415.75</ele></trkpt>
   <trkpt lat="49.106882" lon="10.760092"><ele>415.75</ele></trkpt>
   <trkpt lat="49.107264" lon="10.759481"><ele>415</ele></trkpt>
   <trkpt lat="49.107695" lon="10.75894"><ele>415</ele></trkpt>
   <trkpt lat="49.108083" lon="10.758499"><ele>414.75</ele></trkpt>
   <trkpt lat="49.10819" lon="10.758414"><ele>414.5</ele></trkpt>
   <trkpt lat="49.108309" lon="10.758315"><ele>414</ele></trkpt>
   <trkpt lat="49.108827" lon="10.757872"><ele>414</ele></trkpt>
   <trkpt lat="49.109076" lon="10.757685"><ele>414.25</ele></trkpt>
   <trkpt lat="49.109757" lon="10.757206"><ele>414</ele></trkpt>
   <trkpt lat="49.109946" lon="10.757077"><ele>414.25</ele></trkpt>
   <trkpt lat="49.11015" lon="10.75697"><ele>414</ele></trkpt>
   <trkpt lat="49.110385" lon="10.756883"><ele>414</ele></trkpt>
   <trkpt lat="49.110562" lon="10.756813"><ele>414</ele></trkpt>
   <trkpt lat="49.110704" lon="10.756756"><ele>414</ele></trkpt>
   <trkpt lat="49.110847" lon="10.756657"><ele>414</ele></trkpt>
   <trkpt lat="49.111179" lon="10.756332"><ele>414</ele></trkpt>
   <trkpt lat="49.111159" lon="10.756256"><ele>414</ele></trkpt>
   <trkpt lat="49.111343" lon="10.756077"><ele>414</ele></trkpt>
   <trkpt lat="49.111523" lon="10.755943"><ele>414</ele></trkpt>
   <trkpt lat="49.111647" lon="10.755861"><ele>414</ele></trkpt>
   <trkpt lat="49.111726" lon="10.755853"><ele>414</ele></trkpt>
   <trkpt lat="49.11179" lon="10.755891"><ele>414</ele></trkpt>
   <trkpt lat="49.111875" lon="10.755654"><ele>414</ele></trkpt>
   <trkpt lat="49.111981" lon="10.755484"><ele>414</ele></trkpt>
   <trkpt lat="49.112187" lon="10.755338"><ele>414</ele></trkpt>
   <trkpt lat="49.112319" lon="10.755278"><ele>414.25</ele></trkpt>
   <trkpt lat="49.112784" lon="10.754962"><ele>414</ele></trkpt>
   <trkpt lat="49.112993" lon="10.754888"><ele>414</ele></trkpt>
   <trkpt lat="49.113533" lon="10.754767"><ele>414</ele></trkpt>
   <trkpt lat="49.113627" lon="10.754758"><ele>414</ele></trkpt>
   <trkpt lat="49.113756" lon="10.754729"><ele>414</ele></trkpt>
   <trkpt lat="49.114218" lon="10.754442"><ele>414</ele></trkpt>
   <trkpt lat="49.114311" lon="10.754361"><ele>414.25</ele></trkpt>
   <trkpt lat="49.114406" lon="10.754279"><ele>414.25</ele></trkpt>
   <trkpt lat="49.114455" lon="10.754237"><ele>414.25</ele></trkpt>
   <trkpt lat="49.114798" lon="10.753965"><ele>415</ele></trkpt>
   <trkpt lat="49.11494" lon="10.753839"><ele>415</ele></trkpt>
   <trkpt lat="49.115088" lon="10.753707"><ele>414.75</ele></trkpt>
   <trkpt lat="49.115292" lon="10.753588"><ele>414</ele></trkpt>
   <trkpt lat="49.115519" lon="10.753456"><ele>414</ele></trkpt>
   <trkpt lat="49.115677" lon="10.753317"><ele>414.25</ele></trkpt>
   <trkpt lat="49.115735" lon="10.753344"><ele>414.5</ele></trkpt>
   <trkpt lat="49.115792" lon="10.753344"><ele>414.75</ele></trkpt>
   <trkpt lat="49.115989" lon="10.753333"><ele>414.75</ele></trkpt>
   <trkpt lat="49.116107" lon="10.753353"><ele>415</ele></trkpt>
   <trkpt lat="49.116152" lon="10.753411"><ele>415</ele></trkpt>
   <trkpt lat="49.11618" lon="10.753516"><ele>415.25</ele></trkpt>
   <trkpt lat="49.116338" lon="10.753513"><ele>415</ele></trkpt>
   <trkpt lat="49.116593" lon="10.75346"><ele>415</ele></trkpt>
   <trkpt lat="49.116753" lon="10.753409"><ele>415</ele></trkpt>
   <trkpt lat="49.116928" lon="10.753303"><ele>414.75</ele></trkpt>
   <trkpt lat="49.117368" lon="10.75331"><ele>416.75</ele></trkpt>
   <trkpt lat="49.11761" lon="10.753007"><ele>416.25</ele></trkpt>
   <trkpt lat="49.117676" lon="10.752855"><ele>415.25</ele></trkpt>
   <trkpt lat="49.117698" lon="10.752713"><ele>414.5</ele></trkpt>
   <trkpt lat="49.117906" lon="10.752634"><ele>415</ele></trkpt>
   <trkpt lat="49.1181" lon="10.752451"><ele>414.25</ele></trkpt>
   <trkpt lat="49.118614" lon="10.751748"><ele>414.5</ele></trkpt>
   <trkpt lat="49.118644" lon="10.751704"><ele>414.25</ele></trkpt>
   <trkpt lat="49.118715" lon="10.7516"><ele>414.75</ele></trkpt>
   <trkpt lat="49.118889" lon="10.751346"><ele>418.25</ele></trkpt>
   <trkpt lat="49.119069" lon="10.751134"><ele>416.75</ele></trkpt>
   <trkpt lat="49.119154" lon="10.751035"><ele>414.75</ele></trkpt>
   <trkpt lat="49.119253" lon="10.750915"><ele>414.5</ele></trkpt>
   <trkpt lat="49.119359" lon="10.750723"><ele>414.25</ele></trkpt>
   <trkpt lat="49.119634" lon="10.750149"><ele>414</ele></trkpt>
   <trkpt lat="49.119811" lon="10.749879"><ele>414.25</ele></trkpt>
   <trkpt lat="49.120006" lon="10.749634"><ele>414.5</ele></trkpt>
   <trkpt lat="49.120676" lon="10.748891"><ele>415.75</ele></trkpt>
   <trkpt lat="49.120844" lon="10.74874"><ele>415.75</ele></trkpt>
   <trkpt lat="49.120971" lon="10.748635"><ele>415</ele></trkpt>
   <trkpt lat="49.121442" lon="10.748449"><ele>414.25</ele></trkpt>
   <trkpt lat="49.121895" lon="10.748331"><ele>414</ele></trkpt>
   <trkpt lat="49.122241" lon="10.748275"><ele>414</ele></trkpt>
   <trkpt lat="49.122755" lon="10.748037"><ele>414</ele></trkpt>
   <trkpt lat="49.122867" lon="10.747971"><ele>414.75</ele></trkpt>
   <trkpt lat="49.123239" lon="10.747837"><ele>415.75</ele></trkpt>
   <trkpt lat="49.123395" lon="10.747828"><ele>415.5</ele></trkpt>
   <trkpt lat="49.123524" lon="10.747849"><ele>416</ele></trkpt>
   <trkpt lat="49.123636" lon="10.747915"><ele>416</ele></trkpt>
   <trkpt lat="49.123706" lon="10.748066"><ele>415.5</ele></trkpt>
   <trkpt lat="49.123759" lon="10.748224"><ele>416.25</ele></trkpt>
   <trkpt lat="49.123846" lon="10.748157"><ele>416.5</ele></trkpt>
   <trkpt lat="49.123761" lon="10.747903"><ele>415.75</ele></trkpt>
   <trkpt lat="49.123709" lon="10.74778"><ele>416.25</ele></trkpt>
   <trkpt lat="49.123419" lon="10.747324"><ele>416</ele></trkpt>
   <trkpt lat="49.123347" lon="10.747159"><ele>416.75</ele></trkpt>
   <trkpt lat="49.123293" lon="10.747001"><ele>417</ele></trkpt>
   <trkpt lat="49.123232" lon="10.746673"><ele>416.5</ele></trkpt>
   <trkpt lat="49.123218" lon="10.74642"><ele>416.25</ele></trkpt>
   <trkpt lat="49.123214" lon="10.745619"><ele>415.75</ele></trkpt>
   <trkpt lat="49.123175" lon="10.745472"><ele>416</ele></trkpt>
   <trkpt lat="49.123107" lon="10.745326"><ele>416.25</ele></trkpt>
   <trkpt lat="49.122997" lon="10.745163"><ele>416.75</ele></trkpt>
   <trkpt lat="49.122947" lon="10.745059"><ele>416.5</ele></trkpt>
   <trkpt lat="49.12292" lon="10.74495"><ele>416.5</ele></trkpt>
   <trkpt lat="49.122948" lon="10.744483"><ele>417</ele></trkpt>
   <trkpt lat="49.122946" lon="10.744269"><ele>416.25</ele></trkpt>
   <trkpt lat="49.122929" lon="10.744109"><ele>416</ele></trkpt>
   <trkpt lat="49.122939" lon="10.743962"><ele>416.25</ele></trkpt>
   <trkpt lat="49.122971" lon="10.74387"><ele>416.5</ele></trkpt>
   <trkpt lat="49.123016" lon="10.743781"><ele>416.75</ele></trkpt>
   <trkpt lat="49.123129" lon="10.743651"><ele>416</ele></trkpt>
   <trkpt lat="49.12325" lon="10.743472"><ele>416</ele></trkpt>
   <trkpt lat="49.123334" lon="10.743234"><ele>416.75</ele></trkpt>
   <trkpt lat="49.123389" lon="10.743051"><ele>416.5</ele></trkpt>
   <trkpt lat="49.123476" lon="10.742523"><ele>414.75</ele></trkpt>
   <trkpt lat="49.123508" lon="10.742294"><ele>414.25</ele></trkpt>
   <trkpt lat="49.123539" lon="10.742003"><ele>415</ele></trkpt>
   <trkpt lat="49.123562" lon="10.74152"><ele>416.25</ele></trkpt>
   <trkpt lat="49.12356" lon="10.741115"><ele>415.25</ele></trkpt>
   <trkpt lat="49.123533" lon="10.740703"><ele>415.25</ele></trkpt>
   <trkpt lat="49.123503" lon="10.740451"><ele>415</ele></trkpt>
   <trkpt lat="49.123379" lon="10.739662"><ele>415.75</ele></trkpt>
   <trkpt lat="49.123359" lon="10.73947"><ele>416.5</ele></trkpt>
   <trkpt lat="49.123352" lon="10.739286"><ele>416.75</ele></trkpt>
   <trkpt lat="49.123359" lon="10.739115"><ele>416.5</ele></trkpt>
   <trkpt lat="49.123381" lon="10.738951"><ele>415.75</ele></trkpt>
   <trkpt lat="49.123538" lon="10.738195"><ele>416</ele></trkpt>
   <trkpt lat="49.123547" lon="10.737985"><ele>416.5</ele></trkpt>
   <trkpt lat="49.123533" lon="10.737782"><ele>416.25</ele></trkpt>
   <trkpt lat="49.123494" lon="10.737637"><ele>415.75</ele></trkpt>
   <trkpt lat="49.123434" lon="10.737494"><ele>415.5</ele></trkpt>
   <trkpt lat="49.123381" lon="10.737417"><ele>415.75</ele></trkpt>
   <trkpt lat="49.123313" lon="10.737339"><ele>416</ele></trkpt>
   <trkpt lat="49.123197" lon="10.737236"><ele>416.25</ele></trkpt>
   <trkpt lat="49.122746" lon="10.736996"><ele>414.5</ele></trkpt>
   <trkpt lat="49.122399" lon="10.736822"><ele>413.25</ele></trkpt>
   <trkpt lat="49.122076" lon="10.736657"><ele>416.75</ele></trkpt>
   <trkpt lat="49.121439" lon="10.73629"><ele>415.5</ele></trkpt>
   <trkpt lat="49.121171" lon="10.736098"><ele>416.25</ele></trkpt>
   <trkpt lat="49.120777" lon="10.735733"><ele>415.75</ele></trkpt>
   <trkpt lat="49.120499" lon="10.735357"><ele>415.75</ele></trkpt>
   <trkpt lat="49.120236" lon="10.734898"><ele>416</ele></trkpt>
   <trkpt lat="49.119979" lon="10.734272"><ele>416.5</ele></trkpt>
   <trkpt lat="49.119805" lon="10.733704"><ele>415.25</ele></trkpt>
   <trkpt lat="49.119673" lon="10.732971"><ele>416</ele></trkpt>
   <trkpt lat="49.119619" lon="10.732426"><ele>414.5</ele></trkpt>
   <trkpt lat="49.119601" lon="10.731843"><ele>414.5</ele></trkpt>
   <trkpt lat="49.119644" lon="10.731139"><ele>415.75</ele></trkpt>
   <trkpt lat="49.119749" lon="10.730377"><ele>417</ele></trkpt>
   <trkpt lat="49.119833" lon="10.729865"><ele>415.75</ele></trkpt>
   <trkpt lat="49.119887" lon="10.729579"><ele>415</ele></trkpt>
   <trkpt lat="49.119966" lon="10.729266"><ele>416</ele></trkpt>
   <trkpt lat="49.120132" lon="10.728737"><ele>414.5</ele></trkpt>
   <trkpt lat="49.120483" lon="10.727793"><ele>415.25</ele></trkpt>
   <trkpt lat="49.12105" lon="10.726488"><ele>415.5</ele></trkpt>
   <trkpt lat="49.122081" lon="10.724629"><ele>415.25</ele></trkpt>
   <trkpt lat="49.122605" lon="10.723842"><ele>416.75</ele></trkpt>
   <trkpt lat="49.12275" lon="10.723612"><ele>416.75</ele></trkpt>
   <trkpt lat="49.122763" lon="10.723509"><ele>416.5</ele></trkpt>
   <trkpt lat="49.122901" lon="10.723238"><ele>416.25</ele></trkpt>
   <trkpt lat="49.123235" lon="10.72231"><ele>416.25</ele></trkpt>
   <trkpt lat="49.123363" lon="10.722013"><ele>416.25</ele></trkpt>
   <trkpt lat="49.123563" lon="10.72164"><ele>416.5</ele></trkpt>
   <trkpt lat="49.123737" lon="10.721384"><ele>416.25</ele></trkpt>
   <trkpt lat="49.123803" lon="10.721326"><ele>416.25</ele></trkpt>
   <trkpt lat="49.124626" lon="10.720942"><ele>416.75</ele></trkpt>
   <trkpt lat="49.124903" lon="10.720754"><ele>416.5</ele></trkpt>
   <trkpt lat="49.125327" lon="10.720461"><ele>416.75</ele></trkpt>
   <trkpt lat="49.125377" lon="10.720416"><ele>416.75</ele></trkpt>
   <trkpt lat="49.125413" lon="10.720347"><ele>416.5</ele></trkpt>
   <trkpt lat="49.125462" lon="10.720187"><ele>416.25</ele></trkpt>
   <trkpt lat="49.125556" lon="10.719811"><ele>416.75</ele></trkpt>
   <trkpt lat="49.125842" lon="10.718921"><ele>416</ele></trkpt>
   <trkpt lat="49.125939" lon="10.718765"><ele>415.75</ele></trkpt>
   <trkpt lat="49.125975" lon="10.71872"><ele>415.75</ele></trkpt>
   <trkpt lat="49.126067" lon="10.718635"><ele>415.75</ele></trkpt>
   <trkpt lat="49.126109" lon="10.718626"><ele>416</ele></trkpt>
   <trkpt lat="49.126146" lon="10.718633"><ele>416</ele></trkpt>
   <trkpt lat="49.126181" lon="10.718655"><ele>416.25</ele></trkpt>
   <trkpt lat="49.126289" lon="10.718814"><ele>417.25</ele></trkpt>
   <trkpt lat="49.126379" lon="10.718936"><ele>417.75</ele></trkpt>
   <trkpt lat="49.126446" lon="10.718974"><ele>417.5</ele></trkpt>
   <trkpt lat="49.126525" lon="10.718994"><ele>417.25</ele></trkpt>
   <trkpt lat="49.126699" lon="10.718995"><ele>417</ele></trkpt>
   <trkpt lat="49.126871" lon="10.71896"><ele>417.5</ele></trkpt>
   <trkpt lat="49.127014" lon="10.718891"><ele>417.75</ele></trkpt>
   <trkpt lat="49.127147" lon="10.718804"><ele>417.5</ele></trkpt>
   <trkpt lat="49.127674" lon="10.718367"><ele>416.75</ele></trkpt>
   <trkpt lat="49.127794" lon="10.718252"><ele>416.5</ele></trkpt>
   <trkpt lat="49.127926" lon="10.718155"><ele>416</ele></trkpt>
   <trkpt lat="49.129608" lon="10.716989"><ele>416.5</ele></trkpt>
   <trkpt lat="49.130862" lon="10.716045"><ele>416.5</ele></trkpt>
   <trkpt lat="49.131572" lon="10.715423"><ele>415.75</ele></trkpt>
   <trkpt lat="49.131718" lon="10.715172"><ele>416.5</ele></trkpt>
   <trkpt lat="49.131856" lon="10.714895"><ele>416.75</ele></trkpt>
   <trkpt lat="49.131941" lon="10.714775"><ele>416.75</ele></trkpt>
   <trkpt lat="49.132005" lon="10.714704"><ele>416.75</ele></trkpt>
   <trkpt lat="49.132111" lon="10.714645"><ele>416.5</ele></trkpt>
   <trkpt lat="49.132275" lon="10.714596"><ele>416.5</ele></trkpt>
   <trkpt lat="49.132429" lon="10.714526"><ele>416.5</ele></trkpt>
   <trkpt lat="49.132546" lon="10.714403"><ele>416.5</ele></trkpt>
   <trkpt lat="49.132838" lon="10.713994"><ele>416</ele></trkpt>
   <trkpt lat="49.133277" lon="10.713369"><ele>416.25</ele></trkpt>
   <trkpt lat="49.133734" lon="10.712625"><ele>415.75</ele></trkpt>
   <trkpt lat="49.134048" lon="10.712031"><ele>415.75</ele></trkpt>
   <trkpt lat="49.134469" lon="10.711143"><ele>416.5</ele></trkpt>
   <trkpt lat="49.134715" lon="10.710534"><ele>416.75</ele></trkpt>
   <trkpt lat="49.134999" lon="10.709685"><ele>416.75</ele></trkpt>
   <trkpt lat="49.135248" lon="10.708839"><ele>416</ele></trkpt>
   <trkpt lat="49.135399" lon="10.708182"><ele>415</ele></trkpt>
   <trkpt lat="49.13553" lon="10.707714"><ele>416.75</ele></trkpt>
   <trkpt lat="49.135759" lon="10.706887"><ele>416.25</ele></trkpt>
   <trkpt lat="49.136037" lon="10.706118"><ele>416.5</ele></trkpt>
   <trkpt lat="49.136312" lon="10.705347"><ele>415.5</ele></trkpt>
   <trkpt lat="49.136381" lon="10.705185"><ele>416.25</ele></trkpt>
   <trkpt lat="49.136668" lon="10.704663"><ele>416.75</ele></trkpt>
   <trkpt lat="49.137129" lon="10.703857"><ele>415.25</ele></trkpt>
   <trkpt lat="49.137305" lon="10.703494"><ele>416</ele></trkpt>
   <trkpt lat="49.137487" lon="10.703064"><ele>416.75</ele></trkpt>
   <trkpt lat="49.137643" lon="10.702577"><ele>415.25</ele></trkpt>
   <trkpt lat="49.137786" lon="10.701954"><ele>416.75</ele></trkpt>
   <trkpt lat="49.137861" lon="10.701452"><ele>416</ele></trkpt>
   <trkpt lat="49.137889" lon="10.70113"><ele>415.5</ele></trkpt>
   <trkpt lat="49.137912" lon="10.700504"><ele>415</ele></trkpt>
   <trkpt lat="49.137889" lon="10.699977"><ele>415</ele></trkpt>
   <trkpt lat="49.137866" lon="10.699691"><ele>415.25</ele></trkpt>
   <trkpt lat="49.137832" lon="10.699405"><ele>416.25</ele></trkpt>
   <trkpt lat="49.137783" lon="10.699092"><ele>416.75</ele></trkpt>
   <trkpt lat="49.137724" lon="10.698789"><ele>416.5</ele></trkpt>
   <trkpt lat="49.137722" lon="10.698696"><ele>416.5</ele></trkpt>
   <trkpt lat="49.137785" lon="10.698388"><ele>416</ele></trkpt>
   <trkpt lat="49.137883" lon="10.698108"><ele>415.75</ele></trkpt>
   <trkpt lat="49.137976" lon="10.697909"><ele>416</ele></trkpt>
   <trkpt lat="49.138446" lon="10.697104"><ele>415.25</ele></trkpt>
   <trkpt lat="49.138714" lon="10.696691"><ele>415.5</ele></trkpt>
   <trkpt lat="49.138882" lon="10.696514"><ele>415.5</ele></trkpt>
   <trkpt lat="49.139011" lon="10.696401"><ele>415.5</ele></trkpt>
   <trkpt lat="49.13915" lon="10.696317"><ele>415.25</ele></trkpt>
   <trkpt lat="49.13927" lon="10.696269"><ele>415.25</ele></trkpt>
   <trkpt lat="49.139415" lon="10.696273"><ele>415.25</ele></trkpt>
   <trkpt lat="49.139559" lon="10.696304"><ele>415</ele></trkpt>
   <trkpt lat="49.139617" lon="10.696296"><ele>415</ele></trkpt>
   <trkpt lat="49.139657" lon="10.696245"><ele>415</ele></trkpt>
   <trkpt lat="49.139698" lon="10.696175"><ele>415</ele></trkpt>
   <trkpt lat="49.139719" lon="10.69605"><ele>415</ele></trkpt>
   <trkpt lat="49.13974" lon="10.695758"><ele>415.75</ele></trkpt>
   <trkpt lat="49.139811" lon="10.695082"><ele>415.25</ele></trkpt>
   <trkpt lat="49.139858" lon="10.694817"><ele>415.25</ele></trkpt>
   <trkpt lat="49.139921" lon="10.694568"><ele>415.5</ele></trkpt>
   <trkpt lat="49.139973" lon="10.694401"><ele>416</ele></trkpt>
   <trkpt lat="49.140057" lon="10.69422"><ele>415.75</ele></trkpt>
   <trkpt lat="49.140235" lon="10.694011"><ele>415.5</ele></trkpt>
   <trkpt lat="49.140718" lon="10.693658"><ele>415.5</ele></trkpt>
   <trkpt lat="49.140856" lon="10.693541"><ele>415.75</ele></trkpt>
   <trkpt lat="49.14111" lon="10.693198"><ele>415.25</ele></trkpt>
   <trkpt lat="49.141235" lon="10.693005"><ele>415.5</ele></trkpt>
   <trkpt lat="49.141337" lon="10.692779"><ele>415</ele></trkpt>
   <trkpt lat="49.141367" lon="10.692665"><ele>415.25</ele></trkpt>
   <trkpt lat="49.141391" lon="10.692541"><ele>415.75</ele></trkpt>
   <trkpt lat="49.141415" lon="10.692307"><ele>415.75</ele></trkpt>
   <trkpt lat="49.141447" lon="10.692085"><ele>415.5</ele></trkpt>
   <trkpt lat="49.141566" lon="10.691624"><ele>415.25</ele></trkpt>
   <trkpt lat="49.141631" lon="10.691451"><ele>415.75</ele></trkpt>
   <trkpt lat="49.141713" lon="10.691299"><ele>415.5</ele></trkpt>
   <trkpt lat="49.141897" lon="10.691002"><ele>415.25</ele></trkpt>
   <trkpt lat="49.142073" lon="10.6907"><ele>415.25</ele></trkpt>
   <trkpt lat="49.142137" lon="10.690572"><ele>415.25</ele></trkpt>
   <trkpt lat="49.14217" lon="10.690437"><ele>415.5</ele></trkpt>
   <trkpt lat="49.142178" lon="10.690328"><ele>415.75</ele></trkpt>
   <trkpt lat="49.142173" lon="10.690173"><ele>416.25</ele></trkpt>
   <trkpt lat="49.142185" lon="10.690093"><ele>416.5</ele></trkpt>
   <trkpt lat="49.142209" lon="10.690013"><ele>416.75</ele></trkpt>
   <trkpt lat="49.142241" lon="10.689949"><ele>416.75</ele></trkpt>
   <trkpt lat="49.142261" lon="10.689861"><ele>416.5</ele></trkpt>
   <trkpt lat="49.142341" lon="10.689899"><ele>415.5</ele></trkpt>
   <trkpt lat="49.142847" lon="10.690142"><ele>415.25</ele></trkpt>
   <trkpt lat="49.14294" lon="10.690187"><ele>416</ele></trkpt>
   <trkpt lat="49.143019" lon="10.689728"><ele>416.5</ele></trkpt>
   <trkpt lat="49.143235" lon="10.688992"><ele>416</ele></trkpt>
   <trkpt lat="49.143544" lon="10.688202"><ele>416</ele></trkpt>
   <trkpt lat="49.143886" lon="10.687578"><ele>415.75</ele></trkpt>
   <trkpt lat="49.144351" lon="10.686909"><ele>416</ele></trkpt>
   <trkpt lat="49.144704" lon="10.686542"><ele>415.75</ele></trkpt>
   <trkpt lat="49.145098" lon="10.68619"><ele>415.75</ele></trkpt>
   <trkpt lat="49.145424" lon="10.685838"><ele>416</ele></trkpt>
   <trkpt lat="49.145661" lon="10.6855"><ele>415.75</ele></trkpt>
   <trkpt lat="49.145883" lon="10.685097"><ele>416.25</ele></trkpt>
   <trkpt lat="49.146086" lon="10.684599"><ele>416.25</ele></trkpt>
   <trkpt lat="49.146369" lon="10.683479"><ele>416.25</ele></trkpt>
   <trkpt lat="49.146609" lon="10.682951"><ele>416</ele></trkpt>
   <trkpt lat="49.146878" lon="10.682526"><ele>416.25</ele></trkpt>
   <trkpt lat="49.147202" lon="10.682179"><ele>416.5</ele></trkpt>
   <trkpt lat="49.147442" lon="10.682031"><ele>416.25</ele></trkpt>
   <trkpt lat="49.147609" lon="10.681951"><ele>416.75</ele></trkpt>
   <trkpt lat="49.147737" lon="10.681904"><ele>416.5</ele></trkpt>
   <trkpt lat="49.148103" lon="10.681744"><ele>416</ele></trkpt>
   <trkpt lat="49.148382" lon="10.681585"><ele>416.5</ele></trkpt>
   <trkpt lat="49.148712" lon="10.681344"><ele>416.5</ele></trkpt>
   <trkpt lat="49.149026" lon="10.681063"><ele>415.75</ele></trkpt>
   <trkpt lat="49.149298" lon="10.680762"><ele>416.25</ele></trkpt>
   <trkpt lat="49.149535" lon="10.680441"><ele>416.25</ele></trkpt>
   <trkpt lat="49.149815" lon="10.679931"><ele>416</ele></trkpt>
   <trkpt lat="49.14998" lon="10.679614"><ele>416.25</ele></trkpt>
   <trkpt lat="49.150366" lon="10.678613"><ele>416</ele></trkpt>
   <trkpt lat="49.150495" lon="10.67835"><ele>416.5</ele></trkpt>
   <trkpt lat="49.15053" lon="10.678228"><ele>416.75</ele></trkpt>
   <trkpt lat="49.150547" lon="10.677669"><ele>416.75</ele></trkpt>
   <trkpt lat="49.150645" lon="10.676809"><ele>415.75</ele></trkpt>
   <trkpt lat="49.150836" lon="10.675845"><ele>416.75</ele></trkpt>
   <trkpt lat="49.151126" lon="10.675046"><ele>416</ele></trkpt>
   <trkpt lat="49.151563" lon="10.674263"><ele>416</ele></trkpt>
   <trkpt lat="49.152161" lon="10.673352"><ele>416.5</ele></trkpt>
   <trkpt lat="49.15257" lon="10.672633"><ele>415.75</ele></trkpt>
   <trkpt lat="49.15298" lon="10.671722"><ele>416.25</ele></trkpt>
   <trkpt lat="49.153307" lon="10.670763"><ele>416.5</ele></trkpt>
   <trkpt lat="49.15362" lon="10.669664"><ele>416.75</ele></trkpt>
   <trkpt lat="49.153838" lon="10.668844"><ele>417</ele></trkpt>
   <trkpt lat="49.154024" lon="10.668375"><ele>415.5</ele></trkpt>
   <trkpt lat="49.154372" lon="10.667741"><ele>416.25</ele></trkpt>
   <trkpt lat="49.154779" lon="10.667228"><ele>416</ele></trkpt>
   <trkpt lat="49.155014" lon="10.666856"><ele>416.25</ele></trkpt>
   <trkpt lat="49.155308" lon="10.666282"><ele>416</ele></trkpt>
   <trkpt lat="49.1555" lon="10.665846"><ele>416.5</ele></trkpt>
   <trkpt lat="49.155992" lon="10.664135"><ele>415.5</ele></trkpt>
   <trkpt lat="49.156211" lon="10.663473"><ele>415.5</ele></trkpt>
   <trkpt lat="49.156459" lon="10.662872"><ele>415.75</ele></trkpt>
   <trkpt lat="49.156783" lon="10.662296"><ele>415.5</ele></trkpt>
   <trkpt lat="49.157095" lon="10.661866"><ele>416</ele></trkpt>
   <trkpt lat="49.157404" lon="10.661514"><ele>416.25</ele></trkpt>
   <trkpt lat="49.157901" lon="10.661049"><ele>416.25</ele></trkpt>
   <trkpt lat="49.158338" lon="10.66075"><ele>416.25</ele></trkpt>
   <trkpt lat="49.158731" lon="10.660563"><ele>416.25</ele></trkpt>
   <trkpt lat="49.15899" lon="10.660472"><ele>416.25</ele></trkpt>
   <trkpt lat="49.159459" lon="10.660399"><ele>415.75</ele></trkpt>
   <trkpt lat="49.160147" lon="10.660333"><ele>416.75</ele></trkpt>
   <trkpt lat="49.16064" lon="10.660209"><ele>416.5</ele></trkpt>
   <trkpt lat="49.161103" lon="10.660029"><ele>416.75</ele></trkpt>
   <trkpt lat="49.161456" lon="10.659835"><ele>416</ele></trkpt>
   <trkpt lat="49.16186" lon="10.659593"><ele>416.25</ele></trkpt>
   <trkpt lat="49.162385" lon="10.659177"><ele>416.5</ele></trkpt>
   <trkpt lat="49.162858" lon="10.658849"><ele>416.5</ele></trkpt>
   <trkpt lat="49.163259" lon="10.658707"><ele>416.5</ele></trkpt>
   <trkpt lat="49.163709" lon="10.658646"><ele>416.75</ele></trkpt>
   <trkpt lat="49.164072" lon="10.658623"><ele>416.75</ele></trkpt>
   <trkpt lat="49.164519" lon="10.658586"><ele>417</ele></trkpt>
   <trkpt lat="49.165354" lon="10.658325"><ele>417</ele></trkpt>
   <trkpt lat="49.165707" lon="10.658239"><ele>417</ele></trkpt>
   <trkpt lat="49.165799" lon="10.658234"><ele>417</ele></trkpt>
   <trkpt lat="49.165924" lon="10.658277"><ele>417.5</ele></trkpt>
   <trkpt lat="49.166021" lon="10.658237"><ele>417.25</ele></trkpt>
   <trkpt lat="49.166089" lon="10.658188"><ele>416.75</ele></trkpt>
   <trkpt lat="49.16614" lon="10.658162"><ele>416.75</ele></trkpt>
   <trkpt lat="49.166241" lon="10.658135"><ele>416.75</ele></trkpt>
   <trkpt lat="49.166526" lon="10.658129"><ele>417.25</ele></trkpt>
   <trkpt lat="49.16716" lon="10.658092"><ele>418</ele></trkpt>
   <trkpt lat="49.167638" lon="10.658029"><ele>418</ele></trkpt>
   <trkpt lat="49.16788" lon="10.657978"><ele>417.25</ele></trkpt>
   <trkpt lat="49.168288" lon="10.657822"><ele>417.75</ele></trkpt>
   <trkpt lat="49.168326" lon="10.657846"><ele>418</ele></trkpt>
   <trkpt lat="49.168378" lon="10.657929"><ele>418.5</ele></trkpt>
   <trkpt lat="49.168372" lon="10.658046"><ele>418.75</ele></trkpt>
   <trkpt lat="49.168404" lon="10.658253"><ele>419</ele></trkpt>
   <trkpt lat="49.168491" lon="10.658204"><ele>419</ele></trkpt>
   <trkpt lat="49.168591" lon="10.658178"><ele>419</ele></trkpt>
   <trkpt lat="49.168734" lon="10.658158"><ele>418.5</ele></trkpt>
   <trkpt lat="49.168768" lon="10.658153"><ele>418.25</ele></trkpt>
   <trkpt lat="49.168983" lon="10.658187"><ele>418</ele></trkpt>
   <trkpt lat="49.169126" lon="10.658207"><ele>418</ele></trkpt>
   <trkpt lat="49.16926" lon="10.658207"><ele>418</ele></trkpt>
   <trkpt lat="49.169343" lon="10.658203"><ele>418</ele></trkpt>
   <trkpt lat="49.169517" lon="10.658141"><ele>417.75</ele></trkpt>
   <trkpt lat="49.169672" lon="10.658068"><ele>417.75</ele></trkpt>
   <trkpt lat="49.16982" lon="10.657921"><ele>417.25</ele></trkpt>
   <trkpt lat="49.169927" lon="10.657775"><ele>417.25</ele></trkpt>
   <trkpt lat="49.170075" lon="10.65747"><ele>417.25</ele></trkpt>
   <trkpt lat="49.17022" lon="10.656902"><ele>416.5</ele></trkpt>
   <trkpt lat="49.170342" lon="10.656287"><ele>417</ele></trkpt>
   <trkpt lat="49.170445" lon="10.655866"><ele>417</ele></trkpt>
   <trkpt lat="49.17057" lon="10.655471"><ele>416.75</ele></trkpt>
   <trkpt lat="49.170836" lon="10.654881"><ele>416.25</ele></trkpt>
   <trkpt lat="49.170938" lon="10.654479"><ele>416.5</ele></trkpt>
   <trkpt lat="49.171033" lon="10.653788"><ele>416</ele></trkpt>
   <trkpt lat="49.171153" lon="10.653415"><ele>416.75</ele></trkpt>
   <trkpt lat="49.171313" lon="10.653104"><ele>416.5</ele></trkpt>
   <trkpt lat="49.171555" lon="10.652832"><ele>416.5</ele></trkpt>
   <trkpt lat="49.171908" lon="10.652594"><ele>416</ele></trkpt>
   <trkpt lat="49.171856" lon="10.652374"><ele>416.25</ele></trkpt>
   <trkpt lat="49.171838" lon="10.652161"><ele>416.5</ele></trkpt>
   <trkpt lat="49.171842" lon="10.651904"><ele>416</ele></trkpt>
   <trkpt lat="49.171862" lon="10.651792"><ele>415.5</ele></trkpt>
   <trkpt lat="49.171905" lon="10.651535"><ele>415.75</ele></trkpt>
   <trkpt lat="49.171927" lon="10.651358"><ele>416.75</ele></trkpt>
   <trkpt lat="49.172028" lon="10.650727"><ele>416.5</ele></trkpt>
   <trkpt lat="49.172065" lon="10.650357"><ele>416.75</ele></trkpt>
   <trkpt lat="49.172076" lon="10.649948"><ele>417</ele></trkpt>
   <trkpt lat="49.172058" lon="10.649332"><ele>417.5</ele></trkpt>
   <trkpt lat="49.172719" lon="10.649213"><ele>418.25</ele></trkpt>
   <trkpt lat="49.173408" lon="10.649029"><ele>417.75</ele></trkpt>
   <trkpt lat="49.174915" lon="10.648575"><ele>419.75</ele></trkpt>
   <trkpt lat="49.175252" lon="10.648503"><ele>420</ele></trkpt>
   <trkpt lat="49.175623" lon="10.648451"><ele>420.5</ele></trkpt>
   <trkpt lat="49.175619" lon="10.647977"><ele>421</ele></trkpt>
   <trkpt lat="49.175618" lon="10.647893"><ele>421</ele></trkpt>
   <trkpt lat="49.175603" lon="10.646773"><ele>421</ele></trkpt>
   <trkpt lat="49.175616" lon="10.646135"><ele>421</ele></trkpt>
   <trkpt lat="49.175686" lon="10.645403"><ele>421.5</ele></trkpt>
   <trkpt lat="49.175919" lon="10.643931"><ele>421</ele></trkpt>
   <trkpt lat="49.175985" lon="10.643439"><ele>420.25</ele></trkpt>
   <trkpt lat="49.176028" lon="10.6429"><ele>420.5</ele></trkpt>
   <trkpt lat="49.176075" lon="10.641605"><ele>420.75</ele></trkpt>
   <trkpt lat="49.176141" lon="10.639428"><ele>420.75</ele></trkpt>
   <trkpt lat="49.176152" lon="10.637719"><ele>421</ele></trkpt>
   <trkpt lat="49.176139" lon="10.636891"><ele>421.75</ele></trkpt>
   <trkpt lat="49.176116" lon="10.636101"><ele>421.75</ele></trkpt>
   <trkpt lat="49.176081" lon="10.635313"><ele>421</ele></trkpt>
   <trkpt lat="49.176059" lon="10.634595"><ele>420.75</ele></trkpt>
   <trkpt lat="49.176069" lon="10.634363"><ele>420.75</ele></trkpt>
   <trkpt lat="49.176094" lon="10.634157"><ele>420.75</ele></trkpt>
   <trkpt lat="49.176136" lon="10.633971"><ele>420.75</ele></trkpt>
   <trkpt lat="49.176191" lon="10.63379"><ele>420.5</ele></trkpt>
   <trkpt lat="49.176243" lon="10.633654"><ele>420.5</ele></trkpt>
   <trkpt lat="49.17631" lon="10.633519"><ele>420</ele></trkpt>
   <trkpt lat="49.176378" lon="10.633402"><ele>420</ele></trkpt>
   <trkpt lat="49.176516" lon="10.63324"><ele>419.75</ele></trkpt>
   <trkpt lat="49.176737" lon="10.63302"><ele>419</ele></trkpt>
   <trkpt lat="49.176957" lon="10.632781"><ele>418.75</ele></trkpt>
   <trkpt lat="49.177021" lon="10.632694"><ele>418.5</ele></trkpt>
   <trkpt lat="49.177154" lon="10.632467"><ele>418</ele></trkpt>
   <trkpt lat="49.177268" lon="10.632232"><ele>417.75</ele></trkpt>
   <trkpt lat="49.177388" lon="10.631903"><ele>417.25</ele></trkpt>
   <trkpt lat="49.177465" lon="10.631601"><ele>417</ele></trkpt>
   <trkpt lat="49.177511" lon="10.631302"><ele>416.75</ele></trkpt>
   <trkpt lat="49.177536" lon="10.631"><ele>416.75</ele></trkpt>
   <trkpt lat="49.177528" lon="10.629904"><ele>417</ele></trkpt>
   <trkpt lat="49.177499" lon="10.62898"><ele>417.75</ele></trkpt>
   <trkpt lat="49.177481" lon="10.627888"><ele>416</ele></trkpt>
   <trkpt lat="49.177477" lon="10.627391"><ele>416</ele></trkpt>
   <trkpt lat="49.177464" lon="10.622043"><ele>417</ele></trkpt>
   <trkpt lat="49.177448" lon="10.61853"><ele>419.25</ele></trkpt>
   <trkpt lat="49.177416" lon="10.61778"><ele>420.25</ele></trkpt>
   <trkpt lat="49.177361" lon="10.617103"><ele>420.5</ele></trkpt>
   <trkpt lat="49.177331" lon="10.616626"><ele>421.5</ele></trkpt>
   <trkpt lat="49.17716" lon="10.615336"><ele>422</ele></trkpt>
   <trkpt lat="49.177176" lon="10.615116"><ele>421.5</ele></trkpt>
   <trkpt lat="49.177255" lon="10.614913"><ele>420.75</ele></trkpt>
   <trkpt lat="49.17734" lon="10.614759"><ele>421</ele></trkpt>
   <trkpt lat="49.177422" lon="10.614681"><ele>420.75</ele></trkpt>
   <trkpt lat="49.177697" lon="10.614531"><ele>419.5</ele></trkpt>
   <trkpt lat="49.177858" lon="10.614442"><ele>418.5</ele></trkpt>
   <trkpt lat="49.177948" lon="10.61437"><ele>418.25</ele></trkpt>
   <trkpt lat="49.178116" lon="10.614154"><ele>418</ele></trkpt>
   <trkpt lat="49.178179" lon="10.614012"><ele>418</ele></trkpt>
   <trkpt lat="49.17824" lon="10.61375"><ele>418.5</ele></trkpt>
   <trkpt lat="49.178278" lon="10.613331"><ele>418.75</ele></trkpt>
   <trkpt lat="49.17828" lon="10.612962"><ele>419</ele></trkpt>
   <trkpt lat="49.178281" lon="10.612486"><ele>418.75</ele></trkpt>
   <trkpt lat="49.17823" lon="10.611774"><ele>419</ele></trkpt>
   <trkpt lat="49.178236" lon="10.611616"><ele>419</ele></trkpt>
   <trkpt lat="49.178261" lon="10.611417"><ele>419</ele></trkpt>
   <trkpt lat="49.178658" lon="10.609405"><ele>421</ele></trkpt>
   <trkpt lat="49.178786" lon="10.60889"><ele>421.75</ele></trkpt>
   <trkpt lat="49.178861" lon="10.608635"><ele>421.75</ele></trkpt>
   <trkpt lat="49.179062" lon="10.607957"><ele>421.5</ele></trkpt>
   <trkpt lat="49.179181" lon="10.60756"><ele>421.75</ele></trkpt>
   <trkpt lat="49.179324" lon="10.607082"><ele>421.5</ele></trkpt>
   <trkpt lat="49.179437" lon="10.606649"><ele>422</ele></trkpt>
   <trkpt lat="49.179536" lon="10.606219"><ele>421.75</ele></trkpt>
   <trkpt lat="49.179853" lon="10.604694"><ele>423.5</ele></trkpt>
   <trkpt lat="49.180049" lon="10.603893"><ele>423.75</ele></trkpt>
   <trkpt lat="49.180142" lon="10.603517"><ele>424.25</ele></trkpt>
   <trkpt lat="49.180316" lon="10.602914"><ele>424.25</ele></trkpt>
   <trkpt lat="49.180513" lon="10.602306"><ele>424.25</ele></trkpt>
   <trkpt lat="49.180799" lon="10.601587"><ele>425</ele></trkpt>
   <trkpt lat="49.181682" lon="10.599891"><ele>424.5</ele></trkpt>
   <trkpt lat="49.18214" lon="10.598782"><ele>423.5</ele></trkpt>
   <trkpt lat="49.182391" lon="10.598253"><ele>422.75</ele></trkpt>
   <trkpt lat="49.182777" lon="10.597691"><ele>421.75</ele></trkpt>
   <trkpt lat="49.183871" lon="10.596613"><ele>419.75</ele></trkpt>
   <trkpt lat="49.184279" lon="10.59621"><ele>418</ele></trkpt>
   <trkpt lat="49.184587" lon="10.595835"><ele>417.75</ele></trkpt>
   <trkpt lat="49.184825" lon="10.595453"><ele>417.5</ele></trkpt>
   <trkpt lat="49.184955" lon="10.595189"><ele>417.75</ele></trkpt>
   <trkpt lat="49.185137" lon="10.594738"><ele>417.25</ele></trkpt>
   <trkpt lat="49.185286" lon="10.594219"><ele>417.75</ele></trkpt>
   <trkpt lat="49.185402" lon="10.593576"><ele>418</ele></trkpt>
   <trkpt lat="49.185449" lon="10.592909"><ele>418</ele></trkpt>
   <trkpt lat="49.185416" lon="10.592161"><ele>418</ele></trkpt>
   <trkpt lat="49.185206" lon="10.590611"><ele>418.25</ele></trkpt>
   <trkpt lat="49.185146" lon="10.590032"><ele>419</ele></trkpt>
   <trkpt lat="49.185123" lon="10.589071"><ele>420</ele></trkpt>
   <trkpt lat="49.185186" lon="10.588132"><ele>419.25</ele></trkpt>
   <trkpt lat="49.185365" lon="10.587145"><ele>419.5</ele></trkpt>
   <trkpt lat="49.185633" lon="10.586198"><ele>421.5</ele></trkpt>
   <trkpt lat="49.185885" lon="10.585533"><ele>422</ele></trkpt>
   <trkpt lat="49.186178" lon="10.584851"><ele>421.75</ele></trkpt>
   <trkpt lat="49.186278" lon="10.584602"><ele>421.5</ele></trkpt>
   <trkpt lat="49.186372" lon="10.584357"><ele>422</ele></trkpt>
   <trkpt lat="49.186406" lon="10.584273"><ele>422</ele></trkpt>
   <trkpt lat="49.186834" lon="10.58321"><ele>424</ele></trkpt>
   <trkpt lat="49.186961" lon="10.582894"><ele>424.5</ele></trkpt>
   <trkpt lat="49.187018" lon="10.582733"><ele>425</ele></trkpt>
   <trkpt lat="49.187127" lon="10.582426"><ele>425</ele></trkpt>
   <trkpt lat="49.187166" lon="10.582296"><ele>425</ele></trkpt>
   <trkpt lat="49.187297" lon="10.581858"><ele>425.75</ele></trkpt>
   <trkpt lat="49.187334" lon="10.581576"><ele>426</ele></trkpt>
   <trkpt lat="49.187352" lon="10.581435"><ele>426</ele></trkpt>
   <trkpt lat="49.187374" lon="10.581266"><ele>426</ele></trkpt>
   <trkpt lat="49.187511" lon="10.580187"><ele>426.25</ele></trkpt>
   <trkpt lat="49.187517" lon="10.580072"><ele>426.75</ele></trkpt>
   <trkpt lat="49.1876" lon="10.580083"><ele>426.75</ele></trkpt>
   <trkpt lat="49.187703" lon="10.580124"><ele>426.75</ele></trkpt>
   <trkpt lat="49.18778" lon="10.579432"><ele>426.75</ele></trkpt>
   <trkpt lat="49.187864" lon="10.578658"><ele>425</ele></trkpt>
   <trkpt lat="49.187935" lon="10.578173"><ele>425</ele></trkpt>
   <trkpt lat="49.188211" lon="10.576739"><ele>425.5</ele></trkpt>
   <trkpt lat="49.188297" lon="10.576091"><ele>426.75</ele></trkpt>
   <trkpt lat="49.188347" lon="10.575741"><ele>427</ele></trkpt>
   <trkpt lat="49.188377" lon="10.575597"><ele>426.75</ele></trkpt>
   <trkpt lat="49.188527" lon="10.574872"><ele>428</ele></trkpt>
   <trkpt lat="49.188566" lon="10.574628"><ele>428</ele></trkpt>
   <trkpt lat="49.188626" lon="10.574258"><ele>428.5</ele></trkpt>
   <trkpt lat="49.188658" lon="10.573864"><ele>429</ele></trkpt>
   <trkpt lat="49.188667" lon="10.573558"><ele>429.25</ele></trkpt>
   <trkpt lat="49.188635" lon="10.573242"><ele>430</ele></trkpt>
   <trkpt lat="49.188497" lon="10.57259"><ele>430.25</ele></trkpt>
   <trkpt lat="49.188455" lon="10.572358"><ele>430.5</ele></trkpt>
   <trkpt lat="49.188459" lon="10.572182"><ele>430.5</ele></trkpt>
   <trkpt lat="49.188473" lon="10.572035"><ele>430.25</ele></trkpt>
   <trkpt lat="49.188512" lon="10.571909"><ele>430.25</ele></trkpt>
   <trkpt lat="49.188614" lon="10.57167"><ele>430</ele></trkpt>
   <trkpt lat="49.188746" lon="10.571535"><ele>430</ele></trkpt>
   <trkpt lat="49.188868" lon="10.571456"><ele>430</ele></trkpt>
   <trkpt lat="49.189111" lon="10.571439"><ele>430</ele></trkpt>
   <trkpt lat="49.190671" lon="10.571589"><ele>422.5</ele></trkpt>
   <trkpt lat="49.190971" lon="10.571574"><ele>422.25</ele></trkpt>
   <trkpt lat="49.191064" lon="10.571553"><ele>422.25</ele></trkpt>
   <trkpt lat="49.191141" lon="10.571535"><ele>422.25</ele></trkpt>
   <trkpt lat="49.191338" lon="10.571447"><ele>422</ele></trkpt>
   <trkpt lat="49.191634" lon="10.571218"><ele>422.5</ele></trkpt>
   <trkpt lat="49.191718" lon="10.57113"><ele>422.5</ele></trkpt>
   <trkpt lat="49.192135" lon="10.570458"><ele>422.75</ele></trkpt>
   <trkpt lat="49.193082" lon="10.568893"><ele>423.75</ele></trkpt>
   <trkpt lat="49.193394" lon="10.568542"><ele>423.75</ele></trkpt>
   <trkpt lat="49.193647" lon="10.56833"><ele>423</ele></trkpt>
   <trkpt lat="49.193777" lon="10.568221"><ele>423</ele></trkpt>
   <trkpt lat="49.193907" lon="10.568108"><ele>422.75</ele></trkpt>
   <trkpt lat="49.194047" lon="10.567947"><ele>422.5</ele></trkpt>
   <trkpt lat="49.194176" lon="10.567758"><ele>422.75</ele></trkpt>
   <trkpt lat="49.195414" lon="10.565746"><ele>422.75</ele></trkpt>
   <trkpt lat="49.19577" lon="10.565056"><ele>423</ele></trkpt>
   <trkpt lat="49.196091" lon="10.564407"><ele>422</ele></trkpt>
   <trkpt lat="49.196143" lon="10.56428"><ele>421.75</ele></trkpt>
   <trkpt lat="49.196397" lon="10.563718"><ele>421.75</ele></trkpt>
   <trkpt lat="49.196549" lon="10.563437"><ele>422</ele></trkpt>
   <trkpt lat="49.196828" lon="10.563087"><ele>422.25</ele></trkpt>
   <trkpt lat="49.197147" lon="10.562814"><ele>422</ele></trkpt>
   <trkpt lat="49.197501" lon="10.562661"><ele>422.25</ele></trkpt>
   <trkpt lat="49.198094" lon="10.562533"><ele>421.5</ele></trkpt>
   <trkpt lat="49.19854" lon="10.562278"><ele>420</ele></trkpt>
   <trkpt lat="49.198906" lon="10.561954"><ele>419.75</ele></trkpt>
   <trkpt lat="49.19924" lon="10.561515"><ele>419.75</ele></trkpt>
   <trkpt lat="49.199513" lon="10.561023"><ele>419.75</ele></trkpt>
   <trkpt lat="49.200666" lon="10.558755"><ele>420.75</ele></trkpt>
   <trkpt lat="49.201385" lon="10.557333"><ele>419.75</ele></trkpt>
   <trkpt lat="49.201617" lon="10.556929"><ele>420</ele></trkpt>
   <trkpt lat="49.202447" lon="10.555779"><ele>420</ele></trkpt>
   <trkpt lat="49.202658" lon="10.55541"><ele>419.75</ele></trkpt>
   <trkpt lat="49.203281" lon="10.554012"><ele>419.5</ele></trkpt>
   <trkpt lat="49.203547" lon="10.553092"><ele>419.75</ele></trkpt>
   <trkpt lat="49.203703" lon="10.552627"><ele>419.5</ele></trkpt>
   <trkpt lat="49.204073" lon="10.551979"><ele>419.25</ele></trkpt>
   <trkpt lat="49.204127" lon="10.551883"><ele>419.25</ele></trkpt>
   <trkpt lat="49.20418" lon="10.551807"><ele>419.25</ele></trkpt>
   <trkpt lat="49.204209" lon="10.551765"><ele>419.5</ele></trkpt>
   <trkpt lat="49.204339" lon="10.551602"><ele>419.25</ele></trkpt>
   <trkpt lat="49.204551" lon="10.551284"><ele>418.5</ele></trkpt>
   <trkpt lat="49.204667" lon="10.551057"><ele>418.25</ele></trkpt>
   <trkpt lat="49.204764" lon="10.550804"><ele>419</ele></trkpt>
   <trkpt lat="49.204886" lon="10.550319"><ele>419</ele></trkpt>
   <trkpt lat="49.205057" lon="10.549571"><ele>418.5</ele></trkpt>
   <trkpt lat="49.205205" lon="10.549168"><ele>418.25</ele></trkpt>
   <trkpt lat="49.205515" lon="10.548329"><ele>419</ele></trkpt>
   <trkpt lat="49.20561" lon="10.547765"><ele>418.5</ele></trkpt>
   <trkpt lat="49.205857" lon="10.5462"><ele>417.75</ele></trkpt>
   <trkpt lat="49.206039" lon="10.545355"><ele>419</ele></trkpt>
   <trkpt lat="49.206246" lon="10.544791"><ele>420</ele></trkpt>
   <trkpt lat="49.206457" lon="10.544336"><ele>420.25</ele></trkpt>
   <trkpt lat="49.207244" lon="10.542831"><ele>419.75</ele></trkpt>
   <trkpt lat="49.207574" lon="10.542041"><ele>419.5</ele></trkpt>
   <trkpt lat="49.207855" lon="10.54127"><ele>419.5</ele></trkpt>
   <trkpt lat="49.208758" lon="10.538818"><ele>420</ele></trkpt>
   <trkpt lat="49.209376" lon="10.53702"><ele>420.75</ele></trkpt>
   <trkpt lat="49.209576" lon="10.53654"><ele>420.25</ele></trkpt>
   <trkpt lat="49.210094" lon="10.535364"><ele>420.5</ele></trkpt>
   <trkpt lat="49.210231" lon="10.534944"><ele>421</ele></trkpt>
   <trkpt lat="49.210353" lon="10.534465"><ele>420.5</ele></trkpt>
   <trkpt lat="49.210434" lon="10.533937"><ele>420.25</ele></trkpt>
   <trkpt lat="49.210558" lon="10.532892"><ele>420.75</ele></trkpt>
   <trkpt lat="49.210602" lon="10.532408"><ele>421</ele></trkpt>
   <trkpt lat="49.210591" lon="10.531958"><ele>421</ele></trkpt>
   <trkpt lat="49.210507" lon="10.531354"><ele>421.75</ele></trkpt>
   <trkpt lat="49.210472" lon="10.530837"><ele>421.25</ele></trkpt>
   <trkpt lat="49.210529" lon="10.530343"><ele>421.75</ele></trkpt>
   <trkpt lat="49.210681" lon="10.529944"><ele>421</ele></trkpt>
   <trkpt lat="49.211228" lon="10.528947"><ele>420.5</ele></trkpt>
   <trkpt lat="49.211578" lon="10.52836"><ele>420.25</ele></trkpt>
   <trkpt lat="49.212023" lon="10.527736"><ele>420</ele></trkpt>
   <trkpt lat="49.213074" lon="10.526567"><ele>420</ele></trkpt>
   <trkpt lat="49.213503" lon="10.526028"><ele>420</ele></trkpt>
   <trkpt lat="49.213726" lon="10.525652"><ele>420</ele></trkpt>
   <trkpt lat="49.213879" lon="10.525127"><ele>420.75</ele></trkpt>
   <trkpt lat="49.213972" lon="10.524605"><ele>420.5</ele></trkpt>
   <trkpt lat="49.214016" lon="10.524332"><ele>420.25</ele></trkpt>
   <trkpt lat="49.21403" lon="10.524199"><ele>420</ele></trkpt>
   <trkpt lat="49.214065" lon="10.523558"><ele>420.25</ele></trkpt>
   <trkpt lat="49.214075" lon="10.52275"><ele>420.25</ele></trkpt>
   <trkpt lat="49.214056" lon="10.522218"><ele>421</ele></trkpt>
   <trkpt lat="49.213987" lon="10.521509"><ele>421.25</ele></trkpt>
   <trkpt lat="49.213927" lon="10.520818"><ele>421.75</ele></trkpt>
   <trkpt lat="49.213916" lon="10.520262"><ele>421.75</ele></trkpt>
   <trkpt lat="49.213941" lon="10.519065"><ele>421.75</ele></trkpt>
   <trkpt lat="49.213973" lon="10.518168"><ele>421.5</ele></trkpt>
   <trkpt lat="49.214032" lon="10.51759"><ele>421.25</ele></trkpt>
   <trkpt lat="49.214206" lon="10.517567"><ele>421</ele></trkpt>
   <trkpt lat="49.214407" lon="10.51759"><ele>421</ele></trkpt>
   <trkpt lat="49.214622" lon="10.517638"><ele>421</ele></trkpt>
   <trkpt lat="49.214796" lon="10.517631"><ele>421</ele></trkpt>
   <trkpt lat="49.214991" lon="10.517509"><ele>421</ele></trkpt>
   <trkpt lat="49.215101" lon="10.517336"><ele>420.25</ele></trkpt>
   <trkpt lat="49.215171" lon="10.517143"><ele>420</ele></trkpt>
   <trkpt lat="49.21519" lon="10.516831"><ele>420</ele></trkpt>
   <trkpt lat="49.215243" lon="10.516565"><ele>420</ele></trkpt>
   <trkpt lat="49.215394" lon="10.51608"><ele>420</ele></trkpt>
   <trkpt lat="49.215412" lon="10.515942"><ele>420.25</ele></trkpt>
   <trkpt lat="49.215778" lon="10.516048"><ele>420</ele></trkpt>
   <trkpt lat="49.216026" lon="10.516207"><ele>420</ele></trkpt>
   <trkpt lat="49.216257" lon="10.516463"><ele>420</ele></trkpt>
   <trkpt lat="49.216326" lon="10.516631"><ele>420</ele></trkpt>
   <trkpt lat="49.216449" lon="10.516675"><ele>419.75</ele></trkpt>
   <trkpt lat="49.216635" lon="10.516827"><ele>419.5</ele></trkpt>
   <trkpt lat="49.216936" lon="10.51709"><ele>419</ele></trkpt>
   <trkpt lat="49.217003" lon="10.517092"><ele>418.75</ele></trkpt>
   <trkpt lat="49.217084" lon="10.517011"><ele>419</ele></trkpt>
   <trkpt lat="49.217161" lon="10.516821"><ele>419</ele></trkpt>
   <trkpt lat="49.217243" lon="10.516384"><ele>418.75</ele></trkpt>
   <trkpt lat="49.217338" lon="10.515537"><ele>419</ele></trkpt>
   <trkpt lat="49.217445" lon="10.514609"><ele>419.5</ele></trkpt>
   <trkpt lat="49.217543" lon="10.514008"><ele>419.75</ele></trkpt>
   <trkpt lat="49.217814" lon="10.512922"><ele>419</ele></trkpt>
   <trkpt lat="49.218419" lon="10.511465"><ele>419.5</ele></trkpt>
   <trkpt lat="49.219584" lon="10.509489"><ele>419</ele></trkpt>
   <trkpt lat="49.220752" lon="10.507935"><ele>419</ele></trkpt>
   <trkpt lat="49.220981" lon="10.507534"><ele>419</ele></trkpt>
   <trkpt lat="49.221195" lon="10.506986"><ele>419</ele></trkpt>
   <trkpt lat="49.221303" lon="10.506609"><ele>419</ele></trkpt>
   <trkpt lat="49.221763" lon="10.50447"><ele>419.5</ele></trkpt>
   <trkpt lat="49.222095" lon="10.503019"><ele>419</ele></trkpt>
   <trkpt lat="49.222359" lon="10.502181"><ele>419</ele></trkpt>
   <trkpt lat="49.222446" lon="10.501933"><ele>419</ele></trkpt>
   <trkpt lat="49.222948" lon="10.500792"><ele>419</ele></trkpt>
   <trkpt lat="49.223298" lon="10.500182"><ele>419</ele></trkpt>
   <trkpt lat="49.223951" lon="10.499211"><ele>419</ele></trkpt>
   <trkpt lat="49.224301" lon="10.498614"><ele>419</ele></trkpt>
   <trkpt lat="49.224582" lon="10.497998"><ele>419</ele></trkpt>
   <trkpt lat="49.225006" lon="10.496704"><ele>419</ele></trkpt>
   <trkpt lat="49.225412" lon="10.495495"><ele>419.5</ele></trkpt>
   <trkpt lat="49.225788" lon="10.494659"><ele>419.25</ele></trkpt>
   <trkpt lat="49.226007" lon="10.494085"><ele>419.5</ele></trkpt>
   <trkpt lat="49.226097" lon="10.493798"><ele>420</ele></trkpt>
   <trkpt lat="49.226137" lon="10.493643"><ele>419.75</ele></trkpt>
   <trkpt lat="49.22617" lon="10.49349"><ele>419.75</ele></trkpt>
   <trkpt lat="49.226214" lon="10.493224"><ele>419.5</ele></trkpt>
   <trkpt lat="49.226249" lon="10.492956"><ele>419.5</ele></trkpt>
   <trkpt lat="49.226275" lon="10.49246"><ele>420</ele></trkpt>
   <trkpt lat="49.226298" lon="10.492365"><ele>420</ele></trkpt>
   <trkpt lat="49.22678" lon="10.492462"><ele>419.75</ele></trkpt>
   <trkpt lat="49.226781" lon="10.492406"><ele>419.75</ele></trkpt>
   <trkpt lat="49.226774" lon="10.492243"><ele>419.5</ele></trkpt>
   <trkpt lat="49.226402" lon="10.489848"><ele>420.5</ele></trkpt>
   <trkpt lat="49.226262" lon="10.488129"><ele>421.25</ele></trkpt>
   <trkpt lat="49.226137" lon="10.487587"><ele>422.5</ele></trkpt>
   <trkpt lat="49.225981" lon="10.487166"><ele>423.25</ele></trkpt>
   <trkpt lat="49.224752" lon="10.484951"><ele>428.5</ele></trkpt>
   <trkpt lat="49.224512" lon="10.484431"><ele>428.75</ele></trkpt>
   <trkpt lat="49.22434" lon="10.483961"><ele>428</ele></trkpt>
   <trkpt lat="49.2236" lon="10.481484"><ele>424.75</ele></trkpt>
   <trkpt lat="49.223435" lon="10.481036"><ele>425</ele></trkpt>
   <trkpt lat="49.22328" lon="10.480728"><ele>424.5</ele></trkpt>
   <trkpt lat="49.223191" lon="10.480552"><ele>424</ele></trkpt>
   <trkpt lat="49.223138" lon="10.480454"><ele>424</ele></trkpt>
   <trkpt lat="49.2258" lon="10.477318"><ele>426.75</ele></trkpt>
   <trkpt lat="49.226869" lon="10.476351"><ele>427</ele></trkpt>
   <trkpt lat="49.22815" lon="10.475355"><ele>423.5</ele></trkpt>
   <trkpt lat="49.228964" lon="10.474735"><ele>423.75</ele></trkpt>
   <trkpt lat="49.229801" lon="10.47409"><ele>425</ele></trkpt>
   <trkpt lat="49.230686" lon="10.473227"><ele>424.5</ele></trkpt>
   <trkpt lat="49.231625" lon="10.472389"><ele>423</ele></trkpt>
   <trkpt lat="49.232769" lon="10.471345"><ele>421</ele></trkpt>
   <trkpt lat="49.233147" lon="10.470945"><ele>422</ele></trkpt>
   <trkpt lat="49.233583" lon="10.470394"><ele>422</ele></trkpt>
   <trkpt lat="49.234012" lon="10.469713"><ele>422</ele></trkpt>
   <trkpt lat="49.234328" lon="10.469269"><ele>422</ele></trkpt>
   <trkpt lat="49.235171" lon="10.468318"><ele>421</ele></trkpt>
   <trkpt lat="49.235588" lon="10.467849"><ele>421</ele></trkpt>
   <trkpt lat="49.236733" lon="10.466372"><ele>421</ele></trkpt>
   <trkpt lat="49.236934" lon="10.466112"><ele>421.75</ele></trkpt>
   <trkpt lat="49.237052" lon="10.46596"><ele>421.75</ele></trkpt>
   <trkpt lat="49.237604" lon="10.464983"><ele>422</ele></trkpt>
   <trkpt lat="49.237986" lon="10.464134"><ele>421.25</ele></trkpt>
   <trkpt lat="49.238347" lon="10.463073"><ele>421</ele></trkpt>
   <trkpt lat="49.238851" lon="10.461443"><ele>422</ele></trkpt>
   <trkpt lat="49.238964" lon="10.461028"><ele>422</ele></trkpt>
   <trkpt lat="49.2392" lon="10.4601"><ele>423.75</ele></trkpt>
   <trkpt lat="49.239397" lon="10.45912"><ele>425</ele></trkpt>
   <trkpt lat="49.239507" lon="10.458226"><ele>426</ele></trkpt>
   <trkpt lat="49.23969" lon="10.456479"><ele>426</ele></trkpt>
   <trkpt lat="49.239802" lon="10.455793"><ele>425</ele></trkpt>
   <trkpt lat="49.23994" lon="10.455243"><ele>423.75</ele></trkpt>
   <trkpt lat="49.240023" lon="10.45506"><ele>422.75</ele></trkpt>
   <trkpt lat="49.240129" lon="10.454978"><ele>422.5</ele></trkpt>
   <trkpt lat="49.240401" lon="10.45481"><ele>422.25</ele></trkpt>
   <trkpt lat="49.240581" lon="10.454552"><ele>422.75</ele></trkpt>
   <trkpt lat="49.240673" lon="10.454213"><ele>423</ele></trkpt>
   <trkpt lat="49.240929" lon="10.452585"><ele>424.75</ele></trkpt>
   <trkpt lat="49.241038" lon="10.451017"><ele>424.25</ele></trkpt>
   <trkpt lat="49.241344" lon="10.451018"><ele>424.5</ele></trkpt>
   <trkpt lat="49.241599" lon="10.450944"><ele>424.75</ele></trkpt>
   <trkpt lat="49.241797" lon="10.450901"><ele>425.5</ele></trkpt>
   <trkpt lat="49.24215" lon="10.450969"><ele>427.75</ele></trkpt>
   <trkpt lat="49.24248" lon="10.451094"><ele>428.75</ele></trkpt>
   <trkpt lat="49.242944" lon="10.451252"><ele>429</ele></trkpt>
   <trkpt lat="49.243144" lon="10.451281"><ele>429</ele></trkpt>
   <trkpt lat="49.243375" lon="10.451271"><ele>429</ele></trkpt>
   <trkpt lat="49.243865" lon="10.451231"><ele>430</ele></trkpt>
   <trkpt lat="49.244138" lon="10.451238"><ele>430</ele></trkpt>
   <trkpt lat="49.244449" lon="10.45129"><ele>429</ele></trkpt>
   <trkpt lat="49.245118" lon="10.451467"><ele>428</ele></trkpt>
   <trkpt lat="49.245552" lon="10.45161"><ele>428</ele></trkpt>
   <trkpt lat="49.245818" lon="10.451759"><ele>428</ele></trkpt>
   <trkpt lat="49.246049" lon="10.451972"><ele>428</ele></trkpt>
   <trkpt lat="49.246598" lon="10.45258"><ele>427.25</ele></trkpt>
   <trkpt lat="49.24705" lon="10.452921"><ele>427</ele></trkpt>
   <trkpt lat="49.247544" lon="10.453245"><ele>426</ele></trkpt>
   <trkpt lat="49.248547" lon="10.453681"><ele>425</ele></trkpt>
   <trkpt lat="49.248786" lon="10.45369"><ele>425</ele></trkpt>
   <trkpt lat="49.249492" lon="10.453647"><ele>425</ele></trkpt>
   <trkpt lat="49.249697" lon="10.45371"><ele>425</ele></trkpt>
   <trkpt lat="49.250088" lon="10.453898"><ele>425.25</ele></trkpt>
   <trkpt lat="49.250742" lon="10.454226"><ele>424.25</ele></trkpt>
   <trkpt lat="49.251724" lon="10.454741"><ele>422.75</ele></trkpt>
   <trkpt lat="49.251894" lon="10.454798"><ele>422.75</ele></trkpt>
   <trkpt lat="49.251996" lon="10.454831"><ele>422.5</ele></trkpt>
   <trkpt lat="49.252314" lon="10.45484"><ele>422.5</ele></trkpt>
   <trkpt lat="49.252973" lon="10.454756"><ele>423.75</ele></trkpt>
   <trkpt lat="49.253806" lon="10.454767"><ele>422.25</ele></trkpt>
   <trkpt lat="49.254319" lon="10.454669"><ele>421.75</ele></trkpt>
   <trkpt lat="49.254652" lon="10.454502"><ele>421.5</ele></trkpt>
   <trkpt lat="49.254912" lon="10.454281"><ele>421.5</ele></trkpt>
   <trkpt lat="49.255821" lon="10.45329"><ele>422</ele></trkpt>
   <trkpt lat="49.256194" lon="10.45292"><ele>421.75</ele></trkpt>
   <trkpt lat="49.256777" lon="10.452528"><ele>421.75</ele></trkpt>
   <trkpt lat="49.257847" lon="10.451962"><ele>421.75</ele></trkpt>
   <trkpt lat="49.258941" lon="10.451439"><ele>421.75</ele></trkpt>
   <trkpt lat="49.25907" lon="10.451401"><ele>421.75</ele></trkpt>
   <trkpt lat="49.259203" lon="10.45129"><ele>421.75</ele></trkpt>
   <trkpt lat="49.259314" lon="10.451118"><ele>421.25</ele></trkpt>
   <trkpt lat="49.259404" lon="10.450849"><ele>421.75</ele></trkpt>
   <trkpt lat="49.259491" lon="10.450507"><ele>421.75</ele></trkpt>
   <trkpt lat="49.259565" lon="10.450015"><ele>421.5</ele></trkpt>
   <trkpt lat="49.259731" lon="10.447718"><ele>421.75</ele></trkpt>
   <trkpt lat="49.259857" lon="10.446368"><ele>422.5</ele></trkpt>
   <trkpt lat="49.259944" lon="10.445936"><ele>422</ele></trkpt>
   <trkpt lat="49.260036" lon="10.445688"><ele>421.75</ele></trkpt>
   <trkpt lat="49.260191" lon="10.445425"><ele>421.5</ele></trkpt>
   <trkpt lat="49.260559" lon="10.444878"><ele>421.5</ele></trkpt>
   <trkpt lat="49.260623" lon="10.44479"><ele>421</ele></trkpt>
   <trkpt lat="49.260891" lon="10.444366"><ele>422</ele></trkpt>
   <trkpt lat="49.261105" lon="10.443901"><ele>421.75</ele></trkpt>
   <trkpt lat="49.26121" lon="10.443458"><ele>422</ele></trkpt>
   <trkpt lat="49.261467" lon="10.441435"><ele>422.25</ele></trkpt>
   <trkpt lat="49.261872" lon="10.439457"><ele>422</ele></trkpt>
   <trkpt lat="49.262062" lon="10.437818"><ele>422.25</ele></trkpt>
   <trkpt lat="49.262238" lon="10.437087"><ele>422.5</ele></trkpt>
   <trkpt lat="49.262519" lon="10.436356"><ele>422.75</ele></trkpt>
   <trkpt lat="49.263017" lon="10.435254"><ele>422.75</ele></trkpt>
   <trkpt lat="49.264294" lon="10.432852"><ele>423.25</ele></trkpt>
   <trkpt lat="49.264603" lon="10.432145"><ele>423</ele></trkpt>
   <trkpt lat="49.265544" lon="10.429472"><ele>423.75</ele></trkpt>
   <trkpt lat="49.265794" lon="10.42883"><ele>422.75</ele></trkpt>
   <trkpt lat="49.266824" lon="10.426512"><ele>423.75</ele></trkpt>
   <trkpt lat="49.267226" lon="10.42541"><ele>425</ele></trkpt>
   <trkpt lat="49.267661" lon="10.424331"><ele>424.5</ele></trkpt>
   <trkpt lat="49.267921" lon="10.42393"><ele>423.75</ele></trkpt>
   <trkpt lat="49.268454" lon="10.423153"><ele>423.5</ele></trkpt>
   <trkpt lat="49.268585" lon="10.422885"><ele>423.75</ele></trkpt>
   <trkpt lat="49.268678" lon="10.422604"><ele>423.75</ele></trkpt>
   <trkpt lat="49.268769" lon="10.422391"><ele>423.5</ele></trkpt>
   <trkpt lat="49.268996" lon="10.421774"><ele>423</ele></trkpt>
   <trkpt lat="49.269171" lon="10.421067"><ele>423</ele></trkpt>
   <trkpt lat="49.269287" lon="10.420307"><ele>423</ele></trkpt>
   <trkpt lat="49.269396" lon="10.420049"><ele>423.5</ele></trkpt>
   <trkpt lat="49.269536" lon="10.419958"><ele>423.75</ele></trkpt>
   <trkpt lat="49.269809" lon="10.419875"><ele>423.5</ele></trkpt>
   <trkpt lat="49.270773" lon="10.419651"><ele>424.5</ele></trkpt>
   <trkpt lat="49.270951" lon="10.419539"><ele>424.5</ele></trkpt>
   <trkpt lat="49.271355" lon="10.419035"><ele>424.75</ele></trkpt>
   <trkpt lat="49.271815" lon="10.418592"><ele>426</ele></trkpt>
   <trkpt lat="49.272083" lon="10.418347"><ele>426</ele></trkpt>
   <trkpt lat="49.272858" lon="10.417669"><ele>426.75</ele></trkpt>
   <trkpt lat="49.273571" lon="10.417066"><ele>427</ele></trkpt>
   <trkpt lat="49.274046" lon="10.416698"><ele>427.5</ele></trkpt>
   <trkpt lat="49.274523" lon="10.416461"><ele>428</ele></trkpt>
   <trkpt lat="49.274919" lon="10.416338"><ele>428</ele></trkpt>
   <trkpt lat="49.275433" lon="10.416291"><ele>428</ele></trkpt>
   <trkpt lat="49.27639" lon="10.416265"><ele>429</ele></trkpt>
   <trkpt lat="49.276776" lon="10.41631"><ele>429.25</ele></trkpt>
   <trkpt lat="49.277288" lon="10.416479"><ele>429.75</ele></trkpt>
   <trkpt lat="49.277711" lon="10.416811"><ele>430</ele></trkpt>
   <trkpt lat="49.277765" lon="10.416474"><ele>430.5</ele></trkpt>
   <trkpt lat="49.277846" lon="10.416116"><ele>431</ele></trkpt>
   <trkpt lat="49.277974" lon="10.415719"><ele>432.25</ele></trkpt>
   <trkpt lat="49.278093" lon="10.415525"><ele>432.75</ele></trkpt>
   <trkpt lat="49.278348" lon="10.415193"><ele>433</ele></trkpt>
   <trkpt lat="49.278469" lon="10.415034"><ele>432.25</ele></trkpt>
   <trkpt lat="49.278591" lon="10.414849"><ele>434.25</ele></trkpt>
   <trkpt lat="49.278839" lon="10.414506"><ele>433.75</ele></trkpt>
   <trkpt lat="49.279746" lon="10.413115"><ele>434.5</ele></trkpt>
   <trkpt lat="49.281681" lon="10.410188"><ele>432.5</ele></trkpt>
   <trkpt lat="49.283601" lon="10.40773"><ele>427</ele></trkpt>
   <trkpt lat="49.284081" lon="10.408193"><ele>427.75</ele></trkpt>
   <trkpt lat="49.284236" lon="10.408301"><ele>427.75</ele></trkpt>
   <trkpt lat="49.284371" lon="10.408372"><ele>428</ele></trkpt>
   <trkpt lat="49.284588" lon="10.408392"><ele>427.5</ele></trkpt>
   <trkpt lat="49.284818" lon="10.408339"><ele>427</ele></trkpt>
   <trkpt lat="49.286309" lon="10.407479"><ele>424.5</ele></trkpt>
   <trkpt lat="49.286414" lon="10.407407"><ele>424.5</ele></trkpt>
   <trkpt lat="49.286901" lon="10.407103"><ele>424</ele></trkpt>
   <trkpt lat="49.287117" lon="10.407007"><ele>424.25</ele></trkpt>
   <trkpt lat="49.287317" lon="10.406968"><ele>424.75</ele></trkpt>
   <trkpt lat="49.287488" lon="10.406968"><ele>424.75</ele></trkpt>
   <trkpt lat="49.287814" lon="10.406982"><ele>425</ele></trkpt>
   <trkpt lat="49.288012" lon="10.406966"><ele>425</ele></trkpt>
   <trkpt lat="49.288427" lon="10.406905"><ele>426.25</ele></trkpt>
   <trkpt lat="49.28913" lon="10.406786"><ele>428.75</ele></trkpt>
   <trkpt lat="49.289563" lon="10.406679"><ele>428.5</ele></trkpt>
   <trkpt lat="49.289793" lon="10.406585"><ele>428</ele></trkpt>
   <trkpt lat="49.289998" lon="10.406466"><ele>427.5</ele></trkpt>
   <trkpt lat="49.290523" lon="10.40609"><ele>428</ele></trkpt>
   <trkpt lat="49.290697" lon="10.406045"><ele>428</ele></trkpt>
   <trkpt lat="49.291011" lon="10.406048"><ele>428</ele></trkpt>
   <trkpt lat="49.291415" lon="10.406089"><ele>428</ele></trkpt>
   <trkpt lat="49.292206" lon="10.406212"><ele>429.75</ele></trkpt>
   <trkpt lat="49.292434" lon="10.406262"><ele>430.25</ele></trkpt>
   <trkpt lat="49.29252" lon="10.4063"><ele>430.25</ele></trkpt>
   <trkpt lat="49.292797" lon="10.406424"><ele>429.75</ele></trkpt>
   <trkpt lat="49.292965" lon="10.406519"><ele>429.25</ele></trkpt>
   <trkpt lat="49.293201" lon="10.406614"><ele>428.5</ele></trkpt>
   <trkpt lat="49.293293" lon="10.406596"><ele>428.25</ele></trkpt>
   <trkpt lat="49.293353" lon="10.406585"><ele>428</ele></trkpt>
   <trkpt lat="49.293754" lon="10.406392"><ele>426.25</ele></trkpt>
   <trkpt lat="49.294096" lon="10.406183"><ele>426</ele></trkpt>
   <trkpt lat="49.294611" lon="10.405715"><ele>426.75</ele></trkpt>
   <trkpt lat="49.29478" lon="10.405592"><ele>426.75</ele></trkpt>
   <trkpt lat="49.294943" lon="10.405492"><ele>427</ele></trkpt>
   <trkpt lat="49.29499" lon="10.405467"><ele>427</ele></trkpt>
   <trkpt lat="49.295109" lon="10.405376"><ele>426.75</ele></trkpt>
   <trkpt lat="49.295218" lon="10.405269"><ele>427</ele></trkpt>
   <trkpt lat="49.2954" lon="10.40503"><ele>427.25</ele></trkpt>
   <trkpt lat="49.295903" lon="10.404032"><ele>429.25</ele></trkpt>
   <trkpt lat="49.296069" lon="10.403719"><ele>430</ele></trkpt>
   <trkpt lat="49.296227" lon="10.403478"><ele>430.5</ele></trkpt>
   <trkpt lat="49.29639" lon="10.403249"><ele>430.5</ele></trkpt>
   <trkpt lat="49.2965" lon="10.403122"><ele>430.75</ele></trkpt>
   <trkpt lat="49.296957" lon="10.402584"><ele>430.5</ele></trkpt>
   <trkpt lat="49.297138" lon="10.402285"><ele>430.25</ele></trkpt>
   <trkpt lat="49.297546" lon="10.40149"><ele>429.75</ele></trkpt>
   <trkpt lat="49.29777" lon="10.401246"><ele>429.5</ele></trkpt>
   <trkpt lat="49.297931" lon="10.401133"><ele>428.75</ele></trkpt>
   <trkpt lat="49.298096" lon="10.40107"><ele>428</ele></trkpt>
   <trkpt lat="49.298835" lon="10.400928"><ele>426.5</ele></trkpt>
   <trkpt lat="49.299125" lon="10.400914"><ele>426</ele></trkpt>
   <trkpt lat="49.299429" lon="10.401014"><ele>426</ele></trkpt>
   <trkpt lat="49.299648" lon="10.401211"><ele>425.5</ele></trkpt>
   <trkpt lat="49.29975" lon="10.401372"><ele>425</ele></trkpt>
   <trkpt lat="49.300141" lon="10.401888"><ele>425.5</ele></trkpt>
   <trkpt lat="49.300262" lon="10.401964"><ele>425.75</ele></trkpt>
   <trkpt lat="49.300278" lon="10.401729"><ele>425.75</ele></trkpt>
   <trkpt lat="49.3003" lon="10.401516"><ele>425.25</ele></trkpt>
   <trkpt lat="49.300352" lon="10.401461"><ele>425</ele></trkpt>
   <trkpt lat="49.300628" lon="10.400932"><ele>425</ele></trkpt>
   <trkpt lat="49.301004" lon="10.40018"><ele>425</ele></trkpt>
   <trkpt lat="49.302208" lon="10.398356"><ele>426</ele></trkpt>
   <trkpt lat="49.302789" lon="10.397248"><ele>426.75</ele></trkpt>
   <trkpt lat="49.303838" lon="10.395974"><ele>430</ele></trkpt>
   <trkpt lat="49.304164" lon="10.395628"><ele>430</ele></trkpt>
   <trkpt lat="49.304427" lon="10.395214"><ele>430</ele></trkpt>
   <trkpt lat="49.304529" lon="10.394874"><ele>429.5</ele></trkpt>
   <trkpt lat="49.304791" lon="10.393495"><ele>428.5</ele></trkpt>
   <trkpt lat="49.305305" lon="10.391728"><ele>429.5</ele></trkpt>
   <trkpt lat="49.305744" lon="10.389928"><ele>427.25</ele></trkpt>
   <trkpt lat="49.305868" lon="10.389502"><ele>427.75</ele></trkpt>
   <trkpt lat="49.306367" lon="10.388265"><ele>427</ele></trkpt>
   <trkpt lat="49.306746" lon="10.388577"><ele>425.75</ele></trkpt>
   <trkpt lat="49.307141" lon="10.388771"><ele>426</ele></trkpt>
   <trkpt lat="49.307536" lon="10.38894"><ele>426</ele></trkpt>
   <trkpt lat="49.307623" lon="10.388979"><ele>426</ele></trkpt>
   <trkpt lat="49.307895" lon="10.389085"><ele>426.75</ele></trkpt>
   <trkpt lat="49.30807" lon="10.389117"><ele>428</ele></trkpt>
   <trkpt lat="49.308158" lon="10.389062"><ele>428.5</ele></trkpt>
   <trkpt lat="49.308342" lon="10.388968"><ele>429.25</ele></trkpt>
   <trkpt lat="49.308421" lon="10.388981"><ele>429.75</ele></trkpt>
   <trkpt lat="49.308564" lon="10.389049"><ele>430.75</ele></trkpt>
   <trkpt lat="49.308625" lon="10.389186"><ele>431.25</ele></trkpt>
   <trkpt lat="49.30864" lon="10.389627"><ele>433.25</ele></trkpt>
   <trkpt lat="49.30861" lon="10.390017"><ele>433</ele></trkpt>
   <trkpt lat="49.308669" lon="10.390314"><ele>435</ele></trkpt>
   <trkpt lat="49.308876" lon="10.390593"><ele>437.75</ele></trkpt>
   <trkpt lat="49.308972" lon="10.390642"><ele>438.5</ele></trkpt>
   <trkpt lat="49.309078" lon="10.390637"><ele>439</ele></trkpt>
   <trkpt lat="49.309148" lon="10.390609"><ele>439.5</ele></trkpt>
   <trkpt lat="49.309304" lon="10.390545"><ele>439</ele></trkpt>
   <trkpt lat="49.309544" lon="10.390359"><ele>437.5</ele></trkpt>
   <trkpt lat="49.309782" lon="10.390127"><ele>435.75</ele></trkpt>
   <trkpt lat="49.309961" lon="10.389859"><ele>435.25</ele></trkpt>
   <trkpt lat="49.310177" lon="10.389664"><ele>435</ele></trkpt>
   <trkpt lat="49.310494" lon="10.389468"><ele>434.25</ele></trkpt>
   <trkpt lat="49.310821" lon="10.389257"><ele>433.25</ele></trkpt>
   <trkpt lat="49.310909" lon="10.389177"><ele>433.25</ele></trkpt>
   <trkpt lat="49.3111" lon="10.388931"><ele>432.75</ele></trkpt>
   <trkpt lat="49.311242" lon="10.388819"><ele>433.5</ele></trkpt>
   <trkpt lat="49.311357" lon="10.38877"><ele>433.75</ele></trkpt>
   <trkpt lat="49.311478" lon="10.388733"><ele>433.5</ele></trkpt>
   <trkpt lat="49.311679" lon="10.388694"><ele>432.5</ele></trkpt>
   <trkpt lat="49.311969" lon="10.388675"><ele>431.5</ele></trkpt>
   <trkpt lat="49.312207" lon="10.388616"><ele>431.75</ele></trkpt>
   <trkpt lat="49.312409" lon="10.388582"><ele>432.25</ele></trkpt>
   <trkpt lat="49.312479" lon="10.388604"><ele>432</ele></trkpt>
   <trkpt lat="49.312515" lon="10.388571"><ele>432.25</ele></trkpt>
   <trkpt lat="49.312571" lon="10.388558"><ele>432.75</ele></trkpt>
   <trkpt lat="49.312763" lon="10.388558"><ele>433.25</ele></trkpt>
   <trkpt lat="49.312876" lon="10.38854"><ele>433.75</ele></trkpt>
   <trkpt lat="49.312954" lon="10.388528"><ele>434</ele></trkpt>
   <trkpt lat="49.313063" lon="10.388458"><ele>434.5</ele></trkpt>
   <trkpt lat="49.313155" lon="10.388368"><ele>434.75</ele></trkpt>
   <trkpt lat="49.313274" lon="10.388104"><ele>435.25</ele></trkpt>
   <trkpt lat="49.313349" lon="10.387858"><ele>436.25</ele></trkpt>
   <trkpt lat="49.313716" lon="10.386638"><ele>441.25</ele></trkpt>
   <trkpt lat="49.313961" lon="10.386094"><ele>442.75</ele></trkpt>
   <trkpt lat="49.314106" lon="10.38571"><ele>443.75</ele></trkpt>
   <trkpt lat="49.314223" lon="10.385302"><ele>444.25</ele></trkpt>
   <trkpt lat="49.314317" lon="10.384945"><ele>445.5</ele></trkpt>
   <trkpt lat="49.314548" lon="10.384008"><ele>448</ele></trkpt>
   <trkpt lat="49.314627" lon="10.383616"><ele>449.5</ele></trkpt>
   <trkpt lat="49.314689" lon="10.383242"><ele>450</ele></trkpt>
   <trkpt lat="49.314727" lon="10.382819"><ele>451</ele></trkpt>
   <trkpt lat="49.314731" lon="10.382294"><ele>451.75</ele></trkpt>
   <trkpt lat="49.314711" lon="10.380995"><ele>454</ele></trkpt>
   <trkpt lat="49.314687" lon="10.380249"><ele>455</ele></trkpt>
   <trkpt lat="49.314661" lon="10.379928"><ele>455.25</ele></trkpt>
   <trkpt lat="49.314435" lon="10.378957"><ele>457.75</ele></trkpt>
   <trkpt lat="49.314368" lon="10.378536"><ele>459</ele></trkpt>
   <trkpt lat="49.31432" lon="10.378158"><ele>459.75</ele></trkpt>
   <trkpt lat="49.314237" lon="10.377337"><ele>460.5</ele></trkpt>
   <trkpt lat="49.314167" lon="10.37656"><ele>461.25</ele></trkpt>
   <trkpt lat="49.314166" lon="10.376383"><ele>462</ele></trkpt>
   <trkpt lat="49.314165" lon="10.376245"><ele>462.5</ele></trkpt>
   <trkpt lat="49.314187" lon="10.375832"><ele>462</ele></trkpt>
   <trkpt lat="49.314235" lon="10.375529"><ele>463</ele></trkpt>
   <trkpt lat="49.314297" lon="10.375256"><ele>464</ele></trkpt>
   <trkpt lat="49.314437" lon="10.37485"><ele>464</ele></trkpt>
   <trkpt lat="49.314573" lon="10.374496"><ele>463.75</ele></trkpt>
   <trkpt lat="49.314626" lon="10.374397"><ele>464</ele></trkpt>
   <trkpt lat="49.315056" lon="10.373582"><ele>464.75</ele></trkpt>
   <trkpt lat="49.3162" lon="10.371253"><ele>464.75</ele></trkpt>
   <trkpt lat="49.316477" lon="10.370749"><ele>464.75</ele></trkpt>
   <trkpt lat="49.317041" lon="10.369832"><ele>464.25</ele></trkpt>
   <trkpt lat="49.317273" lon="10.369312"><ele>464.25</ele></trkpt>
   <trkpt lat="49.317402" lon="10.368784"><ele>465</ele></trkpt>
   <trkpt lat="49.317437" lon="10.36832"><ele>465</ele></trkpt>
   <trkpt lat="49.317452" lon="10.367808"><ele>465.75</ele></trkpt>
   <trkpt lat="49.317408" lon="10.367245"><ele>466.25</ele></trkpt>
   <trkpt lat="49.317028" lon="10.365326"><ele>469</ele></trkpt>
   <trkpt lat="49.316875" lon="10.364508"><ele>470</ele></trkpt>
   <trkpt lat="49.316572" lon="10.362932"><ele>470.75</ele></trkpt>
   <trkpt lat="49.316538" lon="10.362432"><ele>471</ele></trkpt>
   <trkpt lat="49.316536" lon="10.361849"><ele>471.5</ele></trkpt>
   <trkpt lat="49.316617" lon="10.361194"><ele>471.75</ele></trkpt>
   <trkpt lat="49.316937" lon="10.35915"><ele>470.75</ele></trkpt>
   <trkpt lat="49.317067" lon="10.357562"><ele>468.5</ele></trkpt>
   <trkpt lat="49.317397" lon="10.355853"><ele>468.5</ele></trkpt>
   <trkpt lat="49.317506" lon="10.355344"><ele>469</ele></trkpt>
   <trkpt lat="49.317576" lon="10.354872"><ele>469</ele></trkpt>
   <trkpt lat="49.317628" lon="10.353983"><ele>467.75</ele></trkpt>
   <trkpt lat="49.317727" lon="10.351493"><ele>468</ele></trkpt>
   <trkpt lat="49.317773" lon="10.35112"><ele>468.75</ele></trkpt>
   <trkpt lat="49.317856" lon="10.35076"><ele>469.25</ele></trkpt>
   <trkpt lat="49.317931" lon="10.350511"><ele>470</ele></trkpt>
   <trkpt lat="49.318091" lon="10.350155"><ele>471</ele></trkpt>
   <trkpt lat="49.318309" lon="10.349839"><ele>472.25</ele></trkpt>
   <trkpt lat="49.318553" lon="10.349573"><ele>473.5</ele></trkpt>
   <trkpt lat="49.319166" lon="10.349017"><ele>474</ele></trkpt>
   <trkpt lat="49.320274" lon="10.348096"><ele>473</ele></trkpt>
   <trkpt lat="49.320509" lon="10.347871"><ele>472.25</ele></trkpt>
   <trkpt lat="49.320761" lon="10.347523"><ele>472</ele></trkpt>
   <trkpt lat="49.320876" lon="10.347311"><ele>471.25</ele></trkpt>
   <trkpt lat="49.320973" lon="10.347073"><ele>471</ele></trkpt>
   <trkpt lat="49.32112" lon="10.346622"><ele>471</ele></trkpt>
   <trkpt lat="49.322623" lon="10.341857"><ele>466</ele></trkpt>
   <trkpt lat="49.322721" lon="10.341591"><ele>466</ele></trkpt>
   <trkpt lat="49.32283" lon="10.341343"><ele>465.75</ele></trkpt>
   <trkpt lat="49.322903" lon="10.341209"><ele>465.25</ele></trkpt>
   <trkpt lat="49.322945" lon="10.341133"><ele>465</ele></trkpt>
   <trkpt lat="49.323051" lon="10.340982"><ele>465</ele></trkpt>
   <trkpt lat="49.323292" lon="10.340699"><ele>464.75</ele></trkpt>
   <trkpt lat="49.323485" lon="10.340534"><ele>465.5</ele></trkpt>
   <trkpt lat="49.323785" lon="10.340365"><ele>466.5</ele></trkpt>
   <trkpt lat="49.324211" lon="10.34021"><ele>467</ele></trkpt>
   <trkpt lat="49.325106" lon="10.339947"><ele>466</ele></trkpt>
   <trkpt lat="49.325564" lon="10.339766"><ele>464.75</ele></trkpt>
   <trkpt lat="49.325736" lon="10.33967"><ele>464.25</ele></trkpt>
   <trkpt lat="49.326022" lon="10.339499"><ele>464</ele></trkpt>
   <trkpt lat="49.326427" lon="10.339171"><ele>465</ele></trkpt>
   <trkpt lat="49.326898" lon="10.338764"><ele>464.75</ele></trkpt>
   <trkpt lat="49.327087" lon="10.338624"><ele>464.5</ele></trkpt>
   <trkpt lat="49.327705" lon="10.338172"><ele>462.25</ele></trkpt>
   <trkpt lat="49.327811" lon="10.33806"><ele>462</ele></trkpt>
   <trkpt lat="49.32784" lon="10.33796"><ele>461.5</ele></trkpt>
   <trkpt lat="49.327996" lon="10.337989"><ele>461.75</ele></trkpt>
   <trkpt lat="49.328076" lon="10.338022"><ele>462</ele></trkpt>
   <trkpt lat="49.328148" lon="10.3381"><ele>462.75</ele></trkpt>
   <trkpt lat="49.328268" lon="10.338189"><ele>464</ele></trkpt>
   <trkpt lat="49.328387" lon="10.338249"><ele>464.75</ele></trkpt>
   <trkpt lat="49.328534" lon="10.33827"><ele>465.5</ele></trkpt>
   <trkpt lat="49.328667" lon="10.338274"><ele>466</ele></trkpt>
   <trkpt lat="49.32876" lon="10.338231"><ele>466.5</ele></trkpt>
   <trkpt lat="49.328829" lon="10.338166"><ele>466.75</ele></trkpt>
   <trkpt lat="49.328873" lon="10.338104"><ele>466.75</ele></trkpt>
   <trkpt lat="49.32965" lon="10.337233"><ele>467.5</ele></trkpt>
   <trkpt lat="49.330034" lon="10.336786"><ele>467.5</ele></trkpt>
   <trkpt lat="49.330406" lon="10.336331"><ele>468.25</ele></trkpt>
   <trkpt lat="49.330483" lon="10.336237"><ele>468.5</ele></trkpt>
   <trkpt lat="49.330583" lon="10.336152"><ele>469</ele></trkpt>
   <trkpt lat="49.330678" lon="10.336123"><ele>469</ele></trkpt>
   <trkpt lat="49.330765" lon="10.336161"><ele>469</ele></trkpt>
   <trkpt lat="49.330832" lon="10.336296"><ele>469</ele></trkpt>
   <trkpt lat="49.330899" lon="10.336654"><ele>469.75</ele></trkpt>
   <trkpt lat="49.330938" lon="10.337034"><ele>470</ele></trkpt>
   <trkpt lat="49.330972" lon="10.337205"><ele>470.25</ele></trkpt>
   <trkpt lat="49.331026" lon="10.337287"><ele>470.75</ele></trkpt>
   <trkpt lat="49.331215" lon="10.336978"><ele>470</ele></trkpt>
   <trkpt lat="49.331554" lon="10.33664"><ele>469.25</ele></trkpt>
   <trkpt lat="49.33235" lon="10.335677"><ele>470</ele></trkpt>
   <trkpt lat="49.332587" lon="10.335432"><ele>470</ele></trkpt>
   <trkpt lat="49.332776" lon="10.33527"><ele>469.75</ele></trkpt>
   <trkpt lat="49.333025" lon="10.335105"><ele>469.75</ele></trkpt>
   <trkpt lat="49.333958" lon="10.334618"><ele>470</ele></trkpt>
   <trkpt lat="49.334163" lon="10.334521"><ele>470</ele></trkpt>
   <trkpt lat="49.336098" lon="10.333593"><ele>468.75</ele></trkpt>
   <trkpt lat="49.336529" lon="10.333399"><ele>468.75</ele></trkpt>
   <trkpt lat="49.336989" lon="10.333281"><ele>468.75</ele></trkpt>
   <trkpt lat="49.338059" lon="10.333082"><ele>467.75</ele></trkpt>
   <trkpt lat="49.339706" lon="10.332732"><ele>465.75</ele></trkpt>
   <trkpt lat="49.340111" lon="10.332672"><ele>463.75</ele></trkpt>
   <trkpt lat="49.340349" lon="10.332692"><ele>463.25</ele></trkpt>
   <trkpt lat="49.341594" lon="10.333029"><ele>459</ele></trkpt>
   <trkpt lat="49.341849" lon="10.33306"><ele>458.25</ele></trkpt>
   <trkpt lat="49.342161" lon="10.33301"><ele>458</ele></trkpt>
   <trkpt lat="49.342621" lon="10.332874"><ele>459</ele></trkpt>
   <trkpt lat="49.343203" lon="10.332653"><ele>459.75</ele></trkpt>
   <trkpt lat="49.343624" lon="10.332481"><ele>460</ele></trkpt>
   <trkpt lat="49.344195" lon="10.332176"><ele>460</ele></trkpt>
   <trkpt lat="49.344801" lon="10.331794"><ele>461</ele></trkpt>
   <trkpt lat="49.34527" lon="10.331509"><ele>461</ele></trkpt>
   <trkpt lat="49.345399" lon="10.331421"><ele>460.5</ele></trkpt>
   <trkpt lat="49.346008" lon="10.331061"><ele>456</ele></trkpt>
   <trkpt lat="49.346329" lon="10.330835"><ele>451.75</ele></trkpt>
   <trkpt lat="49.346409" lon="10.33078"><ele>450.75</ele></trkpt>
   <trkpt lat="49.346607" lon="10.330596"><ele>447.75</ele></trkpt>
   <trkpt lat="49.346703" lon="10.330483"><ele>446.5</ele></trkpt>
   <trkpt lat="49.346801" lon="10.330316"><ele>445.5</ele></trkpt>
   <trkpt lat="49.346868" lon="10.329984"><ele>442.75</ele></trkpt>
   <trkpt lat="49.346976" lon="10.329101"><ele>440.75</ele></trkpt>
   <trkpt lat="49.347091" lon="10.328734"><ele>441</ele></trkpt>
   <trkpt lat="49.34718" lon="10.328544"><ele>440.75</ele></trkpt>
   <trkpt lat="49.347288" lon="10.328401"><ele>440</ele></trkpt>
   <trkpt lat="49.347623" lon="10.328407"><ele>439.75</ele></trkpt>
   <trkpt lat="49.347863" lon="10.328385"><ele>439.75</ele></trkpt>
   <trkpt lat="49.347999" lon="10.328354"><ele>439.75</ele></trkpt>
   <trkpt lat="49.348149" lon="10.328285"><ele>439.5</ele></trkpt>
   <trkpt lat="49.348339" lon="10.328166"><ele>439.5</ele></trkpt>
   <trkpt lat="49.348414" lon="10.328115"><ele>439.75</ele></trkpt>
   <trkpt lat="49.350088" lon="10.326884"><ele>437.5</ele></trkpt>
   <trkpt lat="49.353424" lon="10.324554"><ele>433.75</ele></trkpt>
   <trkpt lat="49.354108" lon="10.324017"><ele>433.5</ele></trkpt>
   <trkpt lat="49.354167" lon="10.323946"><ele>433.75</ele></trkpt>
   <trkpt lat="49.354381" lon="10.323621"><ele>433.75</ele></trkpt>
   <trkpt lat="49.354536" lon="10.323231"><ele>434</ele></trkpt>
   <trkpt lat="49.354688" lon="10.322749"><ele>434.75</ele></trkpt>
   <trkpt lat="49.354866" lon="10.322345"><ele>434</ele></trkpt>
   <trkpt lat="49.355227" lon="10.321821"><ele>434</ele></trkpt>
   <trkpt lat="49.355589" lon="10.321523"><ele>434</ele></trkpt>
   <trkpt lat="49.355961" lon="10.321287"><ele>434.75</ele></trkpt>
   <trkpt lat="49.356537" lon="10.320905"><ele>435.5</ele></trkpt>
   <trkpt lat="49.35704" lon="10.320433"><ele>436.5</ele></trkpt>
   <trkpt lat="49.357491" lon="10.319914"><ele>436.75</ele></trkpt>
   <trkpt lat="49.35791" lon="10.319327"><ele>437.75</ele></trkpt>
   <trkpt lat="49.358224" lon="10.318772"><ele>438.5</ele></trkpt>
   <trkpt lat="49.358444" lon="10.318196"><ele>439.25</ele></trkpt>
   <trkpt lat="49.358675" lon="10.317415"><ele>441.5</ele></trkpt>
   <trkpt lat="49.358795" lon="10.316839"><ele>443</ele></trkpt>
   <trkpt lat="49.358921" lon="10.31631"><ele>445.5</ele></trkpt>
   <trkpt lat="49.359068" lon="10.315906"><ele>447.25</ele></trkpt>
   <trkpt lat="49.359245" lon="10.315622"><ele>449</ele></trkpt>
   <trkpt lat="49.359277" lon="10.315581"><ele>449.25</ele></trkpt>
   <trkpt lat="49.359495" lon="10.315341"><ele>449.75</ele></trkpt>
   <trkpt lat="49.36197" lon="10.313078"><ele>437.75</ele></trkpt>
   <trkpt lat="49.362759" lon="10.312356"><ele>438</ele></trkpt>
   <trkpt lat="49.363102" lon="10.312014"><ele>437</ele></trkpt>
   <trkpt lat="49.363308" lon="10.311718"><ele>437</ele></trkpt>
   <trkpt lat="49.363491" lon="10.311284"><ele>436.25</ele></trkpt>
   <trkpt lat="49.36386" lon="10.309854"><ele>436.5</ele></trkpt>
   <trkpt lat="49.363995" lon="10.309518"><ele>436.75</ele></trkpt>
   <trkpt lat="49.364165" lon="10.309421"><ele>437</ele></trkpt>
   <trkpt lat="49.364364" lon="10.309527"><ele>435.5</ele></trkpt>
   <trkpt lat="49.364618" lon="10.309618"><ele>436.25</ele></trkpt>
   <trkpt lat="49.364965" lon="10.309711"><ele>437</ele></trkpt>
   <trkpt lat="49.365083" lon="10.309794"><ele>437</ele></trkpt>
   <trkpt lat="49.36537" lon="10.31028"><ele>436.75</ele></trkpt>
   <trkpt lat="49.365456" lon="10.310409"><ele>436.5</ele></trkpt>
   <trkpt lat="49.365548" lon="10.310547"><ele>436</ele></trkpt>
   <trkpt lat="49.365627" lon="10.310564"><ele>436</ele></trkpt>
   <trkpt lat="49.365738" lon="10.310487"><ele>436</ele></trkpt>
   <trkpt lat="49.365823" lon="10.310339"><ele>436</ele></trkpt>
   <trkpt lat="49.365926" lon="10.31009"><ele>436.25</ele></trkpt>
   <trkpt lat="49.366032" lon="10.30993"><ele>436.5</ele></trkpt>
   <trkpt lat="49.366152" lon="10.309822"><ele>436.5</ele></trkpt>
   <trkpt lat="49.366269" lon="10.309766"><ele>436.75</ele></trkpt>
   <trkpt lat="49.366409" lon="10.309777"><ele>436.75</ele></trkpt>
   <trkpt lat="49.366555" lon="10.309815"><ele>436.5</ele></trkpt>
   <trkpt lat="49.366636" lon="10.309824"><ele>436.5</ele></trkpt>
   <trkpt lat="49.366729" lon="10.309807"><ele>436.75</ele></trkpt>
   <trkpt lat="49.366823" lon="10.309727"><ele>436.75</ele></trkpt>
   <trkpt lat="49.366986" lon="10.309511"><ele>437</ele></trkpt>
   <trkpt lat="49.367143" lon="10.309238"><ele>437.75</ele></trkpt>
   <trkpt lat="49.367279" lon="10.30905"><ele>438</ele></trkpt>
   <trkpt lat="49.367449" lon="10.308898"><ele>438</ele></trkpt>
   <trkpt lat="49.367465" lon="10.308622"><ele>438</ele></trkpt>
   <trkpt lat="49.367844" lon="10.307736"><ele>438</ele></trkpt>
   <trkpt lat="49.36822" lon="10.306774"><ele>438</ele></trkpt>
   <trkpt lat="49.368471" lon="10.305812"><ele>438</ele></trkpt>
   <trkpt lat="49.368886" lon="10.30369"><ele>441</ele></trkpt>
   <trkpt lat="49.368879" lon="10.303502"><ele>441.25</ele></trkpt>
   <trkpt lat="49.367816" lon="10.295284"><ele>446</ele></trkpt>
   <trkpt lat="49.367647" lon="10.293394"><ele>444.5</ele></trkpt>
   <trkpt lat="49.367587" lon="10.292242"><ele>443</ele></trkpt>
   <trkpt lat="49.367589" lon="10.291294"><ele>441.5</ele></trkpt>
   <trkpt lat="49.367641" lon="10.290228"><ele>441.25</ele></trkpt>
   <trkpt lat="49.367763" lon="10.28912"><ele>440</ele></trkpt>
   <trkpt lat="49.367909" lon="10.288205"><ele>441.25</ele></trkpt>
   <trkpt lat="49.36806" lon="10.287455"><ele>441</ele></trkpt>
   <trkpt lat="49.368256" lon="10.286683"><ele>441.75</ele></trkpt>
   <trkpt lat="49.368458" lon="10.286093"><ele>443.25</ele></trkpt>
   <trkpt lat="49.368615" lon="10.285676"><ele>444</ele></trkpt>
   <trkpt lat="49.368749" lon="10.285356"><ele>444.75</ele></trkpt>
   <trkpt lat="49.369366" lon="10.283837"><ele>447.25</ele></trkpt>
   <trkpt lat="49.369422" lon="10.28364"><ele>447</ele></trkpt>
   <trkpt lat="49.369458" lon="10.28324"><ele>446.75</ele></trkpt>
   <trkpt lat="49.36951" lon="10.281878"><ele>446.75</ele></trkpt>
   <trkpt lat="49.369563" lon="10.280779"><ele>447.75</ele></trkpt>
   <trkpt lat="49.369575" lon="10.280535"><ele>448.5</ele></trkpt>
   <trkpt lat="49.369639" lon="10.280202"><ele>449</ele></trkpt>
   <trkpt lat="49.369698" lon="10.280077"><ele>449.5</ele></trkpt>
   <trkpt lat="49.369886" lon="10.279677"><ele>449</ele></trkpt>
   <trkpt lat="49.370226" lon="10.279066"><ele>449.25</ele></trkpt>
   <trkpt lat="49.370481" lon="10.278551"><ele>450</ele></trkpt>
   <trkpt lat="49.371097" lon="10.27712"><ele>450</ele></trkpt>
   <trkpt lat="49.371227" lon="10.276829"><ele>450.25</ele></trkpt>
   <trkpt lat="49.371617" lon="10.276138"><ele>452.5</ele></trkpt>
   <trkpt lat="49.371867" lon="10.275696"><ele>453.25</ele></trkpt>
   <trkpt lat="49.371986" lon="10.275442"><ele>453.75</ele></trkpt>
   <trkpt lat="49.372078" lon="10.275075"><ele>454</ele></trkpt>
   <trkpt lat="49.372126" lon="10.274703"><ele>455</ele></trkpt>
   <trkpt lat="49.372124" lon="10.274288"><ele>455.5</ele></trkpt>
   <trkpt lat="49.3721" lon="10.273817"><ele>457.25</ele></trkpt>
   <trkpt lat="49.372033" lon="10.272082"><ele>463</ele></trkpt>
   <trkpt lat="49.372027" lon="10.271607"><ele>465.75</ele></trkpt>
   <trkpt lat="49.372057" lon="10.271153"><ele>469</ele></trkpt>
   <trkpt lat="49.372211" lon="10.270152"><ele>472.25</ele></trkpt>
   <trkpt lat="49.372471" lon="10.268332"><ele>475.5</ele></trkpt>
   <trkpt lat="49.372545" lon="10.268011"><ele>476.75</ele></trkpt>
   <trkpt lat="49.372636" lon="10.267697"><ele>476.75</ele></trkpt>
   <trkpt lat="49.372848" lon="10.267188"><ele>477.75</ele></trkpt>
   <trkpt lat="49.373089" lon="10.266679"><ele>479.25</ele></trkpt>
   <trkpt lat="49.373269" lon="10.266237"><ele>479</ele></trkpt>
   <trkpt lat="49.373403" lon="10.265781"><ele>480.25</ele></trkpt>
   <trkpt lat="49.373532" lon="10.265235"><ele>482</ele></trkpt>
   <trkpt lat="49.373647" lon="10.264622"><ele>481</ele></trkpt>
   <trkpt lat="49.373697" lon="10.264278"><ele>480.75</ele></trkpt>
   <trkpt lat="49.373809" lon="10.263519"><ele>481.5</ele></trkpt>
   <trkpt lat="49.373895" lon="10.263172"><ele>481.75</ele></trkpt>
   <trkpt lat="49.37404" lon="10.262832"><ele>481.75</ele></trkpt>
   <trkpt lat="49.374157" lon="10.26262"><ele>482.5</ele></trkpt>
   <trkpt lat="49.374384" lon="10.262255"><ele>482</ele></trkpt>
   <trkpt lat="49.374474" lon="10.262079"><ele>481.5</ele></trkpt>
   <trkpt lat="49.374491" lon="10.261957"><ele>481.5</ele></trkpt>
   <trkpt lat="49.374498" lon="10.261729"><ele>482</ele></trkpt>
   <trkpt lat="49.374516" lon="10.261559"><ele>482.25</ele></trkpt>
   <trkpt lat="49.374544" lon="10.261371"><ele>482.25</ele></trkpt>
   <trkpt lat="49.374552" lon="10.260958"><ele>482.25</ele></trkpt>
   <trkpt lat="49.374493" lon="10.259783"><ele>482.75</ele></trkpt>
   <trkpt lat="49.37446" lon="10.258894"><ele>482.75</ele></trkpt>
   <trkpt lat="49.37444" lon="10.258179"><ele>484</ele></trkpt>
   <trkpt lat="49.374416" lon="10.257794"><ele>484</ele></trkpt>
   <trkpt lat="49.374326" lon="10.256702"><ele>484.5</ele></trkpt>
   <trkpt lat="49.374206" lon="10.25551"><ele>485.75</ele></trkpt>
   <trkpt lat="49.374095" lon="10.25285"><ele>487.5</ele></trkpt>
   <trkpt lat="49.373896" lon="10.249832"><ele>490.5</ele></trkpt>
   <trkpt lat="49.37388" lon="10.24938"><ele>491</ele></trkpt>
   <trkpt lat="49.373865" lon="10.249293"><ele>491.25</ele></trkpt>
   <trkpt lat="49.373796" lon="10.249209"><ele>491.5</ele></trkpt>
   <trkpt lat="49.373771" lon="10.249105"><ele>491.25</ele></trkpt>
   <trkpt lat="49.373747" lon="10.248895"><ele>491</ele></trkpt>
   <trkpt lat="49.373718" lon="10.248898"><ele>491</ele></trkpt>
   <trkpt lat="49.37379" lon="10.248362"><ele>491.5</ele></trkpt>
   <trkpt lat="49.373796" lon="10.248163"><ele>491.5</ele></trkpt>
   <trkpt lat="49.373831" lon="10.246699"><ele>490.25</ele></trkpt>
   <trkpt lat="49.373847" lon="10.246492"><ele>489.5</ele></trkpt>
   <trkpt lat="49.373881" lon="10.246436"><ele>489</ele></trkpt>
   <trkpt lat="49.373929" lon="10.246424"><ele>488.75</ele></trkpt>
   <trkpt lat="49.374011" lon="10.246459"><ele>488.25</ele></trkpt>
   <trkpt lat="49.374056" lon="10.246438"><ele>487.75</ele></trkpt>
   <trkpt lat="49.374095" lon="10.246278"><ele>487</ele></trkpt>
   <trkpt lat="49.374124" lon="10.245951"><ele>484.5</ele></trkpt>
   <trkpt lat="49.374188" lon="10.245579"><ele>480.75</ele></trkpt>
   <trkpt lat="49.374212" lon="10.24504"><ele>475.25</ele></trkpt>
   <trkpt lat="49.374325" lon="10.244727"><ele>472.25</ele></trkpt>
   <trkpt lat="49.374353" lon="10.244493"><ele>468.75</ele></trkpt>
   <trkpt lat="49.374432" lon="10.244192"><ele>464.25</ele></trkpt>
   <trkpt lat="49.374456" lon="10.24387"><ele>460.75</ele></trkpt>
   <trkpt lat="49.374454" lon="10.243625"><ele>459</ele></trkpt>
   <trkpt lat="49.374534" lon="10.24323"><ele>455</ele></trkpt>
   <trkpt lat="49.374976" lon="10.240636"><ele>438.75</ele></trkpt>
   <trkpt lat="49.374886" lon="10.2406"><ele>438</ele></trkpt>
   <trkpt lat="49.374024" lon="10.23962"><ele>433</ele></trkpt>
   <trkpt lat="49.373675" lon="10.239112"><ele>431.75</ele></trkpt>
   <trkpt lat="49.373478" lon="10.238734"><ele>430.75</ele></trkpt>
   <trkpt lat="49.372832" lon="10.236794"><ele>427</ele></trkpt>
   <trkpt lat="49.372724" lon="10.236567"><ele>425.75</ele></trkpt>
   <trkpt lat="49.372565" lon="10.23641"><ele>425.25</ele></trkpt>
   <trkpt lat="49.372327" lon="10.236269"><ele>424.5</ele></trkpt>
   <trkpt lat="49.372215" lon="10.236186"><ele>424.25</ele></trkpt>
   <trkpt lat="49.372196" lon="10.235987"><ele>424</ele></trkpt>
   <trkpt lat="49.372189" lon="10.235333"><ele>423.25</ele></trkpt>
   <trkpt lat="49.372149" lon="10.235025"><ele>422.25</ele></trkpt>
   <trkpt lat="49.372064" lon="10.234728"><ele>422.75</ele></trkpt>
   <trkpt lat="49.371717" lon="10.233978"><ele>421</ele></trkpt>
   <trkpt lat="49.371597" lon="10.233638"><ele>420.25</ele></trkpt>
   <trkpt lat="49.37153" lon="10.233273"><ele>419.25</ele></trkpt>
   <trkpt lat="49.371502" lon="10.232306"><ele>416.5</ele></trkpt>
   <trkpt lat="49.371464" lon="10.232109"><ele>416.25</ele></trkpt>
   <trkpt lat="49.371356" lon="10.231998"><ele>415.75</ele></trkpt>
   <trkpt lat="49.370986" lon="10.231798"><ele>415.25</ele></trkpt>
   <trkpt lat="49.370865" lon="10.23167"><ele>415</ele></trkpt>
   <trkpt lat="49.37073" lon="10.231462"><ele>414.75</ele></trkpt>
   <trkpt lat="49.370372" lon="10.230544"><ele>411.75</ele></trkpt>
   <trkpt lat="49.370188" lon="10.230275"><ele>411</ele></trkpt>
   <trkpt lat="49.370124" lon="10.230138"><ele>411</ele></trkpt>
   <trkpt lat="49.370076" lon="10.22995"><ele>411</ele></trkpt>
   <trkpt lat="49.370047" lon="10.229734"><ele>411</ele></trkpt>
   <trkpt lat="49.370021" lon="10.228241"><ele>416.5</ele></trkpt>
   <trkpt lat="49.370368" lon="10.227979"><ele>418</ele></trkpt>
   <trkpt lat="49.370792" lon="10.226985"><ele>415.25</ele></trkpt>
   <trkpt lat="49.370898" lon="10.226669"><ele>414.75</ele></trkpt>
   <trkpt lat="49.370978" lon="10.226106"><ele>413.25</ele></trkpt>
   <trkpt lat="49.371119" lon="10.225442"><ele>412.75</ele></trkpt>
   <trkpt lat="49.371203" lon="10.225214"><ele>411.75</ele></trkpt>
   <trkpt lat="49.371256" lon="10.225104"><ele>411.75</ele></trkpt>
   <trkpt lat="49.371274" lon="10.225065"><ele>412</ele></trkpt>
   <trkpt lat="49.371418" lon="10.224896"><ele>411.75</ele></trkpt>
   <trkpt lat="49.371551" lon="10.224595"><ele>410</ele></trkpt>
   <trkpt lat="49.372269" lon="10.223059"><ele>399.75</ele></trkpt>
   <trkpt lat="49.372526" lon="10.22254"><ele>396</ele></trkpt>
   <trkpt lat="49.372735" lon="10.22209"><ele>394</ele></trkpt>
   <trkpt lat="49.37287" lon="10.22164"><ele>392.25</ele></trkpt>
   <trkpt lat="49.373043" lon="10.221703"><ele>393</ele></trkpt>
   <trkpt lat="49.373209" lon="10.221671"><ele>394.5</ele></trkpt>
   <trkpt lat="49.37365" lon="10.221388"><ele>393.75</ele></trkpt>
   <trkpt lat="49.374275" lon="10.221032"><ele>391.75</ele></trkpt>
   <trkpt lat="49.374359" lon="10.220842"><ele>391.25</ele></trkpt>
   <trkpt lat="49.374465" lon="10.22067"><ele>391.25</ele></trkpt>
   <trkpt lat="49.374525" lon="10.220644"><ele>391</ele></trkpt>
   <trkpt lat="49.374703" lon="10.220276"><ele>389</ele></trkpt>
   <trkpt lat="49.374833" lon="10.219921"><ele>388.75</ele></trkpt>
   <trkpt lat="49.374928" lon="10.219604"><ele>388.25</ele></trkpt>
   <trkpt lat="49.374944" lon="10.21955"><ele>388</ele></trkpt>
   <trkpt lat="49.375092" lon="10.218918"><ele>387</ele></trkpt>
   <trkpt lat="49.375201" lon="10.218339"><ele>387.5</ele></trkpt>
   <trkpt lat="49.375236" lon="10.217966"><ele>387.75</ele></trkpt>
   <trkpt lat="49.375271" lon="10.216894"><ele>388</ele></trkpt>
   <trkpt lat="49.375269" lon="10.216725"><ele>388.5</ele></trkpt>
   <trkpt lat="49.375224" lon="10.216604"><ele>388.5</ele></trkpt>
   <trkpt lat="49.375145" lon="10.216454"><ele>388</ele></trkpt>
   <trkpt lat="49.375091" lon="10.21626"><ele>387.75</ele></trkpt>
   <trkpt lat="49.37513" lon="10.216058"><ele>389</ele></trkpt>
   <trkpt lat="49.375249" lon="10.215823"><ele>389.25</ele></trkpt>
   <trkpt lat="49.37541" lon="10.215629"><ele>389.75</ele></trkpt>
   <trkpt lat="49.375698" lon="10.215477"><ele>390</ele></trkpt>
   <trkpt lat="49.375984" lon="10.21531"><ele>390.25</ele></trkpt>
   <trkpt lat="49.376087" lon="10.215216"><ele>390.5</ele></trkpt>
   <trkpt lat="49.376131" lon="10.215047"><ele>392</ele></trkpt>
   <trkpt lat="49.376152" lon="10.214536"><ele>393.25</ele></trkpt>
   <trkpt lat="49.376153" lon="10.214383"><ele>392</ele></trkpt>
   <trkpt lat="49.376124" lon="10.214196"><ele>391</ele></trkpt>
   <trkpt lat="49.376124" lon="10.213967"><ele>391.75</ele></trkpt>
   <trkpt lat="49.376139" lon="10.213623"><ele>391.75</ele></trkpt>
   <trkpt lat="49.376121" lon="10.213248"><ele>392</ele></trkpt>
   <trkpt lat="49.376078" lon="10.213194"><ele>391.75</ele></trkpt>
   <trkpt lat="49.37606" lon="10.213121"><ele>391.75</ele></trkpt>
   <trkpt lat="49.376055" lon="10.213013"><ele>391.75</ele></trkpt>
   <trkpt lat="49.376139" lon="10.212736"><ele>392</ele></trkpt>
   <trkpt lat="49.37623" lon="10.211902"><ele>392.25</ele></trkpt>
   <trkpt lat="49.376277" lon="10.211386"><ele>392</ele></trkpt>
   <trkpt lat="49.3763" lon="10.211073"><ele>392.5</ele></trkpt>
   <trkpt lat="49.376327" lon="10.210537"><ele>393</ele></trkpt>
   <trkpt lat="49.376341" lon="10.209905"><ele>394</ele></trkpt>
   <trkpt lat="49.376435" lon="10.207223"><ele>399</ele></trkpt>
   <trkpt lat="49.376526" lon="10.204088"><ele>405.5</ele></trkpt>
   <trkpt lat="49.376515" lon="10.2039"><ele>405.5</ele></trkpt>
   <trkpt lat="49.376414" lon="10.203642"><ele>405.75</ele></trkpt>
   <trkpt lat="49.376396" lon="10.203568"><ele>406</ele></trkpt>
   <trkpt lat="49.376399" lon="10.203469"><ele>406.25</ele></trkpt>
   <trkpt lat="49.376414" lon="10.203375"><ele>406.75</ele></trkpt>
   <trkpt lat="49.376463" lon="10.203289"><ele>406.5</ele></trkpt>
   <trkpt lat="49.376546" lon="10.203111"><ele>406.25</ele></trkpt>
   <trkpt lat="49.376647" lon="10.203134"><ele>406</ele></trkpt>
   <trkpt lat="49.376733" lon="10.203155"><ele>406</ele></trkpt>
   <trkpt lat="49.376813" lon="10.203139"><ele>406</ele></trkpt>
   <trkpt lat="49.376862" lon="10.203088"><ele>406</ele></trkpt>
   <trkpt lat="49.376872" lon="10.203024"><ele>406</ele></trkpt>
   <trkpt lat="49.376859" lon="10.202966"><ele>406</ele></trkpt>
   <trkpt lat="49.376788" lon="10.202803"><ele>406.25</ele></trkpt>
   <trkpt lat="49.37676" lon="10.202677"><ele>406.5</ele></trkpt>
   <trkpt lat="49.376757" lon="10.20255"><ele>407</ele></trkpt>
   <trkpt lat="49.376798" lon="10.201961"><ele>407.75</ele></trkpt>
   <trkpt lat="49.376818" lon="10.201489"><ele>408.75</ele></trkpt>
   <trkpt lat="49.376859" lon="10.201001"><ele>409.5</ele></trkpt>
   <trkpt lat="49.376861" lon="10.200785"><ele>409.75</ele></trkpt>
   <trkpt lat="49.376849" lon="10.200157"><ele>410.75</ele></trkpt>
   <trkpt lat="49.376821" lon="10.200001"><ele>411</ele></trkpt>
   <trkpt lat="49.376815" lon="10.199788"><ele>411</ele></trkpt>
   <trkpt lat="49.376799" lon="10.199642"><ele>411</ele></trkpt>
   <trkpt lat="49.376798" lon="10.199553"><ele>411.25</ele></trkpt>
   <trkpt lat="49.376809" lon="10.199426"><ele>411.5</ele></trkpt>
   <trkpt lat="49.376803" lon="10.199122"><ele>411.5</ele></trkpt>
   <trkpt lat="49.376811" lon="10.198767"><ele>412</ele></trkpt>
   <trkpt lat="49.376811" lon="10.198633"><ele>412.25</ele></trkpt>
   <trkpt lat="49.376752" lon="10.19805"><ele>413.5</ele></trkpt>
   <trkpt lat="49.376714" lon="10.197533"><ele>415</ele></trkpt>
   <trkpt lat="49.37667" lon="10.19663"><ele>417</ele></trkpt>
   <trkpt lat="49.376659" lon="10.196503"><ele>417.5</ele></trkpt>
   <trkpt lat="49.376603" lon="10.1961"><ele>419</ele></trkpt>
   <trkpt lat="49.376574" lon="10.195962"><ele>419.5</ele></trkpt>
   <trkpt lat="49.376472" lon="10.19554"><ele>420.25</ele></trkpt>
   <trkpt lat="49.376336" lon="10.19501"><ele>421</ele></trkpt>
   <trkpt lat="49.376289" lon="10.194824"><ele>422</ele></trkpt>
   <trkpt lat="49.376017" lon="10.194176"><ele>422.5</ele></trkpt>
   <trkpt lat="49.375912" lon="10.193948"><ele>422.25</ele></trkpt>
   <trkpt lat="49.375865" lon="10.193836"><ele>422.25</ele></trkpt>
   <trkpt lat="49.375698" lon="10.193448"><ele>422</ele></trkpt>
   <trkpt lat="49.375574" lon="10.193052"><ele>422</ele></trkpt>
   <trkpt lat="49.375553" lon="10.192985"><ele>422</ele></trkpt>
   <trkpt lat="49.375405" lon="10.192339"><ele>421</ele></trkpt>
   <trkpt lat="49.375378" lon="10.19215"><ele>421</ele></trkpt>
   <trkpt lat="49.375377" lon="10.192017"><ele>420.75</ele></trkpt>
   <trkpt lat="49.375426" lon="10.191448"><ele>421</ele></trkpt>
   <trkpt lat="49.375454" lon="10.191231"><ele>421</ele></trkpt>
   <trkpt lat="49.375463" lon="10.19117"><ele>421</ele></trkpt>
   <trkpt lat="49.375384" lon="10.191168"><ele>421</ele></trkpt>
   <trkpt lat="49.375427" lon="10.190945"><ele>421</ele></trkpt>
   <trkpt lat="49.375481" lon="10.190635"><ele>421</ele></trkpt>
   <trkpt lat="49.375504" lon="10.190427"><ele>421.25</ele></trkpt>
   <trkpt lat="49.375508" lon="10.190335"><ele>421.75</ele></trkpt>
   <trkpt lat="49.375504" lon="10.190427"><ele>421.25</ele></trkpt>
   <trkpt lat="49.375481" lon="10.190635"><ele>421</ele></trkpt>
   <trkpt lat="49.375427" lon="10.190945"><ele>421</ele></trkpt>
   <trkpt lat="49.375384" lon="10.191168"><ele>421</ele></trkpt>
   <trkpt lat="49.375463" lon="10.19117"><ele>421</ele></trkpt>
   <trkpt lat="49.37548" lon="10.19117"><ele>421</ele></trkpt>
   <trkpt lat="49.375647" lon="10.191151"><ele>421.25</ele></trkpt>
   <trkpt lat="49.376107" lon="10.191037"><ele>421.75</ele></trkpt>
   <trkpt lat="49.37624" lon="10.191008"><ele>422.25</ele></trkpt>
   <trkpt lat="49.37634" lon="10.191018"><ele>422.5</ele></trkpt>
   <trkpt lat="49.376407" lon="10.191071"><ele>422.25</ele></trkpt>
   <trkpt lat="49.376829" lon="10.191682"><ele>423.5</ele></trkpt>
   <trkpt lat="49.377186" lon="10.192141"><ele>424</ele></trkpt>
   <trkpt lat="49.37758" lon="10.192652"><ele>424</ele></trkpt>
   <trkpt lat="49.377788" lon="10.192938"><ele>424</ele></trkpt>
   <trkpt lat="49.378731" lon="10.194234"><ele>423.5</ele></trkpt>
   <trkpt lat="49.379024" lon="10.194651"><ele>420.75</ele></trkpt>
   <trkpt lat="49.37939" lon="10.195108"><ele>418.75</ele></trkpt>
   <trkpt lat="49.379427" lon="10.195189"><ele>418.75</ele></trkpt>
   <trkpt lat="49.379459" lon="10.195308"><ele>418.75</ele></trkpt>
   <trkpt lat="49.37947" lon="10.195409"><ele>418.5</ele></trkpt>
   <trkpt lat="49.379457" lon="10.196716"><ele>415.75</ele></trkpt>
   <trkpt lat="49.379459" lon="10.196894"><ele>415</ele></trkpt>
   <trkpt lat="49.380324" lon="10.196581"><ele>418.25</ele></trkpt>
   <trkpt lat="49.38049" lon="10.196544"><ele>419.75</ele></trkpt>
   <trkpt lat="49.380588" lon="10.196546"><ele>420.5</ele></trkpt>
   <trkpt lat="49.380654" lon="10.196579"><ele>420.75</ele></trkpt>
   <trkpt lat="49.38072" lon="10.196646"><ele>420.5</ele></trkpt>
   <trkpt lat="49.381792" lon="10.198679"><ele>418.5</ele></trkpt>
   <trkpt lat="49.382803" lon="10.200618"><ele>416.25</ele></trkpt>
   <trkpt lat="49.382911" lon="10.200883"><ele>415.25</ele></trkpt>
   <trkpt lat="49.382983" lon="10.201259"><ele>414</ele></trkpt>
   <trkpt lat="49.383005" lon="10.201458"><ele>413.5</ele></trkpt>
   <trkpt lat="49.383013" lon="10.201648"><ele>413</ele></trkpt>
   <trkpt lat="49.38296" lon="10.208926"><ele>403.5</ele></trkpt>
   <trkpt lat="49.382977" lon="10.209619"><ele>403.5</ele></trkpt>
   <trkpt lat="49.383056" lon="10.210601"><ele>402.75</ele></trkpt>
   <trkpt lat="49.383174" lon="10.211582"><ele>401</ele></trkpt>
   <trkpt lat="49.383326" lon="10.212376"><ele>400</ele></trkpt>
   <trkpt lat="49.383527" lon="10.213163"><ele>399.25</ele></trkpt>
   <trkpt lat="49.383793" lon="10.213987"><ele>399</ele></trkpt>
   <trkpt lat="49.384046" lon="10.21477"><ele>399.25</ele></trkpt>
   <trkpt lat="49.384095" lon="10.214958"><ele>399.25</ele></trkpt>
   <trkpt lat="49.38421" lon="10.215526"><ele>399</ele></trkpt>
   <trkpt lat="49.384324" lon="10.216372"><ele>399</ele></trkpt>
   <trkpt lat="49.384472" lon="10.217951"><ele>401</ele></trkpt>
   <trkpt lat="49.38452" lon="10.218677"><ele>401.25</ele></trkpt>
   <trkpt lat="49.384524" lon="10.219023"><ele>401.5</ele></trkpt>
   <trkpt lat="49.384509" lon="10.219338"><ele>402.25</ele></trkpt>
   <trkpt lat="49.384469" lon="10.219806"><ele>404</ele></trkpt>
   <trkpt lat="49.384423" lon="10.220139"><ele>405.5</ele></trkpt>
   <trkpt lat="49.384409" lon="10.2202"><ele>405.75</ele></trkpt>
   <trkpt lat="49.384383" lon="10.220291"><ele>406.25</ele></trkpt>
   <trkpt lat="49.385539" lon="10.221219"><ele>405</ele></trkpt>
   <trkpt lat="49.386496" lon="10.222"><ele>403.25</ele></trkpt>
   <trkpt lat="49.387303" lon="10.222615"><ele>401.75</ele></trkpt>
   <trkpt lat="49.387558" lon="10.222777"><ele>401</ele></trkpt>
   <trkpt lat="49.38778" lon="10.222871"><ele>401.5</ele></trkpt>
   <trkpt lat="49.388148" lon="10.222983"><ele>400.75</ele></trkpt>
   <trkpt lat="49.38924" lon="10.22327"><ele>400</ele></trkpt>
   <trkpt lat="49.389508" lon="10.223384"><ele>400</ele></trkpt>
   <trkpt lat="49.389766" lon="10.223506"><ele>400</ele></trkpt>
   <trkpt lat="49.390122" lon="10.223745"><ele>399</ele></trkpt>
   <trkpt lat="49.390424" lon="10.224019"><ele>398.75</ele></trkpt>
   <trkpt lat="49.391396" lon="10.22499"><ele>397</ele></trkpt>
   <trkpt lat="49.391653" lon="10.225205"><ele>396.25</ele></trkpt>
   <trkpt lat="49.392524" lon="10.225734"><ele>396</ele></trkpt>
   <trkpt lat="49.392862" lon="10.225933"><ele>396</ele></trkpt>
   <trkpt lat="49.393124" lon="10.226124"><ele>396</ele></trkpt>
   <trkpt lat="49.394609" lon="10.227406"><ele>397</ele></trkpt>
   <trkpt lat="49.395688" lon="10.228352"><ele>397.25</ele></trkpt>
   <trkpt lat="49.396083" lon="10.228672"><ele>397.75</ele></trkpt>
   <trkpt lat="49.396174" lon="10.228784"><ele>398</ele></trkpt>
   <trkpt lat="49.396335" lon="10.229099"><ele>398.25</ele></trkpt>
   <trkpt lat="49.396416" lon="10.229291"><ele>398.25</ele></trkpt>
   <trkpt lat="49.396469" lon="10.229534"><ele>398</ele></trkpt>
   <trkpt lat="49.396492" lon="10.229771"><ele>398</ele></trkpt>
   <trkpt lat="49.396509" lon="10.230187"><ele>398.25</ele></trkpt>
   <trkpt lat="49.396534" lon="10.230449"><ele>398.75</ele></trkpt>
   <trkpt lat="49.396572" lon="10.230671"><ele>399</ele></trkpt>
   <trkpt lat="49.396687" lon="10.230997"><ele>399</ele></trkpt>
   <trkpt lat="49.397195" lon="10.231948"><ele>399</ele></trkpt>
   <trkpt lat="49.397545" lon="10.232512"><ele>398.75</ele></trkpt>
   <trkpt lat="49.397792" lon="10.232867"><ele>398.75</ele></trkpt>
   <trkpt lat="49.398279" lon="10.233364"><ele>399.25</ele></trkpt>
   <trkpt lat="49.399311" lon="10.234083"><ele>401.75</ele></trkpt>
   <trkpt lat="49.399497" lon="10.234254"><ele>402.75</ele></trkpt>
   <trkpt lat="49.399795" lon="10.234612"><ele>403.75</ele></trkpt>
   <trkpt lat="49.400037" lon="10.235102"><ele>404.75</ele></trkpt>
   <trkpt lat="49.400171" lon="10.235656"><ele>405.5</ele></trkpt>
   <trkpt lat="49.400187" lon="10.236148"><ele>407</ele></trkpt>
   <trkpt lat="49.40017" lon="10.23643"><ele>407</ele></trkpt>
   <trkpt lat="49.400147" lon="10.236664"><ele>407</ele></trkpt>
   <trkpt lat="49.400542" lon="10.236968"><ele>408</ele></trkpt>
   <trkpt lat="49.400775" lon="10.237128"><ele>407.75</ele></trkpt>
   <trkpt lat="49.401131" lon="10.237374"><ele>408.25</ele></trkpt>
   <trkpt lat="49.401375" lon="10.237471"><ele>407.75</ele></trkpt>
   <trkpt lat="49.401585" lon="10.237489"><ele>407.25</ele></trkpt>
   <trkpt lat="49.401824" lon="10.23743"><ele>406.5</ele></trkpt>
   <trkpt lat="49.402034" lon="10.237323"><ele>406.25</ele></trkpt>
   <trkpt lat="49.402455" lon="10.237015"><ele>404.25</ele></trkpt>
   <trkpt lat="49.402786" lon="10.236686"><ele>401.75</ele></trkpt>
   <trkpt lat="49.403229" lon="10.236351"><ele>400</ele></trkpt>
   <trkpt lat="49.404049" lon="10.236167"><ele>400</ele></trkpt>
   <trkpt lat="49.405409" lon="10.236665"><ele>400.75</ele></trkpt>
   <trkpt lat="49.405746" lon="10.23673"><ele>400.25</ele></trkpt>
   <trkpt lat="49.405856" lon="10.236728"><ele>400</ele></trkpt>
   <trkpt lat="49.406205" lon="10.236513"><ele>399.5</ele></trkpt>
   <trkpt lat="49.406442" lon="10.236242"><ele>400</ele></trkpt>
   <trkpt lat="49.406794" lon="10.235635"><ele>401.5</ele></trkpt>
   <trkpt lat="49.406839" lon="10.235557"><ele>401.5</ele></trkpt>
   <trkpt lat="49.407061" lon="10.235243"><ele>402.75</ele></trkpt>
   <trkpt lat="49.407233" lon="10.235068"><ele>403.75</ele></trkpt>
   <trkpt lat="49.407464" lon="10.234945"><ele>404.75</ele></trkpt>
   <trkpt lat="49.408578" lon="10.234612"><ele>409.75</ele></trkpt>
   <trkpt lat="49.408787" lon="10.234545"><ele>410</ele></trkpt>
   <trkpt lat="49.409431" lon="10.23436"><ele>409.5</ele></trkpt>
   <trkpt lat="49.409855" lon="10.234196"><ele>408.5</ele></trkpt>
   <trkpt lat="49.410938" lon="10.233714"><ele>405.25</ele></trkpt>
   <trkpt lat="49.41201" lon="10.233198"><ele>404</ele></trkpt>
   <trkpt lat="49.412551" lon="10.232885"><ele>405</ele></trkpt>
   <trkpt lat="49.413173" lon="10.232501"><ele>405.25</ele></trkpt>
   <trkpt lat="49.413565" lon="10.23229"><ele>405.75</ele></trkpt>
   <trkpt lat="49.413794" lon="10.232167"><ele>406</ele></trkpt>
   <trkpt lat="49.414854" lon="10.231702"><ele>408.25</ele></trkpt>
   <trkpt lat="49.41536" lon="10.231495"><ele>410</ele></trkpt>
   <trkpt lat="49.416017" lon="10.231322"><ele>410.25</ele></trkpt>
   <trkpt lat="49.416409" lon="10.231249"><ele>409.75</ele></trkpt>
   <trkpt lat="49.416846" lon="10.231157"><ele>407.5</ele></trkpt>
   <trkpt lat="49.417237" lon="10.231095"><ele>405.75</ele></trkpt>
   <trkpt lat="49.417394" lon="10.231098"><ele>405.25</ele></trkpt>
   <trkpt lat="49.417523" lon="10.231165"><ele>405</ele></trkpt>
   <trkpt lat="49.417669" lon="10.231286"><ele>405</ele></trkpt>
   <trkpt lat="49.418096" lon="10.231689"><ele>404.75</ele></trkpt>
   <trkpt lat="49.418144" lon="10.231724"><ele>404.75</ele></trkpt>
   <trkpt lat="49.418394" lon="10.231906"><ele>405</ele></trkpt>
   <trkpt lat="49.418616" lon="10.232003"><ele>405.25</ele></trkpt>
   <trkpt lat="49.418544" lon="10.232665"><ele>405.75</ele></trkpt>
   <trkpt lat="49.418462" lon="10.233636"><ele>405.25</ele></trkpt>
   <trkpt lat="49.419215" lon="10.233663"><ele>408.25</ele></trkpt>
   <trkpt lat="49.419306" lon="10.233667"><ele>408.5</ele></trkpt>
   <trkpt lat="49.419755" lon="10.233687"><ele>410.25</ele></trkpt>
   <trkpt lat="49.42041" lon="10.233615"><ele>412.25</ele></trkpt>
   <trkpt lat="49.421218" lon="10.233506"><ele>413.75</ele></trkpt>
   <trkpt lat="49.422571" lon="10.233303"><ele>417</ele></trkpt>
   <trkpt lat="49.423548" lon="10.233109"><ele>418</ele></trkpt>
   <trkpt lat="49.425381" lon="10.232756"><ele>410</ele></trkpt>
   <trkpt lat="49.426001" lon="10.232677"><ele>407.25</ele></trkpt>
   <trkpt lat="49.426657" lon="10.232672"><ele>407.5</ele></trkpt>
   <trkpt lat="49.426966" lon="10.232632"><ele>409</ele></trkpt>
   <trkpt lat="49.427279" lon="10.23255"><ele>410.25</ele></trkpt>
   <trkpt lat="49.428048" lon="10.232231"><ele>410</ele></trkpt>
   <trkpt lat="49.428842" lon="10.231816"><ele>407</ele></trkpt>
   <trkpt lat="49.429018" lon="10.231736"><ele>406.75</ele></trkpt>
   <trkpt lat="49.429339" lon="10.23158"><ele>407.5</ele></trkpt>
   <trkpt lat="49.430708" lon="10.230904"><ele>414</ele></trkpt>
   <trkpt lat="49.431316" lon="10.230615"><ele>413.75</ele></trkpt>
   <trkpt lat="49.431652" lon="10.230498"><ele>414</ele></trkpt>
   <trkpt lat="49.432038" lon="10.230391"><ele>414.5</ele></trkpt>
   <trkpt lat="49.432585" lon="10.230221"><ele>416</ele></trkpt>
   <trkpt lat="49.432944" lon="10.230032"><ele>416.5</ele></trkpt>
   <trkpt lat="49.434075" lon="10.229101"><ele>415.25</ele></trkpt>
   <trkpt lat="49.434926" lon="10.228368"><ele>414.75</ele></trkpt>
   <trkpt lat="49.43505" lon="10.227262"><ele>415</ele></trkpt>
   <trkpt lat="49.435195" lon="10.226105"><ele>414</ele></trkpt>
   <trkpt lat="49.435292" lon="10.225179"><ele>412.75</ele></trkpt>
   <trkpt lat="49.435385" lon="10.223983"><ele>412.5</ele></trkpt>
   <trkpt lat="49.435543" lon="10.222546"><ele>412</ele></trkpt>
   <trkpt lat="49.435637" lon="10.222064"><ele>412.75</ele></trkpt>
   <trkpt lat="49.435788" lon="10.221447"><ele>413</ele></trkpt>
   <trkpt lat="49.435858" lon="10.22125"><ele>413.5</ele></trkpt>
   <trkpt lat="49.436017" lon="10.220866"><ele>414</ele></trkpt>
   <trkpt lat="49.436288" lon="10.220466"><ele>415</ele></trkpt>
   <trkpt lat="49.43692" lon="10.21961"><ele>416.75</ele></trkpt>
   <trkpt lat="49.437007" lon="10.219506"><ele>417</ele></trkpt>
   <trkpt lat="49.43747" lon="10.218767"><ele>420.25</ele></trkpt>
   <trkpt lat="49.437515" lon="10.218671"><ele>420.75</ele></trkpt>
   <trkpt lat="49.438029" lon="10.217571"><ele>424</ele></trkpt>
   <trkpt lat="49.438514" lon="10.216742"><ele>423.25</ele></trkpt>
   <trkpt lat="49.439143" lon="10.215744"><ele>422.5</ele></trkpt>
   <trkpt lat="49.439394" lon="10.215288"><ele>422.75</ele></trkpt>
   <trkpt lat="49.43954" lon="10.215137"><ele>423</ele></trkpt>
   <trkpt lat="49.43963" lon="10.215083"><ele>423.25</ele></trkpt>
   <trkpt lat="49.439631" lon="10.214697"><ele>423.5</ele></trkpt>
   <trkpt lat="49.439663" lon="10.214267"><ele>423</ele></trkpt>
   <trkpt lat="49.43975" lon="10.21395"><ele>423</ele></trkpt>
   <trkpt lat="49.439875" lon="10.213478"><ele>424</ele></trkpt>
   <trkpt lat="49.439988" lon="10.213061"><ele>422</ele></trkpt>
   <trkpt lat="49.440069" lon="10.212715"><ele>421</ele></trkpt>
   <trkpt lat="49.440094" lon="10.212501"><ele>421</ele></trkpt>
   <trkpt lat="49.440088" lon="10.212309"><ele>420.5</ele></trkpt>
   <trkpt lat="49.440213" lon="10.212312"><ele>420.75</ele></trkpt>
   <trkpt lat="49.440638" lon="10.212345"><ele>421.5</ele></trkpt>
   <trkpt lat="49.440716" lon="10.212347"><ele>421.5</ele></trkpt>
   <trkpt lat="49.440971" lon="10.212352"><ele>421.5</ele></trkpt>
   <trkpt lat="49.44117" lon="10.212335"><ele>421.25</ele></trkpt>
   <trkpt lat="49.441338" lon="10.212288"><ele>421</ele></trkpt>
   <trkpt lat="49.441672" lon="10.212194"><ele>420.75</ele></trkpt>
   <trkpt lat="49.441923" lon="10.212047"><ele>420</ele></trkpt>
   <trkpt lat="49.442215" lon="10.211839"><ele>419.5</ele></trkpt>
   <trkpt lat="49.442709" lon="10.211327"><ele>420.25</ele></trkpt>
   <trkpt lat="49.443077" lon="10.211001"><ele>421</ele></trkpt>
   <trkpt lat="49.44345" lon="10.210754"><ele>421.25</ele></trkpt>
   <trkpt lat="49.44408" lon="10.210499"><ele>421.75</ele></trkpt>
   <trkpt lat="49.444514" lon="10.210309"><ele>422</ele></trkpt>
   <trkpt lat="49.445252" lon="10.209884"><ele>422.5</ele></trkpt>
   <trkpt lat="49.446178" lon="10.209365"><ele>423.75</ele></trkpt>
   <trkpt lat="49.446536" lon="10.20922"><ele>424</ele></trkpt>
   <trkpt lat="49.446979" lon="10.209074"><ele>425</ele></trkpt>
   <trkpt lat="49.447131" lon="10.209031"><ele>425.25</ele></trkpt>
   <trkpt lat="49.447343" lon="10.20897"><ele>425.5</ele></trkpt>
   <trkpt lat="49.447912" lon="10.208814"><ele>426</ele></trkpt>
   <trkpt lat="49.447947" lon="10.208804"><ele>426</ele></trkpt>
   <trkpt lat="49.448366" lon="10.208684"><ele>426.25</ele></trkpt>
   <trkpt lat="49.448463" lon="10.208653"><ele>426.5</ele></trkpt>
   <trkpt lat="49.448951" lon="10.208509"><ele>426</ele></trkpt>
   <trkpt lat="49.449081" lon="10.208478"><ele>426.5</ele></trkpt>
   <trkpt lat="49.449201" lon="10.208443"><ele>426.75</ele></trkpt>
   <trkpt lat="49.449857" lon="10.208284"><ele>426.75</ele></trkpt>
   <trkpt lat="49.450287" lon="10.208209"><ele>426</ele></trkpt>
   <trkpt lat="49.450921" lon="10.208129"><ele>426.75</ele></trkpt>
   <trkpt lat="49.451866" lon="10.208081"><ele>427.5</ele></trkpt>
   <trkpt lat="49.454147" lon="10.207956"><ele>430.75</ele></trkpt>
   <trkpt lat="49.455137" lon="10.207881"><ele>432</ele></trkpt>
   <trkpt lat="49.455464" lon="10.207832"><ele>432</ele></trkpt>
   <trkpt lat="49.455552" lon="10.207818"><ele>432</ele></trkpt>
   <trkpt lat="49.45596" lon="10.207682"><ele>431.5</ele></trkpt>
   <trkpt lat="49.456448" lon="10.207446"><ele>431.25</ele></trkpt>
   <trkpt lat="49.456896" lon="10.207157"><ele>430</ele></trkpt>
   <trkpt lat="49.456954" lon="10.207105"><ele>429.75</ele></trkpt>
   <trkpt lat="49.457413" lon="10.206689"><ele>429.25</ele></trkpt>
   <trkpt lat="49.459517" lon="10.204421"><ele>425</ele></trkpt>
   <trkpt lat="49.459941" lon="10.203941"><ele>424</ele></trkpt>
   <trkpt lat="49.460047" lon="10.203823"><ele>423.75</ele></trkpt>
   <trkpt lat="49.460527" lon="10.203345"><ele>422</ele></trkpt>
   <trkpt lat="49.461027" lon="10.202908"><ele>421</ele></trkpt>
   <trkpt lat="49.461492" lon="10.202551"><ele>420.5</ele></trkpt>
   <trkpt lat="49.461582" lon="10.202482"><ele>420.25</ele></trkpt>
   <trkpt lat="49.462229" lon="10.202033"><ele>417.75</ele></trkpt>
   <trkpt lat="49.462634" lon="10.201722"><ele>418.25</ele></trkpt>
   <trkpt lat="49.463083" lon="10.201339"><ele>419</ele></trkpt>
   <trkpt lat="49.463374" lon="10.201064"><ele>420</ele></trkpt>
   <trkpt lat="49.463619" lon="10.200804"><ele>420</ele></trkpt>
   <trkpt lat="49.464022" lon="10.200399"><ele>421.5</ele></trkpt>
   <trkpt lat="49.464557" lon="10.199821"><ele>422</ele></trkpt>
   <trkpt lat="49.465231" lon="10.199157"><ele>422</ele></trkpt>
   <trkpt lat="49.465618" lon="10.198811"><ele>422</ele></trkpt>
   <trkpt lat="49.466059" lon="10.198522"><ele>422</ele></trkpt>
   <trkpt lat="49.467329" lon="10.197766"><ele>423.25</ele></trkpt>
   <trkpt lat="49.467578" lon="10.19761"><ele>424</ele></trkpt>
   <trkpt lat="49.468418" lon="10.19698"><ele>424</ele></trkpt>
   <trkpt lat="49.46946" lon="10.1961"><ele>423.75</ele></trkpt>
   <trkpt lat="49.470244" lon="10.195304"><ele>423</ele></trkpt>
   <trkpt lat="49.472635" lon="10.192879"><ele>423.5</ele></trkpt>
   <trkpt lat="49.473093" lon="10.192439"><ele>423</ele></trkpt>
   <trkpt lat="49.473488" lon="10.192095"><ele>422.25</ele></trkpt>
   <trkpt lat="49.473865" lon="10.191804"><ele>421.5</ele></trkpt>
   <trkpt lat="49.474445" lon="10.191411"><ele>419.75</ele></trkpt>
   <trkpt lat="49.47502" lon="10.191091"><ele>418.75</ele></trkpt>
   <trkpt lat="49.475684" lon="10.19078"><ele>417.25</ele></trkpt>
   <trkpt lat="49.476374" lon="10.190591"><ele>415</ele></trkpt>
   <trkpt lat="49.484208" lon="10.188523"><ele>395.75</ele></trkpt>
   <trkpt lat="49.485209" lon="10.188259"><ele>393</ele></trkpt>
   <trkpt lat="49.485782" lon="10.188119"><ele>391.75</ele></trkpt>
   <trkpt lat="49.487147" lon="10.187735"><ele>389.5</ele></trkpt>
   <trkpt lat="49.488568" lon="10.18737"><ele>388.25</ele></trkpt>
   <trkpt lat="49.489157" lon="10.18722"><ele>386</ele></trkpt>
   <trkpt lat="49.490569" lon="10.186843"><ele>383.75</ele></trkpt>
   <trkpt lat="49.49086" lon="10.186762"><ele>383.5</ele></trkpt>
   <trkpt lat="49.492166" lon="10.186413"><ele>380</ele></trkpt>
   <trkpt lat="49.494554" lon="10.185802"><ele>372.75</ele></trkpt>
   <trkpt lat="49.495187" lon="10.185698"><ele>370.75</ele></trkpt>
   <trkpt lat="49.495903" lon="10.185664"><ele>368.75</ele></trkpt>
   <trkpt lat="49.496529" lon="10.185734"><ele>367</ele></trkpt>
   <trkpt lat="49.496912" lon="10.185794"><ele>366.75</ele></trkpt>
   <trkpt lat="49.497276" lon="10.185901"><ele>366</ele></trkpt>
   <trkpt lat="49.497591" lon="10.186007"><ele>365</ele></trkpt>
   <trkpt lat="49.497864" lon="10.186119"><ele>366.75</ele></trkpt>
   <trkpt lat="49.498175" lon="10.186274"><ele>365.5</ele></trkpt>
   <trkpt lat="49.498444" lon="10.186414"><ele>367.5</ele></trkpt>
   <trkpt lat="49.49893" lon="10.186684"><ele>369</ele></trkpt>
   <trkpt lat="49.498951" lon="10.186591"><ele>369</ele></trkpt>
   <trkpt lat="49.498979" lon="10.186476"><ele>369.25</ele></trkpt>
   <trkpt lat="49.499081" lon="10.18602"><ele>368.5</ele></trkpt>
   <trkpt lat="49.499081" lon="10.185676"><ele>368.5</ele></trkpt>
   <trkpt lat="49.498996" lon="10.185338"><ele>367.75</ele></trkpt>
   <trkpt lat="49.498787" lon="10.184704"><ele>366.5</ele></trkpt>
   <trkpt lat="49.498641" lon="10.184319"><ele>366.5</ele></trkpt>
   <trkpt lat="49.498474" lon="10.183846"><ele>365.5</ele></trkpt>
   <trkpt lat="49.498299" lon="10.183411"><ele>365.5</ele></trkpt>
   <trkpt lat="49.49836" lon="10.183344"><ele>366</ele></trkpt>
   <trkpt lat="49.4984" lon="10.183228"><ele>366.75</ele></trkpt>
   <trkpt lat="49.498433" lon="10.183032"><ele>367.75</ele></trkpt>
   <trkpt lat="49.498434" lon="10.182693"><ele>368.5</ele></trkpt>
   <trkpt lat="49.498409" lon="10.182229"><ele>368.5</ele></trkpt>
   <trkpt lat="49.498345" lon="10.18175"><ele>368</ele></trkpt>
   <trkpt lat="49.49826" lon="10.181245"><ele>368.25</ele></trkpt>
   <trkpt lat="49.498222" lon="10.18094"><ele>368.25</ele></trkpt>
   <trkpt lat="49.498204" lon="10.180796"><ele>368.5</ele></trkpt>
   <trkpt lat="49.498204" lon="10.180511"><ele>368.5</ele></trkpt>
   <trkpt lat="49.498253" lon="10.180185"><ele>368.5</ele></trkpt>
   <trkpt lat="49.498336" lon="10.179935"><ele>369</ele></trkpt>
   <trkpt lat="49.498453" lon="10.179716"><ele>369</ele></trkpt>
   <trkpt lat="49.498548" lon="10.17959"><ele>369</ele></trkpt>
   <trkpt lat="49.498676" lon="10.179471"><ele>369</ele></trkpt>
   <trkpt lat="49.49924" lon="10.179087"><ele>370.5</ele></trkpt>
   <trkpt lat="49.499422" lon="10.178947"><ele>371.75</ele></trkpt>
   <trkpt lat="49.499672" lon="10.178721"><ele>372.75</ele></trkpt>
   <trkpt lat="49.499999" lon="10.178384"><ele>374</ele></trkpt>
   <trkpt lat="49.500504" lon="10.177873"><ele>378</ele></trkpt>
   <trkpt lat="49.50089" lon="10.177566"><ele>379</ele></trkpt>
   <trkpt lat="49.501735" lon="10.176891"><ele>381.5</ele></trkpt>
   <trkpt lat="49.502021" lon="10.176701"><ele>382</ele></trkpt>
   <trkpt lat="49.503179" lon="10.176062"><ele>378.25</ele></trkpt>
   <trkpt lat="49.503382" lon="10.175914"><ele>377.75</ele></trkpt>
   <trkpt lat="49.5036" lon="10.175655"><ele>377</ele></trkpt>
   <trkpt lat="49.50384" lon="10.175285"><ele>375</ele></trkpt>
   <trkpt lat="49.50431" lon="10.174205"><ele>373.25</ele></trkpt>
   <trkpt lat="49.504637" lon="10.173511"><ele>372.75</ele></trkpt>
   <trkpt lat="49.504897" lon="10.173085"><ele>372.5</ele></trkpt>
   <trkpt lat="49.505813" lon="10.17209"><ele>374.25</ele></trkpt>
   <trkpt lat="49.506236" lon="10.171725"><ele>376.75</ele></trkpt>
   <trkpt lat="49.506452" lon="10.171538"><ele>378.75</ele></trkpt>
   <trkpt lat="49.507115" lon="10.171139"><ele>383.5</ele></trkpt>
   <trkpt lat="49.507832" lon="10.17073"><ele>386.75</ele></trkpt>
   <trkpt lat="49.508602" lon="10.170281"><ele>386</ele></trkpt>
   <trkpt lat="49.509154" lon="10.169925"><ele>384.5</ele></trkpt>
   <trkpt lat="49.509477" lon="10.169692"><ele>383.75</ele></trkpt>
   <trkpt lat="49.510371" lon="10.169161"><ele>382</ele></trkpt>
   <trkpt lat="49.510897" lon="10.168993"><ele>381.75</ele></trkpt>
   <trkpt lat="49.51141" lon="10.169066"><ele>380.75</ele></trkpt>
   <trkpt lat="49.511931" lon="10.169174"><ele>379</ele></trkpt>
   <trkpt lat="49.512235" lon="10.169197"><ele>378.75</ele></trkpt>
   <trkpt lat="49.512775" lon="10.169129"><ele>377.75</ele></trkpt>
   <trkpt lat="49.513781" lon="10.168889"><ele>377</ele></trkpt>
   <trkpt lat="49.514297" lon="10.168736"><ele>376.5</ele></trkpt>
   <trkpt lat="49.514376" lon="10.168712"><ele>376.5</ele></trkpt>
   <trkpt lat="49.514965" lon="10.168352"><ele>375</ele></trkpt>
   <trkpt lat="49.515643" lon="10.167867"><ele>372.5</ele></trkpt>
   <trkpt lat="49.517351" lon="10.16631"><ele>366.5</ele></trkpt>
   <trkpt lat="49.517499" lon="10.166175"><ele>366</ele></trkpt>
   <trkpt lat="49.517983" lon="10.165735"><ele>363.25</ele></trkpt>
   <trkpt lat="49.519212" lon="10.164431"><ele>360.75</ele></trkpt>
   <trkpt lat="49.519969" lon="10.163867"><ele>360</ele></trkpt>
   <trkpt lat="49.520429" lon="10.163541"><ele>359.5</ele></trkpt>
   <trkpt lat="49.520789" lon="10.163327"><ele>360.5</ele></trkpt>
   <trkpt lat="49.521019" lon="10.163236"><ele>361</ele></trkpt>
   <trkpt lat="49.522332" lon="10.162836"><ele>368.5</ele></trkpt>
   <trkpt lat="49.523136" lon="10.162266"><ele>369.25</ele></trkpt>
   <trkpt lat="49.523488" lon="10.162112"><ele>369.5</ele></trkpt>
   <trkpt lat="49.523796" lon="10.16201"><ele>368.5</ele></trkpt>
   <trkpt lat="49.524221" lon="10.161968"><ele>366.75</ele></trkpt>
   <trkpt lat="49.525315" lon="10.16181"><ele>361.75</ele></trkpt>
   <trkpt lat="49.525543" lon="10.161748"><ele>360.25</ele></trkpt>
   <trkpt lat="49.525822" lon="10.16163"><ele>359.75</ele></trkpt>
   <trkpt lat="49.526032" lon="10.161512"><ele>358.5</ele></trkpt>
   <trkpt lat="49.526577" lon="10.16114"><ele>357.25</ele></trkpt>
   <trkpt lat="49.527001" lon="10.16096"><ele>355.75</ele></trkpt>
   <trkpt lat="49.52725" lon="10.16092"><ele>355</ele></trkpt>
   <trkpt lat="49.527565" lon="10.160905"><ele>354</ele></trkpt>
   <trkpt lat="49.527988" lon="10.160885"><ele>352.25</ele></trkpt>
   <trkpt lat="49.528372" lon="10.160796"><ele>350.5</ele></trkpt>
   <trkpt lat="49.528737" lon="10.160605"><ele>348.75</ele></trkpt>
   <trkpt lat="49.52946" lon="10.160083"><ele>344</ele></trkpt>
   <trkpt lat="49.529978" lon="10.159704"><ele>342</ele></trkpt>
   <trkpt lat="49.530998" lon="10.158962"><ele>339.25</ele></trkpt>
   <trkpt lat="49.531941" lon="10.158257"><ele>336.75</ele></trkpt>
   <trkpt lat="49.532248" lon="10.157998"><ele>336.75</ele></trkpt>
   <trkpt lat="49.532433" lon="10.157823"><ele>336.75</ele></trkpt>
   <trkpt lat="49.532524" lon="10.157717"><ele>336.75</ele></trkpt>
   <trkpt lat="49.532825" lon="10.157392"><ele>336.75</ele></trkpt>
   <trkpt lat="49.53292" lon="10.157298"><ele>336.75</ele></trkpt>
   <trkpt lat="49.533092" lon="10.157151"><ele>336.75</ele></trkpt>
   <trkpt lat="49.533252" lon="10.157057"><ele>336.5</ele></trkpt>
   <trkpt lat="49.533441" lon="10.156984"><ele>336</ele></trkpt>
   <trkpt lat="49.533703" lon="10.156901"><ele>335.5</ele></trkpt>
   <trkpt lat="49.533907" lon="10.156857"><ele>335.25</ele></trkpt>
   <trkpt lat="49.534145" lon="10.156783"><ele>335.5</ele></trkpt>
   <trkpt lat="49.535122" lon="10.156685"><ele>335</ele></trkpt>
   <trkpt lat="49.535647" lon="10.156619"><ele>335</ele></trkpt>
   <trkpt lat="49.535919" lon="10.156648"><ele>335</ele></trkpt>
   <trkpt lat="49.536232" lon="10.156724"><ele>335</ele></trkpt>
   <trkpt lat="49.536395" lon="10.156732"><ele>335.25</ele></trkpt>
   <trkpt lat="49.536564" lon="10.156701"><ele>335.5</ele></trkpt>
   <trkpt lat="49.536789" lon="10.156611"><ele>336</ele></trkpt>
   <trkpt lat="49.537612" lon="10.15629"><ele>337</ele></trkpt>
   <trkpt lat="49.538516" lon="10.155937"><ele>339.5</ele></trkpt>
   <trkpt lat="49.538936" lon="10.155789"><ele>340.25</ele></trkpt>
   <trkpt lat="49.539762" lon="10.155564"><ele>343</ele></trkpt>
   <trkpt lat="49.541073" lon="10.155238"><ele>347.75</ele></trkpt>
   <trkpt lat="49.541301" lon="10.155192"><ele>348</ele></trkpt>
   <trkpt lat="49.54174" lon="10.155157"><ele>347.75</ele></trkpt>
   <trkpt lat="49.542692" lon="10.155136"><ele>346.25</ele></trkpt>
   <trkpt lat="49.542896" lon="10.155101"><ele>345.5</ele></trkpt>
   <trkpt lat="49.543038" lon="10.155059"><ele>345</ele></trkpt>
   <trkpt lat="49.543216" lon="10.154988"><ele>344.75</ele></trkpt>
   <trkpt lat="49.543739" lon="10.15473"><ele>343.5</ele></trkpt>
   <trkpt lat="49.545187" lon="10.153986"><ele>340</ele></trkpt>
   <trkpt lat="49.545659" lon="10.153769"><ele>338.5</ele></trkpt>
   <trkpt lat="49.545921" lon="10.153717"><ele>338</ele></trkpt>
   <trkpt lat="49.548386" lon="10.153467"><ele>336.25</ele></trkpt>
   <trkpt lat="49.548703" lon="10.1534"><ele>335.5</ele></trkpt>
   <trkpt lat="49.549214" lon="10.153269"><ele>334.75</ele></trkpt>
   <trkpt lat="49.549701" lon="10.153142"><ele>334</ele></trkpt>
   <trkpt lat="49.549983" lon="10.153078"><ele>333</ele></trkpt>
   <trkpt lat="49.55072" lon="10.153004"><ele>330.25</ele></trkpt>
   <trkpt lat="49.551376" lon="10.153001"><ele>329.75</ele></trkpt>
   <trkpt lat="49.55195" lon="10.153039"><ele>329.75</ele></trkpt>
   <trkpt lat="49.55337" lon="10.153072"><ele>334</ele></trkpt>
   <trkpt lat="49.553655" lon="10.152997"><ele>335</ele></trkpt>
   <trkpt lat="49.554011" lon="10.152853"><ele>335.5</ele></trkpt>
   <trkpt lat="49.555102" lon="10.15216"><ele>332.25</ele></trkpt>
   <trkpt lat="49.556214" lon="10.151478"><ele>329</ele></trkpt>
   <trkpt lat="49.556303" lon="10.151422"><ele>329</ele></trkpt>
   <trkpt lat="49.558107" lon="10.150221"><ele>329</ele></trkpt>
   <trkpt lat="49.560338" lon="10.1485"><ele>327.75</ele></trkpt>
   <trkpt lat="49.560907" lon="10.148071"><ele>326</ele></trkpt>
   <trkpt lat="49.562446" lon="10.146824"><ele>319.25</ele></trkpt>
   <trkpt lat="49.562642" lon="10.14669"><ele>318.25</ele></trkpt>
   <trkpt lat="49.562798" lon="10.146583"><ele>318</ele></trkpt>
   <trkpt lat="49.563027" lon="10.146499"><ele>316.5</ele></trkpt>
   <trkpt lat="49.563157" lon="10.146478"><ele>315.5</ele></trkpt>
   <trkpt lat="49.563254" lon="10.146463"><ele>314.75</ele></trkpt>
   <trkpt lat="49.563514" lon="10.146455"><ele>312.75</ele></trkpt>
   <trkpt lat="49.563682" lon="10.146488"><ele>311.5</ele></trkpt>
   <trkpt lat="49.563801" lon="10.146534"><ele>311.25</ele></trkpt>
   <trkpt lat="49.56413" lon="10.146774"><ele>309.25</ele></trkpt>
   <trkpt lat="49.564234" lon="10.146876"><ele>308.75</ele></trkpt>
   <trkpt lat="49.564462" lon="10.147103"><ele>307.75</ele></trkpt>
   <trkpt lat="49.564646" lon="10.147273"><ele>307.25</ele></trkpt>
   <trkpt lat="49.56475" lon="10.14729"><ele>307</ele></trkpt>
   <trkpt lat="49.564916" lon="10.147238"><ele>306.25</ele></trkpt>
   <trkpt lat="49.565041" lon="10.147164"><ele>306</ele></trkpt>
   <trkpt lat="49.565318" lon="10.146732"><ele>303.5</ele></trkpt>
   <trkpt lat="49.565563" lon="10.146382"><ele>302.75</ele></trkpt>
   <trkpt lat="49.565494" lon="10.146255"><ele>302.5</ele></trkpt>
   <trkpt lat="49.565425" lon="10.146018"><ele>302.25</ele></trkpt>
   <trkpt lat="49.565342" lon="10.14562"><ele>302</ele></trkpt>
   <trkpt lat="49.565316" lon="10.145416"><ele>302</ele></trkpt>
   <trkpt lat="49.565306" lon="10.145084"><ele>301.75</ele></trkpt>
   <trkpt lat="49.565266" lon="10.144547"><ele>302</ele></trkpt>
   <trkpt lat="49.565272" lon="10.144104"><ele>302.75</ele></trkpt>
   <trkpt lat="49.565306" lon="10.144025"><ele>302.25</ele></trkpt>
   <trkpt lat="49.565757" lon="10.143971"><ele>299.75</ele></trkpt>
   <trkpt lat="49.565964" lon="10.143961"><ele>298.5</ele></trkpt>
   <trkpt lat="49.566449" lon="10.144008"><ele>297</ele></trkpt>
   <trkpt lat="49.56694" lon="10.144071"><ele>296</ele></trkpt>
   <trkpt lat="49.567523" lon="10.144108"><ele>296</ele></trkpt>
   <trkpt lat="49.567643" lon="10.144114"><ele>296</ele></trkpt>
   <trkpt lat="49.567987" lon="10.144134"><ele>296</ele></trkpt>
   <trkpt lat="49.568502" lon="10.144241"><ele>296</ele></trkpt>
   <trkpt lat="49.568933" lon="10.144331"><ele>296</ele></trkpt>
   <trkpt lat="49.570195" lon="10.144464"><ele>297.5</ele></trkpt>
   <trkpt lat="49.570662" lon="10.144485"><ele>299.5</ele></trkpt>
   <trkpt lat="49.571142" lon="10.14447"><ele>303.25</ele></trkpt>
   <trkpt lat="49.571943" lon="10.144444"><ele>308.75</ele></trkpt>
   <trkpt lat="49.57244" lon="10.144353"><ele>313.75</ele></trkpt>
   <trkpt lat="49.573364" lon="10.144242"><ele>317.25</ele></trkpt>
   <trkpt lat="49.574322" lon="10.14412"><ele>320</ele></trkpt>
   <trkpt lat="49.575255" lon="10.144036"><ele>322.75</ele></trkpt>
   <trkpt lat="49.576369" lon="10.144038"><ele>325.75</ele></trkpt>
   <trkpt lat="49.576949" lon="10.144033"><ele>326.75</ele></trkpt>
   <trkpt lat="49.57745" lon="10.144071"><ele>327.75</ele></trkpt>
   <trkpt lat="49.578662" lon="10.144344"><ele>329</ele></trkpt>
   <trkpt lat="49.579251" lon="10.144495"><ele>329.75</ele></trkpt>
   <trkpt lat="49.580494" lon="10.144792"><ele>330.75</ele></trkpt>
   <trkpt lat="49.580998" lon="10.144852"><ele>331.75</ele></trkpt>
   <trkpt lat="49.581424" lon="10.144838"><ele>332.5</ele></trkpt>
   <trkpt lat="49.581772" lon="10.144771"><ele>333.25</ele></trkpt>
   <trkpt lat="49.582397" lon="10.144616"><ele>334</ele></trkpt>
   <trkpt lat="49.582686" lon="10.144501"><ele>334.5</ele></trkpt>
   <trkpt lat="49.582878" lon="10.144388"><ele>334.5</ele></trkpt>
   <trkpt lat="49.583095" lon="10.144217"><ele>334.5</ele></trkpt>
   <trkpt lat="49.583741" lon="10.143572"><ele>332.25</ele></trkpt>
   <trkpt lat="49.584018" lon="10.143374"><ele>330.25</ele></trkpt>
   <trkpt lat="49.584365" lon="10.143232"><ele>328.25</ele></trkpt>
   <trkpt lat="49.584726" lon="10.143092"><ele>325.75</ele></trkpt>
   <trkpt lat="49.58511" lon="10.142956"><ele>325</ele></trkpt>
   <trkpt lat="49.585251" lon="10.142892"><ele>324.5</ele></trkpt>
   <trkpt lat="49.585366" lon="10.142871"><ele>324</ele></trkpt>
   <trkpt lat="49.585586" lon="10.142803"><ele>323</ele></trkpt>
   <trkpt lat="49.585754" lon="10.142795"><ele>323</ele></trkpt>
   <trkpt lat="49.585932" lon="10.142867"><ele>323</ele></trkpt>
   <trkpt lat="49.586177" lon="10.143052"><ele>322.75</ele></trkpt>
   <trkpt lat="49.58638" lon="10.143111"><ele>322</ele></trkpt>
   <trkpt lat="49.586488" lon="10.143132"><ele>322.5</ele></trkpt>
   <trkpt lat="49.586988" lon="10.142886"><ele>323</ele></trkpt>
   <trkpt lat="49.587214" lon="10.142709"><ele>323.75</ele></trkpt>
   <trkpt lat="49.587328" lon="10.14263"><ele>324.5</ele></trkpt>
   <trkpt lat="49.587542" lon="10.142433"><ele>325.75</ele></trkpt>
   <trkpt lat="49.587766" lon="10.14216"><ele>325.5</ele></trkpt>
   <trkpt lat="49.587838" lon="10.142083"><ele>325.25</ele></trkpt>
   <trkpt lat="49.587942" lon="10.14198"><ele>325</ele></trkpt>
   <trkpt lat="49.588248" lon="10.141796"><ele>324.25</ele></trkpt>
   <trkpt lat="49.588397" lon="10.141726"><ele>323.75</ele></trkpt>
   <trkpt lat="49.588997" lon="10.141638"><ele>321.75</ele></trkpt>
   <trkpt lat="49.589669" lon="10.141519"><ele>319.5</ele></trkpt>
   <trkpt lat="49.590429" lon="10.141323"><ele>317.75</ele></trkpt>
   <trkpt lat="49.590678" lon="10.141197"><ele>317.25</ele></trkpt>
   <trkpt lat="49.590838" lon="10.141103"><ele>317.75</ele></trkpt>
   <trkpt lat="49.590935" lon="10.141023"><ele>317.5</ele></trkpt>
   <trkpt lat="49.591663" lon="10.140423"><ele>318</ele></trkpt>
   <trkpt lat="49.592396" lon="10.139977"><ele>319</ele></trkpt>
   <trkpt lat="49.593491" lon="10.139411"><ele>319</ele></trkpt>
   <trkpt lat="49.594167" lon="10.139025"><ele>320</ele></trkpt>
   <trkpt lat="49.594662" lon="10.138762"><ele>321</ele></trkpt>
   <trkpt lat="49.595068" lon="10.138522"><ele>321.25</ele></trkpt>
   <trkpt lat="49.595904" lon="10.138032"><ele>322</ele></trkpt>
   <trkpt lat="49.5963" lon="10.137764"><ele>322</ele></trkpt>
   <trkpt lat="49.596919" lon="10.137383"><ele>323</ele></trkpt>
   <trkpt lat="49.598032" lon="10.136867"><ele>323</ele></trkpt>
   <trkpt lat="49.599069" lon="10.136215"><ele>324</ele></trkpt>
   <trkpt lat="49.599334" lon="10.136087"><ele>324</ele></trkpt>
   <trkpt lat="49.599765" lon="10.135994"><ele>323.25</ele></trkpt>
   <trkpt lat="49.599767" lon="10.135843"><ele>322.5</ele></trkpt>
   <trkpt lat="49.599826" lon="10.135658"><ele>322.5</ele></trkpt>
   <trkpt lat="49.599803" lon="10.135587"><ele>323</ele></trkpt>
   <trkpt lat="49.600067" lon="10.134754"><ele>321.5</ele></trkpt>
   <trkpt lat="49.600252" lon="10.13419"><ele>319.25</ele></trkpt>
   <trkpt lat="49.600267" lon="10.134172"><ele>319</ele></trkpt>
   <trkpt lat="49.600483" lon="10.133928"><ele>319</ele></trkpt>
   <trkpt lat="49.600935" lon="10.133673"><ele>319</ele></trkpt>
   <trkpt lat="49.601763" lon="10.133579"><ele>321.25</ele></trkpt>
   <trkpt lat="49.602401" lon="10.133638"><ele>321.75</ele></trkpt>
   <trkpt lat="49.6028" lon="10.133948"><ele>321.75</ele></trkpt>
   <trkpt lat="49.603117" lon="10.134437"><ele>322</ele></trkpt>
   <trkpt lat="49.603135" lon="10.134971"><ele>320.25</ele></trkpt>
   <trkpt lat="49.60346" lon="10.134918"><ele>321.75</ele></trkpt>
   <trkpt lat="49.603466" lon="10.134991"><ele>321.5</ele></trkpt>
   <trkpt lat="49.603864" lon="10.134914"><ele>322.75</ele></trkpt>
   <trkpt lat="49.6043" lon="10.134766"><ele>323</ele></trkpt>
   <trkpt lat="49.604361" lon="10.13478"><ele>323</ele></trkpt>
   <trkpt lat="49.604488" lon="10.134773"><ele>322.75</ele></trkpt>
   <trkpt lat="49.604577" lon="10.134695"><ele>322.5</ele></trkpt>
   <trkpt lat="49.605052" lon="10.134145"><ele>322.75</ele></trkpt>
   <trkpt lat="49.605744" lon="10.133382"><ele>322</ele></trkpt>
   <trkpt lat="49.60609" lon="10.132986"><ele>322</ele></trkpt>
   <trkpt lat="49.607104" lon="10.131942"><ele>318.75</ele></trkpt>
   <trkpt lat="49.607261" lon="10.131801"><ele>318</ele></trkpt>
   <trkpt lat="49.607539" lon="10.13157"><ele>317</ele></trkpt>
   <trkpt lat="49.607844" lon="10.131229"><ele>317.75</ele></trkpt>
   <trkpt lat="49.608016" lon="10.130846"><ele>319.75</ele></trkpt>
   <trkpt lat="49.608475" lon="10.130335"><ele>320.5</ele></trkpt>
   <trkpt lat="49.60893" lon="10.129844"><ele>322</ele></trkpt>
   <trkpt lat="49.609277" lon="10.129671"><ele>322.5</ele></trkpt>
   <trkpt lat="49.609568" lon="10.12919"><ele>323.25</ele></trkpt>
   <trkpt lat="49.611438" lon="10.127103"><ele>323.75</ele></trkpt>
   <trkpt lat="49.613483" lon="10.124869"><ele>322.25</ele></trkpt>
   <trkpt lat="49.613643" lon="10.124762"><ele>321.75</ele></trkpt>
   <trkpt lat="49.614125" lon="10.12423"><ele>322</ele></trkpt>
   <trkpt lat="49.614258" lon="10.124099"><ele>322</ele></trkpt>
   <trkpt lat="49.615867" lon="10.122354"><ele>323.5</ele></trkpt>
   <trkpt lat="49.616836" lon="10.121277"><ele>325.75</ele></trkpt>
   <trkpt lat="49.6171" lon="10.120883"><ele>326.25</ele></trkpt>
   <trkpt lat="49.617686" lon="10.120268"><ele>327</ele></trkpt>
   <trkpt lat="49.618685" lon="10.119147"><ele>329</ele></trkpt>
   <trkpt lat="49.619697" lon="10.118059"><ele>329.75</ele></trkpt>
   <trkpt lat="49.619804" lon="10.117971"><ele>329.75</ele></trkpt>
   <trkpt lat="49.61992" lon="10.117905"><ele>329.5</ele></trkpt>
   <trkpt lat="49.620037" lon="10.117907"><ele>329.5</ele></trkpt>
   <trkpt lat="49.620075" lon="10.117929"><ele>329.25</ele></trkpt>
   <trkpt lat="49.620219" lon="10.118081"><ele>328.75</ele></trkpt>
   <trkpt lat="49.620254" lon="10.118102"><ele>328.75</ele></trkpt>
   <trkpt lat="49.620288" lon="10.118111"><ele>328.75</ele></trkpt>
   <trkpt lat="49.620321" lon="10.118097"><ele>328.75</ele></trkpt>
   <trkpt lat="49.62038" lon="10.117987"><ele>329</ele></trkpt>
   <trkpt lat="49.620389" lon="10.117968"><ele>329</ele></trkpt>
   <trkpt lat="49.620415" lon="10.117921"><ele>329</ele></trkpt>
   <trkpt lat="49.620489" lon="10.117782"><ele>329</ele></trkpt>
   <trkpt lat="49.62054" lon="10.117687"><ele>329.25</ele></trkpt>
   <trkpt lat="49.620475" lon="10.117557"><ele>329.75</ele></trkpt>
   <trkpt lat="49.620454" lon="10.117441"><ele>330</ele></trkpt>
   <trkpt lat="49.620454" lon="10.117333"><ele>330</ele></trkpt>
   <trkpt lat="49.6205" lon="10.117223"><ele>330</ele></trkpt>
   <trkpt lat="49.620544" lon="10.117148"><ele>330.25</ele></trkpt>
   <trkpt lat="49.621443" lon="10.116179"><ele>332</ele></trkpt>
   <trkpt lat="49.621689" lon="10.115947"><ele>332</ele></trkpt>
   <trkpt lat="49.623786" lon="10.114074"><ele>330.25</ele></trkpt>
   <trkpt lat="49.624883" lon="10.113106"><ele>329.75</ele></trkpt>
   <trkpt lat="49.626035" lon="10.112141"><ele>329</ele></trkpt>
   <trkpt lat="49.626854" lon="10.111331"><ele>328</ele></trkpt>
   <trkpt lat="49.627117" lon="10.11102"><ele>327.25</ele></trkpt>
   <trkpt lat="49.627602" lon="10.110335"><ele>326.5</ele></trkpt>
   <trkpt lat="49.62794" lon="10.109803"><ele>326</ele></trkpt>
   <trkpt lat="49.629768" lon="10.106895"><ele>319.75</ele></trkpt>
   <trkpt lat="49.631491" lon="10.109297"><ele>311.25</ele></trkpt>
   <trkpt lat="49.632496" lon="10.107697"><ele>308</ele></trkpt>
   <trkpt lat="49.633896" lon="10.106686"><ele>302.75</ele></trkpt>
   <trkpt lat="49.633939" lon="10.106644"><ele>302.75</ele></trkpt>
   <trkpt lat="49.636784" lon="10.103003"><ele>293.5</ele></trkpt>
   <trkpt lat="49.636852" lon="10.102916"><ele>293.25</ele></trkpt>
   <trkpt lat="49.639023" lon="10.101502"><ele>287.25</ele></trkpt>
   <trkpt lat="49.639668" lon="10.100996"><ele>285</ele></trkpt>
   <trkpt lat="49.639756" lon="10.100902"><ele>285</ele></trkpt>
   <trkpt lat="49.639858" lon="10.100747"><ele>285.25</ele></trkpt>
   <trkpt lat="49.639921" lon="10.100564"><ele>285</ele></trkpt>
   <trkpt lat="49.639949" lon="10.100317"><ele>284.25</ele></trkpt>
   <trkpt lat="49.639982" lon="10.09961"><ele>283.5</ele></trkpt>
   <trkpt lat="49.640099" lon="10.096658"><ele>276.75</ele></trkpt>
   <trkpt lat="49.64016" lon="10.094855"><ele>272.5</ele></trkpt>
   <trkpt lat="49.640211" lon="10.093973"><ele>270.5</ele></trkpt>
   <trkpt lat="49.640245" lon="10.093751"><ele>270</ele></trkpt>
   <trkpt lat="49.640298" lon="10.093556"><ele>269.75</ele></trkpt>
   <trkpt lat="49.64038" lon="10.093378"><ele>269.5</ele></trkpt>
   <trkpt lat="49.640569" lon="10.09307"><ele>268</ele></trkpt>
   <trkpt lat="49.640869" lon="10.092629"><ele>266.25</ele></trkpt>
   <trkpt lat="49.641235" lon="10.092169"><ele>265.5</ele></trkpt>
   <trkpt lat="49.641435" lon="10.09198"><ele>264.75</ele></trkpt>
   <trkpt lat="49.641716" lon="10.091792"><ele>264.25</ele></trkpt>
   <trkpt lat="49.641905" lon="10.091726"><ele>264</ele></trkpt>
   <trkpt lat="49.642228" lon="10.091654"><ele>263</ele></trkpt>
   <trkpt lat="49.643438" lon="10.091153"><ele>262</ele></trkpt>
   <trkpt lat="49.643714" lon="10.090827"><ele>261</ele></trkpt>
   <trkpt lat="49.643117" lon="10.087473"><ele>271.5</ele></trkpt>
   <trkpt lat="49.644436" lon="10.085227"><ele>265</ele></trkpt>
   <trkpt lat="49.64497" lon="10.084625"><ele>264</ele></trkpt>
   <trkpt lat="49.645592" lon="10.0839"><ele>262</ele></trkpt>
   <trkpt lat="49.646102" lon="10.083166"><ele>258.25</ele></trkpt>
   <trkpt lat="49.646467" lon="10.082582"><ele>252.5</ele></trkpt>
   <trkpt lat="49.646518" lon="10.082477"><ele>251.25</ele></trkpt>
   <trkpt lat="49.646532" lon="10.082412"><ele>250.5</ele></trkpt>
   <trkpt lat="49.646531" lon="10.082353"><ele>249.75</ele></trkpt>
   <trkpt lat="49.646511" lon="10.082293"><ele>249.25</ele></trkpt>
   <trkpt lat="49.646402" lon="10.08207"><ele>248</ele></trkpt>
   <trkpt lat="49.646068" lon="10.081525"><ele>245.75</ele></trkpt>
   <trkpt lat="49.646049" lon="10.081494"><ele>245.5</ele></trkpt>
   <trkpt lat="49.646007" lon="10.081417"><ele>244.75</ele></trkpt>
   <trkpt lat="49.646157" lon="10.081263"><ele>244.5</ele></trkpt>
   <trkpt lat="49.646422" lon="10.08101"><ele>244.5</ele></trkpt>
   <trkpt lat="49.646707" lon="10.080753"><ele>244.75</ele></trkpt>
   <trkpt lat="49.646858" lon="10.080592"><ele>245.25</ele></trkpt>
   <trkpt lat="49.647134" lon="10.080361"><ele>247.5</ele></trkpt>
   <trkpt lat="49.647434" lon="10.080133"><ele>249.25</ele></trkpt>
   <trkpt lat="49.648039" lon="10.079716"><ele>252.75</ele></trkpt>
   <trkpt lat="49.648231" lon="10.079591"><ele>254.75</ele></trkpt>
   <trkpt lat="49.648521" lon="10.079425"><ele>255.75</ele></trkpt>
   <trkpt lat="49.649061" lon="10.079133"><ele>258.5</ele></trkpt>
   <trkpt lat="49.64978" lon="10.078708"><ele>261.25</ele></trkpt>
   <trkpt lat="49.650268" lon="10.078374"><ele>260.5</ele></trkpt>
   <trkpt lat="49.65074" lon="10.077999"><ele>262</ele></trkpt>
   <trkpt lat="49.651293" lon="10.077445"><ele>261.25</ele></trkpt>
   <trkpt lat="49.651422" lon="10.077291"><ele>260.25</ele></trkpt>
   <trkpt lat="49.651535" lon="10.077173"><ele>260.5</ele></trkpt>
   <trkpt lat="49.651708" lon="10.077087"><ele>259.5</ele></trkpt>
   <trkpt lat="49.651854" lon="10.077073"><ele>259.25</ele></trkpt>
   <trkpt lat="49.652043" lon="10.077154"><ele>260</ele></trkpt>
   <trkpt lat="49.65218" lon="10.077281"><ele>261.75</ele></trkpt>
   <trkpt lat="49.652295" lon="10.077339"><ele>262.5</ele></trkpt>
   <trkpt lat="49.652404" lon="10.077366"><ele>263</ele></trkpt>
   <trkpt lat="49.652515" lon="10.077354"><ele>263</ele></trkpt>
   <trkpt lat="49.652694" lon="10.077243"><ele>262.75</ele></trkpt>
   <trkpt lat="49.652883" lon="10.077089"><ele>263</ele></trkpt>
   <trkpt lat="49.653779" lon="10.076722"><ele>261</ele></trkpt>
   <trkpt lat="49.654201" lon="10.076391"><ele>257</ele></trkpt>
   <trkpt lat="49.654323" lon="10.07626"><ele>256.25</ele></trkpt>
   <trkpt lat="49.654505" lon="10.07592"><ele>254.25</ele></trkpt>
   <trkpt lat="49.655365" lon="10.074195"><ele>243.75</ele></trkpt>
   <trkpt lat="49.655472" lon="10.073969"><ele>242</ele></trkpt>
   <trkpt lat="49.6555" lon="10.0739"><ele>241.25</ele></trkpt>
   <trkpt lat="49.655581" lon="10.073739"><ele>240.75</ele></trkpt>
   <trkpt lat="49.655718" lon="10.073577"><ele>239.25</ele></trkpt>
   <trkpt lat="49.656229" lon="10.073083"><ele>234</ele></trkpt>
   <trkpt lat="49.656443" lon="10.072934"><ele>233.25</ele></trkpt>
   <trkpt lat="49.656924" lon="10.072549"><ele>227</ele></trkpt>
   <trkpt lat="49.65702" lon="10.072472"><ele>225.25</ele></trkpt>
   <trkpt lat="49.657774" lon="10.072153"><ele>218.75</ele></trkpt>
   <trkpt lat="49.658527" lon="10.07185"><ele>213.25</ele></trkpt>
   <trkpt lat="49.659059" lon="10.071688"><ele>208.75</ele></trkpt>
   <trkpt lat="49.65947" lon="10.071542"><ele>207</ele></trkpt>
   <trkpt lat="49.659478" lon="10.071401"><ele>205</ele></trkpt>
   <trkpt lat="49.659788" lon="10.071273"><ele>203.5</ele></trkpt>
   <trkpt lat="49.659922" lon="10.071214"><ele>202.75</ele></trkpt>
   <trkpt lat="49.660131" lon="10.071109"><ele>201.5</ele></trkpt>
   <trkpt lat="49.660399" lon="10.070988"><ele>201</ele></trkpt>
   <trkpt lat="49.660595" lon="10.070888"><ele>199.75</ele></trkpt>
   <trkpt lat="49.660907" lon="10.070709"><ele>199</ele></trkpt>
   <trkpt lat="49.66116" lon="10.070528"><ele>196.75</ele></trkpt>
   <trkpt lat="49.661306" lon="10.070396"><ele>196.5</ele></trkpt>
   <trkpt lat="49.661479" lon="10.070185"><ele>195.25</ele></trkpt>
   <trkpt lat="49.661601" lon="10.070048"><ele>194.25</ele></trkpt>
   <trkpt lat="49.661695" lon="10.069926"><ele>194</ele></trkpt>
   <trkpt lat="49.661863" lon="10.069691"><ele>193.5</ele></trkpt>
   <trkpt lat="49.661972" lon="10.069549"><ele>192.75</ele></trkpt>
   <trkpt lat="49.662187" lon="10.069262"><ele>191.75</ele></trkpt>
   <trkpt lat="49.662345" lon="10.069051"><ele>191.5</ele></trkpt>
   <trkpt lat="49.662586" lon="10.068777"><ele>190.25</ele></trkpt>
   <trkpt lat="49.662968" lon="10.068425"><ele>187.75</ele></trkpt>
   <trkpt lat="49.663068" lon="10.068348"><ele>186</ele></trkpt>
   <trkpt lat="49.66322" lon="10.068241"><ele>186.5</ele></trkpt>
   <trkpt lat="49.663351" lon="10.068153"><ele>186.5</ele></trkpt>
   <trkpt lat="49.663588" lon="10.068035"><ele>187</ele></trkpt>
   <trkpt lat="49.663764" lon="10.067953"><ele>188.5</ele></trkpt>
   <trkpt lat="49.664302" lon="10.06777"><ele>185.5</ele></trkpt>
   <trkpt lat="49.664458" lon="10.067715"><ele>185.25</ele></trkpt>
   <trkpt lat="49.664702" lon="10.067648"><ele>185</ele></trkpt>
   <trkpt lat="49.664788" lon="10.067626"><ele>184.75</ele></trkpt>
   <trkpt lat="49.664865" lon="10.067601"><ele>184.25</ele></trkpt>
   <trkpt lat="49.666069" lon="10.067248"><ele>180</ele></trkpt>
   <trkpt lat="49.668155" lon="10.066621"><ele>177.5</ele></trkpt>
   <trkpt lat="49.668262" lon="10.066591"><ele>179.5</ele></trkpt>
   <trkpt lat="49.668374" lon="10.066529"><ele>180.75</ele></trkpt>
   <trkpt lat="49.668437" lon="10.066445"><ele>181</ele></trkpt>
   <trkpt lat="49.668493" lon="10.066349"><ele>181.5</ele></trkpt>
   <trkpt lat="49.668545" lon="10.066174"><ele>181.25</ele></trkpt>
   <trkpt lat="49.668565" lon="10.065921"><ele>181</ele></trkpt>
   <trkpt lat="49.668564" lon="10.065845"><ele>181</ele></trkpt>
   <trkpt lat="49.668552" lon="10.06557"><ele>180</ele></trkpt>
   <trkpt lat="49.668508" lon="10.064602"><ele>179.25</ele></trkpt>
   <trkpt lat="49.668509" lon="10.064401"><ele>179.25</ele></trkpt>
   <trkpt lat="49.668519" lon="10.064233"><ele>180</ele></trkpt>
   <trkpt lat="49.668533" lon="10.064061"><ele>180.25</ele></trkpt>
   <trkpt lat="49.66856" lon="10.063883"><ele>180.5</ele></trkpt>
   <trkpt lat="49.668505" lon="10.063739"><ele>180.25</ele></trkpt>
   <trkpt lat="49.66846" lon="10.063579"><ele>180.25</ele></trkpt>
   <trkpt lat="49.668446" lon="10.06352"><ele>179.75</ele></trkpt>
   <trkpt lat="49.668436" lon="10.063467"><ele>179.25</ele></trkpt>
   <trkpt lat="49.668428" lon="10.063412"><ele>178.75</ele></trkpt>
   <trkpt lat="49.668417" lon="10.063304"><ele>178</ele></trkpt>
   <trkpt lat="49.668414" lon="10.062909"><ele>178.5</ele></trkpt>
   <trkpt lat="49.6684" lon="10.062766"><ele>178.25</ele></trkpt>
   <trkpt lat="49.668366" lon="10.062629"><ele>178.25</ele></trkpt>
   <trkpt lat="49.668337" lon="10.06254"><ele>178</ele></trkpt>
   <trkpt lat="49.668325" lon="10.062503"><ele>177.75</ele></trkpt>
   <trkpt lat="49.668308" lon="10.062363"><ele>177.75</ele></trkpt>
   <trkpt lat="49.668323" lon="10.061774"><ele>177.75</ele></trkpt>
   <trkpt lat="49.668399" lon="10.060664"><ele>177</ele></trkpt>
   <trkpt lat="49.668483" lon="10.059745"><ele>176.5</ele></trkpt>
   <trkpt lat="49.668551" lon="10.058997"><ele>176.75</ele></trkpt>
   <trkpt lat="49.668631" lon="10.05851"><ele>177</ele></trkpt>
   <trkpt lat="49.668597" lon="10.05825"><ele>176.75</ele></trkpt>
   <trkpt lat="49.668727" lon="10.057207"><ele>176.75</ele></trkpt>
   <trkpt lat="49.669309" lon="10.055138"><ele>176.75</ele></trkpt>
   <trkpt lat="49.669421" lon="10.054711"><ele>176.75</ele></trkpt>
   <trkpt lat="49.669503" lon="10.054452"><ele>176.25</ele></trkpt>
   <trkpt lat="49.66957" lon="10.053939"><ele>176.75</ele></trkpt>
   <trkpt lat="49.669846" lon="10.052743"><ele>175.75</ele></trkpt>
   <trkpt lat="49.669999" lon="10.052282"><ele>176</ele></trkpt>
   <trkpt lat="49.67039" lon="10.051438"><ele>176.5</ele></trkpt>
   <trkpt lat="49.670453" lon="10.051345"><ele>176.5</ele></trkpt>
   <trkpt lat="49.670969" lon="10.050584"><ele>176</ele></trkpt>
   <trkpt lat="49.671628" lon="10.049565"><ele>176.5</ele></trkpt>
   <trkpt lat="49.671946" lon="10.049114"><ele>176.75</ele></trkpt>
   <trkpt lat="49.672174" lon="10.048783"><ele>176.75</ele></trkpt>
   <trkpt lat="49.672626" lon="10.048127"><ele>177</ele></trkpt>
   <trkpt lat="49.673085" lon="10.047465"><ele>177</ele></trkpt>
   <trkpt lat="49.674899" lon="10.044278"><ele>177</ele></trkpt>
   <trkpt lat="49.675301" lon="10.043561"><ele>177.5</ele></trkpt>
   <trkpt lat="49.675506" lon="10.04328"><ele>177.25</ele></trkpt>
   <trkpt lat="49.675661" lon="10.043105"><ele>177.25</ele></trkpt>
   <trkpt lat="49.675693" lon="10.043058"><ele>177.25</ele></trkpt>
   <trkpt lat="49.675801" lon="10.042681"><ele>176.25</ele></trkpt>
   <trkpt lat="49.675977" lon="10.042302"><ele>176</ele></trkpt>
   <trkpt lat="49.676188" lon="10.041915"><ele>176</ele></trkpt>
   <trkpt lat="49.676522" lon="10.041349"><ele>176.75</ele></trkpt>
   <trkpt lat="49.677071" lon="10.04055"><ele>176.75</ele></trkpt>
   <trkpt lat="49.677198" lon="10.040456"><ele>177</ele></trkpt>
   <trkpt lat="49.677374" lon="10.040421"><ele>177</ele></trkpt>
   <trkpt lat="49.677465" lon="10.04037"><ele>177</ele></trkpt>
   <trkpt lat="49.677545" lon="10.04024"><ele>177</ele></trkpt>
   <trkpt lat="49.677582" lon="10.040042"><ele>177</ele></trkpt>
   <trkpt lat="49.677625" lon="10.039861"><ele>176.5</ele></trkpt>
   <trkpt lat="49.677711" lon="10.039591"><ele>176.5</ele></trkpt>
   <trkpt lat="49.677866" lon="10.039325"><ele>176.5</ele></trkpt>
   <trkpt lat="49.678041" lon="10.039097"><ele>176.75</ele></trkpt>
   <trkpt lat="49.678669" lon="10.038431"><ele>176.75</ele></trkpt>
   <trkpt lat="49.679583" lon="10.0374"><ele>175.25</ele></trkpt>
   <trkpt lat="49.680164" lon="10.036727"><ele>175.5</ele></trkpt>
   <trkpt lat="49.680803" lon="10.035971"><ele>177</ele></trkpt>
   <trkpt lat="49.681006" lon="10.035785"><ele>176.5</ele></trkpt>
   <trkpt lat="49.681209" lon="10.035564"><ele>177.25</ele></trkpt>
   <trkpt lat="49.682032" lon="10.034454"><ele>176.5</ele></trkpt>
   <trkpt lat="49.68259" lon="10.033659"><ele>177</ele></trkpt>
   <trkpt lat="49.683086" lon="10.032892"><ele>176.5</ele></trkpt>
   <trkpt lat="49.683368" lon="10.03244"><ele>176</ele></trkpt>
   <trkpt lat="49.683896" lon="10.031474"><ele>175</ele></trkpt>
   <trkpt lat="49.68436" lon="10.030676"><ele>174.75</ele></trkpt>
   <trkpt lat="49.684625" lon="10.030325"><ele>174.75</ele></trkpt>
   <trkpt lat="49.685829" lon="10.028796"><ele>175.5</ele></trkpt>
   <trkpt lat="49.68626" lon="10.028175"><ele>174.5</ele></trkpt>
   <trkpt lat="49.686608" lon="10.027701"><ele>175</ele></trkpt>
   <trkpt lat="49.686954" lon="10.027304"><ele>174.5</ele></trkpt>
   <trkpt lat="49.68733" lon="10.02693"><ele>175.25</ele></trkpt>
   <trkpt lat="49.687429" lon="10.026813"><ele>175</ele></trkpt>
   <trkpt lat="49.687767" lon="10.026351"><ele>174.75</ele></trkpt>
   <trkpt lat="49.688276" lon="10.025725"><ele>174.75</ele></trkpt>
   <trkpt lat="49.68858" lon="10.025368"><ele>175</ele></trkpt>
   <trkpt lat="49.689038" lon="10.024891"><ele>174.75</ele></trkpt>
   <trkpt lat="49.689138" lon="10.02477"><ele>174.75</ele></trkpt>
   <trkpt lat="49.689357" lon="10.024513"><ele>174.75</ele></trkpt>
   <trkpt lat="49.689442" lon="10.024395"><ele>174.5</ele></trkpt>
   <trkpt lat="49.689845" lon="10.023734"><ele>174</ele></trkpt>
   <trkpt lat="49.689989" lon="10.023514"><ele>174.5</ele></trkpt>
   <trkpt lat="49.690085" lon="10.023386"><ele>174.25</ele></trkpt>
   <trkpt lat="49.69021" lon="10.023257"><ele>174.25</ele></trkpt>
   <trkpt lat="49.690343" lon="10.023157"><ele>174.5</ele></trkpt>
   <trkpt lat="49.690682" lon="10.02293"><ele>174.5</ele></trkpt>
   <trkpt lat="49.690958" lon="10.022772"><ele>174.75</ele></trkpt>
   <trkpt lat="49.691461" lon="10.022552"><ele>175</ele></trkpt>
   <trkpt lat="49.691757" lon="10.022442"><ele>174.5</ele></trkpt>
   <trkpt lat="49.692115" lon="10.022339"><ele>174.75</ele></trkpt>
   <trkpt lat="49.692738" lon="10.022206"><ele>174.75</ele></trkpt>
   <trkpt lat="49.69292" lon="10.022189"><ele>174.5</ele></trkpt>
   <trkpt lat="49.693089" lon="10.022196"><ele>174.75</ele></trkpt>
   <trkpt lat="49.693584" lon="10.022319"><ele>175.25</ele></trkpt>
   <trkpt lat="49.693768" lon="10.022349"><ele>175.25</ele></trkpt>
   <trkpt lat="49.694328" lon="10.022381"><ele>175</ele></trkpt>
   <trkpt lat="49.694527" lon="10.022396"><ele>175.25</ele></trkpt>
   <trkpt lat="49.694935" lon="10.022448"><ele>175.25</ele></trkpt>
   <trkpt lat="49.695435" lon="10.022555"><ele>175</ele></trkpt>
   <trkpt lat="49.696211" lon="10.022601"><ele>174.5</ele></trkpt>
   <trkpt lat="49.696722" lon="10.022634"><ele>174.25</ele></trkpt>
   <trkpt lat="49.697139" lon="10.022658"><ele>174.75</ele></trkpt>
   <trkpt lat="49.69734" lon="10.022653"><ele>174.75</ele></trkpt>
   <trkpt lat="49.698217" lon="10.022606"><ele>174.25</ele></trkpt>
   <trkpt lat="49.700092" lon="10.022463"><ele>174.5</ele></trkpt>
   <trkpt lat="49.700198" lon="10.022462"><ele>174.5</ele></trkpt>
   <trkpt lat="49.700337" lon="10.022479"><ele>174.75</ele></trkpt>
   <trkpt lat="49.700544" lon="10.022523"><ele>175</ele></trkpt>
   <trkpt lat="49.700869" lon="10.022557"><ele>175</ele></trkpt>
   <trkpt lat="49.701293" lon="10.022576"><ele>175</ele></trkpt>
   <trkpt lat="49.701668" lon="10.022572"><ele>175.25</ele></trkpt>
   <trkpt lat="49.702382" lon="10.022534"><ele>175</ele></trkpt>
   <trkpt lat="49.702742" lon="10.022489"><ele>174.75</ele></trkpt>
   <trkpt lat="49.702929" lon="10.02243"><ele>175</ele></trkpt>
   <trkpt lat="49.703256" lon="10.022263"><ele>174.75</ele></trkpt>
   <trkpt lat="49.703363" lon="10.022209"><ele>174.75</ele></trkpt>
   <trkpt lat="49.703556" lon="10.022129"><ele>174.5</ele></trkpt>
   <trkpt lat="49.703683" lon="10.022102"><ele>174.5</ele></trkpt>
   <trkpt lat="49.703793" lon="10.022092"><ele>174.75</ele></trkpt>
   <trkpt lat="49.703955" lon="10.022053"><ele>175</ele></trkpt>
   <trkpt lat="49.704518" lon="10.02181"><ele>175.25</ele></trkpt>
   <trkpt lat="49.704622" lon="10.021778"><ele>175.25</ele></trkpt>
   <trkpt lat="49.704665" lon="10.02178"><ele>175.5</ele></trkpt>
   <trkpt lat="49.704705" lon="10.021798"><ele>175.75</ele></trkpt>
   <trkpt lat="49.704746" lon="10.021796"><ele>175.75</ele></trkpt>
   <trkpt lat="49.704786" lon="10.02178"><ele>175.75</ele></trkpt>
   <trkpt lat="49.705022" lon="10.021608"><ele>175.75</ele></trkpt>
   <trkpt lat="49.705289" lon="10.021466"><ele>175.5</ele></trkpt>
   <trkpt lat="49.705487" lon="10.021371"><ele>174.75</ele></trkpt>
   <trkpt lat="49.706508" lon="10.020899"><ele>174.5</ele></trkpt>
   <trkpt lat="49.7068" lon="10.020774"><ele>174.25</ele></trkpt>
   <trkpt lat="49.707094" lon="10.020636"><ele>174.75</ele></trkpt>
   <trkpt lat="49.707342" lon="10.020429"><ele>174.25</ele></trkpt>
   <trkpt lat="49.707419" lon="10.020373"><ele>174</ele></trkpt>
   <trkpt lat="49.707515" lon="10.020339"><ele>174</ele></trkpt>
   <trkpt lat="49.707765" lon="10.020295"><ele>174</ele></trkpt>
   <trkpt lat="49.708133" lon="10.020144"><ele>173.5</ele></trkpt>
   <trkpt lat="49.708249" lon="10.020132"><ele>173.25</ele></trkpt>
   <trkpt lat="49.708738" lon="10.020329"><ele>174</ele></trkpt>
   <trkpt lat="49.708975" lon="10.020326"><ele>174</ele></trkpt>
   <trkpt lat="49.709509" lon="10.02027"><ele>173.75</ele></trkpt>
   <trkpt lat="49.709828" lon="10.020227"><ele>174</ele></trkpt>
   <trkpt lat="49.710118" lon="10.020141"><ele>174.75</ele></trkpt>
   <trkpt lat="49.710852" lon="10.019835"><ele>174.75</ele></trkpt>
   <trkpt lat="49.711006" lon="10.019753"><ele>174.75</ele></trkpt>
   <trkpt lat="49.711395" lon="10.019472"><ele>175.25</ele></trkpt>
   <trkpt lat="49.71186" lon="10.019088"><ele>175.75</ele></trkpt>
   <trkpt lat="49.71208" lon="10.018874"><ele>175.75</ele></trkpt>
   <trkpt lat="49.7125" lon="10.018413"><ele>175.75</ele></trkpt>
   <trkpt lat="49.712582" lon="10.018308"><ele>175.75</ele></trkpt>
   <trkpt lat="49.712892" lon="10.01786"><ele>174.75</ele></trkpt>
   <trkpt lat="49.71336" lon="10.017304"><ele>175.5</ele></trkpt>
   <trkpt lat="49.713622" lon="10.016931"><ele>175.75</ele></trkpt>
   <trkpt lat="49.714284" lon="10.015855"><ele>176.25</ele></trkpt>
   <trkpt lat="49.714785" lon="10.015099"><ele>176.25</ele></trkpt>
   <trkpt lat="49.716178" lon="10.012812"><ele>174.25</ele></trkpt>
   <trkpt lat="49.717144" lon="10.011262"><ele>174.75</ele></trkpt>
   <trkpt lat="49.717996" lon="10.009787"><ele>175</ele></trkpt>
   <trkpt lat="49.718168" lon="10.009462"><ele>175.25</ele></trkpt>
   <trkpt lat="49.718252" lon="10.009272"><ele>175</ele></trkpt>
   <trkpt lat="49.718306" lon="10.009114"><ele>174.75</ele></trkpt>
   <trkpt lat="49.718382" lon="10.008816"><ele>175</ele></trkpt>
   <trkpt lat="49.718445" lon="10.008506"><ele>174.25</ele></trkpt>
   <trkpt lat="49.718489" lon="10.008028"><ele>173.5</ele></trkpt>
   <trkpt lat="49.718577" lon="10.006184"><ele>173.75</ele></trkpt>
   <trkpt lat="49.718638" lon="10.005512"><ele>173</ele></trkpt>
   <trkpt lat="49.718729" lon="10.005244"><ele>173.25</ele></trkpt>
   <trkpt lat="49.718811" lon="10.004949"><ele>173.5</ele></trkpt>
   <trkpt lat="49.718886" lon="10.004709"><ele>173</ele></trkpt>
   <trkpt lat="49.719093" lon="10.004266"><ele>173.25</ele></trkpt>
   <trkpt lat="49.719524" lon="10.003299"><ele>173.5</ele></trkpt>
   <trkpt lat="49.719647" lon="10.003068"><ele>173.75</ele></trkpt>
   <trkpt lat="49.719724" lon="10.00287"><ele>174</ele></trkpt>
   <trkpt lat="49.719823" lon="10.002681"><ele>174</ele></trkpt>
   <trkpt lat="49.719882" lon="10.002588"><ele>173.75</ele></trkpt>
   <trkpt lat="49.720046" lon="10.002409"><ele>174</ele></trkpt>
   <trkpt lat="49.720176" lon="10.002254"><ele>174.5</ele></trkpt>
   <trkpt lat="49.720209" lon="10.002201"><ele>174.5</ele></trkpt>
   <trkpt lat="49.720233" lon="10.002135"><ele>174.5</ele></trkpt>
   <trkpt lat="49.720262" lon="10.002036"><ele>174.25</ele></trkpt>
   <trkpt lat="49.720324" lon="10.001863"><ele>173.75</ele></trkpt>
   <trkpt lat="49.720478" lon="10.001513"><ele>174</ele></trkpt>
   <trkpt lat="49.720651" lon="10.001006"><ele>173.25</ele></trkpt>
   <trkpt lat="49.720703" lon="10.000923"><ele>173.5</ele></trkpt>
   <trkpt lat="49.720746" lon="10.000877"><ele>173.5</ele></trkpt>
   <trkpt lat="49.720855" lon="10.000811"><ele>174</ele></trkpt>
   <trkpt lat="49.72091" lon="10.000758"><ele>174.25</ele></trkpt>
   <trkpt lat="49.72106" lon="10.000535"><ele>174.5</ele></trkpt>
   <trkpt lat="49.721144" lon="10.000374"><ele>174.5</ele></trkpt>
   <trkpt lat="49.72145" lon="9.999626"><ele>174.75</ele></trkpt>
   <trkpt lat="49.721675" lon="9.999052"><ele>174.5</ele></trkpt>
   <trkpt lat="49.721832" lon="9.998648"><ele>174.5</ele></trkpt>
   <trkpt lat="49.72185" lon="9.998465"><ele>174</ele></trkpt>
   <trkpt lat="49.721911" lon="9.998341"><ele>173.75</ele></trkpt>
   <trkpt lat="49.72197" lon="9.998257"><ele>174</ele></trkpt>
   <trkpt lat="49.722191" lon="9.998056"><ele>174.75</ele></trkpt>
   <trkpt lat="49.722494" lon="9.997584"><ele>175.25</ele></trkpt>
   <trkpt lat="49.722859" lon="9.997037"><ele>175.25</ele></trkpt>
   <trkpt lat="49.723368" lon="9.996359"><ele>175</ele></trkpt>
   <trkpt lat="49.7236" lon="9.99607"><ele>175.75</ele></trkpt>
   <trkpt lat="49.723758" lon="9.995848"><ele>175.25</ele></trkpt>
   <trkpt lat="49.723844" lon="9.995693"><ele>175.25</ele></trkpt>
   <trkpt lat="49.723917" lon="9.99554"><ele>175</ele></trkpt>
   <trkpt lat="49.723947" lon="9.995482"><ele>175</ele></trkpt>
   <trkpt lat="49.723979" lon="9.995373"><ele>175</ele></trkpt>
   <trkpt lat="49.724033" lon="9.99532"><ele>175</ele></trkpt>
   <trkpt lat="49.724069" lon="9.995304"><ele>175</ele></trkpt>
   <trkpt lat="49.724137" lon="9.995297"><ele>175</ele></trkpt>
   <trkpt lat="49.724249" lon="9.99525"><ele>175.25</ele></trkpt>
   <trkpt lat="49.724401" lon="9.995133"><ele>175.25</ele></trkpt>
   <trkpt lat="49.724576" lon="9.994979"><ele>175.25</ele></trkpt>
   <trkpt lat="49.724657" lon="9.994943"><ele>175.5</ele></trkpt>
   <trkpt lat="49.724686" lon="9.994922"><ele>175.5</ele></trkpt>
   <trkpt lat="49.725009" lon="9.994589"><ele>175</ele></trkpt>
   <trkpt lat="49.725234" lon="9.99438"><ele>174.5</ele></trkpt>
   <trkpt lat="49.7254" lon="9.994241"><ele>174.25</ele></trkpt>
   <trkpt lat="49.725566" lon="9.994123"><ele>173.75</ele></trkpt>
   <trkpt lat="49.725594" lon="9.994096"><ele>173.75</ele></trkpt>
   <trkpt lat="49.725584" lon="9.994034"><ele>173.5</ele></trkpt>
   <trkpt lat="49.72557" lon="9.993979"><ele>173.25</ele></trkpt>
   <trkpt lat="49.725556" lon="9.99387"><ele>173</ele></trkpt>
   <trkpt lat="49.725554" lon="9.993808"><ele>173.25</ele></trkpt>
   <trkpt lat="49.725564" lon="9.993752"><ele>173.5</ele></trkpt>
   <trkpt lat="49.725585" lon="9.993699"><ele>173.5</ele></trkpt>
   <trkpt lat="49.726028" lon="9.992866"><ele>173</ele></trkpt>
   <trkpt lat="49.726295" lon="9.992392"><ele>173.25</ele></trkpt>
   <trkpt lat="49.726431" lon="9.992185"><ele>173.75</ele></trkpt>
   <trkpt lat="49.726612" lon="9.991937"><ele>173</ele></trkpt>
   <trkpt lat="49.726739" lon="9.991735"><ele>173.5</ele></trkpt>
   <trkpt lat="49.726942" lon="9.991381"><ele>173.75</ele></trkpt>
   <trkpt lat="49.727032" lon="9.991255"><ele>173.5</ele></trkpt>
   <trkpt lat="49.727123" lon="9.991145"><ele>173.25</ele></trkpt>
   <trkpt lat="49.727413" lon="9.990815"><ele>173</ele></trkpt>
   <trkpt lat="49.727907" lon="9.9903"><ele>173</ele></trkpt>
   <trkpt lat="49.728449" lon="9.9898"><ele>173</ele></trkpt>
   <trkpt lat="49.729071" lon="9.989364"><ele>173</ele></trkpt>
   <trkpt lat="49.729274" lon="9.989244"><ele>173</ele></trkpt>
   <trkpt lat="49.730071" lon="9.988886"><ele>173</ele></trkpt>
   <trkpt lat="49.73057" lon="9.988691"><ele>173.25</ele></trkpt>
   <trkpt lat="49.731467" lon="9.988376"><ele>173</ele></trkpt>
   <trkpt lat="49.731765" lon="9.988233"><ele>173</ele></trkpt>
   <trkpt lat="49.732784" lon="9.98769"><ele>172.75</ele></trkpt>
   <trkpt lat="49.733723" lon="9.987253"><ele>174</ele></trkpt>
   <trkpt lat="49.734057" lon="9.987128"><ele>173.75</ele></trkpt>
   <trkpt lat="49.734534" lon="9.98691"><ele>173.5</ele></trkpt>
   <trkpt lat="49.734755" lon="9.986806"><ele>173</ele></trkpt>
   <trkpt lat="49.735064" lon="9.986686"><ele>173</ele></trkpt>
   <trkpt lat="49.73549" lon="9.986711"><ele>173</ele></trkpt>
   <trkpt lat="49.735958" lon="9.986755"><ele>173</ele></trkpt>
   <trkpt lat="49.736873" lon="9.987013"><ele>173</ele></trkpt>
   <trkpt lat="49.737038" lon="9.987086"><ele>173.5</ele></trkpt>
   <trkpt lat="49.737379" lon="9.987281"><ele>174</ele></trkpt>
   <trkpt lat="49.737709" lon="9.987468"><ele>173.75</ele></trkpt>
   <trkpt lat="49.73793" lon="9.987547"><ele>173.5</ele></trkpt>
   <trkpt lat="49.738401" lon="9.987633"><ele>173</ele></trkpt>
   <trkpt lat="49.738548" lon="9.987642"><ele>173</ele></trkpt>
   <trkpt lat="49.738973" lon="9.987585"><ele>173</ele></trkpt>
   <trkpt lat="49.739476" lon="9.987425"><ele>173</ele></trkpt>
   <trkpt lat="49.739804" lon="9.987402"><ele>172.75</ele></trkpt>
   <trkpt lat="49.740043" lon="9.987416"><ele>173</ele></trkpt>
   <trkpt lat="49.740284" lon="9.987449"><ele>173</ele></trkpt>
   <trkpt lat="49.741018" lon="9.987592"><ele>173</ele></trkpt>
   <trkpt lat="49.741267" lon="9.987613"><ele>173</ele></trkpt>
   <trkpt lat="49.741552" lon="9.98762"><ele>173</ele></trkpt>
   <trkpt lat="49.741733" lon="9.987651"><ele>173</ele></trkpt>
   <trkpt lat="49.742198" lon="9.987727"><ele>173</ele></trkpt>
   <trkpt lat="49.742521" lon="9.987756"><ele>173</ele></trkpt>
   <trkpt lat="49.743019" lon="9.987736"><ele>173</ele></trkpt>
   <trkpt lat="49.74312" lon="9.987724"><ele>173</ele></trkpt>
   <trkpt lat="49.743666" lon="9.987738"><ele>173</ele></trkpt>
   <trkpt lat="49.744019" lon="9.987695"><ele>173</ele></trkpt>
   <trkpt lat="49.744196" lon="9.987691"><ele>173</ele></trkpt>
   <trkpt lat="49.74507" lon="9.987806"><ele>173</ele></trkpt>
   <trkpt lat="49.745174" lon="9.987827"><ele>173</ele></trkpt>
   <trkpt lat="49.74548" lon="9.987844"><ele>173</ele></trkpt>
   <trkpt lat="49.746065" lon="9.987797"><ele>173</ele></trkpt>
   <trkpt lat="49.746535" lon="9.987748"><ele>173</ele></trkpt>
   <trkpt lat="49.746896" lon="9.987696"><ele>173</ele></trkpt>
   <trkpt lat="49.747954" lon="9.987482"><ele>173</ele></trkpt>
   <trkpt lat="49.748265" lon="9.987398"><ele>173.25</ele></trkpt>
   <trkpt lat="49.748444" lon="9.987338"><ele>173.25</ele></trkpt>
   <trkpt lat="49.748985" lon="9.987087"><ele>173</ele></trkpt>
   <trkpt lat="49.749193" lon="9.986993"><ele>173</ele></trkpt>
   <trkpt lat="49.749606" lon="9.986834"><ele>173</ele></trkpt>
   <trkpt lat="49.749952" lon="9.986649"><ele>173</ele></trkpt>
   <trkpt lat="49.750417" lon="9.986336"><ele>172.75</ele></trkpt>
   <trkpt lat="49.750741" lon="9.986081"><ele>172.25</ele></trkpt>
   <trkpt lat="49.750888" lon="9.985944"><ele>172.5</ele></trkpt>
   <trkpt lat="49.751072" lon="9.985756"><ele>173</ele></trkpt>
   <trkpt lat="49.751356" lon="9.985397"><ele>172.75</ele></trkpt>
   <trkpt lat="49.751475" lon="9.985278"><ele>172.5</ele></trkpt>
   <trkpt lat="49.75155" lon="9.985184"><ele>172.25</ele></trkpt>
   <trkpt lat="49.751834" lon="9.984697"><ele>172</ele></trkpt>
   <trkpt lat="49.751903" lon="9.984595"><ele>172</ele></trkpt>
   <trkpt lat="49.752081" lon="9.98437"><ele>172.25</ele></trkpt>
   <trkpt lat="49.752114" lon="9.984309"><ele>172.5</ele></trkpt>
   <trkpt lat="49.752138" lon="9.984237"><ele>172.5</ele></trkpt>
   <trkpt lat="49.75216" lon="9.984136"><ele>172.75</ele></trkpt>
   <trkpt lat="49.75222" lon="9.983948"><ele>172.75</ele></trkpt>
   <trkpt lat="49.752253" lon="9.983892"><ele>172.75</ele></trkpt>
   <trkpt lat="49.752337" lon="9.983791"><ele>172.5</ele></trkpt>
   <trkpt lat="49.753028" lon="9.983158"><ele>172</ele></trkpt>
   <trkpt lat="49.753853" lon="9.982479"><ele>172</ele></trkpt>
   <trkpt lat="49.753909" lon="9.982435"><ele>172.25</ele></trkpt>
   <trkpt lat="49.753961" lon="9.982416"><ele>172.25</ele></trkpt>
   <trkpt lat="49.754009" lon="9.982406"><ele>172.25</ele></trkpt>
   <trkpt lat="49.754115" lon="9.982392"><ele>172.5</ele></trkpt>
   <trkpt lat="49.754183" lon="9.982348"><ele>172.25</ele></trkpt>
   <trkpt lat="49.754228" lon="9.982298"><ele>172.25</ele></trkpt>
   <trkpt lat="49.75426" lon="9.982165"><ele>172</ele></trkpt>
   <trkpt lat="49.754419" lon="9.981988"><ele>172</ele></trkpt>
   <trkpt lat="49.755154" lon="9.981449"><ele>171.75</ele></trkpt>
   <trkpt lat="49.755186" lon="9.981384"><ele>172</ele></trkpt>
   <trkpt lat="49.755358" lon="9.98127"><ele>171.75</ele></trkpt>
   <trkpt lat="49.756089" lon="9.980734"><ele>171.5</ele></trkpt>
   <trkpt lat="49.756358" lon="9.980549"><ele>171.75</ele></trkpt>
   <trkpt lat="49.756859" lon="9.98014"><ele>171.75</ele></trkpt>
   <trkpt lat="49.757001" lon="9.980072"><ele>171.5</ele></trkpt>
   <trkpt lat="49.757158" lon="9.98005"><ele>171.25</ele></trkpt>
   <trkpt lat="49.757279" lon="9.980306"><ele>172.75</ele></trkpt>
   <trkpt lat="49.757406" lon="9.980532"><ele>172.75</ele></trkpt>
   <trkpt lat="49.75745" lon="9.980597"><ele>173</ele></trkpt>
   <trkpt lat="49.757779" lon="9.981138"><ele>173</ele></trkpt>
   <trkpt lat="49.757919" lon="9.981336"><ele>173.75</ele></trkpt>
   <trkpt lat="49.757971" lon="9.981249"><ele>173.75</ele></trkpt>
   <trkpt lat="49.758029" lon="9.981154"><ele>173.75</ele></trkpt>
   <trkpt lat="49.758156" lon="9.981246"><ele>174</ele></trkpt>
   <trkpt lat="49.758409" lon="9.98152"><ele>173.75</ele></trkpt>
   <trkpt lat="49.758537" lon="9.981689"><ele>174</ele></trkpt>
   <trkpt lat="49.758629" lon="9.981791"><ele>174</ele></trkpt>
   <trkpt lat="49.758675" lon="9.981819"><ele>174</ele></trkpt>
   <trkpt lat="49.758978" lon="9.981857"><ele>174.5</ele></trkpt>
   <trkpt lat="49.759053" lon="9.981891"><ele>174.75</ele></trkpt>
   <trkpt lat="49.759104" lon="9.981941"><ele>174.75</ele></trkpt>
   <trkpt lat="49.759115" lon="9.981952"><ele>175</ele></trkpt>
   <trkpt lat="49.759413" lon="9.982235"><ele>174</ele></trkpt>
   <trkpt lat="49.759422" lon="9.982244"><ele>174</ele></trkpt>
   <trkpt lat="49.759802" lon="9.98256"><ele>175</ele></trkpt>
   <trkpt lat="49.759895" lon="9.982702"><ele>175</ele></trkpt>
   <trkpt lat="49.759947" lon="9.982848"><ele>175</ele></trkpt>
   <trkpt lat="49.759986" lon="9.98301"><ele>175</ele></trkpt>
   <trkpt lat="49.76001" lon="9.983182"><ele>175</ele></trkpt>
   <trkpt lat="49.760037" lon="9.983549"><ele>175</ele></trkpt>
   <trkpt lat="49.760056" lon="9.983625"><ele>175</ele></trkpt>
   <trkpt lat="49.760169" lon="9.98409"><ele>176.25</ele></trkpt>
   <trkpt lat="49.760313" lon="9.984522"><ele>176.25</ele></trkpt>
   <trkpt lat="49.760375" lon="9.984756"><ele>177.25</ele></trkpt>
   <trkpt lat="49.760395" lon="9.984856"><ele>177.75</ele></trkpt>
   <trkpt lat="49.760418" lon="9.985004"><ele>178.5</ele></trkpt>
   <trkpt lat="49.760503" lon="9.985576"><ele>178</ele></trkpt>
   <trkpt lat="49.760605" lon="9.986074"><ele>178.5</ele></trkpt>
   <trkpt lat="49.760682" lon="9.986404"><ele>179.25</ele></trkpt>
   <trkpt lat="49.760792" lon="9.986874"><ele>179.25</ele></trkpt>
   <trkpt lat="49.760867" lon="9.987153"><ele>179.25</ele></trkpt>
   <trkpt lat="49.760931" lon="9.987373"><ele>179.5</ele></trkpt>
   <trkpt lat="49.760987" lon="9.987636"><ele>180</ele></trkpt>
   <trkpt lat="49.761072" lon="9.98821"><ele>179.75</ele></trkpt>
   <trkpt lat="49.761132" lon="9.988516"><ele>180</ele></trkpt>
   <trkpt lat="49.761178" lon="9.988685"><ele>180.25</ele></trkpt>
   <trkpt lat="49.761233" lon="9.988826"><ele>180.5</ele></trkpt>
   <trkpt lat="49.761301" lon="9.988947"><ele>180.5</ele></trkpt>
   <trkpt lat="49.761489" lon="9.989175"><ele>180.25</ele></trkpt>
   <trkpt lat="49.761695" lon="9.989386"><ele>180.25</ele></trkpt>
   <trkpt lat="49.76173" lon="9.989411"><ele>180.25</ele></trkpt>
   <trkpt lat="49.761794" lon="9.989455"><ele>180.25</ele></trkpt>
   <trkpt lat="49.761959" lon="9.989506"><ele>181</ele></trkpt>
   <trkpt lat="49.762099" lon="9.989529"><ele>181.25</ele></trkpt>
   <trkpt lat="49.762466" lon="9.989681"><ele>182</ele></trkpt>
   <trkpt lat="49.76264" lon="9.989744"><ele>182</ele></trkpt>
   <trkpt lat="49.762786" lon="9.98976"><ele>182</ele></trkpt>
   <trkpt lat="49.762856" lon="9.989754"><ele>182</ele></trkpt>
   <trkpt lat="49.76296" lon="9.989719"><ele>182</ele></trkpt>
   <trkpt lat="49.763352" lon="9.989485"><ele>182</ele></trkpt>
   <trkpt lat="49.763468" lon="9.98943"><ele>182.25</ele></trkpt>
   <trkpt lat="49.763599" lon="9.989405"><ele>182.5</ele></trkpt>
   <trkpt lat="49.763729" lon="9.98942"><ele>182.25</ele></trkpt>
   <trkpt lat="49.764024" lon="9.989495"><ele>182.5</ele></trkpt>
   <trkpt lat="49.764282" lon="9.989613"><ele>183.5</ele></trkpt>
   <trkpt lat="49.764875" lon="9.989978"><ele>183.5</ele></trkpt>
   <trkpt lat="49.765551" lon="9.9904"><ele>184.5</ele></trkpt>
   <trkpt lat="49.765641" lon="9.990478"><ele>184.75</ele></trkpt>
   <trkpt lat="49.765762" lon="9.99061"><ele>185.25</ele></trkpt>
   <trkpt lat="49.765838" lon="9.990711"><ele>185.25</ele></trkpt>
   <trkpt lat="49.766107" lon="9.991066"><ele>186</ele></trkpt>
   <trkpt lat="49.766277" lon="9.991263"><ele>186.75</ele></trkpt>
   <trkpt lat="49.766448" lon="9.991435"><ele>187.25</ele></trkpt>
   <trkpt lat="49.766634" lon="9.991585"><ele>187.25</ele></trkpt>
   <trkpt lat="49.766697" lon="9.991624"><ele>187.25</ele></trkpt>
   <trkpt lat="49.766824" lon="9.991685"><ele>187.5</ele></trkpt>
   <trkpt lat="49.767145" lon="9.991791"><ele>188</ele></trkpt>
   <trkpt lat="49.767243" lon="9.991831"><ele>188</ele></trkpt>
   <trkpt lat="49.767313" lon="9.991871"><ele>188.25</ele></trkpt>
   <trkpt lat="49.767371" lon="9.991919"><ele>188.5</ele></trkpt>
   <trkpt lat="49.767422" lon="9.99197"><ele>188.5</ele></trkpt>
   <trkpt lat="49.76753" lon="9.99212"><ele>188.75</ele></trkpt>
   <trkpt lat="49.767631" lon="9.992292"><ele>189.5</ele></trkpt>
   <trkpt lat="49.767703" lon="9.992441"><ele>190</ele></trkpt>
   <trkpt lat="49.767856" lon="9.992787"><ele>191.5</ele></trkpt>
   <trkpt lat="49.767878" lon="9.992829"><ele>191.5</ele></trkpt>
   <trkpt lat="49.767958" lon="9.992958"><ele>191.75</ele></trkpt>
   <trkpt lat="49.76806" lon="9.993102"><ele>192</ele></trkpt>
   <trkpt lat="49.768222" lon="9.993268"><ele>193</ele></trkpt>
   <trkpt lat="49.768452" lon="9.993435"><ele>192.5</ele></trkpt>
   <trkpt lat="49.768593" lon="9.993501"><ele>192.75</ele></trkpt>
   <trkpt lat="49.768755" lon="9.993557"><ele>192.75</ele></trkpt>
   <trkpt lat="49.769004" lon="9.993612"><ele>192</ele></trkpt>
   <trkpt lat="49.769155" lon="9.993618"><ele>192</ele></trkpt>
   <trkpt lat="49.769327" lon="9.993595"><ele>192.75</ele></trkpt>
   <trkpt lat="49.76946" lon="9.993597"><ele>193</ele></trkpt>
   <trkpt lat="49.769641" lon="9.993634"><ele>193</ele></trkpt>
   <trkpt lat="49.769845" lon="9.9937"><ele>193.25</ele></trkpt>
   <trkpt lat="49.770064" lon="9.993791"><ele>193.25</ele></trkpt>
   <trkpt lat="49.770262" lon="9.993881"><ele>193</ele></trkpt>
   <trkpt lat="49.770556" lon="9.994057"><ele>193.25</ele></trkpt>
   <trkpt lat="49.770709" lon="9.994183"><ele>193.5</ele></trkpt>
   <trkpt lat="49.770871" lon="9.994301"><ele>194</ele></trkpt>
   <trkpt lat="49.771003" lon="9.994372"><ele>194</ele></trkpt>
   <trkpt lat="49.771116" lon="9.994413"><ele>194</ele></trkpt>
   <trkpt lat="49.771262" lon="9.994444"><ele>194</ele></trkpt>
   <trkpt lat="49.771683" lon="9.994458"><ele>194</ele></trkpt>
   <trkpt lat="49.771862" lon="9.994477"><ele>194.75</ele></trkpt>
   <trkpt lat="49.772045" lon="9.994547"><ele>195</ele></trkpt>
   <trkpt lat="49.772372" lon="9.994803"><ele>195</ele></trkpt>
   <trkpt lat="49.773242" lon="9.99558"><ele>196.25</ele></trkpt>
   <trkpt lat="49.773331" lon="9.99565"><ele>196.5</ele></trkpt>
   <trkpt lat="49.773418" lon="9.995694"><ele>196.5</ele></trkpt>
   <trkpt lat="49.773526" lon="9.995731"><ele>196.5</ele></trkpt>
   <trkpt lat="49.773656" lon="9.995763"><ele>196.5</ele></trkpt>
   <trkpt lat="49.773808" lon="9.995787"><ele>196.25</ele></trkpt>
   <trkpt lat="49.773934" lon="9.99579"><ele>196.25</ele></trkpt>
   <trkpt lat="49.77405" lon="9.995779"><ele>196.75</ele></trkpt>
   <trkpt lat="49.77415" lon="9.995756"><ele>197.25</ele></trkpt>
   <trkpt lat="49.774416" lon="9.995658"><ele>198.25</ele></trkpt>
   <trkpt lat="49.774571" lon="9.995593"><ele>198.75</ele></trkpt>
   <trkpt lat="49.774709" lon="9.995553"><ele>199</ele></trkpt>
   <trkpt lat="49.774908" lon="9.99552"><ele>199</ele></trkpt>
   <trkpt lat="49.775111" lon="9.995508"><ele>199.25</ele></trkpt>
   <trkpt lat="49.775275" lon="9.995518"><ele>199.75</ele></trkpt>
   <trkpt lat="49.776019" lon="9.995627"><ele>202.75</ele></trkpt>
   <trkpt lat="49.776325" lon="9.99571"><ele>203.5</ele></trkpt>
   <trkpt lat="49.77653" lon="9.995781"><ele>203.75</ele></trkpt>
   <trkpt lat="49.776786" lon="9.995892"><ele>204</ele></trkpt>
   <trkpt lat="49.776899" lon="9.995932"><ele>204</ele></trkpt>
   <trkpt lat="49.776943" lon="9.995923"><ele>203.5</ele></trkpt>
   <trkpt lat="49.776988" lon="9.995897"><ele>203</ele></trkpt>
   <trkpt lat="49.777008" lon="9.995881"><ele>202.75</ele></trkpt>
   <trkpt lat="49.777177" lon="9.995721"><ele>202.75</ele></trkpt>
   <trkpt lat="49.777331" lon="9.995556"><ele>204.25</ele></trkpt>
   <trkpt lat="49.777403" lon="9.995481"><ele>204.5</ele></trkpt>
   <trkpt lat="49.777535" lon="9.995343"><ele>205.75</ele></trkpt>
   <trkpt lat="49.777602" lon="9.995273"><ele>207.5</ele></trkpt>
   <trkpt lat="49.777727" lon="9.995117"><ele>209.75</ele></trkpt>
   <trkpt lat="49.777873" lon="9.994907"><ele>210</ele></trkpt>
   <trkpt lat="49.777922" lon="9.994837"><ele>210.5</ele></trkpt>
   <trkpt lat="49.777991" lon="9.994714"><ele>210.5</ele></trkpt>
   <trkpt lat="49.77804" lon="9.994541"><ele>210.75</ele></trkpt>
   <trkpt lat="49.778049" lon="9.994447"><ele>211</ele></trkpt>
   <trkpt lat="49.778058" lon="9.994344"><ele>210.75</ele></trkpt>
   <trkpt lat="49.77809" lon="9.994346"><ele>210.75</ele></trkpt>
   <trkpt lat="49.778296" lon="9.994355"><ele>209.25</ele></trkpt>
   <trkpt lat="49.778408" lon="9.994318"><ele>208.5</ele></trkpt>
   <trkpt lat="49.778578" lon="9.994236"><ele>207.75</ele></trkpt>
   <trkpt lat="49.778738" lon="9.994187"><ele>207.75</ele></trkpt>
   <trkpt lat="49.77889" lon="9.994159"><ele>207.75</ele></trkpt>
   <trkpt lat="49.778998" lon="9.994185"><ele>207.5</ele></trkpt>
   <trkpt lat="49.779101" lon="9.994221"><ele>207</ele></trkpt>
   <trkpt lat="49.779474" lon="9.994455"><ele>206.75</ele></trkpt>
   <trkpt lat="49.779738" lon="9.99467"><ele>206</ele></trkpt>
   <trkpt lat="49.77996" lon="9.994934"><ele>206.5</ele></trkpt>
   <trkpt lat="49.779972" lon="9.994943"><ele>206.25</ele></trkpt>
   <trkpt lat="49.780096" lon="9.995024"><ele>206.25</ele></trkpt>
   <trkpt lat="49.78015" lon="9.995074"><ele>206.5</ele></trkpt>
   <trkpt lat="49.780195" lon="9.995133"><ele>206.5</ele></trkpt>
   <trkpt lat="49.780238" lon="9.995203"><ele>206.75</ele></trkpt>
   <trkpt lat="49.780333" lon="9.99542"><ele>207.75</ele></trkpt>
   <trkpt lat="49.780396" lon="9.995528"><ele>208</ele></trkpt>
   <trkpt lat="49.780499" lon="9.995644"><ele>207.75</ele></trkpt>
   <trkpt lat="49.780634" lon="9.995743"><ele>208</ele></trkpt>
   <trkpt lat="49.780654" lon="9.99575"><ele>208</ele></trkpt>
   <trkpt lat="49.780797" lon="9.9958"><ele>208.25</ele></trkpt>
   <trkpt lat="49.780971" lon="9.995811"><ele>208</ele></trkpt>
   <trkpt lat="49.781125" lon="9.995769"><ele>208.25</ele></trkpt>
   <trkpt lat="49.781263" lon="9.995698"><ele>209</ele></trkpt>
   <trkpt lat="49.781429" lon="9.995569"><ele>208.25</ele></trkpt>
   <trkpt lat="49.781614" lon="9.995397"><ele>208.75</ele></trkpt>
   <trkpt lat="49.781781" lon="9.995222"><ele>208.75</ele></trkpt>
   <trkpt lat="49.781903" lon="9.995137"><ele>208.75</ele></trkpt>
   <trkpt lat="49.782035" lon="9.995086"><ele>208.75</ele></trkpt>
   <trkpt lat="49.782177" lon="9.995076"><ele>209</ele></trkpt>
   <trkpt lat="49.782339" lon="9.995097"><ele>209.25</ele></trkpt>
   <trkpt lat="49.78246" lon="9.995148"><ele>209.25</ele></trkpt>
   <trkpt lat="49.782557" lon="9.995219"><ele>210</ele></trkpt>
   <trkpt lat="49.782654" lon="9.995361"><ele>211</ele></trkpt>
   <trkpt lat="49.782747" lon="9.995537"><ele>210.25</ele></trkpt>
   <trkpt lat="49.782856" lon="9.995793"><ele>210.25</ele></trkpt>
   <trkpt lat="49.78292" lon="9.996019"><ele>211</ele></trkpt>
   <trkpt lat="49.782964" lon="9.996279"><ele>211.5</ele></trkpt>
   <trkpt lat="49.782972" lon="9.996351"><ele>211.5</ele></trkpt>
   <trkpt lat="49.783002" lon="9.996917"><ele>211.25</ele></trkpt>
   <trkpt lat="49.783027" lon="9.99726"><ele>210.75</ele></trkpt>
   <trkpt lat="49.783053" lon="9.997518"><ele>210</ele></trkpt>
   <trkpt lat="49.783136" lon="9.997803"><ele>211</ele></trkpt>
   <trkpt lat="49.783201" lon="9.997953"><ele>212.25</ele></trkpt>
   <trkpt lat="49.783269" lon="9.998066"><ele>212.25</ele></trkpt>
   <trkpt lat="49.783366" lon="9.998164"><ele>212</ele></trkpt>
   <trkpt lat="49.78348" lon="9.998209"><ele>212</ele></trkpt>
   <trkpt lat="49.783729" lon="9.998265"><ele>212.25</ele></trkpt>
   <trkpt lat="49.783744" lon="9.998503"><ele>214.5</ele></trkpt>
   <trkpt lat="49.783751" lon="9.998571"><ele>215</ele></trkpt>
   <trkpt lat="49.783903" lon="9.998546"><ele>214.5</ele></trkpt>
   <trkpt lat="49.784002" lon="9.998494"><ele>214.75</ele></trkpt>
   <trkpt lat="49.784128" lon="9.998424"><ele>214.75</ele></trkpt>
   <trkpt lat="49.784376" lon="9.998283"><ele>214.75</ele></trkpt>
   <trkpt lat="49.784555" lon="9.998185"><ele>214.5</ele></trkpt>
   <trkpt lat="49.784907" lon="9.998067"><ele>213.75</ele></trkpt>
   <trkpt lat="49.785191" lon="9.998015"><ele>214.25</ele></trkpt>
   <trkpt lat="49.785496" lon="9.997976"><ele>215.5</ele></trkpt>
   <trkpt lat="49.785749" lon="9.997892"><ele>215.5</ele></trkpt>
   <trkpt lat="49.785997" lon="9.997798"><ele>215.5</ele></trkpt>
   <trkpt lat="49.786215" lon="9.997666"><ele>216.5</ele></trkpt>
   <trkpt lat="49.786355" lon="9.997522"><ele>216</ele></trkpt>
   <trkpt lat="49.786507" lon="9.997326"><ele>216.25</ele></trkpt>
   <trkpt lat="49.78664" lon="9.997117"><ele>216</ele></trkpt>
   <trkpt lat="49.786926" lon="9.996612"><ele>216.25</ele></trkpt>
   <trkpt lat="49.786997" lon="9.9965"><ele>216</ele></trkpt>
   <trkpt lat="49.787039" lon="9.996463"><ele>216</ele></trkpt>
   <trkpt lat="49.787093" lon="9.996439"><ele>216.25</ele></trkpt>
   <trkpt lat="49.787118" lon="9.996442"><ele>216.5</ele></trkpt>
   <trkpt lat="49.787151" lon="9.996457"><ele>216.75</ele></trkpt>
   <trkpt lat="49.787184" lon="9.996476"><ele>217</ele></trkpt>
   <trkpt lat="49.78721" lon="9.996498"><ele>217.25</ele></trkpt>
   <trkpt lat="49.787346" lon="9.996708"><ele>218.5</ele></trkpt>
   <trkpt lat="49.787413" lon="9.996795"><ele>218.5</ele></trkpt>
   <trkpt lat="49.787449" lon="9.996836"><ele>217.75</ele></trkpt>
   <trkpt lat="49.787513" lon="9.996832"><ele>217</ele></trkpt>
   <trkpt lat="49.787576" lon="9.996828"><ele>217.25</ele></trkpt>
   <trkpt lat="49.787587" lon="9.996885"><ele>216.75</ele></trkpt>
   <trkpt lat="49.78759" lon="9.99726"><ele>216.25</ele></trkpt>
   <trkpt lat="49.78762" lon="9.997738"><ele>216.25</ele></trkpt>
   <trkpt lat="49.787686" lon="9.998429"><ele>217.75</ele></trkpt>
   <trkpt lat="49.787709" lon="9.998514"><ele>217.5</ele></trkpt>
   <trkpt lat="49.787746" lon="9.998625"><ele>217</ele></trkpt>
   <trkpt lat="49.787794" lon="9.998697"><ele>217</ele></trkpt>
   <trkpt lat="49.787866" lon="9.998762"><ele>217.25</ele></trkpt>
   <trkpt lat="49.787939" lon="9.998816"><ele>217.25</ele></trkpt>
   <trkpt lat="49.788034" lon="9.998854"><ele>217</ele></trkpt>
   <trkpt lat="49.788186" lon="9.998884"><ele>217.25</ele></trkpt>
   <trkpt lat="49.788226" lon="9.998899"><ele>217.5</ele></trkpt>
   <trkpt lat="49.788256" lon="9.998934"><ele>218</ele></trkpt>
   <trkpt lat="49.788253" lon="9.999033"><ele>218.75</ele></trkpt>
   <trkpt lat="49.788108" lon="9.999529"><ele>218</ele></trkpt>
   <trkpt lat="49.788058" lon="9.999798"><ele>217.25</ele></trkpt>
   <trkpt lat="49.788006" lon="10.00005"><ele>218.25</ele></trkpt>
   <trkpt lat="49.787846" lon="10.000708"><ele>218.5</ele></trkpt>
   <trkpt lat="49.787687" lon="10.001265"><ele>219.5</ele></trkpt>
   <trkpt lat="49.787402" lon="10.002373"><ele>220</ele></trkpt>
   <trkpt lat="49.787364" lon="10.002566"><ele>220.75</ele></trkpt>
   <trkpt lat="49.787296" lon="10.003045"><ele>222</ele></trkpt>
   <trkpt lat="49.78721" lon="10.003515"><ele>224.25</ele></trkpt>
   <trkpt lat="49.787179" lon="10.003639"><ele>225</ele></trkpt>
   <trkpt lat="49.787133" lon="10.003802"><ele>225.75</ele></trkpt>
   <trkpt lat="49.786955" lon="10.004313"><ele>226</ele></trkpt>
   <trkpt lat="49.786847" lon="10.004674"><ele>223.25</ele></trkpt>
   <trkpt lat="49.786642" lon="10.005425"><ele>220.75</ele></trkpt>
   <trkpt lat="49.786605" lon="10.005581"><ele>221.5</ele></trkpt>
   <trkpt lat="49.786475" lon="10.006125"><ele>221.5</ele></trkpt>
   <trkpt lat="49.786466" lon="10.006202"><ele>221.5</ele></trkpt>
   <trkpt lat="49.786473" lon="10.006333"><ele>222</ele></trkpt>
   <trkpt lat="49.786489" lon="10.006369"><ele>222.75</ele></trkpt>
   <trkpt lat="49.786943" lon="10.006675"><ele>219</ele></trkpt>
   <trkpt lat="49.787313" lon="10.006913"><ele>222.25</ele></trkpt>
   <trkpt lat="49.787337" lon="10.006938"><ele>222.5</ele></trkpt>
   <trkpt lat="49.787353" lon="10.00699"><ele>222.75</ele></trkpt>
   <trkpt lat="49.787356" lon="10.007049"><ele>222.5</ele></trkpt>
   <trkpt lat="49.787347" lon="10.00712"><ele>222.25</ele></trkpt>
   <trkpt lat="49.787302" lon="10.007307"><ele>221.5</ele></trkpt>
   <trkpt lat="49.78723" lon="10.007541"><ele>220.75</ele></trkpt>
   <trkpt lat="49.786948" lon="10.008353"><ele>221.25</ele></trkpt>
   <trkpt lat="49.786885" lon="10.008555"><ele>223.75</ele></trkpt>
   <trkpt lat="49.786641" lon="10.009444"><ele>221.25</ele></trkpt>
   <trkpt lat="49.786604" lon="10.009625"><ele>222</ele></trkpt>
   <trkpt lat="49.786571" lon="10.009874"><ele>222</ele></trkpt>
   <trkpt lat="49.786539" lon="10.01022"><ele>221</ele></trkpt>
   <trkpt lat="49.78644" lon="10.011131"><ele>221</ele></trkpt>
   <trkpt lat="49.786416" lon="10.011259"><ele>221</ele></trkpt>
   <trkpt lat="49.786358" lon="10.011227"><ele>221</ele></trkpt>
   <trkpt lat="49.786305" lon="10.011201"><ele>221.25</ele></trkpt>
   <trkpt lat="49.786164" lon="10.011129"><ele>221.75</ele></trkpt>
   <trkpt lat="49.786078" lon="10.01146"><ele>222.25</ele></trkpt>
   <trkpt lat="49.785979" lon="10.01189"><ele>223.25</ele></trkpt>
   <trkpt lat="49.785807" lon="10.012571"><ele>222.25</ele></trkpt>
   <trkpt lat="49.785615" lon="10.013199"><ele>225</ele></trkpt>
   <trkpt lat="49.785575" lon="10.013363"><ele>225.75</ele></trkpt>
   <trkpt lat="49.785423" lon="10.014164"><ele>228</ele></trkpt>
   <trkpt lat="49.785242" lon="10.01482"><ele>226</ele></trkpt>
   <trkpt lat="49.785165" lon="10.015178"><ele>225</ele></trkpt>
   <trkpt lat="49.784998" lon="10.016002"><ele>224</ele></trkpt>
   <trkpt lat="49.784813" lon="10.017113"><ele>226.75</ele></trkpt>
   <trkpt lat="49.784746" lon="10.017655"><ele>225.5</ele></trkpt>
   <trkpt lat="49.784728" lon="10.017994"><ele>226.5</ele></trkpt>
   <trkpt lat="49.784718" lon="10.018396"><ele>228</ele></trkpt>
   <trkpt lat="49.784654" lon="10.019444"><ele>227</ele></trkpt>
   <trkpt lat="49.784647" lon="10.019709"><ele>227.25</ele></trkpt>
   <trkpt lat="49.784651" lon="10.019826"><ele>227.25</ele></trkpt>
   <trkpt lat="49.784667" lon="10.01996"><ele>227</ele></trkpt>
   <trkpt lat="49.784708" lon="10.020126"><ele>227</ele></trkpt>
   <trkpt lat="49.784758" lon="10.02026"><ele>227</ele></trkpt>
   <trkpt lat="49.78481" lon="10.020344"><ele>228</ele></trkpt>
   <trkpt lat="49.784816" lon="10.02042"><ele>228.5</ele></trkpt>
   <trkpt lat="49.784801" lon="10.020488"><ele>228.75</ele></trkpt>
   <trkpt lat="49.784751" lon="10.020618"><ele>228</ele></trkpt>
   <trkpt lat="49.784737" lon="10.020684"><ele>227.75</ele></trkpt>
   <trkpt lat="49.784733" lon="10.020792"><ele>228.25</ele></trkpt>
   <trkpt lat="49.784815" lon="10.021476"><ele>231</ele></trkpt>
   <trkpt lat="49.78487" lon="10.02185"><ele>231.25</ele></trkpt>
   <trkpt lat="49.784927" lon="10.022175"><ele>230.5</ele></trkpt>
   <trkpt lat="49.785025" lon="10.022552"><ele>229.25</ele></trkpt>
   <trkpt lat="49.785139" lon="10.02287"><ele>230.25</ele></trkpt>
   <trkpt lat="49.785209" lon="10.022997"><ele>230.5</ele></trkpt>
   <trkpt lat="49.785285" lon="10.023405"><ele>230</ele></trkpt>
   <trkpt lat="49.785357" lon="10.023841"><ele>229</ele></trkpt>
   <trkpt lat="49.785451" lon="10.024487"><ele>230.25</ele></trkpt>
   <trkpt lat="49.785586" lon="10.025702"><ele>231</ele></trkpt>
   <trkpt lat="49.78563" lon="10.026071"><ele>231.25</ele></trkpt>
   <trkpt lat="49.785682" lon="10.026385"><ele>231.5</ele></trkpt>
   <trkpt lat="49.785791" lon="10.026865"><ele>231.75</ele></trkpt>
   <trkpt lat="49.785841" lon="10.02699"><ele>231</ele></trkpt>
   <trkpt lat="49.785975" lon="10.027206"><ele>232.25</ele></trkpt>
   <trkpt lat="49.786185" lon="10.027434"><ele>232.5</ele></trkpt>
   <trkpt lat="49.786334" lon="10.027581"><ele>233.25</ele></trkpt>
   <trkpt lat="49.786669" lon="10.027873"><ele>233.5</ele></trkpt>
   <trkpt lat="49.786693" lon="10.027905"><ele>233.5</ele></trkpt>
   <trkpt lat="49.786725" lon="10.02797"><ele>233.5</ele></trkpt>
   <trkpt lat="49.786706" lon="10.027992"><ele>233.25</ele></trkpt>
   <trkpt lat="49.78669" lon="10.02801"><ele>233</ele></trkpt>
   <trkpt lat="49.786664" lon="10.028053"><ele>233</ele></trkpt>
   <trkpt lat="49.786506" lon="10.028678"><ele>237.75</ele></trkpt>
   <trkpt lat="49.786477" lon="10.028795"><ele>236.75</ele></trkpt>
   <trkpt lat="49.786467" lon="10.028923"><ele>236</ele></trkpt>
   <trkpt lat="49.786487" lon="10.029023"><ele>235.75</ele></trkpt>
   <trkpt lat="49.786574" lon="10.029188"><ele>235</ele></trkpt>
   <trkpt lat="49.786573" lon="10.02931"><ele>235.5</ele></trkpt>
   <trkpt lat="49.786523" lon="10.029393"><ele>235.75</ele></trkpt>
   <trkpt lat="49.786263" lon="10.029686"><ele>236</ele></trkpt>
   <trkpt lat="49.786368" lon="10.029922"><ele>236</ele></trkpt>
   <trkpt lat="49.786496" lon="10.03019"><ele>237.25</ele></trkpt>
   <trkpt lat="49.786575" lon="10.030334"><ele>237.25</ele></trkpt>
   <trkpt lat="49.786678" lon="10.030492"><ele>237.5</ele></trkpt>
   <trkpt lat="49.786839" lon="10.030682"><ele>238</ele></trkpt>
   <trkpt lat="49.787206" lon="10.03095"><ele>238.25</ele></trkpt>
   <trkpt lat="49.787332" lon="10.031048"><ele>238.75</ele></trkpt>
   <trkpt lat="49.787398" lon="10.031081"><ele>238.75</ele></trkpt>
   <trkpt lat="49.787478" lon="10.031093"><ele>238.75</ele></trkpt>
   <trkpt lat="49.787492" lon="10.031473"><ele>240</ele></trkpt>
   <trkpt lat="49.787447" lon="10.031488"><ele>240</ele></trkpt>
   <trkpt lat="49.787407" lon="10.031522"><ele>240</ele></trkpt>
   <trkpt lat="49.787388" lon="10.031549"><ele>240</ele></trkpt>
   <trkpt lat="49.78736" lon="10.031617"><ele>240.25</ele></trkpt>
   <trkpt lat="49.78735" lon="10.031671"><ele>240.5</ele></trkpt>
   <trkpt lat="49.787348" lon="10.031728"><ele>240.25</ele></trkpt>
   <trkpt lat="49.787362" lon="10.031808"><ele>240</ele></trkpt>
   <trkpt lat="49.787388" lon="10.031867"><ele>240</ele></trkpt>
   <trkpt lat="49.787408" lon="10.031896"><ele>240</ele></trkpt>
   <trkpt lat="49.787431" lon="10.031918"><ele>240</ele></trkpt>
   <trkpt lat="49.787472" lon="10.031939"><ele>240</ele></trkpt>
   <trkpt lat="49.787516" lon="10.031942"><ele>239.75</ele></trkpt>
   <trkpt lat="49.787523" lon="10.031988"><ele>239.5</ele></trkpt>
   <trkpt lat="49.787537" lon="10.032026"><ele>239.25</ele></trkpt>
   <trkpt lat="49.787633" lon="10.032174"><ele>238</ele></trkpt>
   <trkpt lat="49.787824" lon="10.032504"><ele>237.5</ele></trkpt>
   <trkpt lat="49.787591" lon="10.032823"><ele>237.75</ele></trkpt>
   <trkpt lat="49.787824" lon="10.032504"><ele>237.5</ele></trkpt>
   <trkpt lat="49.787633" lon="10.032174"><ele>238</ele></trkpt>
   <trkpt lat="49.787537" lon="10.032026"><ele>239.25</ele></trkpt>
   <trkpt lat="49.787523" lon="10.031988"><ele>239.5</ele></trkpt>
   <trkpt lat="49.787516" lon="10.031942"><ele>239.75</ele></trkpt>
   <trkpt lat="49.787553" lon="10.031928"><ele>239.25</ele></trkpt>
   <trkpt lat="49.787606" lon="10.031877"><ele>238.75</ele></trkpt>
   <trkpt lat="49.787632" lon="10.031824"><ele>238.5</ele></trkpt>
   <trkpt lat="49.787648" lon="10.031761"><ele>238.75</ele></trkpt>
   <trkpt lat="49.787651" lon="10.031693"><ele>239.25</ele></trkpt>
   <trkpt lat="49.78819" lon="10.031567"><ele>236.75</ele></trkpt>
   <trkpt lat="49.78835" lon="10.031499"><ele>236.25</ele></trkpt>
   <trkpt lat="49.788658" lon="10.031368"><ele>235.75</ele></trkpt>
   <trkpt lat="49.788834" lon="10.031241"><ele>235.75</ele></trkpt>
   <trkpt lat="49.78895" lon="10.031142"><ele>236.75</ele></trkpt>
   <trkpt lat="49.789133" lon="10.030998"><ele>237.25</ele></trkpt>
   <trkpt lat="49.78925" lon="10.030933"><ele>237.75</ele></trkpt>
   <trkpt lat="49.789349" lon="10.030918"><ele>238.25</ele></trkpt>
   <trkpt lat="49.789439" lon="10.030904"><ele>238.5</ele></trkpt>
   <trkpt lat="49.789525" lon="10.030901"><ele>238.75</ele></trkpt>
   <trkpt lat="49.789595" lon="10.030921"><ele>238.75</ele></trkpt>
   <trkpt lat="49.789826" lon="10.031034"><ele>239</ele></trkpt>
   <trkpt lat="49.78999" lon="10.031121"><ele>239</ele></trkpt>
   <trkpt lat="49.790326" lon="10.031272"><ele>239</ele></trkpt>
   <trkpt lat="49.790545" lon="10.031343"><ele>239</ele></trkpt>
   <trkpt lat="49.791033" lon="10.031482"><ele>239.5</ele></trkpt>
   <trkpt lat="49.791661" lon="10.031612"><ele>239.75</ele></trkpt>
   <trkpt lat="49.79222" lon="10.031687"><ele>240</ele></trkpt>
   <trkpt lat="49.792269" lon="10.031718"><ele>240</ele></trkpt>
   <trkpt lat="49.792635" lon="10.031741"><ele>240.25</ele></trkpt>
   <trkpt lat="49.79335" lon="10.031787"><ele>240</ele></trkpt>
   <trkpt lat="49.793596" lon="10.031779"><ele>240.5</ele></trkpt>
   <trkpt lat="49.793969" lon="10.031682"><ele>240.75</ele></trkpt>
   <trkpt lat="49.79493" lon="10.031433"><ele>240.75</ele></trkpt>
   <trkpt lat="49.795031" lon="10.031428"><ele>240.75</ele></trkpt>
   <trkpt lat="49.795149" lon="10.031422"><ele>240.75</ele></trkpt>
   <trkpt lat="49.795278" lon="10.031501"><ele>241</ele></trkpt>
   <trkpt lat="49.795377" lon="10.031644"><ele>241.25</ele></trkpt>
   <trkpt lat="49.79542" lon="10.031759"><ele>241.5</ele></trkpt>
   <trkpt lat="49.795472" lon="10.03192"><ele>241.5</ele></trkpt>
   <trkpt lat="49.795625" lon="10.031883"><ele>241.5</ele></trkpt>
   <trkpt lat="49.795739" lon="10.031885"><ele>241.5</ele></trkpt>
   <trkpt lat="49.795839" lon="10.031899"><ele>241.75</ele></trkpt>
   <trkpt lat="49.796087" lon="10.031958"><ele>241.25</ele></trkpt>
   <trkpt lat="49.796203" lon="10.031955"><ele>241.5</ele></trkpt>
   <trkpt lat="49.796292" lon="10.031938"><ele>241.5</ele></trkpt>
   <trkpt lat="49.796463" lon="10.031874"><ele>242</ele></trkpt>
   <trkpt lat="49.796553" lon="10.031816"><ele>242.25</ele></trkpt>
   <trkpt lat="49.796639" lon="10.031734"><ele>242.25</ele></trkpt>
   <trkpt lat="49.796725" lon="10.03163"><ele>242.25</ele></trkpt>
   <trkpt lat="49.796776" lon="10.031545"><ele>242.5</ele></trkpt>
   <trkpt lat="49.796826" lon="10.031441"><ele>242.25</ele></trkpt>
   <trkpt lat="49.796977" lon="10.031039"><ele>242</ele></trkpt>
   <trkpt lat="49.797018" lon="10.030956"><ele>242.25</ele></trkpt>
   <trkpt lat="49.797077" lon="10.030877"><ele>242.25</ele></trkpt>
   <trkpt lat="49.797191" lon="10.030784"><ele>242.75</ele></trkpt>
   <trkpt lat="49.797184" lon="10.0307"><ele>242.75</ele></trkpt>
   <trkpt lat="49.797202" lon="10.030363"><ele>243.5</ele></trkpt>
   <trkpt lat="49.797544" lon="10.030611"><ele>243.75</ele></trkpt>
   <trkpt lat="49.797744" lon="10.030778"><ele>244</ele></trkpt>
   <trkpt lat="49.798003" lon="10.03103"><ele>244.25</ele></trkpt>
   <trkpt lat="49.798175" lon="10.031234"><ele>244.75</ele></trkpt>
   <trkpt lat="49.798326" lon="10.031473"><ele>243.25</ele></trkpt>
   <trkpt lat="49.798496" lon="10.031713"><ele>245.5</ele></trkpt>
   <trkpt lat="49.79871" lon="10.032061"><ele>245.5</ele></trkpt>
   <trkpt lat="49.798939" lon="10.032456"><ele>245</ele></trkpt>
   <trkpt lat="49.799185" lon="10.033028"><ele>244</ele></trkpt>
   <trkpt lat="49.799543" lon="10.034129"><ele>245.75</ele></trkpt>
   <trkpt lat="49.799623" lon="10.034442"><ele>246.5</ele></trkpt>
   <trkpt lat="49.799696" lon="10.034758"><ele>244.75</ele></trkpt>
   <trkpt lat="49.799797" lon="10.035304"><ele>245.5</ele></trkpt>
   <trkpt lat="49.799853" lon="10.035716"><ele>247.25</ele></trkpt>
   <trkpt lat="49.799901" lon="10.036165"><ele>247.5</ele></trkpt>
   <trkpt lat="49.799934" lon="10.036663"><ele>246.25</ele></trkpt>
   <trkpt lat="49.799962" lon="10.036975"><ele>245</ele></trkpt>
   <trkpt lat="49.79999" lon="10.037066"><ele>245</ele></trkpt>
   <trkpt lat="49.800022" lon="10.037095"><ele>245</ele></trkpt>
   <trkpt lat="49.800081" lon="10.037083"><ele>245.75</ele></trkpt>
   <trkpt lat="49.800381" lon="10.037079"><ele>246.75</ele></trkpt>
   <trkpt lat="49.800441" lon="10.037102"><ele>246</ele></trkpt>
   <trkpt lat="49.800496" lon="10.037152"><ele>245.5</ele></trkpt>
   <trkpt lat="49.800567" lon="10.037289"><ele>245.25</ele></trkpt>
   <trkpt lat="49.800645" lon="10.037517"><ele>246</ele></trkpt>
   <trkpt lat="49.800821" lon="10.038119"><ele>246</ele></trkpt>
   <trkpt lat="49.800895" lon="10.038267"><ele>246.75</ele></trkpt>
   <trkpt lat="49.800966" lon="10.038354"><ele>247</ele></trkpt>
   <trkpt lat="49.801033" lon="10.038412"><ele>247</ele></trkpt>
   <trkpt lat="49.8011" lon="10.038408"><ele>247.25</ele></trkpt>
   <trkpt lat="49.801154" lon="10.038378"><ele>247.5</ele></trkpt>
   <trkpt lat="49.801572" lon="10.039759"><ele>251.75</ele></trkpt>
   <trkpt lat="49.802111" lon="10.041894"><ele>252.5</ele></trkpt>
   <trkpt lat="49.803219" lon="10.045771"><ele>254.25</ele></trkpt>
   <trkpt lat="49.803625" lon="10.047144"><ele>254.25</ele></trkpt>
   <trkpt lat="49.803952" lon="10.0482"><ele>255.5</ele></trkpt>
   <trkpt lat="49.804459" lon="10.049697"><ele>254.25</ele></trkpt>
   <trkpt lat="49.805602" lon="10.052885"><ele>257.25</ele></trkpt>
   <trkpt lat="49.806369" lon="10.05479"><ele>256.5</ele></trkpt>
   <trkpt lat="49.806754" lon="10.055681"><ele>257.25</ele></trkpt>
   <trkpt lat="49.807214" lon="10.056508"><ele>259.25</ele></trkpt>
   <trkpt lat="49.80772" lon="10.057279"><ele>260.5</ele></trkpt>
   <trkpt lat="49.808184" lon="10.057826"><ele>261</ele></trkpt>
   <trkpt lat="49.808636" lon="10.058232"><ele>260.25</ele></trkpt>
   <trkpt lat="49.809512" lon="10.058946"><ele>259.25</ele></trkpt>
   <trkpt lat="49.810129" lon="10.059324"><ele>259.75</ele></trkpt>
   <trkpt lat="49.810599" lon="10.05963"><ele>259.75</ele></trkpt>
   <trkpt lat="49.810751" lon="10.059746"><ele>259.25</ele></trkpt>
   <trkpt lat="49.810894" lon="10.059928"><ele>260</ele></trkpt>
   <trkpt lat="49.811008" lon="10.060124"><ele>259.5</ele></trkpt>
   <trkpt lat="49.810932" lon="10.060101"><ele>259.5</ele></trkpt>
   <trkpt lat="49.810825" lon="10.060109"><ele>259.5</ele></trkpt>
   <trkpt lat="49.810715" lon="10.060231"><ele>258.5</ele></trkpt>
   <trkpt lat="49.810642" lon="10.060446"><ele>258.5</ele></trkpt>
   <trkpt lat="49.810168" lon="10.062173"><ele>259.5</ele></trkpt>
   <trkpt lat="49.81032" lon="10.063131"><ele>264</ele></trkpt>
   <trkpt lat="49.810403" lon="10.064176"><ele>268.75</ele></trkpt>
   <trkpt lat="49.810403" lon="10.065629"><ele>274.5</ele></trkpt>
   <trkpt lat="49.81046" lon="10.066169"><ele>276.5</ele></trkpt>
   <trkpt lat="49.810686" lon="10.067946"><ele>280.5</ele></trkpt>
   <trkpt lat="49.811029" lon="10.069833"><ele>284.25</ele></trkpt>
   <trkpt lat="49.811284" lon="10.071188"><ele>287.25</ele></trkpt>
   <trkpt lat="49.811372" lon="10.071602"><ele>287.75</ele></trkpt>
   <trkpt lat="49.811931" lon="10.073706"><ele>291.75</ele></trkpt>
   <trkpt lat="49.813145" lon="10.07813"><ele>296.25</ele></trkpt>
   <trkpt lat="49.813507" lon="10.079429"><ele>297.5</ele></trkpt>
   <trkpt lat="49.813589" lon="10.079676"><ele>297</ele></trkpt>
   <trkpt lat="49.813717" lon="10.07991"><ele>297.25</ele></trkpt>
   <trkpt lat="49.813846" lon="10.080116"><ele>297.75</ele></trkpt>
   <trkpt lat="49.814128" lon="10.080395"><ele>297.5</ele></trkpt>
   <trkpt lat="49.814941" lon="10.081063"><ele>297</ele></trkpt>
   <trkpt lat="49.815094" lon="10.081243"><ele>297</ele></trkpt>
   <trkpt lat="49.815215" lon="10.08145"><ele>296.75</ele></trkpt>
   <trkpt lat="49.81536" lon="10.081859"><ele>297.25</ele></trkpt>
   <trkpt lat="49.816093" lon="10.084588"><ele>291</ele></trkpt>
   <trkpt lat="49.816544" lon="10.086236"><ele>286.5</ele></trkpt>
   <trkpt lat="49.81833" lon="10.092945"><ele>280</ele></trkpt>
   <trkpt lat="49.819361" lon="10.0968"><ele>279</ele></trkpt>
   <trkpt lat="49.819444" lon="10.097028"><ele>279</ele></trkpt>
   <trkpt lat="49.819502" lon="10.097151"><ele>278.75</ele></trkpt>
   <trkpt lat="49.819548" lon="10.09723"><ele>278.5</ele></trkpt>
   <trkpt lat="49.819727" lon="10.09751"><ele>277.75</ele></trkpt>
   <trkpt lat="49.819951" lon="10.097621"><ele>277.5</ele></trkpt>
   <trkpt lat="49.821701" lon="10.098122"><ele>275.75</ele></trkpt>
   <trkpt lat="49.822593" lon="10.098145"><ele>274</ele></trkpt>
   <trkpt lat="49.822652" lon="10.098149"><ele>273.75</ele></trkpt>
   <trkpt lat="49.822823" lon="10.098303"><ele>273</ele></trkpt>
   <trkpt lat="49.823049" lon="10.098631"><ele>271.75</ele></trkpt>
   <trkpt lat="49.823878" lon="10.099675"><ele>270.75</ele></trkpt>
   <trkpt lat="49.823949" lon="10.099944"><ele>271</ele></trkpt>
   <trkpt lat="49.823988" lon="10.100361"><ele>271.25</ele></trkpt>
   <trkpt lat="49.823952" lon="10.100598"><ele>271</ele></trkpt>
   <trkpt lat="49.824355" lon="10.100682"><ele>272.5</ele></trkpt>
   <trkpt lat="49.824911" lon="10.100946"><ele>274</ele></trkpt>
   <trkpt lat="49.825488" lon="10.101939"><ele>274.75</ele></trkpt>
   <trkpt lat="49.825515" lon="10.102118"><ele>274.75</ele></trkpt>
   <trkpt lat="49.825397" lon="10.10271"><ele>274.25</ele></trkpt>
   <trkpt lat="49.825026" lon="10.104572"><ele>272</ele></trkpt>
   <trkpt lat="49.824836" lon="10.105531"><ele>270.5</ele></trkpt>
   <trkpt lat="49.824706" lon="10.10638"><ele>268.75</ele></trkpt>
   <trkpt lat="49.824944" lon="10.106236"><ele>269.75</ele></trkpt>
   <trkpt lat="49.825146" lon="10.106156"><ele>270.5</ele></trkpt>
   <trkpt lat="49.825331" lon="10.106133"><ele>271</ele></trkpt>
   <trkpt lat="49.82552" lon="10.106148"><ele>271</ele></trkpt>
   <trkpt lat="49.825716" lon="10.106183"><ele>271.5</ele></trkpt>
   <trkpt lat="49.82595" lon="10.106247"><ele>272.25</ele></trkpt>
   <trkpt lat="49.826488" lon="10.106433"><ele>272.75</ele></trkpt>
   <trkpt lat="49.828023" lon="10.107016"><ele>274.75</ele></trkpt>
   <trkpt lat="49.828164" lon="10.107066"><ele>275</ele></trkpt>
   <trkpt lat="49.828692" lon="10.107217"><ele>276</ele></trkpt>
   <trkpt lat="49.829257" lon="10.107354"><ele>277</ele></trkpt>
   <trkpt lat="49.830271" lon="10.107546"><ele>277.75</ele></trkpt>
   <trkpt lat="49.830948" lon="10.107596"><ele>279</ele></trkpt>
   <trkpt lat="49.831864" lon="10.107629"><ele>280</ele></trkpt>
   <trkpt lat="49.832714" lon="10.107598"><ele>281</ele></trkpt>
   <trkpt lat="49.833195" lon="10.107555"><ele>281.5</ele></trkpt>
   <trkpt lat="49.834428" lon="10.107349"><ele>280</ele></trkpt>
   <trkpt lat="49.836188" lon="10.107005"><ele>278</ele></trkpt>
   <trkpt lat="49.839006" lon="10.106466"><ele>281</ele></trkpt>
   <trkpt lat="49.839914" lon="10.106253"><ele>281</ele></trkpt>
   <trkpt lat="49.842197" lon="10.105483"><ele>279</ele></trkpt>
   <trkpt lat="49.842457" lon="10.105368"><ele>279</ele></trkpt>
   <trkpt lat="49.842531" lon="10.10534"><ele>279</ele></trkpt>
   <trkpt lat="49.842671" lon="10.105288"><ele>279</ele></trkpt>
   <trkpt lat="49.843564" lon="10.104569"><ele>278</ele></trkpt>
   <trkpt lat="49.843977" lon="10.104236"><ele>278.25</ele></trkpt>
   <trkpt lat="49.844149" lon="10.104074"><ele>278.5</ele></trkpt>
   <trkpt lat="49.844292" lon="10.10394"><ele>278.5</ele></trkpt>
   <trkpt lat="49.844389" lon="10.103818"><ele>278.5</ele></trkpt>
   <trkpt lat="49.844607" lon="10.103473"><ele>278</ele></trkpt>
   <trkpt lat="49.84465" lon="10.103409"><ele>278</ele></trkpt>
   <trkpt lat="49.844736" lon="10.103314"><ele>278</ele></trkpt>
   <trkpt lat="49.844834" lon="10.103223"><ele>278</ele></trkpt>
   <trkpt lat="49.84507" lon="10.103067"><ele>278</ele></trkpt>
   <trkpt lat="49.845183" lon="10.103013"><ele>278</ele></trkpt>
   <trkpt lat="49.84533" lon="10.102953"><ele>278.5</ele></trkpt>
   <trkpt lat="49.845438" lon="10.102925"><ele>279.25</ele></trkpt>
   <trkpt lat="49.845568" lon="10.102913"><ele>280</ele></trkpt>
   <trkpt lat="49.84568" lon="10.102929"><ele>279.5</ele></trkpt>
   <trkpt lat="49.846428" lon="10.103125"><ele>279</ele></trkpt>
   <trkpt lat="49.846757" lon="10.103195"><ele>279.5</ele></trkpt>
   <trkpt lat="49.847223" lon="10.103279"><ele>279.25</ele></trkpt>
   <trkpt lat="49.847855" lon="10.103368"><ele>279.75</ele></trkpt>
   <trkpt lat="49.848557" lon="10.103409"><ele>279.5</ele></trkpt>
   <trkpt lat="49.849716" lon="10.103407"><ele>280.5</ele></trkpt>
   <trkpt lat="49.850536" lon="10.103371"><ele>281</ele></trkpt>
   <trkpt lat="49.850652" lon="10.103373"><ele>281</ele></trkpt>
   <trkpt lat="49.850761" lon="10.103392"><ele>281</ele></trkpt>
   <trkpt lat="49.850873" lon="10.103423"><ele>281</ele></trkpt>
   <trkpt lat="49.851338" lon="10.103629"><ele>281</ele></trkpt>
   <trkpt lat="49.851489" lon="10.103664"><ele>281.25</ele></trkpt>
   <trkpt lat="49.851594" lon="10.103661"><ele>281.5</ele></trkpt>
   <trkpt lat="49.853738" lon="10.103238"><ele>282.75</ele></trkpt>
   <trkpt lat="49.85389" lon="10.103217"><ele>282.75</ele></trkpt>
   <trkpt lat="49.854073" lon="10.103215"><ele>282.5</ele></trkpt>
   <trkpt lat="49.854257" lon="10.103232"><ele>282.5</ele></trkpt>
   <trkpt lat="49.854428" lon="10.103276"><ele>282.75</ele></trkpt>
   <trkpt lat="49.854728" lon="10.103401"><ele>282.75</ele></trkpt>
   <trkpt lat="49.85489" lon="10.103495"><ele>283</ele></trkpt>
   <trkpt lat="49.855194" lon="10.103774"><ele>282.75</ele></trkpt>
   <trkpt lat="49.855409" lon="10.10406"><ele>282</ele></trkpt>
   <trkpt lat="49.85551" lon="10.104225"><ele>282</ele></trkpt>
   <trkpt lat="49.856017" lon="10.105255"><ele>280.25</ele></trkpt>
   <trkpt lat="49.856086" lon="10.105362"><ele>280.25</ele></trkpt>
   <trkpt lat="49.856156" lon="10.105441"><ele>280.5</ele></trkpt>
   <trkpt lat="49.856198" lon="10.105468"><ele>280.5</ele></trkpt>
   <trkpt lat="49.856269" lon="10.105493"><ele>280.75</ele></trkpt>
   <trkpt lat="49.856359" lon="10.10547"><ele>280.5</ele></trkpt>
   <trkpt lat="49.856589" lon="10.10532"><ele>280.5</ele></trkpt>
   <trkpt lat="49.856635" lon="10.105289"><ele>280.75</ele></trkpt>
   <trkpt lat="49.856681" lon="10.10524"><ele>280.75</ele></trkpt>
   <trkpt lat="49.856773" lon="10.105144"><ele>280</ele></trkpt>
   <trkpt lat="49.856809" lon="10.105228"><ele>279.75</ele></trkpt>
   <trkpt lat="49.857099" lon="10.106045"><ele>278.5</ele></trkpt>
   <trkpt lat="49.85756" lon="10.107177"><ele>278.5</ele></trkpt>
   <trkpt lat="49.857789" lon="10.107757"><ele>278.75</ele></trkpt>
   <trkpt lat="49.858861" lon="10.110648"><ele>282.25</ele></trkpt>
   <trkpt lat="49.858916" lon="10.110794"><ele>282.75</ele></trkpt>
   <trkpt lat="49.858856" lon="10.110844"><ele>282.75</ele></trkpt>
   <trkpt lat="49.859053" lon="10.111375"><ele>283.75</ele></trkpt>
   <trkpt lat="49.859653" lon="10.113064"><ele>286.75</ele></trkpt>
   <trkpt lat="49.86022" lon="10.114611"><ele>289</ele></trkpt>
   <trkpt lat="49.86096" lon="10.116654"><ele>291.25</ele></trkpt>
   <trkpt lat="49.861243" lon="10.117418"><ele>292</ele></trkpt>
   <trkpt lat="49.861391" lon="10.117942"><ele>291.25</ele></trkpt>
   <trkpt lat="49.861744" lon="10.119307"><ele>288.75</ele></trkpt>
   <trkpt lat="49.861823" lon="10.119561"><ele>288</ele></trkpt>
   <trkpt lat="49.862048" lon="10.120184"><ele>285.75</ele></trkpt>
   <trkpt lat="49.862283" lon="10.120767"><ele>283.75</ele></trkpt>
   <trkpt lat="49.862518" lon="10.121346"><ele>281</ele></trkpt>
   <trkpt lat="49.862786" lon="10.122006"><ele>278.75</ele></trkpt>
   <trkpt lat="49.863115" lon="10.122745"><ele>276.75</ele></trkpt>
   <trkpt lat="49.863211" lon="10.122949"><ele>276</ele></trkpt>
   <trkpt lat="49.863426" lon="10.12339"><ele>274.75</ele></trkpt>
   <trkpt lat="49.86372" lon="10.123969"><ele>273.5</ele></trkpt>
   <trkpt lat="49.86382" lon="10.124164"><ele>273</ele></trkpt>
   <trkpt lat="49.863972" lon="10.124468"><ele>272.75</ele></trkpt>
   <trkpt lat="49.864001" lon="10.124517"><ele>272.5</ele></trkpt>
   <trkpt lat="49.86422" lon="10.124945"><ele>272</ele></trkpt>
   <trkpt lat="49.864336" lon="10.125202"><ele>272</ele></trkpt>
   <trkpt lat="49.864474" lon="10.125552"><ele>271</ele></trkpt>
   <trkpt lat="49.864557" lon="10.125869"><ele>269.75</ele></trkpt>
   <trkpt lat="49.864601" lon="10.126165"><ele>269.25</ele></trkpt>
   <trkpt lat="49.864626" lon="10.126424"><ele>268.75</ele></trkpt>
   <trkpt lat="49.864633" lon="10.126667"><ele>267.75</ele></trkpt>
   <trkpt lat="49.864632" lon="10.126706"><ele>267.75</ele></trkpt>
   <trkpt lat="49.864626" lon="10.126955"><ele>267.25</ele></trkpt>
   <trkpt lat="49.864607" lon="10.127137"><ele>266.75</ele></trkpt>
   <trkpt lat="49.864562" lon="10.127348"><ele>266</ele></trkpt>
   <trkpt lat="49.864602" lon="10.127384"><ele>265.75</ele></trkpt>
   <trkpt lat="49.86472" lon="10.127504"><ele>265</ele></trkpt>
   <trkpt lat="49.865215" lon="10.128138"><ele>263</ele></trkpt>
   <trkpt lat="49.865518" lon="10.128496"><ele>263</ele></trkpt>
   <trkpt lat="49.865801" lon="10.128869"><ele>262.75</ele></trkpt>
   <trkpt lat="49.865962" lon="10.129059"><ele>262.75</ele></trkpt>
   <trkpt lat="49.866133" lon="10.129238"><ele>263.5</ele></trkpt>
   <trkpt lat="49.866275" lon="10.129362"><ele>263.75</ele></trkpt>
   <trkpt lat="49.866343" lon="10.12941"><ele>263.75</ele></trkpt>
   <trkpt lat="49.866477" lon="10.129473"><ele>264.25</ele></trkpt>
   <trkpt lat="49.866703" lon="10.129567"><ele>264.25</ele></trkpt>
   <trkpt lat="49.867242" lon="10.129765"><ele>265</ele></trkpt>
   <trkpt lat="49.867638" lon="10.129875"><ele>264.5</ele></trkpt>
   <trkpt lat="49.867486" lon="10.13028"><ele>267</ele></trkpt>
   <trkpt lat="49.867541" lon="10.130365"><ele>267.5</ele></trkpt>
   <trkpt lat="49.868749" lon="10.132006"><ele>273.75</ele></trkpt>
   <trkpt lat="49.868983" lon="10.132352"><ele>275.25</ele></trkpt>
   <trkpt lat="49.86931" lon="10.133088"><ele>278</ele></trkpt>
   <trkpt lat="49.870484" lon="10.135792"><ele>287.75</ele></trkpt>
   <trkpt lat="49.870698" lon="10.136323"><ele>288.75</ele></trkpt>
   <trkpt lat="49.87092" lon="10.136825"><ele>289.75</ele></trkpt>
   <trkpt lat="49.872342" lon="10.140195"><ele>300</ele></trkpt>
   <trkpt lat="49.872442" lon="10.140483"><ele>300.5</ele></trkpt>
   <trkpt lat="49.872919" lon="10.142475"><ele>298</ele></trkpt>
   <trkpt lat="49.87346" lon="10.144748"><ele>296.75</ele></trkpt>
   <trkpt lat="49.873664" lon="10.145582"><ele>294.75</ele></trkpt>
   <trkpt lat="49.873828" lon="10.146198"><ele>292.25</ele></trkpt>
   <trkpt lat="49.874362" lon="10.147963"><ele>284</ele></trkpt>
   <trkpt lat="49.874514" lon="10.148481"><ele>280.25</ele></trkpt>
   <trkpt lat="49.874718" lon="10.149049"><ele>275.75</ele></trkpt>
   <trkpt lat="49.874853" lon="10.14927"><ele>274.25</ele></trkpt>
   <trkpt lat="49.87495" lon="10.149372"><ele>273.5</ele></trkpt>
   <trkpt lat="49.875375" lon="10.14983"><ele>269.5</ele></trkpt>
   <trkpt lat="49.875621" lon="10.150107"><ele>267.75</ele></trkpt>
   <trkpt lat="49.875826" lon="10.150414"><ele>266</ele></trkpt>
   <trkpt lat="49.876221" lon="10.150926"><ele>262.75</ele></trkpt>
   <trkpt lat="49.876414" lon="10.151132"><ele>260.5</ele></trkpt>
   <trkpt lat="49.877896" lon="10.151287"><ele>244.5</ele></trkpt>
   <trkpt lat="49.879005" lon="10.151483"><ele>232.75</ele></trkpt>
   <trkpt lat="49.879574" lon="10.151583"><ele>226.25</ele></trkpt>
   <trkpt lat="49.879709" lon="10.151584"><ele>224.25</ele></trkpt>
   <trkpt lat="49.879776" lon="10.151582"><ele>224.75</ele></trkpt>
   <trkpt lat="49.879843" lon="10.152182"><ele>218.75</ele></trkpt>
   <trkpt lat="49.880014" lon="10.152707"><ele>216</ele></trkpt>
   <trkpt lat="49.880273" lon="10.153473"><ele>211</ele></trkpt>
   <trkpt lat="49.880326" lon="10.153574"><ele>210</ele></trkpt>
   <trkpt lat="49.880402" lon="10.153807"><ele>209.25</ele></trkpt>
   <trkpt lat="49.880606" lon="10.154294"><ele>207.25</ele></trkpt>
   <trkpt lat="49.881981" lon="10.157031"><ele>203</ele></trkpt>
   <trkpt lat="49.882027" lon="10.157138"><ele>203</ele></trkpt>
   <trkpt lat="49.882165" lon="10.157096"><ele>203.25</ele></trkpt>
   <trkpt lat="49.882515" lon="10.157035"><ele>204</ele></trkpt>
   <trkpt lat="49.882691" lon="10.157042"><ele>204.25</ele></trkpt>
   <trkpt lat="49.882891" lon="10.157112"><ele>204.5</ele></trkpt>
   <trkpt lat="49.882995" lon="10.157157"><ele>204.75</ele></trkpt>
   <trkpt lat="49.883269" lon="10.157324"><ele>204.5</ele></trkpt>
   <trkpt lat="49.883558" lon="10.157552"><ele>204</ele></trkpt>
   <trkpt lat="49.88361" lon="10.157622"><ele>204</ele></trkpt>
   <trkpt lat="49.883662" lon="10.157736"><ele>204</ele></trkpt>
   <trkpt lat="49.883816" lon="10.158326"><ele>203.5</ele></trkpt>
   <trkpt lat="49.883879" lon="10.158421"><ele>203.5</ele></trkpt>
   <trkpt lat="49.88406" lon="10.159213"><ele>202.5</ele></trkpt>
   <trkpt lat="49.884203" lon="10.159885"><ele>201.25</ele></trkpt>
   <trkpt lat="49.884327" lon="10.159812"><ele>201.5</ele></trkpt>
   <trkpt lat="49.884352" lon="10.159882"><ele>201.25</ele></trkpt>
   <trkpt lat="49.884966" lon="10.159932"><ele>202.75</ele></trkpt>
   <trkpt lat="49.885368" lon="10.16001"><ele>203</ele></trkpt>
   <trkpt lat="49.885874" lon="10.160051"><ele>204.5</ele></trkpt>
   <trkpt lat="49.886401" lon="10.160051"><ele>206.5</ele></trkpt>
   <trkpt lat="49.886572" lon="10.160063"><ele>207</ele></trkpt>
   <trkpt lat="49.886872" lon="10.160176"><ele>207.75</ele></trkpt>
   <trkpt lat="49.887188" lon="10.160288"><ele>208.75</ele></trkpt>
   <trkpt lat="49.887448" lon="10.160328"><ele>209.75</ele></trkpt>
   <trkpt lat="49.88751" lon="10.160356"><ele>210.25</ele></trkpt>
   <trkpt lat="49.887968" lon="10.162099"><ele>212.5</ele></trkpt>
   <trkpt lat="49.888307" lon="10.163387"><ele>213.5</ele></trkpt>
   <trkpt lat="49.888603" lon="10.164515"><ele>211.75</ele></trkpt>
   <trkpt lat="49.88885" lon="10.166684"><ele>213.5</ele></trkpt>
   <trkpt lat="49.889099" lon="10.168915"><ele>215.5</ele></trkpt>
   <trkpt lat="49.889203" lon="10.169711"><ele>216</ele></trkpt>
   <trkpt lat="49.889303" lon="10.170384"><ele>215.75</ele></trkpt>
   <trkpt lat="49.889869" lon="10.17295"><ele>217</ele></trkpt>
   <trkpt lat="49.889916" lon="10.17316"><ele>217</ele></trkpt>
   <trkpt lat="49.890304" lon="10.174897"><ele>216.5</ele></trkpt>
   <trkpt lat="49.890443" lon="10.175561"><ele>216</ele></trkpt>
   <trkpt lat="49.890642" lon="10.176545"><ele>216.25</ele></trkpt>
   <trkpt lat="49.890724" lon="10.176958"><ele>216</ele></trkpt>
   <trkpt lat="49.890728" lon="10.176982"><ele>216</ele></trkpt>
   <trkpt lat="49.890884" lon="10.177723"><ele>216</ele></trkpt>
   <trkpt lat="49.890895" lon="10.177795"><ele>216</ele></trkpt>
   <trkpt lat="49.891202" lon="10.179124"><ele>212.5</ele></trkpt>
   <trkpt lat="49.891209" lon="10.17931"><ele>211.75</ele></trkpt>
   <trkpt lat="49.891188" lon="10.179426"><ele>211.25</ele></trkpt>
   <trkpt lat="49.891566" lon="10.179873"><ele>212</ele></trkpt>
   <trkpt lat="49.891838" lon="10.1803"><ele>213</ele></trkpt>
   <trkpt lat="49.891905" lon="10.180411"><ele>213</ele></trkpt>
   <trkpt lat="49.891935" lon="10.180475"><ele>213</ele></trkpt>
   <trkpt lat="49.892125" lon="10.180789"><ele>212.75</ele></trkpt>
   <trkpt lat="49.892374" lon="10.181121"><ele>212.25</ele></trkpt>
   <trkpt lat="49.892671" lon="10.181396"><ele>212.5</ele></trkpt>
   <trkpt lat="49.892949" lon="10.181552"><ele>211.5</ele></trkpt>
   <trkpt lat="49.893076" lon="10.181567"><ele>211.5</ele></trkpt>
   <trkpt lat="49.893104" lon="10.181766"><ele>210.25</ele></trkpt>
   <trkpt lat="49.89369" lon="10.18253"><ele>202.5</ele></trkpt>
   <trkpt lat="49.893762" lon="10.18259"><ele>202</ele></trkpt>
   <trkpt lat="49.893855" lon="10.182609"><ele>202</ele></trkpt>
   <trkpt lat="49.894221" lon="10.182674"><ele>202.75</ele></trkpt>
   <trkpt lat="49.894356" lon="10.182728"><ele>202</ele></trkpt>
   <trkpt lat="49.894412" lon="10.182785"><ele>200.75</ele></trkpt>
   <trkpt lat="49.895124" lon="10.182881"><ele>201.5</ele></trkpt>
   <trkpt lat="49.89559" lon="10.182983"><ele>200.5</ele></trkpt>
   <trkpt lat="49.896395" lon="10.183202"><ele>200.25</ele></trkpt>
   <trkpt lat="49.897025" lon="10.183413"><ele>201</ele></trkpt>
   <trkpt lat="49.899082" lon="10.183979"><ele>199.5</ele></trkpt>
   <trkpt lat="49.901791" lon="10.184443"><ele>199</ele></trkpt>
   <trkpt lat="49.903576" lon="10.184494"><ele>198.5</ele></trkpt>
   <trkpt lat="49.906735" lon="10.183605"><ele>199</ele></trkpt>
   <trkpt lat="49.907007" lon="10.183526"><ele>200</ele></trkpt>
   <trkpt lat="49.907387" lon="10.18339"><ele>200</ele></trkpt>
   <trkpt lat="49.908049" lon="10.183173"><ele>200.75</ele></trkpt>
   <trkpt lat="49.908473" lon="10.183019"><ele>200.5</ele></trkpt>
   <trkpt lat="49.90889" lon="10.182822"><ele>200.5</ele></trkpt>
   <trkpt lat="49.909496" lon="10.182508"><ele>200.75</ele></trkpt>
   <trkpt lat="49.909734" lon="10.182385"><ele>201.75</ele></trkpt>
   <trkpt lat="49.910491" lon="10.181997"><ele>201.75</ele></trkpt>
   <trkpt lat="49.91113" lon="10.181655"><ele>202</ele></trkpt>
   <trkpt lat="49.912263" lon="10.180982"><ele>201.5</ele></trkpt>
   <trkpt lat="49.912958" lon="10.180503"><ele>202.5</ele></trkpt>
   <trkpt lat="49.914946" lon="10.179158"><ele>201</ele></trkpt>
   <trkpt lat="49.915219" lon="10.179007"><ele>200</ele></trkpt>
   <trkpt lat="49.915594" lon="10.178854"><ele>201</ele></trkpt>
   <trkpt lat="49.9165" lon="10.178535"><ele>202</ele></trkpt>
   <trkpt lat="49.916844" lon="10.178423"><ele>202</ele></trkpt>
   <trkpt lat="49.917007" lon="10.178372"><ele>201.25</ele></trkpt>
   <trkpt lat="49.917296" lon="10.178284"><ele>201.5</ele></trkpt>
   <trkpt lat="49.917537" lon="10.178235"><ele>202</ele></trkpt>
   <trkpt lat="49.918019" lon="10.178213"><ele>201.25</ele></trkpt>
   <trkpt lat="49.91853" lon="10.178217"><ele>201</ele></trkpt>
   <trkpt lat="49.918895" lon="10.178239"><ele>200.5</ele></trkpt>
   <trkpt lat="49.919526" lon="10.178356"><ele>200</ele></trkpt>
   <trkpt lat="49.919818" lon="10.178379"><ele>200</ele></trkpt>
   <trkpt lat="49.92003" lon="10.178299"><ele>200</ele></trkpt>
   <trkpt lat="49.920106" lon="10.178297"><ele>200.25</ele></trkpt>
   <trkpt lat="49.920584" lon="10.178357"><ele>201</ele></trkpt>
   <trkpt lat="49.921105" lon="10.178458"><ele>200.5</ele></trkpt>
   <trkpt lat="49.921249" lon="10.178472"><ele>200.5</ele></trkpt>
   <trkpt lat="49.921334" lon="10.178474"><ele>200.75</ele></trkpt>
   <trkpt lat="49.921426" lon="10.178496"><ele>201.25</ele></trkpt>
   <trkpt lat="49.921615" lon="10.17855"><ele>202.25</ele></trkpt>
   <trkpt lat="49.92215" lon="10.178521"><ele>202.5</ele></trkpt>
   <trkpt lat="49.922732" lon="10.178471"><ele>202.75</ele></trkpt>
   <trkpt lat="49.924452" lon="10.1783"><ele>200.5</ele></trkpt>
   <trkpt lat="49.924451" lon="10.178383"><ele>199.75</ele></trkpt>
   <trkpt lat="49.926074" lon="10.178191"><ele>200.5</ele></trkpt>
   <trkpt lat="49.927639" lon="10.177957"><ele>203</ele></trkpt>
   <trkpt lat="49.92883" lon="10.177753"><ele>203.5</ele></trkpt>
   <trkpt lat="49.929282" lon="10.177638"><ele>203</ele></trkpt>
   <trkpt lat="49.929523" lon="10.177652"><ele>201.75</ele></trkpt>
   <trkpt lat="49.931101" lon="10.177259"><ele>199.75</ele></trkpt>
   <trkpt lat="49.933931" lon="10.176723"><ele>201</ele></trkpt>
   <trkpt lat="49.934833" lon="10.176614"><ele>201.25</ele></trkpt>
   <trkpt lat="49.934989" lon="10.176583"><ele>201.5</ele></trkpt>
   <trkpt lat="49.93636" lon="10.176437"><ele>200</ele></trkpt>
   <trkpt lat="49.9376" lon="10.176328"><ele>200.25</ele></trkpt>
   <trkpt lat="49.939184" lon="10.176494"><ele>201.5</ele></trkpt>
   <trkpt lat="49.93938" lon="10.176514"><ele>201.5</ele></trkpt>
   <trkpt lat="49.9402" lon="10.176552"><ele>201.25</ele></trkpt>
   <trkpt lat="49.940925" lon="10.176519"><ele>201</ele></trkpt>
   <trkpt lat="49.941818" lon="10.176363"><ele>202</ele></trkpt>
   <trkpt lat="49.942502" lon="10.176135"><ele>203.75</ele></trkpt>
   <trkpt lat="49.942997" lon="10.175939"><ele>203.5</ele></trkpt>
   <trkpt lat="49.94426" lon="10.175379"><ele>203.5</ele></trkpt>
   <trkpt lat="49.945231" lon="10.174906"><ele>204</ele></trkpt>
   <trkpt lat="49.945692" lon="10.174731"><ele>203.75</ele></trkpt>
   <trkpt lat="49.946029" lon="10.174673"><ele>203.5</ele></trkpt>
   <trkpt lat="49.946303" lon="10.174717"><ele>203</ele></trkpt>
   <trkpt lat="49.946524" lon="10.174765"><ele>202.75</ele></trkpt>
   <trkpt lat="49.946933" lon="10.174921"><ele>202.25</ele></trkpt>
   <trkpt lat="49.947631" lon="10.175219"><ele>202.25</ele></trkpt>
   <trkpt lat="49.947876" lon="10.175311"><ele>202.75</ele></trkpt>
   <trkpt lat="49.94831" lon="10.175303"><ele>202.75</ele></trkpt>
   <trkpt lat="49.948672" lon="10.175177"><ele>203</ele></trkpt>
   <trkpt lat="49.949018" lon="10.174915"><ele>204</ele></trkpt>
   <trkpt lat="49.949454" lon="10.174413"><ele>203.75</ele></trkpt>
   <trkpt lat="49.949582" lon="10.174265"><ele>203.5</ele></trkpt>
   <trkpt lat="49.949692" lon="10.174138"><ele>203</ele></trkpt>
   <trkpt lat="49.94996" lon="10.173863"><ele>203</ele></trkpt>
   <trkpt lat="49.950069" lon="10.17377"><ele>203.25</ele></trkpt>
   <trkpt lat="49.950211" lon="10.173677"><ele>203.75</ele></trkpt>
   <trkpt lat="49.950355" lon="10.173603"><ele>203.75</ele></trkpt>
   <trkpt lat="49.95062" lon="10.17351"><ele>203.25</ele></trkpt>
   <trkpt lat="49.952376" lon="10.173194"><ele>203.5</ele></trkpt>
   <trkpt lat="49.953591" lon="10.173055"><ele>204</ele></trkpt>
   <trkpt lat="49.954314" lon="10.173103"><ele>204.5</ele></trkpt>
   <trkpt lat="49.955663" lon="10.173338"><ele>203.75</ele></trkpt>
   <trkpt lat="49.956402" lon="10.173466"><ele>203.25</ele></trkpt>
   <trkpt lat="49.957287" lon="10.173492"><ele>202.25</ele></trkpt>
   <trkpt lat="49.958134" lon="10.173375"><ele>202.5</ele></trkpt>
   <trkpt lat="49.958688" lon="10.173241"><ele>202.5</ele></trkpt>
   <trkpt lat="49.960174" lon="10.172894"><ele>201</ele></trkpt>
   <trkpt lat="49.962048" lon="10.172355"><ele>203</ele></trkpt>
   <trkpt lat="49.962315" lon="10.172249"><ele>203.75</ele></trkpt>
   <trkpt lat="49.964556" lon="10.171637"><ele>206.25</ele></trkpt>
   <trkpt lat="49.964631" lon="10.171623"><ele>206.25</ele></trkpt>
   <trkpt lat="49.964783" lon="10.171593"><ele>206.25</ele></trkpt>
   <trkpt lat="49.965169" lon="10.171545"><ele>206.25</ele></trkpt>
   <trkpt lat="49.965477" lon="10.171525"><ele>206.5</ele></trkpt>
   <trkpt lat="49.965612" lon="10.171536"><ele>206.25</ele></trkpt>
   <trkpt lat="49.965894" lon="10.171558"><ele>206.25</ele></trkpt>
   <trkpt lat="49.966106" lon="10.171586"><ele>206.25</ele></trkpt>
   <trkpt lat="49.967506" lon="10.17181"><ele>203.75</ele></trkpt>
   <trkpt lat="49.967852" lon="10.171871"><ele>203.75</ele></trkpt>
   <trkpt lat="49.968023" lon="10.171905"><ele>204</ele></trkpt>
   <trkpt lat="49.968112" lon="10.171954"><ele>203.75</ele></trkpt>
   <trkpt lat="49.968351" lon="10.171979"><ele>204</ele></trkpt>
   <trkpt lat="49.968417" lon="10.171958"><ele>204.25</ele></trkpt>
   <trkpt lat="49.969987" lon="10.17236"><ele>203.5</ele></trkpt>
   <trkpt lat="49.970753" lon="10.172607"><ele>203.5</ele></trkpt>
   <trkpt lat="49.97193" lon="10.173067"><ele>202.75</ele></trkpt>
   <trkpt lat="49.972137" lon="10.173071"><ele>203</ele></trkpt>
   <trkpt lat="49.972232" lon="10.173119"><ele>203</ele></trkpt>
   <trkpt lat="49.97278" lon="10.173437"><ele>203</ele></trkpt>
   <trkpt lat="49.972849" lon="10.17348"><ele>203</ele></trkpt>
   <trkpt lat="49.973393" lon="10.173876"><ele>203</ele></trkpt>
   <trkpt lat="49.973685" lon="10.17405"><ele>203</ele></trkpt>
   <trkpt lat="49.973801" lon="10.174089"><ele>203</ele></trkpt>
   <trkpt lat="49.973937" lon="10.174106"><ele>203</ele></trkpt>
   <trkpt lat="49.974071" lon="10.17409"><ele>203.25</ele></trkpt>
   <trkpt lat="49.974183" lon="10.174061"><ele>203.25</ele></trkpt>
   <trkpt lat="49.974204" lon="10.174056"><ele>203.25</ele></trkpt>
   <trkpt lat="49.974405" lon="10.174012"><ele>203.75</ele></trkpt>
   <trkpt lat="49.975182" lon="10.17388"><ele>204.5</ele></trkpt>
   <trkpt lat="49.975281" lon="10.17388"><ele>205</ele></trkpt>
   <trkpt lat="49.975516" lon="10.173898"><ele>204.75</ele></trkpt>
   <trkpt lat="49.976132" lon="10.173995"><ele>204.5</ele></trkpt>
   <trkpt lat="49.976628" lon="10.174112"><ele>205.25</ele></trkpt>
   <trkpt lat="49.976857" lon="10.17415"><ele>205</ele></trkpt>
   <trkpt lat="49.977113" lon="10.174142"><ele>205.25</ele></trkpt>
   <trkpt lat="49.977353" lon="10.174107"><ele>205.5</ele></trkpt>
   <trkpt lat="49.977613" lon="10.174049"><ele>205.5</ele></trkpt>
   <trkpt lat="49.977867" lon="10.173955"><ele>205.75</ele></trkpt>
   <trkpt lat="49.978004" lon="10.173875"><ele>206</ele></trkpt>
   <trkpt lat="49.978112" lon="10.173775"><ele>206.5</ele></trkpt>
   <trkpt lat="49.978204" lon="10.173649"><ele>207.25</ele></trkpt>
   <trkpt lat="49.978283" lon="10.173482"><ele>207.5</ele></trkpt>
   <trkpt lat="49.978319" lon="10.173391"><ele>207.25</ele></trkpt>
   <trkpt lat="49.978372" lon="10.173158"><ele>207.5</ele></trkpt>
   <trkpt lat="49.978388" lon="10.173034"><ele>208</ele></trkpt>
   <trkpt lat="49.978392" lon="10.17279"><ele>209.25</ele></trkpt>
   <trkpt lat="49.978358" lon="10.172429"><ele>209.75</ele></trkpt>
   <trkpt lat="49.978328" lon="10.172144"><ele>211.25</ele></trkpt>
   <trkpt lat="49.978305" lon="10.171853"><ele>212.25</ele></trkpt>
   <trkpt lat="49.978294" lon="10.17162"><ele>213</ele></trkpt>
   <trkpt lat="49.978297" lon="10.171405"><ele>213.5</ele></trkpt>
   <trkpt lat="49.978318" lon="10.171112"><ele>214.75</ele></trkpt>
   <trkpt lat="49.978336" lon="10.170959"><ele>216</ele></trkpt>
   <trkpt lat="49.978375" lon="10.170754"><ele>217.5</ele></trkpt>
   <trkpt lat="49.978469" lon="10.170371"><ele>220</ele></trkpt>
   <trkpt lat="49.978526" lon="10.170211"><ele>220.5</ele></trkpt>
   <trkpt lat="49.978583" lon="10.170076"><ele>220</ele></trkpt>
   <trkpt lat="49.978644" lon="10.169936"><ele>220.25</ele></trkpt>
   <trkpt lat="49.978707" lon="10.169819"><ele>220.75</ele></trkpt>
   <trkpt lat="49.978815" lon="10.169648"><ele>221</ele></trkpt>
   <trkpt lat="49.978923" lon="10.169498"><ele>221</ele></trkpt>
   <trkpt lat="49.979036" lon="10.169372"><ele>221.5</ele></trkpt>
   <trkpt lat="49.97953" lon="10.168882"><ele>222</ele></trkpt>
   <trkpt lat="49.979622" lon="10.168779"><ele>222.25</ele></trkpt>
   <trkpt lat="49.97979" lon="10.168549"><ele>222.75</ele></trkpt>
   <trkpt lat="49.97983" lon="10.168465"><ele>222.5</ele></trkpt>
   <trkpt lat="49.979849" lon="10.168304"><ele>222.5</ele></trkpt>
   <trkpt lat="49.979844" lon="10.168171"><ele>222.5</ele></trkpt>
   <trkpt lat="49.979929" lon="10.168218"><ele>222.25</ele></trkpt>
   <trkpt lat="49.979976" lon="10.168229"><ele>222</ele></trkpt>
   <trkpt lat="49.980008" lon="10.168262"><ele>222</ele></trkpt>
   <trkpt lat="49.980034" lon="10.168308"><ele>222</ele></trkpt>
   <trkpt lat="49.98006" lon="10.16838"><ele>222</ele></trkpt>
   <trkpt lat="49.98011" lon="10.168482"><ele>222</ele></trkpt>
   <trkpt lat="49.980162" lon="10.168557"><ele>222</ele></trkpt>
   <trkpt lat="49.980253" lon="10.168631"><ele>221.75</ele></trkpt>
   <trkpt lat="49.980539" lon="10.168812"><ele>222</ele></trkpt>
   <trkpt lat="49.980827" lon="10.168952"><ele>221.75</ele></trkpt>
   <trkpt lat="49.981062" lon="10.169041"><ele>221.5</ele></trkpt>
   <trkpt lat="49.982684" lon="10.16929"><ele>218.75</ele></trkpt>
   <trkpt lat="49.98365" lon="10.169451"><ele>216.75</ele></trkpt>
   <trkpt lat="49.984169" lon="10.169512"><ele>215.75</ele></trkpt>
   <trkpt lat="49.984204" lon="10.169501"><ele>215.75</ele></trkpt>
   <trkpt lat="49.984235" lon="10.169479"><ele>215.75</ele></trkpt>
   <trkpt lat="49.984308" lon="10.16939"><ele>216</ele></trkpt>
   <trkpt lat="49.984385" lon="10.169362"><ele>216</ele></trkpt>
   <trkpt lat="49.984437" lon="10.169367"><ele>216</ele></trkpt>
   <trkpt lat="49.98455" lon="10.169392"><ele>215.5</ele></trkpt>
   <trkpt lat="49.984582" lon="10.169407"><ele>215.5</ele></trkpt>
   <trkpt lat="49.984705" lon="10.169512"><ele>215</ele></trkpt>
   <trkpt lat="49.984746" lon="10.169537"><ele>215</ele></trkpt>
   <trkpt lat="49.984809" lon="10.169556"><ele>215</ele></trkpt>
   <trkpt lat="49.985393" lon="10.169553"><ele>214.25</ele></trkpt>
   <trkpt lat="49.985656" lon="10.169537"><ele>214</ele></trkpt>
   <trkpt lat="49.986476" lon="10.169443"><ele>213</ele></trkpt>
   <trkpt lat="49.987159" lon="10.169402"><ele>212</ele></trkpt>
   <trkpt lat="49.987815" lon="10.169379"><ele>212</ele></trkpt>
   <trkpt lat="49.988504" lon="10.169376"><ele>212</ele></trkpt>
   <trkpt lat="49.98864" lon="10.169389"><ele>212</ele></trkpt>
   <trkpt lat="49.989738" lon="10.16959"><ele>210</ele></trkpt>
   <trkpt lat="49.99076" lon="10.169834"><ele>210</ele></trkpt>
   <trkpt lat="49.99151" lon="10.170071"><ele>210.25</ele></trkpt>
   <trkpt lat="49.992244" lon="10.170245"><ele>211</ele></trkpt>
   <trkpt lat="49.992573" lon="10.170284"><ele>211</ele></trkpt>
   <trkpt lat="49.992603" lon="10.170325"><ele>211</ele></trkpt>
   <trkpt lat="49.992643" lon="10.170357"><ele>211</ele></trkpt>
   <trkpt lat="49.992685" lon="10.17037"><ele>211</ele></trkpt>
   <trkpt lat="49.993076" lon="10.170396"><ele>210.25</ele></trkpt>
   <trkpt lat="49.993106" lon="10.170416"><ele>210.5</ele></trkpt>
   <trkpt lat="49.993126" lon="10.170455"><ele>210.5</ele></trkpt>
   <trkpt lat="49.99313" lon="10.170502"><ele>210.75</ele></trkpt>
   <trkpt lat="49.99312" lon="10.170696"><ele>210.25</ele></trkpt>
   <trkpt lat="49.993119" lon="10.170792"><ele>210</ele></trkpt>
   <trkpt lat="49.993129" lon="10.170866"><ele>210</ele></trkpt>
   <trkpt lat="49.993162" lon="10.170943"><ele>210</ele></trkpt>
   <trkpt lat="49.993196" lon="10.170998"><ele>210</ele></trkpt>
   <trkpt lat="49.993291" lon="10.171075"><ele>210</ele></trkpt>
   <trkpt lat="49.993376" lon="10.171122"><ele>209.75</ele></trkpt>
   <trkpt lat="49.993461" lon="10.17116"><ele>209.75</ele></trkpt>
   <trkpt lat="49.995824" lon="10.172438"><ele>213</ele></trkpt>
   <trkpt lat="49.996291" lon="10.172674"><ele>213</ele></trkpt>
   <trkpt lat="49.996338" lon="10.17269"><ele>213</ele></trkpt>
   <trkpt lat="49.996397" lon="10.17268"><ele>212.75</ele></trkpt>
   <trkpt lat="49.996456" lon="10.172648"><ele>213</ele></trkpt>
   <trkpt lat="49.996515" lon="10.172595"><ele>213</ele></trkpt>
   <trkpt lat="49.996561" lon="10.172605"><ele>213</ele></trkpt>
   <trkpt lat="49.996605" lon="10.172643"><ele>213</ele></trkpt>
   <trkpt lat="49.996625" lon="10.172934"><ele>212.25</ele></trkpt>
   <trkpt lat="49.997407" lon="10.173238"><ele>211.5</ele></trkpt>
   <trkpt lat="49.998057" lon="10.173424"><ele>210.5</ele></trkpt>
   <trkpt lat="49.998744" lon="10.173603"><ele>210</ele></trkpt>
   <trkpt lat="49.999113" lon="10.173741"><ele>209.5</ele></trkpt>
   <trkpt lat="49.999323" lon="10.17383"><ele>209</ele></trkpt>
   <trkpt lat="49.999526" lon="10.173941"><ele>209</ele></trkpt>
   <trkpt lat="49.999755" lon="10.174123"><ele>209</ele></trkpt>
   <trkpt lat="50.000001" lon="10.174341"><ele>208.75</ele></trkpt>
   <trkpt lat="50.000131" lon="10.174463"><ele>209</ele></trkpt>
   <trkpt lat="50.000261" lon="10.174608"><ele>209</ele></trkpt>
   <trkpt lat="50.000596" lon="10.175024"><ele>208.75</ele></trkpt>
   <trkpt lat="50.000722" lon="10.175188"><ele>209</ele></trkpt>
   <trkpt lat="50.000907" lon="10.175417"><ele>209</ele></trkpt>
   <trkpt lat="50.00117" lon="10.175748"><ele>209</ele></trkpt>
   <trkpt lat="50.001442" lon="10.176092"><ele>208</ele></trkpt>
   <trkpt lat="50.001527" lon="10.1762"><ele>208</ele></trkpt>
   <trkpt lat="50.001694" lon="10.176374"><ele>208</ele></trkpt>
   <trkpt lat="50.001866" lon="10.176521"><ele>207.5</ele></trkpt>
   <trkpt lat="50.001972" lon="10.176602"><ele>207.25</ele></trkpt>
   <trkpt lat="50.002139" lon="10.176728"><ele>207.25</ele></trkpt>
   <trkpt lat="50.002188" lon="10.176765"><ele>207</ele></trkpt>
   <trkpt lat="50.002845" lon="10.177264"><ele>210</ele></trkpt>
   <trkpt lat="50.002887" lon="10.177275"><ele>210</ele></trkpt>
   <trkpt lat="50.002939" lon="10.177262"><ele>210.25</ele></trkpt>
   <trkpt lat="50.003005" lon="10.17723"><ele>210.75</ele></trkpt>
   <trkpt lat="50.003051" lon="10.177194"><ele>210.75</ele></trkpt>
   <trkpt lat="50.003089" lon="10.177295"><ele>211</ele></trkpt>
   <trkpt lat="50.003145" lon="10.17741"><ele>211</ele></trkpt>
   <trkpt lat="50.003199" lon="10.177501"><ele>211</ele></trkpt>
   <trkpt lat="50.003255" lon="10.177577"><ele>211</ele></trkpt>
   <trkpt lat="50.003237" lon="10.177657"><ele>211</ele></trkpt>
   <trkpt lat="50.003089" lon="10.178706"><ele>205.5</ele></trkpt>
   <trkpt lat="50.003465" lon="10.178829"><ele>205.25</ele></trkpt>
   <trkpt lat="50.003926" lon="10.178981"><ele>205.5</ele></trkpt>
   <trkpt lat="50.004125" lon="10.179088"><ele>205.25</ele></trkpt>
   <trkpt lat="50.004311" lon="10.179286"><ele>205.25</ele></trkpt>
   <trkpt lat="50.004471" lon="10.179483"><ele>205</ele></trkpt>
   <trkpt lat="50.004731" lon="10.179786"><ele>206</ele></trkpt>
   <trkpt lat="50.004861" lon="10.179939"><ele>206</ele></trkpt>
   <trkpt lat="50.004954" lon="10.180049"><ele>205.75</ele></trkpt>
   <trkpt lat="50.005091" lon="10.180203"><ele>205.5</ele></trkpt>
   <trkpt lat="50.005276" lon="10.180443"><ele>205.25</ele></trkpt>
   <trkpt lat="50.005322" lon="10.18051"><ele>205.25</ele></trkpt>
   <trkpt lat="50.005386" lon="10.180636"><ele>205.25</ele></trkpt>
   <trkpt lat="50.00547" lon="10.180833"><ele>205.5</ele></trkpt>
   <trkpt lat="50.005516" lon="10.181013"><ele>205.75</ele></trkpt>
   <trkpt lat="50.005737" lon="10.181612"><ele>206</ele></trkpt>
   <trkpt lat="50.005759" lon="10.181726"><ele>206</ele></trkpt>
   <trkpt lat="50.005799" lon="10.181781"><ele>206</ele></trkpt>
   <trkpt lat="50.00583" lon="10.181825"><ele>206</ele></trkpt>
   <trkpt lat="50.005805" lon="10.181945"><ele>206</ele></trkpt>
   <trkpt lat="50.005857" lon="10.181993"><ele>205.75</ele></trkpt>
   <trkpt lat="50.005887" lon="10.182021"><ele>205.75</ele></trkpt>
   <trkpt lat="50.006352" lon="10.182446"><ele>206</ele></trkpt>
   <trkpt lat="50.006617" lon="10.182725"><ele>206</ele></trkpt>
   <trkpt lat="50.007253" lon="10.18354"><ele>205.25</ele></trkpt>
   <trkpt lat="50.00735" lon="10.183634"><ele>205.25</ele></trkpt>
   <trkpt lat="50.007491" lon="10.183658"><ele>205.75</ele></trkpt>
   <trkpt lat="50.007783" lon="10.183799"><ele>206</ele></trkpt>
   <trkpt lat="50.008102" lon="10.183991"><ele>206</ele></trkpt>
   <trkpt lat="50.008469" lon="10.184368"><ele>206</ele></trkpt>
   <trkpt lat="50.008498" lon="10.18442"><ele>206</ele></trkpt>
   <trkpt lat="50.00852" lon="10.184461"><ele>206</ele></trkpt>
   <trkpt lat="50.0088" lon="10.184657"><ele>206.25</ele></trkpt>
   <trkpt lat="50.009075" lon="10.184817"><ele>206.75</ele></trkpt>
   <trkpt lat="50.009656" lon="10.185101"><ele>207</ele></trkpt>
   <trkpt lat="50.010123" lon="10.185353"><ele>207.25</ele></trkpt>
   <trkpt lat="50.010663" lon="10.185763"><ele>207</ele></trkpt>
   <trkpt lat="50.011003" lon="10.186"><ele>207</ele></trkpt>
   <trkpt lat="50.011178" lon="10.186112"><ele>207</ele></trkpt>
   <trkpt lat="50.011327" lon="10.186183"><ele>207</ele></trkpt>
   <trkpt lat="50.011422" lon="10.186218"><ele>207</ele></trkpt>
   <trkpt lat="50.011572" lon="10.186353"><ele>207</ele></trkpt>
   <trkpt lat="50.011694" lon="10.186515"><ele>206.5</ele></trkpt>
   <trkpt lat="50.0119" lon="10.186857"><ele>206.75</ele></trkpt>
   <trkpt lat="50.012241" lon="10.187397"><ele>207</ele></trkpt>
   <trkpt lat="50.012627" lon="10.187854"><ele>207</ele></trkpt>
   <trkpt lat="50.012781" lon="10.18798"><ele>207</ele></trkpt>
   <trkpt lat="50.012941" lon="10.188054"><ele>207</ele></trkpt>
   <trkpt lat="50.013355" lon="10.188148"><ele>207</ele></trkpt>
   <trkpt lat="50.013936" lon="10.188357"><ele>206</ele></trkpt>
   <trkpt lat="50.014218" lon="10.188523"><ele>206.25</ele></trkpt>
   <trkpt lat="50.015302" lon="10.189421"><ele>207</ele></trkpt>
   <trkpt lat="50.015423" lon="10.189532"><ele>207</ele></trkpt>
   <trkpt lat="50.01623" lon="10.190194"><ele>207</ele></trkpt>
   <trkpt lat="50.016906" lon="10.190774"><ele>207.75</ele></trkpt>
   <trkpt lat="50.018363" lon="10.192189"><ele>211</ele></trkpt>
   <trkpt lat="50.018767" lon="10.19261"><ele>211</ele></trkpt>
   <trkpt lat="50.019737" lon="10.193581"><ele>210</ele></trkpt>
   <trkpt lat="50.019838" lon="10.193624"><ele>209.75</ele></trkpt>
   <trkpt lat="50.020149" lon="10.192457"><ele>212</ele></trkpt>
   <trkpt lat="50.020173" lon="10.19232"><ele>212.25</ele></trkpt>
   <trkpt lat="50.020183" lon="10.192187"><ele>212.5</ele></trkpt>
   <trkpt lat="50.020183" lon="10.192073"><ele>212.5</ele></trkpt>
   <trkpt lat="50.020263" lon="10.192099"><ele>212.75</ele></trkpt>
   <trkpt lat="50.020337" lon="10.192124"><ele>213</ele></trkpt>
   <trkpt lat="50.020404" lon="10.192161"><ele>213.25</ele></trkpt>
   <trkpt lat="50.020445" lon="10.192222"><ele>213.5</ele></trkpt>
   <trkpt lat="50.020479" lon="10.192282"><ele>213.25</ele></trkpt>
   <trkpt lat="50.020503" lon="10.192304"><ele>213.25</ele></trkpt>
   <trkpt lat="50.020664" lon="10.192326"><ele>212.75</ele></trkpt>
   <trkpt lat="50.020732" lon="10.192365"><ele>212.25</ele></trkpt>
   <trkpt lat="50.020791" lon="10.192413"><ele>211.75</ele></trkpt>
   <trkpt lat="50.021267" lon="10.192963"><ele>211.25</ele></trkpt>
   <trkpt lat="50.021374" lon="10.193102"><ele>213.5</ele></trkpt>
   <trkpt lat="50.022047" lon="10.193872"><ele>213.25</ele></trkpt>
   <trkpt lat="50.022468" lon="10.194388"><ele>213</ele></trkpt>
   <trkpt lat="50.022792" lon="10.194738"><ele>212.75</ele></trkpt>
   <trkpt lat="50.022901" lon="10.194899"><ele>213</ele></trkpt>
   <trkpt lat="50.022967" lon="10.194982"><ele>213</ele></trkpt>
   <trkpt lat="50.02309" lon="10.195113"><ele>213</ele></trkpt>
   <trkpt lat="50.023184" lon="10.19518"><ele>213</ele></trkpt>
   <trkpt lat="50.023619" lon="10.195663"><ele>212.5</ele></trkpt>
   <trkpt lat="50.023748" lon="10.195796"><ele>212.5</ele></trkpt>
   <trkpt lat="50.024171" lon="10.196235"><ele>213</ele></trkpt>
   <trkpt lat="50.024275" lon="10.196342"><ele>213</ele></trkpt>
   <trkpt lat="50.024274" lon="10.196439"><ele>212.75</ele></trkpt>
   <trkpt lat="50.024275" lon="10.196342"><ele>213</ele></trkpt>
   <trkpt lat="50.024516" lon="10.196599"><ele>213</ele></trkpt>
   <trkpt lat="50.024676" lon="10.19677"><ele>213</ele></trkpt>
   <trkpt lat="50.02508" lon="10.197303"><ele>212.75</ele></trkpt>
   <trkpt lat="50.025209" lon="10.197493"><ele>212.75</ele></trkpt>
   <trkpt lat="50.025368" lon="10.197729"><ele>212.5</ele></trkpt>
   <trkpt lat="50.025417" lon="10.197802"><ele>212.25</ele></trkpt>
   <trkpt lat="50.025694" lon="10.198289"><ele>212</ele></trkpt>
   <trkpt lat="50.026133" lon="10.199074"><ele>211</ele></trkpt>
   <trkpt lat="50.026163" lon="10.199143"><ele>211</ele></trkpt>
   <trkpt lat="50.026288" lon="10.199355"><ele>211</ele></trkpt>
   <trkpt lat="50.026356" lon="10.199421"><ele>211</ele></trkpt>
   <trkpt lat="50.026424" lon="10.199488"><ele>211</ele></trkpt>
   <trkpt lat="50.026634" lon="10.19986"><ele>210.75</ele></trkpt>
   <trkpt lat="50.02666" lon="10.199905"><ele>210.75</ele></trkpt>
   <trkpt lat="50.027023" lon="10.20057"><ele>213</ele></trkpt>
   <trkpt lat="50.027114" lon="10.200749"><ele>213</ele></trkpt>
   <trkpt lat="50.027214" lon="10.200947"><ele>213.25</ele></trkpt>
   <trkpt lat="50.027327" lon="10.201169"><ele>213.75</ele></trkpt>
   <trkpt lat="50.027412" lon="10.201347"><ele>213.5</ele></trkpt>
   <trkpt lat="50.027453" lon="10.201437"><ele>213.75</ele></trkpt>
   <trkpt lat="50.02754" lon="10.201646"><ele>214</ele></trkpt>
   <trkpt lat="50.027594" lon="10.201793"><ele>213.5</ele></trkpt>
   <trkpt lat="50.027612" lon="10.201841"><ele>213.5</ele></trkpt>
   <trkpt lat="50.027747" lon="10.202207"><ele>213</ele></trkpt>
   <trkpt lat="50.027933" lon="10.202699"><ele>212.5</ele></trkpt>
   <trkpt lat="50.02798" lon="10.202832"><ele>212.5</ele></trkpt>
   <trkpt lat="50.028399" lon="10.203949"><ele>213</ele></trkpt>
   <trkpt lat="50.028563" lon="10.204369"><ele>213.75</ele></trkpt>
   <trkpt lat="50.028639" lon="10.204552"><ele>213.75</ele></trkpt>
   <trkpt lat="50.028687" lon="10.20469"><ele>213.75</ele></trkpt>
   <trkpt lat="50.028734" lon="10.204864"><ele>214</ele></trkpt>
   <trkpt lat="50.028827" lon="10.205254"><ele>214</ele></trkpt>
   <trkpt lat="50.02885" lon="10.205345"><ele>214</ele></trkpt>
   <trkpt lat="50.028879" lon="10.205461"><ele>214</ele></trkpt>
   <trkpt lat="50.028922" lon="10.205634"><ele>214</ele></trkpt>
   <trkpt lat="50.029046" lon="10.20609"><ele>214</ele></trkpt>
   <trkpt lat="50.029072" lon="10.206171"><ele>214</ele></trkpt>
   <trkpt lat="50.029135" lon="10.206366"><ele>214</ele></trkpt>
   <trkpt lat="50.029191" lon="10.206333"><ele>214</ele></trkpt>
   <trkpt lat="50.029324" lon="10.206833"><ele>214.5</ele></trkpt>
   <trkpt lat="50.029772" lon="10.208564"><ele>215</ele></trkpt>
   <trkpt lat="50.029975" lon="10.20937"><ele>215</ele></trkpt>
   <trkpt lat="50.030179" lon="10.209876"><ele>215.25</ele></trkpt>
   <trkpt lat="50.030365" lon="10.2103"><ele>215.25</ele></trkpt>
   <trkpt lat="50.030595" lon="10.21072"><ele>215</ele></trkpt>
   <trkpt lat="50.03082" lon="10.211085"><ele>215</ele></trkpt>
   <trkpt lat="50.031011" lon="10.21137"><ele>215.5</ele></trkpt>
   <trkpt lat="50.031085" lon="10.211439"><ele>215.75</ele></trkpt>
   <trkpt lat="50.031508" lon="10.211986"><ele>215</ele></trkpt>
   <trkpt lat="50.031546" lon="10.212082"><ele>215.25</ele></trkpt>
   <trkpt lat="50.031589" lon="10.212123"><ele>215.5</ele></trkpt>
   <trkpt lat="50.031648" lon="10.21219"><ele>215.75</ele></trkpt>
   <trkpt lat="50.031728" lon="10.212312"><ele>215.5</ele></trkpt>
   <trkpt lat="50.031798" lon="10.212417"><ele>215.5</ele></trkpt>
   <trkpt lat="50.032404" lon="10.213114"><ele>216</ele></trkpt>
   <trkpt lat="50.032865" lon="10.213654"><ele>216</ele></trkpt>
   <trkpt lat="50.033036" lon="10.213855"><ele>216</ele></trkpt>
   <trkpt lat="50.033156" lon="10.213995"><ele>216</ele></trkpt>
   <trkpt lat="50.033216" lon="10.21407"><ele>216</ele></trkpt>
   <trkpt lat="50.033652" lon="10.214644"><ele>216</ele></trkpt>
   <trkpt lat="50.033705" lon="10.214712"><ele>216</ele></trkpt>
   <trkpt lat="50.033815" lon="10.214853"><ele>216</ele></trkpt>
   <trkpt lat="50.033915" lon="10.214998"><ele>216</ele></trkpt>
   <trkpt lat="50.034064" lon="10.21522"><ele>216</ele></trkpt>
   <trkpt lat="50.03421" lon="10.215459"><ele>216</ele></trkpt>
   <trkpt lat="50.034323" lon="10.215677"><ele>216</ele></trkpt>
   <trkpt lat="50.034374" lon="10.21579"><ele>216</ele></trkpt>
   <trkpt lat="50.034477" lon="10.216013"><ele>216</ele></trkpt>
   <trkpt lat="50.03488" lon="10.216978"><ele>216</ele></trkpt>
   <trkpt lat="50.035205" lon="10.217722"><ele>216</ele></trkpt>
   <trkpt lat="50.035289" lon="10.217905"><ele>216</ele></trkpt>
   <trkpt lat="50.035738" lon="10.218799"><ele>216</ele></trkpt>
   <trkpt lat="50.035828" lon="10.219007"><ele>215.5</ele></trkpt>
   <trkpt lat="50.035933" lon="10.219235"><ele>215.25</ele></trkpt>
   <trkpt lat="50.036068" lon="10.219533"><ele>215.5</ele></trkpt>
   <trkpt lat="50.036119" lon="10.21965"><ele>215.25</ele></trkpt>
   <trkpt lat="50.036326" lon="10.220078"><ele>213.5</ele></trkpt>
   <trkpt lat="50.036485" lon="10.220409"><ele>213.25</ele></trkpt>
   <trkpt lat="50.036589" lon="10.220573"><ele>213.25</ele></trkpt>
   <trkpt lat="50.036701" lon="10.220724"><ele>212.5</ele></trkpt>
   <trkpt lat="50.036813" lon="10.220854"><ele>212.75</ele></trkpt>
   <trkpt lat="50.03693" lon="10.220974"><ele>212.25</ele></trkpt>
   <trkpt lat="50.037124" lon="10.221138"><ele>212.25</ele></trkpt>
   <trkpt lat="50.037261" lon="10.221241"><ele>212.25</ele></trkpt>
   <trkpt lat="50.037397" lon="10.22133"><ele>211</ele></trkpt>
   <trkpt lat="50.037845" lon="10.221527"><ele>211.25</ele></trkpt>
   <trkpt lat="50.038041" lon="10.221587"><ele>211.75</ele></trkpt>
   <trkpt lat="50.038121" lon="10.2216"><ele>211.75</ele></trkpt>
   <trkpt lat="50.038158" lon="10.221597"><ele>211.75</ele></trkpt>
   <trkpt lat="50.03824" lon="10.22157"><ele>212</ele></trkpt>
   <trkpt lat="50.038276" lon="10.221542"><ele>212.25</ele></trkpt>
   <trkpt lat="50.038319" lon="10.221599"><ele>212</ele></trkpt>
   <trkpt lat="50.038348" lon="10.22163"><ele>212</ele></trkpt>
   <trkpt lat="50.038389" lon="10.221655"><ele>212</ele></trkpt>
   <trkpt lat="50.038418" lon="10.221659"><ele>212.25</ele></trkpt>
   <trkpt lat="50.03853" lon="10.221648"><ele>212.5</ele></trkpt>
   <trkpt lat="50.038771" lon="10.221606"><ele>213.5</ele></trkpt>
   <trkpt lat="50.039056" lon="10.221545"><ele>214.5</ele></trkpt>
   <trkpt lat="50.039206" lon="10.221486"><ele>215</ele></trkpt>
   <trkpt lat="50.039272" lon="10.221416"><ele>215</ele></trkpt>
   <trkpt lat="50.039302" lon="10.221357"><ele>215</ele></trkpt>
   <trkpt lat="50.039324" lon="10.221363"><ele>215</ele></trkpt>
   <trkpt lat="50.039358" lon="10.221368"><ele>215</ele></trkpt>
   <trkpt lat="50.039406" lon="10.221308"><ele>215</ele></trkpt>
   <trkpt lat="50.039518" lon="10.22139"><ele>215.25</ele></trkpt>
   <trkpt lat="50.039574" lon="10.221502"><ele>215.5</ele></trkpt>
   <trkpt lat="50.039674" lon="10.221681"><ele>215.75</ele></trkpt>
   <trkpt lat="50.040038" lon="10.222354"><ele>215.75</ele></trkpt>
   <trkpt lat="50.040127" lon="10.22252"><ele>216</ele></trkpt>
   <trkpt lat="50.040372" lon="10.222984"><ele>216</ele></trkpt>
   <trkpt lat="50.040644" lon="10.223489"><ele>216</ele></trkpt>
   <trkpt lat="50.04072" lon="10.223632"><ele>216</ele></trkpt>
   <trkpt lat="50.041111" lon="10.224351"><ele>216</ele></trkpt>
   <trkpt lat="50.041156" lon="10.224433"><ele>216</ele></trkpt>
   <trkpt lat="50.041453" lon="10.224974"><ele>216</ele></trkpt>
   <trkpt lat="50.041504" lon="10.22507"><ele>216</ele></trkpt>
   <trkpt lat="50.04217" lon="10.226315"><ele>216.75</ele></trkpt>
   <trkpt lat="50.042429" lon="10.226787"><ele>217</ele></trkpt>
   <trkpt lat="50.042761" lon="10.227441"><ele>217.75</ele></trkpt>
   <trkpt lat="50.042852" lon="10.227621"><ele>217.75</ele></trkpt>
   <trkpt lat="50.042925" lon="10.227814"><ele>217.75</ele></trkpt>
   <trkpt lat="50.04298" lon="10.227915"><ele>217.5</ele></trkpt>
   <trkpt lat="50.043045" lon="10.228035"><ele>217</ele></trkpt>
   <trkpt lat="50.043054" lon="10.228152"><ele>217</ele></trkpt>
   <trkpt lat="50.043109" lon="10.228304"><ele>217</ele></trkpt>
   <trkpt lat="50.043186" lon="10.228459"><ele>216.5</ele></trkpt>
   <trkpt lat="50.043316" lon="10.228699"><ele>216</ele></trkpt>
   <trkpt lat="50.043369" lon="10.228763"><ele>215.75</ele></trkpt>
   <trkpt lat="50.04342" lon="10.228807"><ele>215.75</ele></trkpt>
   <trkpt lat="50.043456" lon="10.228869"><ele>215.5</ele></trkpt>
   <trkpt lat="50.043506" lon="10.228928"><ele>215.25</ele></trkpt>
   <trkpt lat="50.043545" lon="10.228937"><ele>215</ele></trkpt>
   <trkpt lat="50.043578" lon="10.228935"><ele>215</ele></trkpt>
   <trkpt lat="50.04364" lon="10.228895"><ele>215</ele></trkpt>
   <trkpt lat="50.043787" lon="10.228675"><ele>215.25</ele></trkpt>
   <trkpt lat="50.043808" lon="10.228638"><ele>215.25</ele></trkpt>
   <trkpt lat="50.04395" lon="10.228422"><ele>215</ele></trkpt>
   <trkpt lat="50.044026" lon="10.228322"><ele>215</ele></trkpt>
   <trkpt lat="50.044111" lon="10.22824"><ele>215.25</ele></trkpt>
   <trkpt lat="50.044189" lon="10.228182"><ele>215.5</ele></trkpt>
   <trkpt lat="50.044265" lon="10.228135"><ele>215.75</ele></trkpt>
   <trkpt lat="50.044341" lon="10.228102"><ele>215.75</ele></trkpt>
   <trkpt lat="50.044518" lon="10.228041"><ele>216.25</ele></trkpt>
   <trkpt lat="50.044549" lon="10.228034"><ele>216.25</ele></trkpt>
   <trkpt lat="50.044585" lon="10.228038"><ele>216.5</ele></trkpt>
   <trkpt lat="50.04462" lon="10.228053"><ele>216.5</ele></trkpt>
   <trkpt lat="50.044649" lon="10.228078"><ele>216.5</ele></trkpt>
   <trkpt lat="50.044691" lon="10.228132"><ele>216.75</ele></trkpt>
   <trkpt lat="50.044826" lon="10.228553"><ele>218</ele></trkpt>
   <trkpt lat="50.044941" lon="10.228791"><ele>218.75</ele></trkpt>
   <trkpt lat="50.04498" lon="10.228836"><ele>218.75</ele></trkpt>
   <trkpt lat="50.04502" lon="10.228849"><ele>219</ele></trkpt>
   <trkpt lat="50.045073" lon="10.228819"><ele>219.25</ele></trkpt>
   <trkpt lat="50.045305" lon="10.228501"><ele>220.5</ele></trkpt>
   <trkpt lat="50.045344" lon="10.228445"><ele>220.75</ele></trkpt>
   <trkpt lat="50.045606" lon="10.228059"><ele>222</ele></trkpt>
   <trkpt lat="50.045641" lon="10.227999"><ele>222.25</ele></trkpt>
   <trkpt lat="50.045694" lon="10.227911"><ele>222.75</ele></trkpt>
   <trkpt lat="50.045787" lon="10.227761"><ele>223</ele></trkpt>
   <trkpt lat="50.046228" lon="10.227054"><ele>224.25</ele></trkpt>
   <trkpt lat="50.046284" lon="10.226997"><ele>224.5</ele></trkpt>
   <trkpt lat="50.046338" lon="10.22697"><ele>224.75</ele></trkpt>
   <trkpt lat="50.046655" lon="10.226962"><ele>225</ele></trkpt>
   <trkpt lat="50.047086" lon="10.22696"><ele>226</ele></trkpt>
   <trkpt lat="50.047316" lon="10.22696"><ele>226.25</ele></trkpt>
   <trkpt lat="50.047666" lon="10.226956"><ele>227</ele></trkpt>
   <trkpt lat="50.047744" lon="10.226955"><ele>227</ele></trkpt>
   <trkpt lat="50.047831" lon="10.226955"><ele>227</ele></trkpt>
   <trkpt lat="50.047944" lon="10.226954"><ele>227</ele></trkpt>
   <trkpt lat="50.04807" lon="10.226952"><ele>227</ele></trkpt>
   <trkpt lat="50.048185" lon="10.226944"><ele>227.25</ele></trkpt>
   <trkpt lat="50.048186" lon="10.227013"><ele>227.25</ele></trkpt>
   <trkpt lat="50.048167" lon="10.227038"><ele>227.25</ele></trkpt>
   <trkpt lat="50.048157" lon="10.227071"><ele>227.25</ele></trkpt>
   <trkpt lat="50.048147" lon="10.227117"><ele>227.25</ele></trkpt>
   <trkpt lat="50.048146" lon="10.227162"><ele>227.25</ele></trkpt>
   <trkpt lat="50.048146" lon="10.227532"><ele>227.25</ele></trkpt>
   <trkpt lat="50.048148" lon="10.227807"><ele>228.25</ele></trkpt>
   <trkpt lat="50.048159" lon="10.228069"><ele>228.25</ele></trkpt>
   <trkpt lat="50.048188" lon="10.228287"><ele>228</ele></trkpt>
   <trkpt lat="50.048208" lon="10.228359"><ele>228</ele></trkpt>
   <trkpt lat="50.048339" lon="10.228698"><ele>228</ele></trkpt>
   <trkpt lat="50.048491" lon="10.229093"><ele>228.75</ele></trkpt>
   <trkpt lat="50.048645" lon="10.229497"><ele>230</ele></trkpt>
   <trkpt lat="50.048816" lon="10.229951"><ele>230.5</ele></trkpt>
   <trkpt lat="50.048878" lon="10.230099"><ele>230.75</ele></trkpt>
   <trkpt lat="50.048966" lon="10.230341"><ele>231</ele></trkpt>
   <trkpt lat="50.049026" lon="10.230546"><ele>231</ele></trkpt>
   <trkpt lat="50.049052" lon="10.230575"><ele>231</ele></trkpt>
   <trkpt lat="50.049087" lon="10.2307"><ele>231</ele></trkpt>
   <trkpt lat="50.049129" lon="10.230829"><ele>231</ele></trkpt>
   <trkpt lat="50.04914" lon="10.230897"><ele>230.75</ele></trkpt>
   <trkpt lat="50.049177" lon="10.230997"><ele>230.25</ele></trkpt>
   <trkpt lat="50.049213" lon="10.231079"><ele>229.75</ele></trkpt>
   <trkpt lat="50.049249" lon="10.231141"><ele>229.5</ele></trkpt>
   <trkpt lat="50.049337" lon="10.231244"><ele>228.75</ele></trkpt>
   <trkpt lat="50.049493" lon="10.23132"><ele>227.75</ele></trkpt>
   <trkpt lat="50.049575" lon="10.231348"><ele>227.25</ele></trkpt>
   <trkpt lat="50.04973" lon="10.231333"><ele>226.25</ele></trkpt>
   <trkpt lat="50.049826" lon="10.231324"><ele>226</ele></trkpt>
   <trkpt lat="50.050052" lon="10.231263"><ele>225.5</ele></trkpt>
   <trkpt lat="50.050092" lon="10.231208"><ele>225.5</ele></trkpt>
   <trkpt lat="50.050248" lon="10.231156"><ele>224.25</ele></trkpt>
   <trkpt lat="50.050371" lon="10.231126"><ele>223.75</ele></trkpt>
   <trkpt lat="50.050518" lon="10.231118"><ele>223.75</ele></trkpt>
   <trkpt lat="50.050955" lon="10.230995"><ele>223.75</ele></trkpt>
   <trkpt lat="50.051997" lon="10.230691"><ele>222.25</ele></trkpt>
   <trkpt lat="50.052017" lon="10.230765"><ele>222</ele></trkpt>
   <trkpt lat="50.052314" lon="10.230673"><ele>221.5</ele></trkpt>
   <trkpt lat="50.052553" lon="10.230595"><ele>220.75</ele></trkpt>
   <trkpt lat="50.052694" lon="10.230558"><ele>220.25</ele></trkpt>
   <trkpt lat="50.052935" lon="10.230494"><ele>219.75</ele></trkpt>
   <trkpt lat="50.053181" lon="10.230428"><ele>219.25</ele></trkpt>
   <trkpt lat="50.05388" lon="10.230243"><ele>217</ele></trkpt>
   <trkpt lat="50.053896" lon="10.230164"><ele>217</ele></trkpt>
   <trkpt lat="50.053922" lon="10.230108"><ele>217</ele></trkpt>
   <trkpt lat="50.053974" lon="10.230034"><ele>217.25</ele></trkpt>
   <trkpt lat="50.054041" lon="10.229968"><ele>217.5</ele></trkpt>
   <trkpt lat="50.054196" lon="10.229864"><ele>218</ele></trkpt>
   <trkpt lat="50.054393" lon="10.229761"><ele>219.25</ele></trkpt>
   <trkpt lat="50.05458" lon="10.229699"><ele>220.5</ele></trkpt>
   <trkpt lat="50.054706" lon="10.229667"><ele>221</ele></trkpt>
   <trkpt lat="50.054843" lon="10.229659"><ele>221.25</ele></trkpt>
   <trkpt lat="50.054937" lon="10.229664"><ele>221.5</ele></trkpt>
   <trkpt lat="50.055017" lon="10.229677"><ele>221.5</ele></trkpt>
   <trkpt lat="50.055094" lon="10.229701"><ele>221.5</ele></trkpt>
   <trkpt lat="50.055252" lon="10.229769"><ele>220.75</ele></trkpt>
   <trkpt lat="50.055396" lon="10.229836"><ele>220.75</ele></trkpt>
   <trkpt lat="50.055418" lon="10.229846"><ele>220.75</ele></trkpt>
   <trkpt lat="50.055619" lon="10.229939"><ele>221</ele></trkpt>
   <trkpt lat="50.055787" lon="10.230018"><ele>220.75</ele></trkpt>
   <trkpt lat="50.055908" lon="10.230074"><ele>220.5</ele></trkpt>
   <trkpt lat="50.055996" lon="10.230115"><ele>220</ele></trkpt>
   <trkpt lat="50.05603" lon="10.230131"><ele>220</ele></trkpt>
   <trkpt lat="50.056075" lon="10.230151"><ele>220</ele></trkpt>
   <trkpt lat="50.056194" lon="10.230208"><ele>220</ele></trkpt>
   <trkpt lat="50.056333" lon="10.230276"><ele>220</ele></trkpt>
   <trkpt lat="50.05658" lon="10.230394"><ele>219.75</ele></trkpt>
   <trkpt lat="50.056737" lon="10.230469"><ele>220</ele></trkpt>
   <trkpt lat="50.056845" lon="10.230508"><ele>220</ele></trkpt>
   <trkpt lat="50.056958" lon="10.230529"><ele>220</ele></trkpt>
   <trkpt lat="50.056989" lon="10.230528"><ele>219.75</ele></trkpt>
   <trkpt lat="50.057019" lon="10.230527"><ele>220</ele></trkpt>
   <trkpt lat="50.05712" lon="10.230523"><ele>220</ele></trkpt>
   <trkpt lat="50.057358" lon="10.230515"><ele>220</ele></trkpt>
   <trkpt lat="50.05783" lon="10.230508"><ele>221</ele></trkpt>
   <trkpt lat="50.058002" lon="10.230505"><ele>221</ele></trkpt>
   <trkpt lat="50.058033" lon="10.230505"><ele>221</ele></trkpt>
   <trkpt lat="50.058139" lon="10.230503"><ele>220.5</ele></trkpt>
   <trkpt lat="50.058251" lon="10.230512"><ele>220.25</ele></trkpt>
   <trkpt lat="50.058289" lon="10.230517"><ele>220</ele></trkpt>
   <trkpt lat="50.05837" lon="10.230536"><ele>220</ele></trkpt>
   <trkpt lat="50.0586" lon="10.2306"><ele>219.75</ele></trkpt>
   <trkpt lat="50.058945" lon="10.23069"><ele>219.5</ele></trkpt>
   <trkpt lat="50.060302" lon="10.230999"><ele>219.25</ele></trkpt>
   <trkpt lat="50.060564" lon="10.231052"><ele>219.25</ele></trkpt>
   <trkpt lat="50.060717" lon="10.231077"><ele>219.75</ele></trkpt>
   <trkpt lat="50.06079" lon="10.231082"><ele>219.75</ele></trkpt>
   <trkpt lat="50.06093" lon="10.231139"><ele>219.75</ele></trkpt>
   <trkpt lat="50.060978" lon="10.231148"><ele>219.75</ele></trkpt>
   <trkpt lat="50.061009" lon="10.231151"><ele>219.75</ele></trkpt>
   <trkpt lat="50.061141" lon="10.23117"><ele>220</ele></trkpt>
   <trkpt lat="50.061254" lon="10.23118"><ele>220</ele></trkpt>
   <trkpt lat="50.061363" lon="10.23118"><ele>220</ele></trkpt>
   <trkpt lat="50.061429" lon="10.231169"><ele>220.25</ele></trkpt>
   <trkpt lat="50.061475" lon="10.231108"><ele>220.25</ele></trkpt>
   <trkpt lat="50.061549" lon="10.231094"><ele>220.5</ele></trkpt>
   <trkpt lat="50.061839" lon="10.231041"><ele>221.25</ele></trkpt>
   <trkpt lat="50.061979" lon="10.231011"><ele>221.25</ele></trkpt>
   <trkpt lat="50.062358" lon="10.230907"><ele>222.5</ele></trkpt>
   <trkpt lat="50.062738" lon="10.230779"><ele>222.5</ele></trkpt>
   <trkpt lat="50.063051" lon="10.230653"><ele>224.25</ele></trkpt>
   <trkpt lat="50.063283" lon="10.230552"><ele>223.75</ele></trkpt>
   <trkpt lat="50.063551" lon="10.230417"><ele>225</ele></trkpt>
   <trkpt lat="50.06413" lon="10.230056"><ele>225</ele></trkpt>
   <trkpt lat="50.064272" lon="10.229951"><ele>225</ele></trkpt>
   <trkpt lat="50.064418" lon="10.229831"><ele>225.25</ele></trkpt>
   <trkpt lat="50.064545" lon="10.229712"><ele>225.5</ele></trkpt>
   <trkpt lat="50.064694" lon="10.229557"><ele>226.25</ele></trkpt>
   <trkpt lat="50.065122" lon="10.229026"><ele>226.75</ele></trkpt>
   <trkpt lat="50.065435" lon="10.228582"><ele>227.5</ele></trkpt>
   <trkpt lat="50.065659" lon="10.228259"><ele>227.5</ele></trkpt>
   <trkpt lat="50.06585" lon="10.227949"><ele>228</ele></trkpt>
   <trkpt lat="50.06633" lon="10.227093"><ele>228.5</ele></trkpt>
   <trkpt lat="50.066408" lon="10.22694"><ele>229</ele></trkpt>
   <trkpt lat="50.06645" lon="10.226857"><ele>228.75</ele></trkpt>
   <trkpt lat="50.066587" lon="10.226587"><ele>228.5</ele></trkpt>
   <trkpt lat="50.066662" lon="10.226439"><ele>228.75</ele></trkpt>
   <trkpt lat="50.066808" lon="10.226156"><ele>229</ele></trkpt>
   <trkpt lat="50.066918" lon="10.225946"><ele>229</ele></trkpt>
   <trkpt lat="50.066983" lon="10.225835"><ele>229.25</ele></trkpt>
   <trkpt lat="50.067141" lon="10.225607"><ele>229.75</ele></trkpt>
   <trkpt lat="50.067272" lon="10.225436"><ele>229.5</ele></trkpt>
   <trkpt lat="50.067592" lon="10.225044"><ele>229.75</ele></trkpt>
   <trkpt lat="50.067765" lon="10.224856"><ele>230.25</ele></trkpt>
   <trkpt lat="50.067938" lon="10.224686"><ele>230.5</ele></trkpt>
   <trkpt lat="50.068124" lon="10.224517"><ele>230.75</ele></trkpt>
   <trkpt lat="50.068513" lon="10.224234"><ele>232</ele></trkpt>
   <trkpt lat="50.068867" lon="10.22403"><ele>232.25</ele></trkpt>
   <trkpt lat="50.069344" lon="10.223804"><ele>233.75</ele></trkpt>
   <trkpt lat="50.069501" lon="10.223731"><ele>234.25</ele></trkpt>
   <trkpt lat="50.06983" lon="10.223582"><ele>235</ele></trkpt>
   <trkpt lat="50.069933" lon="10.223535"><ele>235</ele></trkpt>
   <trkpt lat="50.070223" lon="10.223399"><ele>235.5</ele></trkpt>
   <trkpt lat="50.070468" lon="10.223283"><ele>235.5</ele></trkpt>
   <trkpt lat="50.071668" lon="10.222745"><ele>235.75</ele></trkpt>
   <trkpt lat="50.071721" lon="10.222722"><ele>235.75</ele></trkpt>
   <trkpt lat="50.072102" lon="10.222543"><ele>235.75</ele></trkpt>
   <trkpt lat="50.072495" lon="10.222377"><ele>237</ele></trkpt>
   <trkpt lat="50.073154" lon="10.222115"><ele>237.5</ele></trkpt>
   <trkpt lat="50.073358" lon="10.222036"><ele>237.75</ele></trkpt>
   <trkpt lat="50.073969" lon="10.221803"><ele>238</ele></trkpt>
   <trkpt lat="50.07465" lon="10.221525"><ele>238.25</ele></trkpt>
   <trkpt lat="50.074728" lon="10.221493"><ele>238.25</ele></trkpt>
   <trkpt lat="50.075069" lon="10.221354"><ele>239</ele></trkpt>
   <trkpt lat="50.075285" lon="10.221251"><ele>239.5</ele></trkpt>
   <trkpt lat="50.075465" lon="10.221156"><ele>239.75</ele></trkpt>
   <trkpt lat="50.075595" lon="10.221076"><ele>240</ele></trkpt>
   <trkpt lat="50.07567" lon="10.221028"><ele>240.25</ele></trkpt>
   <trkpt lat="50.075746" lon="10.220971"><ele>240.25</ele></trkpt>
   <trkpt lat="50.076095" lon="10.220693"><ele>240.25</ele></trkpt>
   <trkpt lat="50.076449" lon="10.22041"><ele>241</ele></trkpt>
   <trkpt lat="50.077082" lon="10.219884"><ele>241.25</ele></trkpt>
   <trkpt lat="50.077255" lon="10.21977"><ele>241</ele></trkpt>
   <trkpt lat="50.077411" lon="10.21972"><ele>241</ele></trkpt>
   <trkpt lat="50.078374" lon="10.219464"><ele>242</ele></trkpt>
   <trkpt lat="50.078488" lon="10.219438"><ele>242</ele></trkpt>
   <trkpt lat="50.078629" lon="10.219439"><ele>242</ele></trkpt>
   <trkpt lat="50.078841" lon="10.21943"><ele>242.75</ele></trkpt>
   <trkpt lat="50.079798" lon="10.219442"><ele>246.25</ele></trkpt>
   <trkpt lat="50.080005" lon="10.219433"><ele>246.75</ele></trkpt>
   <trkpt lat="50.080214" lon="10.219406"><ele>246.5</ele></trkpt>
   <trkpt lat="50.080652" lon="10.219317"><ele>247.75</ele></trkpt>
   <trkpt lat="50.081093" lon="10.219187"><ele>247.75</ele></trkpt>
   <trkpt lat="50.081612" lon="10.219027"><ele>246.5</ele></trkpt>
   <trkpt lat="50.081728" lon="10.218976"><ele>246.5</ele></trkpt>
   <trkpt lat="50.081903" lon="10.218898"><ele>247.5</ele></trkpt>
   <trkpt lat="50.082078" lon="10.218808"><ele>248</ele></trkpt>
   <trkpt lat="50.082493" lon="10.218585"><ele>249</ele></trkpt>
   <trkpt lat="50.082994" lon="10.218277"><ele>251.75</ele></trkpt>
   <trkpt lat="50.083058" lon="10.218238"><ele>252.25</ele></trkpt>
   <trkpt lat="50.083184" lon="10.21816"><ele>253.25</ele></trkpt>
   <trkpt lat="50.083575" lon="10.217937"><ele>256.25</ele></trkpt>
   <trkpt lat="50.083957" lon="10.217688"><ele>258.25</ele></trkpt>
   <trkpt lat="50.084153" lon="10.217543"><ele>259</ele></trkpt>
   <trkpt lat="50.084516" lon="10.217201"><ele>259.75</ele></trkpt>
   <trkpt lat="50.084687" lon="10.217034"><ele>259.75</ele></trkpt>
   <trkpt lat="50.08496" lon="10.216729"><ele>260.5</ele></trkpt>
   <trkpt lat="50.085521" lon="10.21603"><ele>261.25</ele></trkpt>
   <trkpt lat="50.085807" lon="10.215686"><ele>262.5</ele></trkpt>
   <trkpt lat="50.085953" lon="10.215498"><ele>262.75</ele></trkpt>
   <trkpt lat="50.08619" lon="10.215219"><ele>263</ele></trkpt>
   <trkpt lat="50.086455" lon="10.214923"><ele>264</ele></trkpt>
   <trkpt lat="50.086643" lon="10.214729"><ele>264.75</ele></trkpt>
   <trkpt lat="50.086852" lon="10.214531"><ele>265.25</ele></trkpt>
   <trkpt lat="50.087123" lon="10.214291"><ele>266.5</ele></trkpt>
   <trkpt lat="50.088079" lon="10.213519"><ele>269.25</ele></trkpt>
   <trkpt lat="50.088399" lon="10.213238"><ele>270.25</ele></trkpt>
   <trkpt lat="50.088742" lon="10.21291"><ele>270.5</ele></trkpt>
   <trkpt lat="50.088969" lon="10.212665"><ele>270.75</ele></trkpt>
   <trkpt lat="50.089151" lon="10.21245"><ele>271.25</ele></trkpt>
   <trkpt lat="50.089432" lon="10.212097"><ele>272.75</ele></trkpt>
   <trkpt lat="50.089825" lon="10.211588"><ele>273.25</ele></trkpt>
   <trkpt lat="50.089998" lon="10.21138"><ele>273.75</ele></trkpt>
   <trkpt lat="50.090171" lon="10.21119"><ele>273.25</ele></trkpt>
   <trkpt lat="50.090455" lon="10.210919"><ele>273.75</ele></trkpt>
   <trkpt lat="50.090617" lon="10.210799"><ele>274.5</ele></trkpt>
   <trkpt lat="50.090766" lon="10.210695"><ele>274.25</ele></trkpt>
   <trkpt lat="50.090941" lon="10.21059"><ele>275.25</ele></trkpt>
   <trkpt lat="50.091254" lon="10.210445"><ele>276</ele></trkpt>
   <trkpt lat="50.091651" lon="10.210288"><ele>276.75</ele></trkpt>
   <trkpt lat="50.091779" lon="10.210237"><ele>277</ele></trkpt>
   <trkpt lat="50.091976" lon="10.210139"><ele>277.5</ele></trkpt>
   <trkpt lat="50.092234" lon="10.209986"><ele>279</ele></trkpt>
   <trkpt lat="50.092432" lon="10.209852"><ele>279.25</ele></trkpt>
   <trkpt lat="50.092728" lon="10.209647"><ele>280.5</ele></trkpt>
   <trkpt lat="50.092929" lon="10.209527"><ele>281</ele></trkpt>
   <trkpt lat="50.093083" lon="10.209448"><ele>281</ele></trkpt>
   <trkpt lat="50.093267" lon="10.209369"><ele>282</ele></trkpt>
   <trkpt lat="50.093371" lon="10.209339"><ele>282.5</ele></trkpt>
   <trkpt lat="50.093399" lon="10.209329"><ele>282.75</ele></trkpt>
   <trkpt lat="50.09361" lon="10.209271"><ele>284</ele></trkpt>
   <trkpt lat="50.093798" lon="10.209243"><ele>284.25</ele></trkpt>
   <trkpt lat="50.093983" lon="10.209238"><ele>284.5</ele></trkpt>
   <trkpt lat="50.094519" lon="10.209243"><ele>286</ele></trkpt>
   <trkpt lat="50.094915" lon="10.209249"><ele>287.25</ele></trkpt>
   <trkpt lat="50.095071" lon="10.209252"><ele>287.75</ele></trkpt>
   <trkpt lat="50.095147" lon="10.209253"><ele>288</ele></trkpt>
   <trkpt lat="50.09545" lon="10.209259"><ele>288.75</ele></trkpt>
   <trkpt lat="50.095723" lon="10.20927"><ele>289.75</ele></trkpt>
   <trkpt lat="50.096026" lon="10.209281"><ele>290.25</ele></trkpt>
   <trkpt lat="50.096111" lon="10.209277"><ele>290.5</ele></trkpt>
   <trkpt lat="50.096197" lon="10.20927"><ele>290.5</ele></trkpt>
   <trkpt lat="50.096326" lon="10.209238"><ele>290.5</ele></trkpt>
   <trkpt lat="50.096444" lon="10.209171"><ele>290.75</ele></trkpt>
   <trkpt lat="50.096614" lon="10.209021"><ele>291.5</ele></trkpt>
   <trkpt lat="50.096797" lon="10.208855"><ele>292</ele></trkpt>
   <trkpt lat="50.097211" lon="10.20849"><ele>292</ele></trkpt>
   <trkpt lat="50.097312" lon="10.208408"><ele>291.75</ele></trkpt>
   <trkpt lat="50.097413" lon="10.208339"><ele>292</ele></trkpt>
   <trkpt lat="50.097671" lon="10.208207"><ele>292</ele></trkpt>
   <trkpt lat="50.097851" lon="10.208143"><ele>292</ele></trkpt>
   <trkpt lat="50.09795" lon="10.208108"><ele>292</ele></trkpt>
   <trkpt lat="50.098071" lon="10.208097"><ele>292</ele></trkpt>
   <trkpt lat="50.09819" lon="10.20808"><ele>292</ele></trkpt>
   <trkpt lat="50.098377" lon="10.208042"><ele>292</ele></trkpt>
   <trkpt lat="50.098599" lon="10.207963"><ele>292.75</ele></trkpt>
   <trkpt lat="50.098784" lon="10.207879"><ele>293</ele></trkpt>
   <trkpt lat="50.099536" lon="10.207524"><ele>293.25</ele></trkpt>
   <trkpt lat="50.100045" lon="10.207283"><ele>294</ele></trkpt>
   <trkpt lat="50.100162" lon="10.207239"><ele>294</ele></trkpt>
   <trkpt lat="50.100471" lon="10.207164"><ele>294.75</ele></trkpt>
   <trkpt lat="50.100688" lon="10.207114"><ele>295.25</ele></trkpt>
   <trkpt lat="50.100778" lon="10.207078"><ele>295.75</ele></trkpt>
   <trkpt lat="50.100825" lon="10.207051"><ele>295.75</ele></trkpt>
   <trkpt lat="50.100897" lon="10.206992"><ele>296.25</ele></trkpt>
   <trkpt lat="50.100967" lon="10.206914"><ele>297</ele></trkpt>
   <trkpt lat="50.101143" lon="10.206599"><ele>297.25</ele></trkpt>
   <trkpt lat="50.10119" lon="10.206538"><ele>297.5</ele></trkpt>
   <trkpt lat="50.10123" lon="10.206498"><ele>297.75</ele></trkpt>
   <trkpt lat="50.101312" lon="10.206443"><ele>297.75</ele></trkpt>
   <trkpt lat="50.101666" lon="10.206316"><ele>300.5</ele></trkpt>
   <trkpt lat="50.102078" lon="10.206176"><ele>303</ele></trkpt>
   <trkpt lat="50.1024" lon="10.20601"><ele>303.25</ele></trkpt>
   <trkpt lat="50.102526" lon="10.205955"><ele>303</ele></trkpt>
   <trkpt lat="50.102606" lon="10.205932"><ele>303</ele></trkpt>
   <trkpt lat="50.102735" lon="10.205903"><ele>303.5</ele></trkpt>
   <trkpt lat="50.102857" lon="10.205903"><ele>303.5</ele></trkpt>
   <trkpt lat="50.103009" lon="10.205923"><ele>303.5</ele></trkpt>
   <trkpt lat="50.103159" lon="10.205971"><ele>303.75</ele></trkpt>
   <trkpt lat="50.103493" lon="10.206122"><ele>304.5</ele></trkpt>
   <trkpt lat="50.103835" lon="10.206281"><ele>305</ele></trkpt>
   <trkpt lat="50.103967" lon="10.206328"><ele>305.75</ele></trkpt>
   <trkpt lat="50.104174" lon="10.206384"><ele>307</ele></trkpt>
   <trkpt lat="50.104403" lon="10.206429"><ele>307.5</ele></trkpt>
   <trkpt lat="50.104535" lon="10.206442"><ele>307.5</ele></trkpt>
   <trkpt lat="50.104718" lon="10.206446"><ele>307.75</ele></trkpt>
   <trkpt lat="50.104949" lon="10.206434"><ele>308.5</ele></trkpt>
   <trkpt lat="50.105131" lon="10.206413"><ele>308.25</ele></trkpt>
   <trkpt lat="50.105857" lon="10.206278"><ele>309</ele></trkpt>
   <trkpt lat="50.106197" lon="10.206209"><ele>310</ele></trkpt>
   <trkpt lat="50.106499" lon="10.206162"><ele>309.75</ele></trkpt>
   <trkpt lat="50.10674" lon="10.206136"><ele>310</ele></trkpt>
   <trkpt lat="50.107018" lon="10.206135"><ele>311</ele></trkpt>
   <trkpt lat="50.107289" lon="10.206146"><ele>311.75</ele></trkpt>
   <trkpt lat="50.107631" lon="10.206212"><ele>312.25</ele></trkpt>
   <trkpt lat="50.108388" lon="10.206466"><ele>315.25</ele></trkpt>
   <trkpt lat="50.10883" lon="10.206601"><ele>317</ele></trkpt>
   <trkpt lat="50.10924" lon="10.206692"><ele>318</ele></trkpt>
   <trkpt lat="50.109665" lon="10.206754"><ele>319</ele></trkpt>
   <trkpt lat="50.109964" lon="10.206775"><ele>319</ele></trkpt>
   <trkpt lat="50.110316" lon="10.206782"><ele>319.5</ele></trkpt>
   <trkpt lat="50.110707" lon="10.20677"><ele>320.5</ele></trkpt>
   <trkpt lat="50.1111" lon="10.206724"><ele>321.75</ele></trkpt>
   <trkpt lat="50.111829" lon="10.206574"><ele>323.5</ele></trkpt>
   <trkpt lat="50.112324" lon="10.206406"><ele>324.25</ele></trkpt>
   <trkpt lat="50.112822" lon="10.206206"><ele>325.5</ele></trkpt>
   <trkpt lat="50.113284" lon="10.205964"><ele>326.5</ele></trkpt>
   <trkpt lat="50.113675" lon="10.205728"><ele>327</ele></trkpt>
   <trkpt lat="50.115791" lon="10.204269"><ele>332.75</ele></trkpt>
   <trkpt lat="50.115825" lon="10.204245"><ele>332.75</ele></trkpt>
   <trkpt lat="50.116235" lon="10.203951"><ele>333.25</ele></trkpt>
   <trkpt lat="50.116995" lon="10.203461"><ele>337.25</ele></trkpt>
   <trkpt lat="50.117443" lon="10.203187"><ele>339.5</ele></trkpt>
   <trkpt lat="50.117807" lon="10.202987"><ele>341</ele></trkpt>
   <trkpt lat="50.118251" lon="10.202764"><ele>343.5</ele></trkpt>
   <trkpt lat="50.118398" lon="10.202699"><ele>344.5</ele></trkpt>
   <trkpt lat="50.119105" lon="10.20241"><ele>348.5</ele></trkpt>
   <trkpt lat="50.119916" lon="10.202124"><ele>353.75</ele></trkpt>
   <trkpt lat="50.120666" lon="10.201916"><ele>358.75</ele></trkpt>
   <trkpt lat="50.121094" lon="10.201822"><ele>361.75</ele></trkpt>
   <trkpt lat="50.121591" lon="10.201742"><ele>364.25</ele></trkpt>
   <trkpt lat="50.121972" lon="10.201697"><ele>367</ele></trkpt>
   <trkpt lat="50.122525" lon="10.201682"><ele>369</ele></trkpt>
   <trkpt lat="50.12293" lon="10.20167"><ele>370.5</ele></trkpt>
   <trkpt lat="50.123672" lon="10.201704"><ele>374</ele></trkpt>
   <trkpt lat="50.124442" lon="10.2018"><ele>377.5</ele></trkpt>
   <trkpt lat="50.12478" lon="10.201861"><ele>378.5</ele></trkpt>
   <trkpt lat="50.125154" lon="10.20194"><ele>379.5</ele></trkpt>
   <trkpt lat="50.125462" lon="10.202022"><ele>380.5</ele></trkpt>
   <trkpt lat="50.12605" lon="10.202207"><ele>381.75</ele></trkpt>
   <trkpt lat="50.126511" lon="10.20239"><ele>381.75</ele></trkpt>
   <trkpt lat="50.12736" lon="10.202744"><ele>382</ele></trkpt>
   <trkpt lat="50.127882" lon="10.202998"><ele>382</ele></trkpt>
   <trkpt lat="50.128082" lon="10.203109"><ele>382</ele></trkpt>
   <trkpt lat="50.128496" lon="10.20337"><ele>382.75</ele></trkpt>
   <trkpt lat="50.128755" lon="10.203553"><ele>382.75</ele></trkpt>
   <trkpt lat="50.129724" lon="10.204172"><ele>383.75</ele></trkpt>
   <trkpt lat="50.13025" lon="10.204521"><ele>384.25</ele></trkpt>
   <trkpt lat="50.131302" lon="10.205183"><ele>384.75</ele></trkpt>
   <trkpt lat="50.131774" lon="10.205489"><ele>384.25</ele></trkpt>
   <trkpt lat="50.132013" lon="10.205592"><ele>383.75</ele></trkpt>
   <trkpt lat="50.132225" lon="10.205658"><ele>383.25</ele></trkpt>
   <trkpt lat="50.132524" lon="10.205703"><ele>381.25</ele></trkpt>
   <trkpt lat="50.134047" lon="10.20575"><ele>374</ele></trkpt>
   <trkpt lat="50.135466" lon="10.205818"><ele>370.75</ele></trkpt>
   <trkpt lat="50.135806" lon="10.205826"><ele>371.75</ele></trkpt>
   <trkpt lat="50.136952" lon="10.20575"><ele>376.75</ele></trkpt>
   <trkpt lat="50.137081" lon="10.205742"><ele>377.5</ele></trkpt>
   <trkpt lat="50.13737" lon="10.205727"><ele>378.75</ele></trkpt>
   <trkpt lat="50.137605" lon="10.205715"><ele>379</ele></trkpt>
   <trkpt lat="50.138096" lon="10.205711"><ele>378.5</ele></trkpt>
   <trkpt lat="50.138323" lon="10.205711"><ele>377</ele></trkpt>
   <trkpt lat="50.138397" lon="10.205722"><ele>376.25</ele></trkpt>
   <trkpt lat="50.138449" lon="10.205735"><ele>376</ele></trkpt>
   <trkpt lat="50.138593" lon="10.205796"><ele>375</ele></trkpt>
   <trkpt lat="50.138704" lon="10.205876"><ele>373.5</ele></trkpt>
   <trkpt lat="50.139003" lon="10.206116"><ele>370.25</ele></trkpt>
   <trkpt lat="50.139278" lon="10.206314"><ele>367.5</ele></trkpt>
   <trkpt lat="50.139428" lon="10.206411"><ele>366</ele></trkpt>
   <trkpt lat="50.139555" lon="10.206506"><ele>364.25</ele></trkpt>
   <trkpt lat="50.13967" lon="10.206631"><ele>362.75</ele></trkpt>
   <trkpt lat="50.139825" lon="10.206953"><ele>360.75</ele></trkpt>
   <trkpt lat="50.139929" lon="10.207141"><ele>359.75</ele></trkpt>
   <trkpt lat="50.140087" lon="10.207282"><ele>358.75</ele></trkpt>
   <trkpt lat="50.140277" lon="10.207406"><ele>358.5</ele></trkpt>
   <trkpt lat="50.140494" lon="10.207461"><ele>358</ele></trkpt>
   <trkpt lat="50.140914" lon="10.207566"><ele>359.25</ele></trkpt>
   <trkpt lat="50.141561" lon="10.207753"><ele>364.25</ele></trkpt>
   <trkpt lat="50.141763" lon="10.207811"><ele>366</ele></trkpt>
   <trkpt lat="50.142199" lon="10.207958"><ele>370.75</ele></trkpt>
   <trkpt lat="50.142409" lon="10.208035"><ele>372.25</ele></trkpt>
   <trkpt lat="50.142515" lon="10.208086"><ele>373.25</ele></trkpt>
   <trkpt lat="50.142644" lon="10.208164"><ele>374.5</ele></trkpt>
   <trkpt lat="50.14274" lon="10.208236"><ele>375.5</ele></trkpt>
   <trkpt lat="50.142822" lon="10.208312"><ele>376.25</ele></trkpt>
   <trkpt lat="50.142916" lon="10.208423"><ele>376.75</ele></trkpt>
   <trkpt lat="50.143065" lon="10.208627"><ele>378</ele></trkpt>
   <trkpt lat="50.14324" lon="10.208909"><ele>380.25</ele></trkpt>
   <trkpt lat="50.14352" lon="10.209384"><ele>382.5</ele></trkpt>
   <trkpt lat="50.143595" lon="10.209502"><ele>383</ele></trkpt>
   <trkpt lat="50.14399" lon="10.210108"><ele>384.75</ele></trkpt>
   <trkpt lat="50.144395" lon="10.210694"><ele>384</ele></trkpt>
   <trkpt lat="50.144797" lon="10.211328"><ele>381</ele></trkpt>
   <trkpt lat="50.145443" lon="10.212154"><ele>376.5</ele></trkpt>
   <trkpt lat="50.145995" lon="10.212646"><ele>374.25</ele></trkpt>
   <trkpt lat="50.146167" lon="10.212774"><ele>373.5</ele></trkpt>
   <trkpt lat="50.14639" lon="10.212914"><ele>372.75</ele></trkpt>
   <trkpt lat="50.146563" lon="10.213"><ele>373.25</ele></trkpt>
   <trkpt lat="50.146843" lon="10.21311"><ele>374.25</ele></trkpt>
   <trkpt lat="50.147114" lon="10.213179"><ele>374.75</ele></trkpt>
   <trkpt lat="50.147895" lon="10.213333"><ele>375.75</ele></trkpt>
   <trkpt lat="50.148895" lon="10.21352"><ele>372.5</ele></trkpt>
   <trkpt lat="50.149515" lon="10.213646"><ele>371.75</ele></trkpt>
   <trkpt lat="50.149754" lon="10.213695"><ele>371</ele></trkpt>
   <trkpt lat="50.150504" lon="10.213975"><ele>368</ele></trkpt>
   <trkpt lat="50.150738" lon="10.21405"><ele>366.5</ele></trkpt>
   <trkpt lat="50.150995" lon="10.214186"><ele>364.75</ele></trkpt>
   <trkpt lat="50.151137" lon="10.214287"><ele>364</ele></trkpt>
   <trkpt lat="50.151346" lon="10.214477"><ele>362.5</ele></trkpt>
   <trkpt lat="50.151728" lon="10.214878"><ele>360.5</ele></trkpt>
   <trkpt lat="50.152302" lon="10.215482"><ele>358</ele></trkpt>
   <trkpt lat="50.152414" lon="10.21558"><ele>357.5</ele></trkpt>
   <trkpt lat="50.152562" lon="10.215682"><ele>357</ele></trkpt>
   <trkpt lat="50.152807" lon="10.215739"><ele>355.5</ele></trkpt>
   <trkpt lat="50.15296" lon="10.215729"><ele>355</ele></trkpt>
   <trkpt lat="50.15309" lon="10.215709"><ele>355</ele></trkpt>
   <trkpt lat="50.153335" lon="10.215611"><ele>355</ele></trkpt>
   <trkpt lat="50.153519" lon="10.215479"><ele>355.5</ele></trkpt>
   <trkpt lat="50.153971" lon="10.215012"><ele>358.25</ele></trkpt>
   <trkpt lat="50.154548" lon="10.214442"><ele>360.25</ele></trkpt>
   <trkpt lat="50.15529" lon="10.213785"><ele>358.75</ele></trkpt>
   <trkpt lat="50.1564" lon="10.213248"><ele>358</ele></trkpt>
   <trkpt lat="50.157603" lon="10.212681"><ele>359.25</ele></trkpt>
   <trkpt lat="50.157659" lon="10.212653"><ele>358.75</ele></trkpt>
   <trkpt lat="50.158765" lon="10.212048"><ele>354</ele></trkpt>
   <trkpt lat="50.160288" lon="10.211227"><ele>351.25</ele></trkpt>
   <trkpt lat="50.160715" lon="10.210961"><ele>350</ele></trkpt>
   <trkpt lat="50.161516" lon="10.210421"><ele>351.25</ele></trkpt>
   <trkpt lat="50.161726" lon="10.210281"><ele>352</ele></trkpt>
   <trkpt lat="50.162156" lon="10.209986"><ele>352.75</ele></trkpt>
   <trkpt lat="50.162195" lon="10.20996"><ele>352.75</ele></trkpt>
   <trkpt lat="50.163333" lon="10.209015"><ele>345.25</ele></trkpt>
   <trkpt lat="50.163877" lon="10.208621"><ele>343</ele></trkpt>
   <trkpt lat="50.164386" lon="10.20831"><ele>342</ele></trkpt>
   <trkpt lat="50.164469" lon="10.208269"><ele>342</ele></trkpt>
   <trkpt lat="50.165094" lon="10.207958"><ele>343</ele></trkpt>
   <trkpt lat="50.165297" lon="10.207857"><ele>343.25</ele></trkpt>
   <trkpt lat="50.165659" lon="10.207677"><ele>345.25</ele></trkpt>
   <trkpt lat="50.165894" lon="10.20755"><ele>346.25</ele></trkpt>
   <trkpt lat="50.166266" lon="10.207349"><ele>347.75</ele></trkpt>
   <trkpt lat="50.166727" lon="10.2071"><ele>349</ele></trkpt>
   <trkpt lat="50.166909" lon="10.207001"><ele>349.75</ele></trkpt>
   <trkpt lat="50.166933" lon="10.20698"><ele>349.75</ele></trkpt>
   <trkpt lat="50.167067" lon="10.206857"><ele>349.5</ele></trkpt>
   <trkpt lat="50.16717" lon="10.206687"><ele>349</ele></trkpt>
   <trkpt lat="50.167246" lon="10.206499"><ele>348.75</ele></trkpt>
   <trkpt lat="50.167251" lon="10.206287"><ele>348.75</ele></trkpt>
   <trkpt lat="50.167118" lon="10.205849"><ele>349</ele></trkpt>
   <trkpt lat="50.168099" lon="10.205221"><ele>343.75</ele></trkpt>
   <trkpt lat="50.168603" lon="10.204903"><ele>342.25</ele></trkpt>
   <trkpt lat="50.168814" lon="10.204792"><ele>342</ele></trkpt>
   <trkpt lat="50.169111" lon="10.204782"><ele>341</ele></trkpt>
   <trkpt lat="50.169522" lon="10.204777"><ele>340.25</ele></trkpt>
   <trkpt lat="50.170916" lon="10.204691"><ele>332.25</ele></trkpt>
   <trkpt lat="50.171152" lon="10.204656"><ele>331</ele></trkpt>
   <trkpt lat="50.171288" lon="10.20461"><ele>331</ele></trkpt>
   <trkpt lat="50.172725" lon="10.203861"><ele>339.5</ele></trkpt>
   <trkpt lat="50.173562" lon="10.203411"><ele>341.25</ele></trkpt>
   <trkpt lat="50.174437" lon="10.202925"><ele>333</ele></trkpt>
   <trkpt lat="50.175398" lon="10.202383"><ele>328</ele></trkpt>
   <trkpt lat="50.176418" lon="10.201859"><ele>329</ele></trkpt>
   <trkpt lat="50.177261" lon="10.201504"><ele>335.75</ele></trkpt>
   <trkpt lat="50.17784" lon="10.201392"><ele>339</ele></trkpt>
   <trkpt lat="50.179919" lon="10.201209"><ele>331</ele></trkpt>
   <trkpt lat="50.181854" lon="10.201053"><ele>324.25</ele></trkpt>
   <trkpt lat="50.182196" lon="10.201044"><ele>322.25</ele></trkpt>
   <trkpt lat="50.18243" lon="10.201058"><ele>320.75</ele></trkpt>
   <trkpt lat="50.18264" lon="10.201122"><ele>320</ele></trkpt>
   <trkpt lat="50.183095" lon="10.201324"><ele>317</ele></trkpt>
   <trkpt lat="50.183587" lon="10.201589"><ele>314.5</ele></trkpt>
   <trkpt lat="50.183891" lon="10.201779"><ele>312.75</ele></trkpt>
   <trkpt lat="50.184056" lon="10.201904"><ele>311.75</ele></trkpt>
   <trkpt lat="50.184954" lon="10.202707"><ele>308</ele></trkpt>
   <trkpt lat="50.185324" lon="10.202949"><ele>306.75</ele></trkpt>
   <trkpt lat="50.186625" lon="10.203664"><ele>300</ele></trkpt>
   <trkpt lat="50.186789" lon="10.203764"><ele>299</ele></trkpt>
   <trkpt lat="50.187309" lon="10.204053"><ele>297.5</ele></trkpt>
   <trkpt lat="50.187477" lon="10.204163"><ele>297</ele></trkpt>
   <trkpt lat="50.187632" lon="10.204299"><ele>297</ele></trkpt>
   <trkpt lat="50.187747" lon="10.204436"><ele>297</ele></trkpt>
   <trkpt lat="50.187877" lon="10.20463"><ele>296.75</ele></trkpt>
   <trkpt lat="50.187978" lon="10.204828"><ele>296</ele></trkpt>
   <trkpt lat="50.188702" lon="10.206393"><ele>294.75</ele></trkpt>
   <trkpt lat="50.188955" lon="10.206923"><ele>294</ele></trkpt>
   <trkpt lat="50.189298" lon="10.207598"><ele>294.75</ele></trkpt>
   <trkpt lat="50.189475" lon="10.207909"><ele>296.25</ele></trkpt>
   <trkpt lat="50.189651" lon="10.208194"><ele>297.25</ele></trkpt>
   <trkpt lat="50.189816" lon="10.208418"><ele>298</ele></trkpt>
   <trkpt lat="50.189961" lon="10.208584"><ele>298</ele></trkpt>
   <trkpt lat="50.190107" lon="10.208716"><ele>298.75</ele></trkpt>
   <trkpt lat="50.190311" lon="10.208865"><ele>298</ele></trkpt>
   <trkpt lat="50.192414" lon="10.210231"><ele>290.25</ele></trkpt>
   <trkpt lat="50.192959" lon="10.210623"><ele>287.75</ele></trkpt>
   <trkpt lat="50.193127" lon="10.210766"><ele>287.5</ele></trkpt>
   <trkpt lat="50.193368" lon="10.210994"><ele>287</ele></trkpt>
   <trkpt lat="50.193605" lon="10.21128"><ele>286.75</ele></trkpt>
   <trkpt lat="50.193801" lon="10.211536"><ele>287.25</ele></trkpt>
   <trkpt lat="50.193955" lon="10.211754"><ele>285.75</ele></trkpt>
   <trkpt lat="50.194196" lon="10.212143"><ele>285.25</ele></trkpt>
   <trkpt lat="50.194652" lon="10.212984"><ele>282.75</ele></trkpt>
   <trkpt lat="50.194947" lon="10.213794"><ele>279</ele></trkpt>
   <trkpt lat="50.195151" lon="10.214477"><ele>277.5</ele></trkpt>
   <trkpt lat="50.195194" lon="10.214651"><ele>277.5</ele></trkpt>
   <trkpt lat="50.195287" lon="10.215081"><ele>277.75</ele></trkpt>
   <trkpt lat="50.195489" lon="10.21628"><ele>277.25</ele></trkpt>
   <trkpt lat="50.195975" lon="10.219629"><ele>281.75</ele></trkpt>
   <trkpt lat="50.196123" lon="10.220802"><ele>280.75</ele></trkpt>
   <trkpt lat="50.196241" lon="10.221499"><ele>281.25</ele></trkpt>
   <trkpt lat="50.196363" lon="10.22198"><ele>281.5</ele></trkpt>
   <trkpt lat="50.196475" lon="10.222318"><ele>281</ele></trkpt>
   <trkpt lat="50.196608" lon="10.222625"><ele>281</ele></trkpt>
   <trkpt lat="50.196782" lon="10.222935"><ele>280.5</ele></trkpt>
   <trkpt lat="50.196966" lon="10.223151"><ele>280</ele></trkpt>
   <trkpt lat="50.197129" lon="10.223294"><ele>280.75</ele></trkpt>
   <trkpt lat="50.197374" lon="10.223386"><ele>281.75</ele></trkpt>
   <trkpt lat="50.197718" lon="10.223444"><ele>284</ele></trkpt>
   <trkpt lat="50.197975" lon="10.223525"><ele>285.75</ele></trkpt>
   <trkpt lat="50.198204" lon="10.223664"><ele>287.75</ele></trkpt>
   <trkpt lat="50.198409" lon="10.223806"><ele>289.25</ele></trkpt>
   <trkpt lat="50.199357" lon="10.224652"><ele>290.25</ele></trkpt>
   <trkpt lat="50.201075" lon="10.225696"><ele>298.75</ele></trkpt>
   <trkpt lat="50.201303" lon="10.225828"><ele>295.5</ele></trkpt>
   <trkpt lat="50.201496" lon="10.225952"><ele>295</ele></trkpt>
   <trkpt lat="50.20164" lon="10.22608"><ele>295.75</ele></trkpt>
   <trkpt lat="50.201822" lon="10.226362"><ele>297.25</ele></trkpt>
   <trkpt lat="50.201973" lon="10.226643"><ele>298.5</ele></trkpt>
   <trkpt lat="50.202059" lon="10.226952"><ele>299</ele></trkpt>
   <trkpt lat="50.202109" lon="10.227274"><ele>300</ele></trkpt>
   <trkpt lat="50.20234" lon="10.229819"><ele>302</ele></trkpt>
   <trkpt lat="50.202413" lon="10.230619"><ele>302.75</ele></trkpt>
   <trkpt lat="50.202529" lon="10.231879"><ele>300.25</ele></trkpt>
   <trkpt lat="50.202635" lon="10.233034"><ele>295.5</ele></trkpt>
   <trkpt lat="50.202708" lon="10.233385"><ele>294.25</ele></trkpt>
   <trkpt lat="50.202798" lon="10.23366"><ele>292.75</ele></trkpt>
   <trkpt lat="50.20293" lon="10.23391"><ele>292.25</ele></trkpt>
   <trkpt lat="50.20308" lon="10.234073"><ele>291</ele></trkpt>
   <trkpt lat="50.203241" lon="10.234192"><ele>290.25</ele></trkpt>
   <trkpt lat="50.203423" lon="10.23427"><ele>289.5</ele></trkpt>
   <trkpt lat="50.20354" lon="10.234301"><ele>289.25</ele></trkpt>
   <trkpt lat="50.205475" lon="10.234669"><ele>279.5</ele></trkpt>
   <trkpt lat="50.205672" lon="10.234717"><ele>278.5</ele></trkpt>
   <trkpt lat="50.205839" lon="10.23486"><ele>277.5</ele></trkpt>
   <trkpt lat="50.206154" lon="10.235228"><ele>276.5</ele></trkpt>
   <trkpt lat="50.206737" lon="10.236024"><ele>273.75</ele></trkpt>
   <trkpt lat="50.20687" lon="10.236175"><ele>272.5</ele></trkpt>
   <trkpt lat="50.207371" lon="10.23674"><ele>270.25</ele></trkpt>
   <trkpt lat="50.207574" lon="10.236954"><ele>269.25</ele></trkpt>
   <trkpt lat="50.208068" lon="10.237437"><ele>266.5</ele></trkpt>
   <trkpt lat="50.208535" lon="10.237796"><ele>263.5</ele></trkpt>
   <trkpt lat="50.208688" lon="10.237882"><ele>262.5</ele></trkpt>
   <trkpt lat="50.208946" lon="10.237966"><ele>260.75</ele></trkpt>
   <trkpt lat="50.209128" lon="10.237995"><ele>259.75</ele></trkpt>
   <trkpt lat="50.209483" lon="10.238003"><ele>257.25</ele></trkpt>
   <trkpt lat="50.20957" lon="10.238052"><ele>256.5</ele></trkpt>
   <trkpt lat="50.209621" lon="10.238108"><ele>256</ele></trkpt>
   <trkpt lat="50.209723" lon="10.237951"><ele>256.25</ele></trkpt>
   <trkpt lat="50.209823" lon="10.237849"><ele>256</ele></trkpt>
   <trkpt lat="50.210167" lon="10.237553"><ele>255.5</ele></trkpt>
   <trkpt lat="50.210644" lon="10.237226"><ele>253.5</ele></trkpt>
   <trkpt lat="50.21137" lon="10.236881"><ele>253</ele></trkpt>
   <trkpt lat="50.211441" lon="10.236846"><ele>252.75</ele></trkpt>
   <trkpt lat="50.212648" lon="10.236255"><ele>252.25</ele></trkpt>
   <trkpt lat="50.212856" lon="10.236148"><ele>252.75</ele></trkpt>
   <trkpt lat="50.212995" lon="10.236114"><ele>252.75</ele></trkpt>
   <trkpt lat="50.213095" lon="10.236109"><ele>253</ele></trkpt>
   <trkpt lat="50.213172" lon="10.236106"><ele>253</ele></trkpt>
   <trkpt lat="50.213432" lon="10.236079"><ele>253</ele></trkpt>
   <trkpt lat="50.213541" lon="10.236004"><ele>253</ele></trkpt>
   <trkpt lat="50.213663" lon="10.235885"><ele>253</ele></trkpt>
   <trkpt lat="50.213809" lon="10.235673"><ele>254</ele></trkpt>
   <trkpt lat="50.213933" lon="10.235341"><ele>254.75</ele></trkpt>
   <trkpt lat="50.214014" lon="10.235205"><ele>255</ele></trkpt>
   <trkpt lat="50.214275" lon="10.234969"><ele>255</ele></trkpt>
   <trkpt lat="50.214549" lon="10.234731"><ele>255</ele></trkpt>
   <trkpt lat="50.214815" lon="10.234554"><ele>255.25</ele></trkpt>
   <trkpt lat="50.214938" lon="10.234496"><ele>255</ele></trkpt>
   <trkpt lat="50.215007" lon="10.234472"><ele>254.75</ele></trkpt>
   <trkpt lat="50.215427" lon="10.234308"><ele>254</ele></trkpt>
   <trkpt lat="50.215677" lon="10.234218"><ele>254</ele></trkpt>
   <trkpt lat="50.215993" lon="10.234102"><ele>253.5</ele></trkpt>
   <trkpt lat="50.216024" lon="10.234041"><ele>253.5</ele></trkpt>
   <trkpt lat="50.216035" lon="10.233956"><ele>253.75</ele></trkpt>
   <trkpt lat="50.215983" lon="10.233326"><ele>255.25</ele></trkpt>
   <trkpt lat="50.216027" lon="10.233106"><ele>255.75</ele></trkpt>
   <trkpt lat="50.216181" lon="10.232857"><ele>256.5</ele></trkpt>
   <trkpt lat="50.21648" lon="10.232594"><ele>258</ele></trkpt>
   <trkpt lat="50.216566" lon="10.232534"><ele>258</ele></trkpt>
   <trkpt lat="50.216622" lon="10.232496"><ele>258</ele></trkpt>
   <trkpt lat="50.216737" lon="10.232425"><ele>258.25</ele></trkpt>
   <trkpt lat="50.217061" lon="10.232294"><ele>257.25</ele></trkpt>
   <trkpt lat="50.218113" lon="10.231943"><ele>254.75</ele></trkpt>
   <trkpt lat="50.218227" lon="10.231934"><ele>254.25</ele></trkpt>
   <trkpt lat="50.218313" lon="10.231932"><ele>254</ele></trkpt>
   <trkpt lat="50.218582" lon="10.231923"><ele>254</ele></trkpt>
   <trkpt lat="50.218819" lon="10.231897"><ele>253.5</ele></trkpt>
   <trkpt lat="50.21908" lon="10.231834"><ele>253</ele></trkpt>
   <trkpt lat="50.219196" lon="10.231797"><ele>252.75</ele></trkpt>
   <trkpt lat="50.219392" lon="10.231707"><ele>252.75</ele></trkpt>
   <trkpt lat="50.21959" lon="10.231596"><ele>252.25</ele></trkpt>
   <trkpt lat="50.219787" lon="10.231462"><ele>252</ele></trkpt>
   <trkpt lat="50.220168" lon="10.231151"><ele>252.25</ele></trkpt>
   <trkpt lat="50.220917" lon="10.230508"><ele>252.5</ele></trkpt>
   <trkpt lat="50.221277" lon="10.230337"><ele>252.5</ele></trkpt>
   <trkpt lat="50.221508" lon="10.230297"><ele>252.75</ele></trkpt>
   <trkpt lat="50.221762" lon="10.230289"><ele>252.5</ele></trkpt>
   <trkpt lat="50.221912" lon="10.23028"><ele>252</ele></trkpt>
   <trkpt lat="50.222158" lon="10.23023"><ele>251.75</ele></trkpt>
   <trkpt lat="50.222806" lon="10.229942"><ele>253.25</ele></trkpt>
   <trkpt lat="50.223203" lon="10.229856"><ele>253.25</ele></trkpt>
   <trkpt lat="50.223525" lon="10.229846"><ele>253.25</ele></trkpt>
   <trkpt lat="50.224048" lon="10.230036"><ele>251</ele></trkpt>
   <trkpt lat="50.224269" lon="10.230138"><ele>251.25</ele></trkpt>
   <trkpt lat="50.224922" lon="10.230519"><ele>250.25</ele></trkpt>
   <trkpt lat="50.225593" lon="10.231031"><ele>250</ele></trkpt>
   <trkpt lat="50.225969" lon="10.231374"><ele>250</ele></trkpt>
   <trkpt lat="50.226258" lon="10.231736"><ele>249.25</ele></trkpt>
   <trkpt lat="50.226484" lon="10.232102"><ele>249.5</ele></trkpt>
   <trkpt lat="50.226828" lon="10.232753"><ele>249</ele></trkpt>
   <trkpt lat="50.227236" lon="10.233318"><ele>249</ele></trkpt>
   <trkpt lat="50.227797" lon="10.233979"><ele>248</ele></trkpt>
   <trkpt lat="50.229188" lon="10.23566"><ele>247</ele></trkpt>
   <trkpt lat="50.230131" lon="10.236754"><ele>246.75</ele></trkpt>
   <trkpt lat="50.230378" lon="10.236962"><ele>245.75</ele></trkpt>
   <trkpt lat="50.230792" lon="10.237196"><ele>245.75</ele></trkpt>
   <trkpt lat="50.231152" lon="10.237328"><ele>245.25</ele></trkpt>
   <trkpt lat="50.231429" lon="10.237328"><ele>245.5</ele></trkpt>
   <trkpt lat="50.231774" lon="10.237286"><ele>245.25</ele></trkpt>
   <trkpt lat="50.232382" lon="10.23697"><ele>245.25</ele></trkpt>
   <trkpt lat="50.233102" lon="10.236339"><ele>245</ele></trkpt>
   <trkpt lat="50.233475" lon="10.23597"><ele>244.75</ele></trkpt>
   <trkpt lat="50.234002" lon="10.235615"><ele>245</ele></trkpt>
   <trkpt lat="50.234572" lon="10.235434"><ele>245.5</ele></trkpt>
   <trkpt lat="50.235064" lon="10.235394"><ele>244.75</ele></trkpt>
   <trkpt lat="50.235537" lon="10.235435"><ele>244.25</ele></trkpt>
   <trkpt lat="50.236144" lon="10.235652"><ele>244.5</ele></trkpt>
   <trkpt lat="50.237493" lon="10.236594"><ele>243.25</ele></trkpt>
   <trkpt lat="50.238186" lon="10.237064"><ele>243.5</ele></trkpt>
   <trkpt lat="50.238841" lon="10.237474"><ele>243</ele></trkpt>
   <trkpt lat="50.239642" lon="10.237861"><ele>243</ele></trkpt>
   <trkpt lat="50.240063" lon="10.238011"><ele>243</ele></trkpt>
   <trkpt lat="50.240478" lon="10.238103"><ele>242.5</ele></trkpt>
   <trkpt lat="50.240891" lon="10.23815"><ele>242</ele></trkpt>
   <trkpt lat="50.24127" lon="10.238116"><ele>241.75</ele></trkpt>
   <trkpt lat="50.241627" lon="10.238018"><ele>241.25</ele></trkpt>
   <trkpt lat="50.242153" lon="10.237713"><ele>241.5</ele></trkpt>
   <trkpt lat="50.242747" lon="10.237207"><ele>241</ele></trkpt>
   <trkpt lat="50.243629" lon="10.236333"><ele>241</ele></trkpt>
   <trkpt lat="50.243988" lon="10.235948"><ele>240.75</ele></trkpt>
   <trkpt lat="50.24421" lon="10.23569"><ele>240.75</ele></trkpt>
   <trkpt lat="50.244532" lon="10.235226"><ele>240.75</ele></trkpt>
   <trkpt lat="50.244754" lon="10.234767"><ele>240.75</ele></trkpt>
   <trkpt lat="50.24511" lon="10.234071"><ele>241</ele></trkpt>
   <trkpt lat="50.245286" lon="10.233852"><ele>241.75</ele></trkpt>
   <trkpt lat="50.245496" lon="10.233651"><ele>242.25</ele></trkpt>
   <trkpt lat="50.245442" lon="10.23346"><ele>241.75</ele></trkpt>
   <trkpt lat="50.245423" lon="10.233313"><ele>241.25</ele></trkpt>
   <trkpt lat="50.245441" lon="10.233162"><ele>241.25</ele></trkpt>
   <trkpt lat="50.245649" lon="10.232436"><ele>241.25</ele></trkpt>
   <trkpt lat="50.245752" lon="10.231883"><ele>240.75</ele></trkpt>
   <trkpt lat="50.245995" lon="10.23043"><ele>240.5</ele></trkpt>
   <trkpt lat="50.246105" lon="10.230099"><ele>240</ele></trkpt>
   <trkpt lat="50.246257" lon="10.22982"><ele>239.75</ele></trkpt>
   <trkpt lat="50.246452" lon="10.229647"><ele>240</ele></trkpt>
   <trkpt lat="50.246539" lon="10.22954"><ele>240</ele></trkpt>
   <trkpt lat="50.246483" lon="10.229437"><ele>240</ele></trkpt>
   <trkpt lat="50.246344" lon="10.229279"><ele>240</ele></trkpt>
   <trkpt lat="50.246352" lon="10.229039"><ele>240</ele></trkpt>
   <trkpt lat="50.246175" lon="10.227961"><ele>240.75</ele></trkpt>
   <trkpt lat="50.246189" lon="10.22759"><ele>241.25</ele></trkpt>
   <trkpt lat="50.246232" lon="10.22699"><ele>241.25</ele></trkpt>
   <trkpt lat="50.246282" lon="10.226744"><ele>240.75</ele></trkpt>
   <trkpt lat="50.246361" lon="10.226407"><ele>239.25</ele></trkpt>
   <trkpt lat="50.246534" lon="10.226033"><ele>238.5</ele></trkpt>
   <trkpt lat="50.246681" lon="10.225571"><ele>238.75</ele></trkpt>
   <trkpt lat="50.246826" lon="10.224891"><ele>237.75</ele></trkpt>
   <trkpt lat="50.247358" lon="10.223195"><ele>237.5</ele></trkpt>
   <trkpt lat="50.247427" lon="10.222816"><ele>237.75</ele></trkpt>
   <trkpt lat="50.24742" lon="10.222328"><ele>238</ele></trkpt>
   <trkpt lat="50.24709" lon="10.216317"><ele>236</ele></trkpt>
   <trkpt lat="50.247083" lon="10.216132"><ele>236</ele></trkpt>
   <trkpt lat="50.247061" lon="10.215997"><ele>236</ele></trkpt>
   <trkpt lat="50.247038" lon="10.215885"><ele>236</ele></trkpt>
   <trkpt lat="50.246968" lon="10.215816"><ele>236</ele></trkpt>
   <trkpt lat="50.246333" lon="10.21599"><ele>236</ele></trkpt>
   <trkpt lat="50.246231" lon="10.215936"><ele>236.5</ele></trkpt>
   <trkpt lat="50.246154" lon="10.215548"><ele>236.75</ele></trkpt>
   <trkpt lat="50.246124" lon="10.214993"><ele>236.75</ele></trkpt>
   <trkpt lat="50.246124" lon="10.214571"><ele>236.75</ele></trkpt>
   <trkpt lat="50.24616" lon="10.214051"><ele>237.5</ele></trkpt>
   <trkpt lat="50.246158" lon="10.213277"><ele>237.25</ele></trkpt>
   <trkpt lat="50.246121" lon="10.212448"><ele>236.75</ele></trkpt>
   <trkpt lat="50.246098" lon="10.212058"><ele>236</ele></trkpt>
   <trkpt lat="50.246103" lon="10.211856"><ele>236</ele></trkpt>
   <trkpt lat="50.246176" lon="10.211443"><ele>236.5</ele></trkpt>
   <trkpt lat="50.246318" lon="10.210952"><ele>236.5</ele></trkpt>
   <trkpt lat="50.246421" lon="10.210674"><ele>236.75</ele></trkpt>
   <trkpt lat="50.246708" lon="10.210312"><ele>236.5</ele></trkpt>
   <trkpt lat="50.246853" lon="10.210054"><ele>236.5</ele></trkpt>
   <trkpt lat="50.24692" lon="10.209823"><ele>236</ele></trkpt>
   <trkpt lat="50.247" lon="10.208901"><ele>235.75</ele></trkpt>
   <trkpt lat="50.247119" lon="10.207813"><ele>236</ele></trkpt>
   <trkpt lat="50.247195" lon="10.207237"><ele>236.75</ele></trkpt>
   <trkpt lat="50.247453" lon="10.206021"><ele>237.75</ele></trkpt>
   <trkpt lat="50.247754" lon="10.204728"><ele>236.75</ele></trkpt>
   <trkpt lat="50.247893" lon="10.204072"><ele>238</ele></trkpt>
   <trkpt lat="50.24792" lon="10.20378"><ele>238.75</ele></trkpt>
   <trkpt lat="50.247982" lon="10.203366"><ele>239.25</ele></trkpt>
   <trkpt lat="50.247994" lon="10.203179"><ele>240.5</ele></trkpt>
   <trkpt lat="50.247987" lon="10.202828"><ele>242</ele></trkpt>
   <trkpt lat="50.247986" lon="10.202779"><ele>242</ele></trkpt>
   <trkpt lat="50.248113" lon="10.201446"><ele>240.5</ele></trkpt>
   <trkpt lat="50.248245" lon="10.200299"><ele>238.25</ele></trkpt>
   <trkpt lat="50.24823" lon="10.200135"><ele>237.5</ele></trkpt>
   <trkpt lat="50.248368" lon="10.199933"><ele>236.75</ele></trkpt>
   <trkpt lat="50.248428" lon="10.199815"><ele>236.75</ele></trkpt>
   <trkpt lat="50.248526" lon="10.199511"><ele>235.75</ele></trkpt>
   <trkpt lat="50.248545" lon="10.199415"><ele>235.75</ele></trkpt>
   <trkpt lat="50.248566" lon="10.199315"><ele>235.75</ele></trkpt>
   <trkpt lat="50.248621" lon="10.198937"><ele>235</ele></trkpt>
   <trkpt lat="50.248644" lon="10.198827"><ele>235</ele></trkpt>
   <trkpt lat="50.248822" lon="10.198206"><ele>234.5</ele></trkpt>
   <trkpt lat="50.248919" lon="10.197702"><ele>235</ele></trkpt>
   <trkpt lat="50.248926" lon="10.197675"><ele>235</ele></trkpt>
   <trkpt lat="50.248992" lon="10.197445"><ele>235</ele></trkpt>
   <trkpt lat="50.249022" lon="10.19738"><ele>235.25</ele></trkpt>
   <trkpt lat="50.249058" lon="10.197306"><ele>235.5</ele></trkpt>
   <trkpt lat="50.249095" lon="10.197227"><ele>235.5</ele></trkpt>
   <trkpt lat="50.24918" lon="10.197"><ele>235</ele></trkpt>
   <trkpt lat="50.249233" lon="10.196438"><ele>234.25</ele></trkpt>
   <trkpt lat="50.249559" lon="10.196401"><ele>234</ele></trkpt>
   <trkpt lat="50.249662" lon="10.196523"><ele>233.5</ele></trkpt>
   <trkpt lat="50.249783" lon="10.196568"><ele>233.5</ele></trkpt>
   <trkpt lat="50.249866" lon="10.196531"><ele>233.75</ele></trkpt>
   <trkpt lat="50.249977" lon="10.196504"><ele>233.75</ele></trkpt>
   <trkpt lat="50.250113" lon="10.196562"><ele>233.75</ele></trkpt>
   <trkpt lat="50.250426" lon="10.196739"><ele>234</ele></trkpt>
   <trkpt lat="50.250741" lon="10.196853"><ele>234</ele></trkpt>
   <trkpt lat="50.250805" lon="10.196802"><ele>234</ele></trkpt>
   <trkpt lat="50.250838" lon="10.196727"><ele>234</ele></trkpt>
   <trkpt lat="50.250842" lon="10.19615"><ele>234</ele></trkpt>
   <trkpt lat="50.250874" lon="10.195572"><ele>233</ele></trkpt>
   <trkpt lat="50.251219" lon="10.195836"><ele>234</ele></trkpt>
   <trkpt lat="50.251355" lon="10.19594"><ele>234</ele></trkpt>
   <trkpt lat="50.251401" lon="10.195982"><ele>234</ele></trkpt>
   <trkpt lat="50.251502" lon="10.196057"><ele>234</ele></trkpt>
   <trkpt lat="50.251972" lon="10.196299"><ele>234.25</ele></trkpt>
   <trkpt lat="50.252163" lon="10.19639"><ele>231.75</ele></trkpt>
   <trkpt lat="50.252262" lon="10.196439"><ele>231.5</ele></trkpt>
   <trkpt lat="50.252299" lon="10.196455"><ele>232.25</ele></trkpt>
   <trkpt lat="50.252438" lon="10.196507"><ele>234</ele></trkpt>
   <trkpt lat="50.25255" lon="10.196548"><ele>235</ele></trkpt>
   <trkpt lat="50.252723" lon="10.196612"><ele>235.5</ele></trkpt>
   <trkpt lat="50.2529" lon="10.196677"><ele>236</ele></trkpt>
   <trkpt lat="50.25327" lon="10.196826"><ele>237.25</ele></trkpt>
   <trkpt lat="50.253298" lon="10.196837"><ele>237.25</ele></trkpt>
   <trkpt lat="50.253474" lon="10.196908"><ele>237</ele></trkpt>
   <trkpt lat="50.253781" lon="10.197018"><ele>238.25</ele></trkpt>
   <trkpt lat="50.25406" lon="10.197132"><ele>239.25</ele></trkpt>
   <trkpt lat="50.254157" lon="10.196627"><ele>236.5</ele></trkpt>
   <trkpt lat="50.254262" lon="10.196215"><ele>235.25</ele></trkpt>
   <trkpt lat="50.254311" lon="10.196095"><ele>235.25</ele></trkpt>
   <trkpt lat="50.254379" lon="10.196022"><ele>235.5</ele></trkpt>
   <trkpt lat="50.254523" lon="10.195953"><ele>235.25</ele></trkpt>
   <trkpt lat="50.254662" lon="10.195899"><ele>235</ele></trkpt>
   <trkpt lat="50.255071" lon="10.19576"><ele>234.25</ele></trkpt>
   <trkpt lat="50.255247" lon="10.195752"><ele>234.25</ele></trkpt>
   <trkpt lat="50.255802" lon="10.195764"><ele>234.25</ele></trkpt>
   <trkpt lat="50.255956" lon="10.195792"><ele>234.75</ele></trkpt>
   <trkpt lat="50.255994" lon="10.19566"><ele>233.5</ele></trkpt>
   <trkpt lat="50.25606" lon="10.195558"><ele>232.75</ele></trkpt>
   <trkpt lat="50.256133" lon="10.195509"><ele>232.75</ele></trkpt>
   <trkpt lat="50.256271" lon="10.195453"><ele>232.5</ele></trkpt>
   <trkpt lat="50.256698" lon="10.195299"><ele>232</ele></trkpt>
   <trkpt lat="50.258941" lon="10.194221"><ele>232</ele></trkpt>
   <trkpt lat="50.261588" lon="10.192584"><ele>231</ele></trkpt>
   <trkpt lat="50.261936" lon="10.192357"><ele>231</ele></trkpt>
   <trkpt lat="50.262439" lon="10.192017"><ele>232</ele></trkpt>
   <trkpt lat="50.262521" lon="10.192047"><ele>231.75</ele></trkpt>
   <trkpt lat="50.262594" lon="10.192149"><ele>231.75</ele></trkpt>
   <trkpt lat="50.263025" lon="10.193686"><ele>233.75</ele></trkpt>
   <trkpt lat="50.263077" lon="10.193759"><ele>234</ele></trkpt>
   <trkpt lat="50.263136" lon="10.193801"><ele>234.75</ele></trkpt>
   <trkpt lat="50.263205" lon="10.193803"><ele>235.25</ele></trkpt>
   <trkpt lat="50.263719" lon="10.193611"><ele>234.75</ele></trkpt>
   <trkpt lat="50.26421" lon="10.193516"><ele>236</ele></trkpt>
   <trkpt lat="50.264617" lon="10.193516"><ele>236.75</ele></trkpt>
   <trkpt lat="50.265268" lon="10.193689"><ele>238.5</ele></trkpt>
   <trkpt lat="50.266081" lon="10.193966"><ele>239.5</ele></trkpt>
   <trkpt lat="50.266627" lon="10.194085"><ele>240.25</ele></trkpt>
   <trkpt lat="50.266701" lon="10.194126"><ele>241</ele></trkpt>
   <trkpt lat="50.26692" lon="10.193761"><ele>238.5</ele></trkpt>
   <trkpt lat="50.267106" lon="10.193315"><ele>235.25</ele></trkpt>
   <trkpt lat="50.267208" lon="10.193356"><ele>236.5</ele></trkpt>
   <trkpt lat="50.267359" lon="10.193255"><ele>236.5</ele></trkpt>
   <trkpt lat="50.267499" lon="10.193183"><ele>236.75</ele></trkpt>
   <trkpt lat="50.267716" lon="10.19318"><ele>237</ele></trkpt>
   <trkpt lat="50.267913" lon="10.193248"><ele>237.25</ele></trkpt>
   <trkpt lat="50.268085" lon="10.193382"><ele>238</ele></trkpt>
   <trkpt lat="50.268197" lon="10.193516"><ele>239.75</ele></trkpt>
   <trkpt lat="50.268283" lon="10.193663"><ele>240.25</ele></trkpt>
   <trkpt lat="50.268353" lon="10.193688"><ele>239.75</ele></trkpt>
   <trkpt lat="50.270422" lon="10.192882"><ele>237.25</ele></trkpt>
   <trkpt lat="50.2705" lon="10.193066"><ele>237.75</ele></trkpt>
   <trkpt lat="50.270555" lon="10.193091"><ele>237.75</ele></trkpt>
   <trkpt lat="50.270692" lon="10.193441"><ele>240.25</ele></trkpt>
   <trkpt lat="50.270786" lon="10.193683"><ele>241.5</ele></trkpt>
   <trkpt lat="50.270839" lon="10.193861"><ele>239.25</ele></trkpt>
   <trkpt lat="50.271201" lon="10.193546"><ele>236.75</ele></trkpt>
   <trkpt lat="50.271514" lon="10.193172"><ele>238.25</ele></trkpt>
   <trkpt lat="50.2719" lon="10.192602"><ele>240.75</ele></trkpt>
   <trkpt lat="50.272027" lon="10.192465"><ele>241.25</ele></trkpt>
   <trkpt lat="50.272279" lon="10.192186"><ele>241</ele></trkpt>
   <trkpt lat="50.272758" lon="10.19156"><ele>238</ele></trkpt>
   <trkpt lat="50.273098" lon="10.191166"><ele>237</ele></trkpt>
   <trkpt lat="50.273492" lon="10.190739"><ele>236</ele></trkpt>
   <trkpt lat="50.273912" lon="10.190341"><ele>235.5</ele></trkpt>
   <trkpt lat="50.274312" lon="10.190005"><ele>235.5</ele></trkpt>
   <trkpt lat="50.274474" lon="10.189883"><ele>235.25</ele></trkpt>
   <trkpt lat="50.275361" lon="10.189215"><ele>233.5</ele></trkpt>
   <trkpt lat="50.275617" lon="10.189014"><ele>233.75</ele></trkpt>
   <trkpt lat="50.277061" lon="10.188277"><ele>234.25</ele></trkpt>
   <trkpt lat="50.277295" lon="10.1882"><ele>234.25</ele></trkpt>
   <trkpt lat="50.278639" lon="10.18791"><ele>234.5</ele></trkpt>
   <trkpt lat="50.279285" lon="10.187724"><ele>234.5</ele></trkpt>
   <trkpt lat="50.279786" lon="10.187508"><ele>234</ele></trkpt>
   <trkpt lat="50.279844" lon="10.187466"><ele>233.75</ele></trkpt>
   <trkpt lat="50.280021" lon="10.187328"><ele>232.75</ele></trkpt>
   <trkpt lat="50.280184" lon="10.187182"><ele>231.75</ele></trkpt>
   <trkpt lat="50.280345" lon="10.187003"><ele>231.75</ele></trkpt>
   <trkpt lat="50.280761" lon="10.186375"><ele>231.5</ele></trkpt>
   <trkpt lat="50.280848" lon="10.186368"><ele>232</ele></trkpt>
   <trkpt lat="50.280932" lon="10.186246"><ele>232.25</ele></trkpt>
   <trkpt lat="50.28101" lon="10.186155"><ele>232</ele></trkpt>
   <trkpt lat="50.28122" lon="10.18602"><ele>232.75</ele></trkpt>
   <trkpt lat="50.281464" lon="10.1859"><ele>232.75</ele></trkpt>
   <trkpt lat="50.281709" lon="10.185807"><ele>232.25</ele></trkpt>
   <trkpt lat="50.281883" lon="10.185758"><ele>233.5</ele></trkpt>
   <trkpt lat="50.282114" lon="10.185697"><ele>233</ele></trkpt>
   <trkpt lat="50.282395" lon="10.185651"><ele>232.5</ele></trkpt>
   <trkpt lat="50.282943" lon="10.185668"><ele>233</ele></trkpt>
   <trkpt lat="50.284269" lon="10.185859"><ele>231.25</ele></trkpt>
   <trkpt lat="50.284363" lon="10.185923"><ele>231.5</ele></trkpt>
   <trkpt lat="50.284434" lon="10.186005"><ele>231.5</ele></trkpt>
   <trkpt lat="50.284849" lon="10.186026"><ele>231.5</ele></trkpt>
   <trkpt lat="50.285417" lon="10.186085"><ele>231</ele></trkpt>
   <trkpt lat="50.285641" lon="10.186212"><ele>230.75</ele></trkpt>
   <trkpt lat="50.286134" lon="10.186339"><ele>230</ele></trkpt>
   <trkpt lat="50.286214" lon="10.186393"><ele>230</ele></trkpt>
   <trkpt lat="50.28627" lon="10.186487"><ele>230</ele></trkpt>
   <trkpt lat="50.286331" lon="10.186751"><ele>230</ele></trkpt>
   <trkpt lat="50.286383" lon="10.186836"><ele>230</ele></trkpt>
   <trkpt lat="50.28649" lon="10.187008"><ele>230.5</ele></trkpt>
   <trkpt lat="50.286591" lon="10.187105"><ele>231.25</ele></trkpt>
   <trkpt lat="50.286724" lon="10.187188"><ele>232</ele></trkpt>
   <trkpt lat="50.286821" lon="10.18721"><ele>232.5</ele></trkpt>
   <trkpt lat="50.286933" lon="10.187195"><ele>232.75</ele></trkpt>
   <trkpt lat="50.287302" lon="10.187051"><ele>235</ele></trkpt>
   <trkpt lat="50.287504" lon="10.187013"><ele>236.25</ele></trkpt>
   <trkpt lat="50.287721" lon="10.187004"><ele>236.25</ele></trkpt>
   <trkpt lat="50.288002" lon="10.187054"><ele>237.5</ele></trkpt>
   <trkpt lat="50.288358" lon="10.187186"><ele>238.5</ele></trkpt>
   <trkpt lat="50.288565" lon="10.18732"><ele>239.25</ele></trkpt>
   <trkpt lat="50.2886" lon="10.187215"><ele>238.75</ele></trkpt>
   <trkpt lat="50.288847" lon="10.18741"><ele>238.5</ele></trkpt>
   <trkpt lat="50.288966" lon="10.187469"><ele>238.5</ele></trkpt>
   <trkpt lat="50.289181" lon="10.187531"><ele>237.75</ele></trkpt>
   <trkpt lat="50.289498" lon="10.187509"><ele>236.75</ele></trkpt>
   <trkpt lat="50.289801" lon="10.187526"><ele>235.75</ele></trkpt>
   <trkpt lat="50.290013" lon="10.18759"><ele>235.25</ele></trkpt>
   <trkpt lat="50.290236" lon="10.187713"><ele>234.25</ele></trkpt>
   <trkpt lat="50.291501" lon="10.188521"><ele>231.25</ele></trkpt>
   <trkpt lat="50.291612" lon="10.188585"><ele>230.25</ele></trkpt>
   <trkpt lat="50.291762" lon="10.188622"><ele>229.5</ele></trkpt>
   <trkpt lat="50.291937" lon="10.188604"><ele>229</ele></trkpt>
   <trkpt lat="50.29205" lon="10.188561"><ele>229.75</ele></trkpt>
   <trkpt lat="50.29216" lon="10.188492"><ele>230.25</ele></trkpt>
   <trkpt lat="50.292296" lon="10.188397"><ele>230.25</ele></trkpt>
   <trkpt lat="50.292385" lon="10.188327"><ele>229</ele></trkpt>
   <trkpt lat="50.292709" lon="10.188081"><ele>228.75</ele></trkpt>
   <trkpt lat="50.292867" lon="10.187984"><ele>228.75</ele></trkpt>
   <trkpt lat="50.292986" lon="10.187938"><ele>228.5</ele></trkpt>
   <trkpt lat="50.293116" lon="10.187929"><ele>228.25</ele></trkpt>
   <trkpt lat="50.293246" lon="10.187931"><ele>228</ele></trkpt>
   <trkpt lat="50.293321" lon="10.187933"><ele>228</ele></trkpt>
   <trkpt lat="50.293384" lon="10.187929"><ele>228.5</ele></trkpt>
   <trkpt lat="50.293454" lon="10.18814"><ele>229</ele></trkpt>
   <trkpt lat="50.293566" lon="10.189218"><ele>230.5</ele></trkpt>
   <trkpt lat="50.29366" lon="10.189985"><ele>231.75</ele></trkpt>
   <trkpt lat="50.293729" lon="10.190121"><ele>231.5</ele></trkpt>
   <trkpt lat="50.29555" lon="10.192669"><ele>232.75</ele></trkpt>
   <trkpt lat="50.295612" lon="10.192736"><ele>232.75</ele></trkpt>
   <trkpt lat="50.295657" lon="10.192749"><ele>232.75</ele></trkpt>
   <trkpt lat="50.295703" lon="10.192738"><ele>232.75</ele></trkpt>
   <trkpt lat="50.295812" lon="10.192613"><ele>232.25</ele></trkpt>
   <trkpt lat="50.295865" lon="10.19254"><ele>232</ele></trkpt>
   <trkpt lat="50.295921" lon="10.192449"><ele>232.25</ele></trkpt>
   <trkpt lat="50.296114" lon="10.192696"><ele>232.25</ele></trkpt>
   <trkpt lat="50.296154" lon="10.192737"><ele>232.25</ele></trkpt>
   <trkpt lat="50.296253" lon="10.192813"><ele>232.5</ele></trkpt>
   <trkpt lat="50.296589" lon="10.193009"><ele>232.75</ele></trkpt>
   <trkpt lat="50.296702" lon="10.193095"><ele>233</ele></trkpt>
   <trkpt lat="50.297669" lon="10.194039"><ele>233</ele></trkpt>
   <trkpt lat="50.29803" lon="10.194387"><ele>233</ele></trkpt>
   <trkpt lat="50.298631" lon="10.194916"><ele>233</ele></trkpt>
   <trkpt lat="50.299863" lon="10.195854"><ele>232</ele></trkpt>
   <trkpt lat="50.300036" lon="10.19599"><ele>232</ele></trkpt>
   <trkpt lat="50.301048" lon="10.196754"><ele>231.5</ele></trkpt>
   <trkpt lat="50.302153" lon="10.197587"><ele>230.25</ele></trkpt>
   <trkpt lat="50.302225" lon="10.197615"><ele>230</ele></trkpt>
   <trkpt lat="50.302497" lon="10.197723"><ele>229.75</ele></trkpt>
   <trkpt lat="50.302708" lon="10.197877"><ele>230</ele></trkpt>
   <trkpt lat="50.302904" lon="10.198052"><ele>230.75</ele></trkpt>
   <trkpt lat="50.303086" lon="10.198243"><ele>231.5</ele></trkpt>
   <trkpt lat="50.303216" lon="10.198406"><ele>232</ele></trkpt>
   <trkpt lat="50.303388" lon="10.19864"><ele>232</ele></trkpt>
   <trkpt lat="50.303542" lon="10.1989"><ele>232</ele></trkpt>
   <trkpt lat="50.303663" lon="10.199131"><ele>231.75</ele></trkpt>
   <trkpt lat="50.303844" lon="10.199542"><ele>232</ele></trkpt>
   <trkpt lat="50.304146" lon="10.200295"><ele>232</ele></trkpt>
   <trkpt lat="50.304443" lon="10.20102"><ele>232</ele></trkpt>
   <trkpt lat="50.304477" lon="10.201178"><ele>231.75</ele></trkpt>
   <trkpt lat="50.304634" lon="10.201564"><ele>231.25</ele></trkpt>
   <trkpt lat="50.304713" lon="10.201644"><ele>231</ele></trkpt>
   <trkpt lat="50.305205" lon="10.202809"><ele>232</ele></trkpt>
   <trkpt lat="50.30523" lon="10.202894"><ele>232</ele></trkpt>
   <trkpt lat="50.305248" lon="10.203066"><ele>232</ele></trkpt>
   <trkpt lat="50.305291" lon="10.203196"><ele>232</ele></trkpt>
   <trkpt lat="50.305381" lon="10.203286"><ele>232</ele></trkpt>
   <trkpt lat="50.305443" lon="10.203382"><ele>232</ele></trkpt>
   <trkpt lat="50.305664" lon="10.203846"><ele>232.75</ele></trkpt>
   <trkpt lat="50.306126" lon="10.204863"><ele>232.75</ele></trkpt>
   <trkpt lat="50.306529" lon="10.205727"><ele>232.5</ele></trkpt>
   <trkpt lat="50.306591" lon="10.205901"><ele>233</ele></trkpt>
   <trkpt lat="50.306718" lon="10.206389"><ele>233</ele></trkpt>
   <trkpt lat="50.306874" lon="10.206873"><ele>233</ele></trkpt>
   <trkpt lat="50.307125" lon="10.207508"><ele>234</ele></trkpt>
   <trkpt lat="50.307359" lon="10.207958"><ele>234</ele></trkpt>
   <trkpt lat="50.307594" lon="10.208417"><ele>234</ele></trkpt>
   <trkpt lat="50.307849" lon="10.20885"><ele>234.75</ele></trkpt>
   <trkpt lat="50.308762" lon="10.210322"><ele>236.5</ele></trkpt>
   <trkpt lat="50.308895" lon="10.210534"><ele>236</ele></trkpt>
   <trkpt lat="50.30897" lon="10.210576"><ele>235.75</ele></trkpt>
   <trkpt lat="50.309359" lon="10.21101"><ele>235.25</ele></trkpt>
   <trkpt lat="50.309652" lon="10.211273"><ele>235</ele></trkpt>
   <trkpt lat="50.309822" lon="10.211391"><ele>234.5</ele></trkpt>
   <trkpt lat="50.310028" lon="10.211506"><ele>234</ele></trkpt>
   <trkpt lat="50.310122" lon="10.211542"><ele>234</ele></trkpt>
   <trkpt lat="50.310253" lon="10.211563"><ele>234</ele></trkpt>
   <trkpt lat="50.310236" lon="10.211767"><ele>234</ele></trkpt>
   <trkpt lat="50.310211" lon="10.212055"><ele>234</ele></trkpt>
   <trkpt lat="50.310201" lon="10.212307"><ele>234.25</ele></trkpt>
   <trkpt lat="50.310209" lon="10.212494"><ele>234</ele></trkpt>
   <trkpt lat="50.31024" lon="10.212716"><ele>234</ele></trkpt>
   <trkpt lat="50.31029" lon="10.212902"><ele>234.25</ele></trkpt>
   <trkpt lat="50.310356" lon="10.213089"><ele>234.25</ele></trkpt>
   <trkpt lat="50.310548" lon="10.213525"><ele>234.5</ele></trkpt>
   <trkpt lat="50.311273" lon="10.215124"><ele>234.25</ele></trkpt>
   <trkpt lat="50.31135" lon="10.215274"><ele>234.25</ele></trkpt>
   <trkpt lat="50.311436" lon="10.215405"><ele>234</ele></trkpt>
   <trkpt lat="50.312008" lon="10.216073"><ele>233.25</ele></trkpt>
   <trkpt lat="50.312114" lon="10.216228"><ele>233</ele></trkpt>
   <trkpt lat="50.312191" lon="10.216365"><ele>233</ele></trkpt>
   <trkpt lat="50.312306" lon="10.216622"><ele>233.5</ele></trkpt>
   <trkpt lat="50.312577" lon="10.21727"><ele>233.75</ele></trkpt>
   <trkpt lat="50.312946" lon="10.218166"><ele>234.75</ele></trkpt>
   <trkpt lat="50.313537" lon="10.219578"><ele>235</ele></trkpt>
   <trkpt lat="50.313608" lon="10.219729"><ele>235</ele></trkpt>
   <trkpt lat="50.313673" lon="10.219839"><ele>235</ele></trkpt>
   <trkpt lat="50.313746" lon="10.21993"><ele>234.75</ele></trkpt>
   <trkpt lat="50.313975" lon="10.220126"><ele>234</ele></trkpt>
   <trkpt lat="50.314121" lon="10.22023"><ele>233.25</ele></trkpt>
   <trkpt lat="50.314319" lon="10.22037"><ele>232</ele></trkpt>
   <trkpt lat="50.314762" lon="10.220647"><ele>230.25</ele></trkpt>
   <trkpt lat="50.314891" lon="10.220744"><ele>230.25</ele></trkpt>
   <trkpt lat="50.314968" lon="10.220842"><ele>230</ele></trkpt>
   <trkpt lat="50.315032" lon="10.22096"><ele>229.25</ele></trkpt>
   <trkpt lat="50.315104" lon="10.221147"><ele>229</ele></trkpt>
   <trkpt lat="50.315155" lon="10.221308"><ele>229.25</ele></trkpt>
   <trkpt lat="50.315212" lon="10.221518"><ele>229.75</ele></trkpt>
   <trkpt lat="50.315233" lon="10.221624"><ele>230.25</ele></trkpt>
   <trkpt lat="50.3153" lon="10.221969"><ele>230.25</ele></trkpt>
   <trkpt lat="50.315313" lon="10.22208"><ele>230.25</ele></trkpt>
   <trkpt lat="50.315309" lon="10.222135"><ele>230</ele></trkpt>
   <trkpt lat="50.315382" lon="10.222395"><ele>230.5</ele></trkpt>
   <trkpt lat="50.315421" lon="10.222543"><ele>230.5</ele></trkpt>
   <trkpt lat="50.315455" lon="10.222651"><ele>230.5</ele></trkpt>
   <trkpt lat="50.3155" lon="10.222829"><ele>231</ele></trkpt>
   <trkpt lat="50.315498" lon="10.222921"><ele>231</ele></trkpt>
   <trkpt lat="50.315456" lon="10.223279"><ele>231</ele></trkpt>
   <trkpt lat="50.315458" lon="10.223401"><ele>231</ele></trkpt>
   <trkpt lat="50.315484" lon="10.223487"><ele>231</ele></trkpt>
   <trkpt lat="50.31552" lon="10.22355"><ele>231</ele></trkpt>
   <trkpt lat="50.315579" lon="10.223618"><ele>231</ele></trkpt>
   <trkpt lat="50.315789" lon="10.22375"><ele>231.25</ele></trkpt>
   <trkpt lat="50.316209" lon="10.223985"><ele>233</ele></trkpt>
   <trkpt lat="50.316309" lon="10.224038"><ele>233.5</ele></trkpt>
   <trkpt lat="50.316449" lon="10.224097"><ele>234</ele></trkpt>
   <trkpt lat="50.316535" lon="10.224133"><ele>234</ele></trkpt>
   <trkpt lat="50.316771" lon="10.224276"><ele>234.5</ele></trkpt>
   <trkpt lat="50.31735" lon="10.224776"><ele>234.5</ele></trkpt>
   <trkpt lat="50.31741" lon="10.224828"><ele>234.75</ele></trkpt>
   <trkpt lat="50.317618" lon="10.225007"><ele>234.25</ele></trkpt>
   <trkpt lat="50.317804" lon="10.225166"><ele>234.5</ele></trkpt>
   <trkpt lat="50.318424" lon="10.225704"><ele>234.75</ele></trkpt>
   <trkpt lat="50.319019" lon="10.22618"><ele>231.75</ele></trkpt>
   <trkpt lat="50.319078" lon="10.226229"><ele>231.5</ele></trkpt>
   <trkpt lat="50.319336" lon="10.226427"><ele>232.25</ele></trkpt>
   <trkpt lat="50.319412" lon="10.226334"><ele>231.75</ele></trkpt>
   <trkpt lat="50.319454" lon="10.226312"><ele>231.5</ele></trkpt>
   <trkpt lat="50.319503" lon="10.226316"><ele>231.5</ele></trkpt>
   <trkpt lat="50.319577" lon="10.22633"><ele>231.75</ele></trkpt>
   <trkpt lat="50.319649" lon="10.226374"><ele>231.75</ele></trkpt>
   <trkpt lat="50.319786" lon="10.22648"><ele>232.25</ele></trkpt>
   <trkpt lat="50.319816" lon="10.226503"><ele>232.25</ele></trkpt>
   <trkpt lat="50.319894" lon="10.226563"><ele>232.75</ele></trkpt>
   <trkpt lat="50.320144" lon="10.226785"><ele>234.75</ele></trkpt>
   <trkpt lat="50.320193" lon="10.226795"><ele>234</ele></trkpt>
   <trkpt lat="50.320283" lon="10.226839"><ele>233.25</ele></trkpt>
   <trkpt lat="50.320576" lon="10.227035"><ele>233</ele></trkpt>
   <trkpt lat="50.321071" lon="10.227234"><ele>230.75</ele></trkpt>
   <trkpt lat="50.321909" lon="10.227541"><ele>231.5</ele></trkpt>
   <trkpt lat="50.322611" lon="10.227748"><ele>230.5</ele></trkpt>
   <trkpt lat="50.322783" lon="10.227851"><ele>231.25</ele></trkpt>
   <trkpt lat="50.323488" lon="10.228186"><ele>231.75</ele></trkpt>
   <trkpt lat="50.323611" lon="10.228245"><ele>231.25</ele></trkpt>
   <trkpt lat="50.323699" lon="10.228288"><ele>230.75</ele></trkpt>
   <trkpt lat="50.323805" lon="10.228338"><ele>230</ele></trkpt>
   <trkpt lat="50.324074" lon="10.228495"><ele>230.75</ele></trkpt>
   <trkpt lat="50.324785" lon="10.228875"><ele>229.5</ele></trkpt>
   <trkpt lat="50.325253" lon="10.229152"><ele>229.25</ele></trkpt>
   <trkpt lat="50.325563" lon="10.229476"><ele>229.25</ele></trkpt>
   <trkpt lat="50.325914" lon="10.230348"><ele>231.5</ele></trkpt>
   <trkpt lat="50.326283" lon="10.231745"><ele>233.5</ele></trkpt>
   <trkpt lat="50.326513" lon="10.233853"><ele>231.75</ele></trkpt>
   <trkpt lat="50.326626" lon="10.234414"><ele>230.75</ele></trkpt>
   <trkpt lat="50.32736" lon="10.235503"><ele>229.5</ele></trkpt>
   <trkpt lat="50.327565" lon="10.235799"><ele>230.25</ele></trkpt>
   <trkpt lat="50.328134" lon="10.236332"><ele>230</ele></trkpt>
   <trkpt lat="50.328515" lon="10.236632"><ele>230</ele></trkpt>
   <trkpt lat="50.329229" lon="10.236874"><ele>231.5</ele></trkpt>
   <trkpt lat="50.329412" lon="10.237036"><ele>233.25</ele></trkpt>
   <trkpt lat="50.329819" lon="10.237404"><ele>235.25</ele></trkpt>
   <trkpt lat="50.33004" lon="10.237573"><ele>236</ele></trkpt>
   <trkpt lat="50.330071" lon="10.237597"><ele>236</ele></trkpt>
   <trkpt lat="50.330105" lon="10.237618"><ele>236</ele></trkpt>
   <trkpt lat="50.330157" lon="10.237649"><ele>235.75</ele></trkpt>
   <trkpt lat="50.330334" lon="10.237766"><ele>235.75</ele></trkpt>
   <trkpt lat="50.330535" lon="10.237899"><ele>235.5</ele></trkpt>
   <trkpt lat="50.330916" lon="10.238075"><ele>235</ele></trkpt>
   <trkpt lat="50.331164" lon="10.238104"><ele>235.25</ele></trkpt>
   <trkpt lat="50.331545" lon="10.238099"><ele>236.25</ele></trkpt>
   <trkpt lat="50.331603" lon="10.238087"><ele>236.25</ele></trkpt>
   <trkpt lat="50.331638" lon="10.238065"><ele>236</ele></trkpt>
   <trkpt lat="50.331682" lon="10.238011"><ele>236</ele></trkpt>
   <trkpt lat="50.331702" lon="10.238049"><ele>236</ele></trkpt>
   <trkpt lat="50.331731" lon="10.238081"><ele>236.5</ele></trkpt>
   <trkpt lat="50.332164" lon="10.238425"><ele>238.75</ele></trkpt>
   <trkpt lat="50.332279" lon="10.238584"><ele>239.75</ele></trkpt>
   <trkpt lat="50.332361" lon="10.238735"><ele>240.5</ele></trkpt>
   <trkpt lat="50.332413" lon="10.238905"><ele>241.25</ele></trkpt>
   <trkpt lat="50.332512" lon="10.239017"><ele>241.25</ele></trkpt>
   <trkpt lat="50.333123" lon="10.240072"><ele>243</ele></trkpt>
   <trkpt lat="50.333476" lon="10.240706"><ele>243.5</ele></trkpt>
   <trkpt lat="50.33372" lon="10.241143"><ele>243.25</ele></trkpt>
   <trkpt lat="50.334048" lon="10.24169"><ele>243</ele></trkpt>
   <trkpt lat="50.335001" lon="10.243129"><ele>246.25</ele></trkpt>
   <trkpt lat="50.335406" lon="10.243733"><ele>247.75</ele></trkpt>
   <trkpt lat="50.335793" lon="10.244367"><ele>248</ele></trkpt>
   <trkpt lat="50.336108" lon="10.244957"><ele>246.5</ele></trkpt>
   <trkpt lat="50.336429" lon="10.245697"><ele>243.75</ele></trkpt>
   <trkpt lat="50.336645" lon="10.246244"><ele>243.25</ele></trkpt>
   <trkpt lat="50.337053" lon="10.246869"><ele>239</ele></trkpt>
   <trkpt lat="50.337112" lon="10.246989"><ele>238.5</ele></trkpt>
   <trkpt lat="50.337052" lon="10.247349"><ele>242.25</ele></trkpt>
   <trkpt lat="50.337403" lon="10.248146"><ele>238.75</ele></trkpt>
   <trkpt lat="50.337469" lon="10.248372"><ele>236.5</ele></trkpt>
   <trkpt lat="50.337596" lon="10.248812"><ele>235.75</ele></trkpt>
   <trkpt lat="50.337888" lon="10.249648"><ele>235.5</ele></trkpt>
   <trkpt lat="50.338124" lon="10.250021"><ele>235.5</ele></trkpt>
   <trkpt lat="50.338373" lon="10.250654"><ele>235</ele></trkpt>
   <trkpt lat="50.338484" lon="10.251148"><ele>236.25</ele></trkpt>
   <trkpt lat="50.338602" lon="10.251355"><ele>234</ele></trkpt>
   <trkpt lat="50.338595" lon="10.251518"><ele>234.25</ele></trkpt>
   <trkpt lat="50.338601" lon="10.25172"><ele>234.5</ele></trkpt>
   <trkpt lat="50.338712" lon="10.252437"><ele>236.75</ele></trkpt>
   <trkpt lat="50.338829" lon="10.25308"><ele>236</ele></trkpt>
   <trkpt lat="50.338867" lon="10.25326"><ele>236.75</ele></trkpt>
   <trkpt lat="50.338924" lon="10.253444"><ele>236.75</ele></trkpt>
   <trkpt lat="50.339163" lon="10.25415"><ele>233.75</ele></trkpt>
   <trkpt lat="50.339646" lon="10.255815"><ele>234.25</ele></trkpt>
   <trkpt lat="50.339988" lon="10.256754"><ele>233.75</ele></trkpt>
   <trkpt lat="50.340206" lon="10.257457"><ele>234</ele></trkpt>
   <trkpt lat="50.340332" lon="10.257771"><ele>234.75</ele></trkpt>
   <trkpt lat="50.340664" lon="10.258419"><ele>234</ele></trkpt>
   <trkpt lat="50.341074" lon="10.25915"><ele>234.25</ele></trkpt>
   <trkpt lat="50.34156" lon="10.259796"><ele>234.25</ele></trkpt>
   <trkpt lat="50.342116" lon="10.260364"><ele>234.5</ele></trkpt>
   <trkpt lat="50.342651" lon="10.260727"><ele>233.5</ele></trkpt>
   <trkpt lat="50.343229" lon="10.261094"><ele>233.25</ele></trkpt>
   <trkpt lat="50.343508" lon="10.261281"><ele>233.25</ele></trkpt>
   <trkpt lat="50.343762" lon="10.261482"><ele>233.75</ele></trkpt>
   <trkpt lat="50.344055" lon="10.261733"><ele>234</ele></trkpt>
   <trkpt lat="50.344144" lon="10.261733"><ele>234</ele></trkpt>
   <trkpt lat="50.344255" lon="10.261807"><ele>234.25</ele></trkpt>
   <trkpt lat="50.344324" lon="10.261834"><ele>234.25</ele></trkpt>
   <trkpt lat="50.344394" lon="10.261807"><ele>234</ele></trkpt>
   <trkpt lat="50.344545" lon="10.261796"><ele>233.5</ele></trkpt>
   <trkpt lat="50.345049" lon="10.261879"><ele>233.5</ele></trkpt>
   <trkpt lat="50.345432" lon="10.261962"><ele>233.5</ele></trkpt>
   <trkpt lat="50.345758" lon="10.262057"><ele>233.75</ele></trkpt>
   <trkpt lat="50.346045" lon="10.262198"><ele>234</ele></trkpt>
   <trkpt lat="50.347133" lon="10.262943"><ele>234</ele></trkpt>
   <trkpt lat="50.347299" lon="10.262971"><ele>233.25</ele></trkpt>
   <trkpt lat="50.347419" lon="10.262925"><ele>233.25</ele></trkpt>
   <trkpt lat="50.347527" lon="10.262804"><ele>232.75</ele></trkpt>
   <trkpt lat="50.347676" lon="10.262619"><ele>232</ele></trkpt>
   <trkpt lat="50.348488" lon="10.261553"><ele>232.25</ele></trkpt>
   <trkpt lat="50.348963" lon="10.260983"><ele>232.5</ele></trkpt>
   <trkpt lat="50.349261" lon="10.260649"><ele>232.75</ele></trkpt>
   <trkpt lat="50.349662" lon="10.260242"><ele>233</ele></trkpt>
   <trkpt lat="50.349721" lon="10.260182"><ele>233</ele></trkpt>
   <trkpt lat="50.349765" lon="10.260138"><ele>233</ele></trkpt>
   <trkpt lat="50.350073" lon="10.259844"><ele>233.5</ele></trkpt>
   <trkpt lat="50.350375" lon="10.259605"><ele>233.25</ele></trkpt>
   <trkpt lat="50.350805" lon="10.259321"><ele>234.5</ele></trkpt>
   <trkpt lat="50.350906" lon="10.259254"><ele>234</ele></trkpt>
   <trkpt lat="50.351721" lon="10.258719"><ele>233</ele></trkpt>
   <trkpt lat="50.351867" lon="10.258624"><ele>233</ele></trkpt>
   <trkpt lat="50.352445" lon="10.258207"><ele>233</ele></trkpt>
   <trkpt lat="50.352603" lon="10.258135"><ele>233</ele></trkpt>
   <trkpt lat="50.352813" lon="10.258091"><ele>233</ele></trkpt>
   <trkpt lat="50.353041" lon="10.258054"><ele>233</ele></trkpt>
   <trkpt lat="50.353099" lon="10.258049"><ele>233</ele></trkpt>
   <trkpt lat="50.353215" lon="10.258039"><ele>233</ele></trkpt>
   <trkpt lat="50.353265" lon="10.258033"><ele>233</ele></trkpt>
   <trkpt lat="50.353571" lon="10.258005"><ele>233</ele></trkpt>
   <trkpt lat="50.353959" lon="10.258029"><ele>233</ele></trkpt>
   <trkpt lat="50.354121" lon="10.258041"><ele>233</ele></trkpt>
   <trkpt lat="50.354152" lon="10.258032"><ele>233</ele></trkpt>
   <trkpt lat="50.354181" lon="10.257988"><ele>233</ele></trkpt>
   <trkpt lat="50.3542" lon="10.257917"><ele>233</ele></trkpt>
   <trkpt lat="50.354298" lon="10.257135"><ele>233</ele></trkpt>
   <trkpt lat="50.354312" lon="10.256956"><ele>233.25</ele></trkpt>
   <trkpt lat="50.35434" lon="10.256639"><ele>233.5</ele></trkpt>
   <trkpt lat="50.354349" lon="10.256229"><ele>234</ele></trkpt>
   <trkpt lat="50.354386" lon="10.256129"><ele>234</ele></trkpt>
   <trkpt lat="50.35443" lon="10.256077"><ele>234</ele></trkpt>
   <trkpt lat="50.354534" lon="10.256068"><ele>233.5</ele></trkpt>
   <trkpt lat="50.354706" lon="10.256075"><ele>233</ele></trkpt>
   <trkpt lat="50.355221" lon="10.256081"><ele>233.75</ele></trkpt>
   <trkpt lat="50.355484" lon="10.256007"><ele>234</ele></trkpt>
   <trkpt lat="50.355513" lon="10.255955"><ele>234</ele></trkpt>
   <trkpt lat="50.355533" lon="10.255874"><ele>234</ele></trkpt>
   <trkpt lat="50.355479" lon="10.255162"><ele>234</ele></trkpt>
   <trkpt lat="50.355456" lon="10.254998"><ele>234</ele></trkpt>
   <trkpt lat="50.355402" lon="10.254637"><ele>233.25</ele></trkpt>
   <trkpt lat="50.355344" lon="10.254235"><ele>232.5</ele></trkpt>
   <trkpt lat="50.355283" lon="10.253772"><ele>233</ele></trkpt>
   <trkpt lat="50.355193" lon="10.253183"><ele>232.75</ele></trkpt>
   <trkpt lat="50.355181" lon="10.253008"><ele>232.75</ele></trkpt>
   <trkpt lat="50.355193" lon="10.252766"><ele>233.5</ele></trkpt>
   <trkpt lat="50.355428" lon="10.252737"><ele>233.5</ele></trkpt>
   <trkpt lat="50.355667" lon="10.252691"><ele>233.25</ele></trkpt>
   <trkpt lat="50.356058" lon="10.252585"><ele>233.5</ele></trkpt>
   <trkpt lat="50.356986" lon="10.252249"><ele>233.75</ele></trkpt>
   <trkpt lat="50.357183" lon="10.252209"><ele>234</ele></trkpt>
   <trkpt lat="50.357305" lon="10.252242"><ele>233.75</ele></trkpt>
   <trkpt lat="50.35813" lon="10.252657"><ele>234</ele></trkpt>
   <trkpt lat="50.358314" lon="10.252708"><ele>234</ele></trkpt>
   <trkpt lat="50.358652" lon="10.25272"><ele>234</ele></trkpt>
   <trkpt lat="50.359223" lon="10.252602"><ele>234</ele></trkpt>
   <trkpt lat="50.359326" lon="10.252539"><ele>234</ele></trkpt>
   <trkpt lat="50.359358" lon="10.25252"><ele>234</ele></trkpt>
   <trkpt lat="50.360362" lon="10.251691"><ele>234</ele></trkpt>
   <trkpt lat="50.360558" lon="10.251575"><ele>234</ele></trkpt>
   <trkpt lat="50.360759" lon="10.25147"><ele>234</ele></trkpt>
   <trkpt lat="50.362132" lon="10.250742"><ele>234.25</ele></trkpt>
   <trkpt lat="50.362249" lon="10.250718"><ele>234.25</ele></trkpt>
   <trkpt lat="50.362382" lon="10.250721"><ele>234.5</ele></trkpt>
   <trkpt lat="50.362532" lon="10.250757"><ele>235</ele></trkpt>
   <trkpt lat="50.364228" lon="10.251335"><ele>235</ele></trkpt>
   <trkpt lat="50.3659" lon="10.251423"><ele>235.25</ele></trkpt>
   <trkpt lat="50.366003" lon="10.251447"><ele>236</ele></trkpt>
   <trkpt lat="50.366852" lon="10.252144"><ele>236.25</ele></trkpt>
   <trkpt lat="50.367162" lon="10.252363"><ele>237.25</ele></trkpt>
   <trkpt lat="50.368107" lon="10.252947"><ele>239.75</ele></trkpt>
   <trkpt lat="50.368304" lon="10.253056"><ele>240.5</ele></trkpt>
   <trkpt lat="50.368561" lon="10.253103"><ele>241</ele></trkpt>
   <trkpt lat="50.368859" lon="10.253103"><ele>242</ele></trkpt>
   <trkpt lat="50.369907" lon="10.253021"><ele>244</ele></trkpt>
   <trkpt lat="50.370642" lon="10.252953"><ele>243.75</ele></trkpt>
   <trkpt lat="50.370729" lon="10.252989"><ele>243.75</ele></trkpt>
   <trkpt lat="50.371232" lon="10.253306"><ele>243.75</ele></trkpt>
   <trkpt lat="50.371578" lon="10.25348"><ele>245</ele></trkpt>
   <trkpt lat="50.372026" lon="10.253653"><ele>247.75</ele></trkpt>
   <trkpt lat="50.372904" lon="10.254299"><ele>245.75</ele></trkpt>
   <trkpt lat="50.373554" lon="10.254678"><ele>243.5</ele></trkpt>
   <trkpt lat="50.373677" lon="10.254802"><ele>243</ele></trkpt>
   <trkpt lat="50.373934" lon="10.255126"><ele>242.25</ele></trkpt>
   <trkpt lat="50.374028" lon="10.255169"><ele>242</ele></trkpt>
   <trkpt lat="50.374099" lon="10.255122"><ele>242</ele></trkpt>
   <trkpt lat="50.37413" lon="10.255012"><ele>242.75</ele></trkpt>
   <trkpt lat="50.374208" lon="10.254733"><ele>243.5</ele></trkpt>
   <trkpt lat="50.37457" lon="10.254959"><ele>241.75</ele></trkpt>
   <trkpt lat="50.375685" lon="10.255778"><ele>241</ele></trkpt>
   <trkpt lat="50.376114" lon="10.256093"><ele>240.75</ele></trkpt>
   <trkpt lat="50.376147" lon="10.256108"><ele>240.75</ele></trkpt>
   <trkpt lat="50.37636" lon="10.256186"><ele>240.25</ele></trkpt>
   <trkpt lat="50.376406" lon="10.256199"><ele>240.25</ele></trkpt>
   <trkpt lat="50.376469" lon="10.256208"><ele>240.5</ele></trkpt>
   <trkpt lat="50.376572" lon="10.256206"><ele>240.75</ele></trkpt>
   <trkpt lat="50.376713" lon="10.256216"><ele>240.75</ele></trkpt>
   <trkpt lat="50.37693" lon="10.256245"><ele>241</ele></trkpt>
   <trkpt lat="50.37703" lon="10.256267"><ele>240.75</ele></trkpt>
   <trkpt lat="50.377291" lon="10.25632"><ele>240.25</ele></trkpt>
   <trkpt lat="50.377661" lon="10.256448"><ele>241</ele></trkpt>
   <trkpt lat="50.37776" lon="10.2565"><ele>241</ele></trkpt>
   <trkpt lat="50.377852" lon="10.256693"><ele>241.75</ele></trkpt>
   <trkpt lat="50.377967" lon="10.257007"><ele>241.25</ele></trkpt>
   <trkpt lat="50.378019" lon="10.257097"><ele>241.25</ele></trkpt>
   <trkpt lat="50.378083" lon="10.25715"><ele>241.25</ele></trkpt>
   <trkpt lat="50.3782" lon="10.257177"><ele>241</ele></trkpt>
   <trkpt lat="50.378253" lon="10.257178"><ele>241</ele></trkpt>
   <trkpt lat="50.378989" lon="10.257239"><ele>241.75</ele></trkpt>
   <trkpt lat="50.379044" lon="10.25732"><ele>241.75</ele></trkpt>
   <trkpt lat="50.379361" lon="10.257326"><ele>241.5</ele></trkpt>
   <trkpt lat="50.379893" lon="10.257384"><ele>241.25</ele></trkpt>
   <trkpt lat="50.380145" lon="10.257437"><ele>241.5</ele></trkpt>
   <trkpt lat="50.380425" lon="10.257538"><ele>241.75</ele></trkpt>
   <trkpt lat="50.380766" lon="10.257674"><ele>241.75</ele></trkpt>
   <trkpt lat="50.380837" lon="10.257719"><ele>242</ele></trkpt>
   <trkpt lat="50.380966" lon="10.257869"><ele>241.5</ele></trkpt>
   <trkpt lat="50.381352" lon="10.25805"><ele>241</ele></trkpt>
   <trkpt lat="50.38309" lon="10.258886"><ele>242</ele></trkpt>
   <trkpt lat="50.38445" lon="10.259529"><ele>242.5</ele></trkpt>
   <trkpt lat="50.384725" lon="10.259681"><ele>242</ele></trkpt>
   <trkpt lat="50.384776" lon="10.259702"><ele>242</ele></trkpt>
   <trkpt lat="50.384833" lon="10.259724"><ele>242</ele></trkpt>
   <trkpt lat="50.385019" lon="10.259712"><ele>242</ele></trkpt>
   <trkpt lat="50.385119" lon="10.25973"><ele>242.25</ele></trkpt>
   <trkpt lat="50.38593" lon="10.25995"><ele>242</ele></trkpt>
   <trkpt lat="50.386289" lon="10.260068"><ele>242.25</ele></trkpt>
   <trkpt lat="50.386697" lon="10.260233"><ele>242.25</ele></trkpt>
   <trkpt lat="50.386969" lon="10.260361"><ele>242.5</ele></trkpt>
   <trkpt lat="50.387235" lon="10.260506"><ele>242</ele></trkpt>
   <trkpt lat="50.387701" lon="10.260795"><ele>242.75</ele></trkpt>
   <trkpt lat="50.387949" lon="10.260978"><ele>242.75</ele></trkpt>
   <trkpt lat="50.388276" lon="10.261256"><ele>243.25</ele></trkpt>
   <trkpt lat="50.388672" lon="10.261599"><ele>243.25</ele></trkpt>
   <trkpt lat="50.388722" lon="10.261664"><ele>243.25</ele></trkpt>
   <trkpt lat="50.38876" lon="10.26175"><ele>243.25</ele></trkpt>
   <trkpt lat="50.388834" lon="10.261839"><ele>243.25</ele></trkpt>
   <trkpt lat="50.388924" lon="10.261928"><ele>243</ele></trkpt>
   <trkpt lat="50.389001" lon="10.261947"><ele>243.25</ele></trkpt>
   <trkpt lat="50.389227" lon="10.262209"><ele>243.25</ele></trkpt>
   <trkpt lat="50.389517" lon="10.262633"><ele>243.25</ele></trkpt>
   <trkpt lat="50.389757" lon="10.263032"><ele>243.25</ele></trkpt>
   <trkpt lat="50.389853" lon="10.263208"><ele>243.25</ele></trkpt>
   <trkpt lat="50.389892" lon="10.263281"><ele>243.25</ele></trkpt>
   <trkpt lat="50.390089" lon="10.263763"><ele>243.25</ele></trkpt>
   <trkpt lat="50.39022" lon="10.26378"><ele>244</ele></trkpt>
   <trkpt lat="50.390225" lon="10.263874"><ele>243.5</ele></trkpt>
   <trkpt lat="50.390228" lon="10.263909"><ele>243.5</ele></trkpt>
   <trkpt lat="50.390248" lon="10.264024"><ele>243.5</ele></trkpt>
   <trkpt lat="50.390401" lon="10.264611"><ele>243.75</ele></trkpt>
   <trkpt lat="50.390658" lon="10.265449"><ele>243.75</ele></trkpt>
   <trkpt lat="50.390915" lon="10.266118"><ele>243.5</ele></trkpt>
   <trkpt lat="50.391259" lon="10.266814"><ele>243.5</ele></trkpt>
   <trkpt lat="50.39146" lon="10.267166"><ele>243.75</ele></trkpt>
   <trkpt lat="50.391753" lon="10.267642"><ele>244.75</ele></trkpt>
   <trkpt lat="50.391801" lon="10.267716"><ele>244.75</ele></trkpt>
   <trkpt lat="50.391927" lon="10.267908"><ele>245</ele></trkpt>
   <trkpt lat="50.392032" lon="10.268077"><ele>245</ele></trkpt>
   <trkpt lat="50.392102" lon="10.268244"><ele>246.25</ele></trkpt>
   <trkpt lat="50.392161" lon="10.268432"><ele>246.5</ele></trkpt>
   <trkpt lat="50.392196" lon="10.268601"><ele>246.25</ele></trkpt>
   <trkpt lat="50.392224" lon="10.268838"><ele>246.75</ele></trkpt>
   <trkpt lat="50.392231" lon="10.269151"><ele>247.75</ele></trkpt>
   <trkpt lat="50.392244" lon="10.269315"><ele>247.75</ele></trkpt>
   <trkpt lat="50.392265" lon="10.269478"><ele>248</ele></trkpt>
   <trkpt lat="50.39231" lon="10.269621"><ele>248.25</ele></trkpt>
   <trkpt lat="50.392448" lon="10.269905"><ele>248</ele></trkpt>
   <trkpt lat="50.392793" lon="10.270445"><ele>247.75</ele></trkpt>
   <trkpt lat="50.393182" lon="10.270998"><ele>247.75</ele></trkpt>
   <trkpt lat="50.393248" lon="10.271114"><ele>248</ele></trkpt>
   <trkpt lat="50.393365" lon="10.27145"><ele>249</ele></trkpt>
   <trkpt lat="50.393407" lon="10.271557"><ele>249</ele></trkpt>
   <trkpt lat="50.393448" lon="10.271614"><ele>249</ele></trkpt>
   <trkpt lat="50.393491" lon="10.271648"><ele>249</ele></trkpt>
   <trkpt lat="50.393546" lon="10.271674"><ele>249</ele></trkpt>
   <trkpt lat="50.393637" lon="10.271685"><ele>248.75</ele></trkpt>
   <trkpt lat="50.393719" lon="10.271671"><ele>248.5</ele></trkpt>
   <trkpt lat="50.393793" lon="10.271633"><ele>248.25</ele></trkpt>
   <trkpt lat="50.393883" lon="10.271562"><ele>247.5</ele></trkpt>
   <trkpt lat="50.394164" lon="10.271335"><ele>246</ele></trkpt>
   <trkpt lat="50.394398" lon="10.271172"><ele>245.75</ele></trkpt>
   <trkpt lat="50.394462" lon="10.271139"><ele>245.75</ele></trkpt>
   <trkpt lat="50.394538" lon="10.27112"><ele>245.75</ele></trkpt>
   <trkpt lat="50.394656" lon="10.271131"><ele>245.75</ele></trkpt>
   <trkpt lat="50.394765" lon="10.271184"><ele>245.75</ele></trkpt>
   <trkpt lat="50.394881" lon="10.271276"><ele>245.25</ele></trkpt>
   <trkpt lat="50.394997" lon="10.271433"><ele>245</ele></trkpt>
   <trkpt lat="50.395503" lon="10.272129"><ele>245.5</ele></trkpt>
   <trkpt lat="50.395584" lon="10.272237"><ele>245.5</ele></trkpt>
   <trkpt lat="50.395819" lon="10.27256"><ele>244.75</ele></trkpt>
   <trkpt lat="50.395925" lon="10.272701"><ele>245</ele></trkpt>
   <trkpt lat="50.395952" lon="10.27274"><ele>245.25</ele></trkpt>
   <trkpt lat="50.396005" lon="10.27281"><ele>245.5</ele></trkpt>
   <trkpt lat="50.396062" lon="10.27286"><ele>245.75</ele></trkpt>
   <trkpt lat="50.396123" lon="10.272891"><ele>246</ele></trkpt>
   <trkpt lat="50.396166" lon="10.273036"><ele>246</ele></trkpt>
   <trkpt lat="50.396376" lon="10.273346"><ele>245.75</ele></trkpt>
   <trkpt lat="50.399053" lon="10.277016"><ele>250</ele></trkpt>
   <trkpt lat="50.399885" lon="10.278161"><ele>250</ele></trkpt>
   <trkpt lat="50.400023" lon="10.278371"><ele>249.75</ele></trkpt>
   <trkpt lat="50.400447" lon="10.279125"><ele>250.25</ele></trkpt>
   <trkpt lat="50.400681" lon="10.279572"><ele>250.25</ele></trkpt>
   <trkpt lat="50.400797" lon="10.279941"><ele>250</ele></trkpt>
   <trkpt lat="50.401406" lon="10.280935"><ele>249.75</ele></trkpt>
   <trkpt lat="50.401838" lon="10.281682"><ele>250</ele></trkpt>
   <trkpt lat="50.402855" lon="10.283552"><ele>255.25</ele></trkpt>
   <trkpt lat="50.402915" lon="10.28378"><ele>255.25</ele></trkpt>
   <trkpt lat="50.402946" lon="10.283949"><ele>255.75</ele></trkpt>
   <trkpt lat="50.403006" lon="10.284299"><ele>257</ele></trkpt>
   <trkpt lat="50.403014" lon="10.284492"><ele>257.5</ele></trkpt>
   <trkpt lat="50.402988" lon="10.284817"><ele>257</ele></trkpt>
   <trkpt lat="50.403152" lon="10.284813"><ele>257.25</ele></trkpt>
   <trkpt lat="50.40314" lon="10.284995"><ele>257</ele></trkpt>
   <trkpt lat="50.403137" lon="10.285163"><ele>257</ele></trkpt>
   <trkpt lat="50.403131" lon="10.285552"><ele>256.25</ele></trkpt>
   <trkpt lat="50.403137" lon="10.28575"><ele>256</ele></trkpt>
   <trkpt lat="50.403163" lon="10.286007"><ele>255.5</ele></trkpt>
   <trkpt lat="50.403168" lon="10.286112"><ele>255.25</ele></trkpt>
   <trkpt lat="50.403163" lon="10.286187"><ele>255.25</ele></trkpt>
   <trkpt lat="50.403133" lon="10.286371"><ele>255</ele></trkpt>
   <trkpt lat="50.402869" lon="10.287559"><ele>252</ele></trkpt>
   <trkpt lat="50.402741" lon="10.288157"><ele>251</ele></trkpt>
   <trkpt lat="50.402579" lon="10.288884"><ele>250.25</ele></trkpt>
   <trkpt lat="50.402472" lon="10.289268"><ele>249.75</ele></trkpt>
   <trkpt lat="50.402668" lon="10.289682"><ele>250.5</ele></trkpt>
   <trkpt lat="50.402687" lon="10.289768"><ele>250.25</ele></trkpt>
   <trkpt lat="50.402807" lon="10.289851"><ele>249.75</ele></trkpt>
   <trkpt lat="50.403033" lon="10.290069"><ele>250.25</ele></trkpt>
   <trkpt lat="50.40307" lon="10.290108"><ele>250.25</ele></trkpt>
   <trkpt lat="50.40336" lon="10.290416"><ele>251.5</ele></trkpt>
   <trkpt lat="50.403457" lon="10.290729"><ele>251</ele></trkpt>
   <trkpt lat="50.403518" lon="10.290904"><ele>251</ele></trkpt>
   <trkpt lat="50.403621" lon="10.291019"><ele>251.25</ele></trkpt>
   <trkpt lat="50.405667" lon="10.292541"><ele>252.25</ele></trkpt>
   <trkpt lat="50.405849" lon="10.292644"><ele>252</ele></trkpt>
   <trkpt lat="50.405939" lon="10.292932"><ele>251.5</ele></trkpt>
   <trkpt lat="50.406634" lon="10.294304"><ele>252</ele></trkpt>
   <trkpt lat="50.407769" lon="10.295103"><ele>252.75</ele></trkpt>
   <trkpt lat="50.407981" lon="10.295252"><ele>253</ele></trkpt>
   <trkpt lat="50.40869" lon="10.295751"><ele>253</ele></trkpt>
   <trkpt lat="50.408313" lon="10.297291"><ele>252.75</ele></trkpt>
   <trkpt lat="50.408236" lon="10.297624"><ele>252</ele></trkpt>
   <trkpt lat="50.408156" lon="10.297849"><ele>252.25</ele></trkpt>
   <trkpt lat="50.408154" lon="10.297939"><ele>252.25</ele></trkpt>
   <trkpt lat="50.408169" lon="10.298044"><ele>252.5</ele></trkpt>
   <trkpt lat="50.40821" lon="10.298224"><ele>253</ele></trkpt>
   <trkpt lat="50.408307" lon="10.298577"><ele>253</ele></trkpt>
   <trkpt lat="50.408335" lon="10.298669"><ele>253</ele></trkpt>
   <trkpt lat="50.408373" lon="10.298754"><ele>253.5</ele></trkpt>
   <trkpt lat="50.408414" lon="10.298844"><ele>253.75</ele></trkpt>
   <trkpt lat="50.408547" lon="10.29897"><ele>254</ele></trkpt>
   <trkpt lat="50.409325" lon="10.299414"><ele>253.75</ele></trkpt>
   <trkpt lat="50.409489" lon="10.299546"><ele>253.75</ele></trkpt>
   <trkpt lat="50.40956" lon="10.299673"><ele>253.75</ele></trkpt>
   <trkpt lat="50.409597" lon="10.299802"><ele>254</ele></trkpt>
   <trkpt lat="50.409631" lon="10.300134"><ele>255</ele></trkpt>
   <trkpt lat="50.409652" lon="10.30022"><ele>255.5</ele></trkpt>
   <trkpt lat="50.409681" lon="10.300293"><ele>255.75</ele></trkpt>
   <trkpt lat="50.409735" lon="10.300284"><ele>256</ele></trkpt>
   <trkpt lat="50.410138" lon="10.300311"><ele>256</ele></trkpt>
   <trkpt lat="50.41064" lon="10.300403"><ele>256.25</ele></trkpt>
   <trkpt lat="50.410855" lon="10.300474"><ele>256</ele></trkpt>
   <trkpt lat="50.410927" lon="10.300342"><ele>254.5</ele></trkpt>
   <trkpt lat="50.410995" lon="10.300125"><ele>253.75</ele></trkpt>
   <trkpt lat="50.411044" lon="10.300056"><ele>253.75</ele></trkpt>
   <trkpt lat="50.411097" lon="10.3"><ele>253.75</ele></trkpt>
   <trkpt lat="50.411615" lon="10.299778"><ele>254</ele></trkpt>
   <trkpt lat="50.411838" lon="10.299666"><ele>253.75</ele></trkpt>
   <trkpt lat="50.412011" lon="10.29954"><ele>253.5</ele></trkpt>
   <trkpt lat="50.412264" lon="10.299327"><ele>253.5</ele></trkpt>
   <trkpt lat="50.412467" lon="10.299176"><ele>253.75</ele></trkpt>
   <trkpt lat="50.412888" lon="10.298947"><ele>253.5</ele></trkpt>
   <trkpt lat="50.413106" lon="10.298799"><ele>254</ele></trkpt>
   <trkpt lat="50.413213" lon="10.29874"><ele>253.75</ele></trkpt>
   <trkpt lat="50.413322" lon="10.298729"><ele>253.75</ele></trkpt>
   <trkpt lat="50.413562" lon="10.298821"><ele>254.5</ele></trkpt>
   <trkpt lat="50.413717" lon="10.298856"><ele>254.75</ele></trkpt>
   <trkpt lat="50.414039" lon="10.298873"><ele>255.25</ele></trkpt>
   <trkpt lat="50.414127" lon="10.298902"><ele>255.75</ele></trkpt>
   <trkpt lat="50.414288" lon="10.298986"><ele>255.5</ele></trkpt>
   <trkpt lat="50.414368" lon="10.299036"><ele>255.5</ele></trkpt>
   <trkpt lat="50.41439" lon="10.299065"><ele>255.5</ele></trkpt>
   <trkpt lat="50.414423" lon="10.299126"><ele>255.75</ele></trkpt>
   <trkpt lat="50.414489" lon="10.299346"><ele>255.75</ele></trkpt>
   <trkpt lat="50.414557" lon="10.29963"><ele>255.5</ele></trkpt>
   <trkpt lat="50.414605" lon="10.299793"><ele>255.5</ele></trkpt>
   <trkpt lat="50.414667" lon="10.299908"><ele>255.5</ele></trkpt>
   <trkpt lat="50.414798" lon="10.300064"><ele>255.75</ele></trkpt>
   <trkpt lat="50.414965" lon="10.300223"><ele>255.75</ele></trkpt>
   <trkpt lat="50.415126" lon="10.300357"><ele>255.5</ele></trkpt>
   <trkpt lat="50.415205" lon="10.300402"><ele>255.25</ele></trkpt>
   <trkpt lat="50.415361" lon="10.300431"><ele>255</ele></trkpt>
   <trkpt lat="50.415481" lon="10.300474"><ele>255.5</ele></trkpt>
   <trkpt lat="50.41573" lon="10.300604"><ele>255.75</ele></trkpt>
   <trkpt lat="50.416156" lon="10.301007"><ele>258</ele></trkpt>
   <trkpt lat="50.416264" lon="10.301074"><ele>257.75</ele></trkpt>
   <trkpt lat="50.416676" lon="10.301235"><ele>256.5</ele></trkpt>
   <trkpt lat="50.417191" lon="10.301397"><ele>256</ele></trkpt>
   <trkpt lat="50.417818" lon="10.301538"><ele>256.75</ele></trkpt>
   <trkpt lat="50.418107" lon="10.301626"><ele>256.75</ele></trkpt>
   <trkpt lat="50.418724" lon="10.301569"><ele>257.5</ele></trkpt>
   <trkpt lat="50.418994" lon="10.301508"><ele>259</ele></trkpt>
   <trkpt lat="50.419511" lon="10.301265"><ele>258.5</ele></trkpt>
   <trkpt lat="50.419546" lon="10.301257"><ele>258.75</ele></trkpt>
   <trkpt lat="50.419785" lon="10.301237"><ele>260.5</ele></trkpt>
   <trkpt lat="50.419959" lon="10.301056"><ele>260</ele></trkpt>
   <trkpt lat="50.420084" lon="10.300973"><ele>258.75</ele></trkpt>
   <trkpt lat="50.420192" lon="10.300994"><ele>258.75</ele></trkpt>
   <trkpt lat="50.420282" lon="10.301105"><ele>259</ele></trkpt>
   <trkpt lat="50.420364" lon="10.301189"><ele>261</ele></trkpt>
   <trkpt lat="50.420469" lon="10.301207"><ele>261.75</ele></trkpt>
   <trkpt lat="50.420913" lon="10.301122"><ele>262</ele></trkpt>
   <trkpt lat="50.421206" lon="10.301076"><ele>261.5</ele></trkpt>
   <trkpt lat="50.422095" lon="10.300974"><ele>261.75</ele></trkpt>
   <trkpt lat="50.422283" lon="10.300957"><ele>262</ele></trkpt>
   <trkpt lat="50.422537" lon="10.300952"><ele>261.5</ele></trkpt>
   <trkpt lat="50.423025" lon="10.300944"><ele>260.5</ele></trkpt>
   <trkpt lat="50.42318" lon="10.301039"><ele>261</ele></trkpt>
   <trkpt lat="50.423331" lon="10.301218"><ele>262</ele></trkpt>
   <trkpt lat="50.423384" lon="10.301339"><ele>261.25</ele></trkpt>
   <trkpt lat="50.423585" lon="10.301777"><ele>261.75</ele></trkpt>
   <trkpt lat="50.42376" lon="10.30205"><ele>261.75</ele></trkpt>
   <trkpt lat="50.423835" lon="10.302119"><ele>261.5</ele></trkpt>
   <trkpt lat="50.424234" lon="10.302493"><ele>261.5</ele></trkpt>
   <trkpt lat="50.424345" lon="10.302562"><ele>261.5</ele></trkpt>
   <trkpt lat="50.424401" lon="10.30258"><ele>261.25</ele></trkpt>
   <trkpt lat="50.424505" lon="10.302558"><ele>261</ele></trkpt>
   <trkpt lat="50.424602" lon="10.302512"><ele>261</ele></trkpt>
   <trkpt lat="50.424639" lon="10.302761"><ele>261.75</ele></trkpt>
   <trkpt lat="50.42466" lon="10.303018"><ele>262</ele></trkpt>
   <trkpt lat="50.424657" lon="10.303292"><ele>262.75</ele></trkpt>
   <trkpt lat="50.42454" lon="10.304096"><ele>265.25</ele></trkpt>
   <trkpt lat="50.424321" lon="10.305305"><ele>270</ele></trkpt>
   <trkpt lat="50.424285" lon="10.30529"><ele>270</ele></trkpt>
   <trkpt lat="50.424248" lon="10.305292"><ele>270</ele></trkpt>
   <trkpt lat="50.424213" lon="10.305311"><ele>270</ele></trkpt>
   <trkpt lat="50.424183" lon="10.305346"><ele>270</ele></trkpt>
   <trkpt lat="50.42416" lon="10.305393"><ele>270</ele></trkpt>
   <trkpt lat="50.424148" lon="10.305448"><ele>270</ele></trkpt>
   <trkpt lat="50.424147" lon="10.305512"><ele>270</ele></trkpt>
   <trkpt lat="50.424159" lon="10.305573"><ele>270</ele></trkpt>
   <trkpt lat="50.424183" lon="10.305625"><ele>270</ele></trkpt>
   <trkpt lat="50.424216" lon="10.305662"><ele>270.25</ele></trkpt>
   <trkpt lat="50.424255" lon="10.30568"><ele>270.25</ele></trkpt>
   <trkpt lat="50.424296" lon="10.305678"><ele>270</ele></trkpt>
   <trkpt lat="50.424344" lon="10.305646"><ele>270</ele></trkpt>
   <trkpt lat="50.424414" lon="10.30579"><ele>270</ele></trkpt>
   <trkpt lat="50.424476" lon="10.30589"><ele>270</ele></trkpt>
   <trkpt lat="50.42453" lon="10.305948"><ele>270.25</ele></trkpt>
   <trkpt lat="50.424673" lon="10.306098"><ele>270.75</ele></trkpt>
   <trkpt lat="50.424874" lon="10.306297"><ele>270.25</ele></trkpt>
   <trkpt lat="50.425018" lon="10.306438"><ele>270</ele></trkpt>
   <trkpt lat="50.42558" lon="10.30697"><ele>270</ele></trkpt>
   <trkpt lat="50.426206" lon="10.307569"><ele>269.75</ele></trkpt>
   <trkpt lat="50.426488" lon="10.307837"><ele>270</ele></trkpt>
   <trkpt lat="50.426602" lon="10.307928"><ele>270</ele></trkpt>
   <trkpt lat="50.426763" lon="10.308026"><ele>269.75</ele></trkpt>
   <trkpt lat="50.427027" lon="10.308101"><ele>270</ele></trkpt>
   <trkpt lat="50.427542" lon="10.308156"><ele>269.25</ele></trkpt>
   <trkpt lat="50.427765" lon="10.308185"><ele>268.75</ele></trkpt>
   <trkpt lat="50.428126" lon="10.308232"><ele>267</ele></trkpt>
   <trkpt lat="50.428189" lon="10.308253"><ele>266.75</ele></trkpt>
   <trkpt lat="50.428183" lon="10.308316"><ele>267</ele></trkpt>
   <trkpt lat="50.428191" lon="10.308378"><ele>267</ele></trkpt>
   <trkpt lat="50.42821" lon="10.308434"><ele>267</ele></trkpt>
   <trkpt lat="50.42824" lon="10.308478"><ele>267</ele></trkpt>
   <trkpt lat="50.428276" lon="10.308504"><ele>266.5</ele></trkpt>
   <trkpt lat="50.428258" lon="10.308559"><ele>266.75</ele></trkpt>
   <trkpt lat="50.428022" lon="10.30924"><ele>266.5</ele></trkpt>
   <trkpt lat="50.427705" lon="10.310109"><ele>268.25</ele></trkpt>
   <trkpt lat="50.427621" lon="10.310272"><ele>268.5</ele></trkpt>
   <trkpt lat="50.427435" lon="10.310549"><ele>269.5</ele></trkpt>
   <trkpt lat="50.427037" lon="10.311133"><ele>273.25</ele></trkpt>
   <trkpt lat="50.426915" lon="10.311531"><ele>273.25</ele></trkpt>
   <trkpt lat="50.426827" lon="10.311807"><ele>274.25</ele></trkpt>
   <trkpt lat="50.426657" lon="10.312402"><ele>276</ele></trkpt>
   <trkpt lat="50.426621" lon="10.312592"><ele>276.25</ele></trkpt>
   <trkpt lat="50.426603" lon="10.312688"><ele>276.25</ele></trkpt>
   <trkpt lat="50.426577" lon="10.313015"><ele>277</ele></trkpt>
   <trkpt lat="50.426582" lon="10.313496"><ele>277.5</ele></trkpt>
   <trkpt lat="50.426592" lon="10.313935"><ele>277.5</ele></trkpt>
   <trkpt lat="50.426617" lon="10.314338"><ele>277.75</ele></trkpt>
   <trkpt lat="50.42663" lon="10.314719"><ele>278</ele></trkpt>
   <trkpt lat="50.426654" lon="10.315163"><ele>278</ele></trkpt>
   <trkpt lat="50.426692" lon="10.316014"><ele>277.75</ele></trkpt>
   <trkpt lat="50.426706" lon="10.316416"><ele>278</ele></trkpt>
   <trkpt lat="50.426717" lon="10.316835"><ele>278.5</ele></trkpt>
   <trkpt lat="50.426726" lon="10.317167"><ele>278.75</ele></trkpt>
   <trkpt lat="50.426709" lon="10.317811"><ele>279.75</ele></trkpt>
   <trkpt lat="50.426704" lon="10.318127"><ele>280</ele></trkpt>
   <trkpt lat="50.426675" lon="10.3199"><ele>281.75</ele></trkpt>
   <trkpt lat="50.426658" lon="10.320315"><ele>282</ele></trkpt>
   <trkpt lat="50.426645" lon="10.320485"><ele>282</ele></trkpt>
   <trkpt lat="50.426611" lon="10.320822"><ele>282.25</ele></trkpt>
   <trkpt lat="50.426545" lon="10.321241"><ele>282.25</ele></trkpt>
   <trkpt lat="50.426489" lon="10.321493"><ele>282.5</ele></trkpt>
   <trkpt lat="50.426435" lon="10.321699"><ele>282.75</ele></trkpt>
   <trkpt lat="50.426386" lon="10.32187"><ele>283.5</ele></trkpt>
   <trkpt lat="50.426088" lon="10.32278"><ele>287</ele></trkpt>
   <trkpt lat="50.426004" lon="10.323091"><ele>289.5</ele></trkpt>
   <trkpt lat="50.425887" lon="10.323659"><ele>291.75</ele></trkpt>
   <trkpt lat="50.425843" lon="10.324024"><ele>293</ele></trkpt>
   <trkpt lat="50.425813" lon="10.324598"><ele>295.75</ele></trkpt>
   <trkpt lat="50.425834" lon="10.325194"><ele>299.25</ele></trkpt>
   <trkpt lat="50.425872" lon="10.325954"><ele>303</ele></trkpt>
   <trkpt lat="50.425925" lon="10.326584"><ele>306.25</ele></trkpt>
   <trkpt lat="50.42594" lon="10.326918"><ele>307</ele></trkpt>
   <trkpt lat="50.425962" lon="10.327485"><ele>308.75</ele></trkpt>
   <trkpt lat="50.425963" lon="10.328034"><ele>311.25</ele></trkpt>
   <trkpt lat="50.425942" lon="10.328841"><ele>315.75</ele></trkpt>
   <trkpt lat="50.425775" lon="10.331148"><ele>328.5</ele></trkpt>
   <trkpt lat="50.425738" lon="10.331944"><ele>332.5</ele></trkpt>
   <trkpt lat="50.425731" lon="10.332724"><ele>334.5</ele></trkpt>
   <trkpt lat="50.42571" lon="10.333347"><ele>338</ele></trkpt>
   <trkpt lat="50.425693" lon="10.334016"><ele>340.75</ele></trkpt>
   <trkpt lat="50.425688" lon="10.334154"><ele>341.25</ele></trkpt>
   <trkpt lat="50.425666" lon="10.334374"><ele>342.25</ele></trkpt>
   <trkpt lat="50.425578" lon="10.334914"><ele>343.75</ele></trkpt>
   <trkpt lat="50.425495" lon="10.335211"><ele>344.75</ele></trkpt>
   <trkpt lat="50.425383" lon="10.335607"><ele>347</ele></trkpt>
   <trkpt lat="50.425161" lon="10.336338"><ele>347.75</ele></trkpt>
   <trkpt lat="50.424439" lon="10.338635"><ele>358</ele></trkpt>
   <trkpt lat="50.424054" lon="10.339981"><ele>365.5</ele></trkpt>
   <trkpt lat="50.423723" lon="10.340963"><ele>370</ele></trkpt>
   <trkpt lat="50.423507" lon="10.341454"><ele>372.5</ele></trkpt>
   <trkpt lat="50.423308" lon="10.34183"><ele>373.75</ele></trkpt>
   <trkpt lat="50.422869" lon="10.342475"><ele>377</ele></trkpt>
   <trkpt lat="50.422606" lon="10.342922"><ele>378.75</ele></trkpt>
   <trkpt lat="50.422393" lon="10.343373"><ele>379.75</ele></trkpt>
   <trkpt lat="50.422256" lon="10.343825"><ele>380.5</ele></trkpt>
   <trkpt lat="50.422177" lon="10.34425"><ele>380.75</ele></trkpt>
   <trkpt lat="50.422102" lon="10.344749"><ele>382.75</ele></trkpt>
   <trkpt lat="50.421922" lon="10.345746"><ele>382.5</ele></trkpt>
   <trkpt lat="50.42173" lon="10.346244"><ele>382.25</ele></trkpt>
   <trkpt lat="50.421671" lon="10.346349"><ele>383</ele></trkpt>
   <trkpt lat="50.421501" lon="10.346654"><ele>380.5</ele></trkpt>
   <trkpt lat="50.420903" lon="10.347685"><ele>382.75</ele></trkpt>
   <trkpt lat="50.420752" lon="10.348012"><ele>384.25</ele></trkpt>
   <trkpt lat="50.420631" lon="10.348411"><ele>384.5</ele></trkpt>
   <trkpt lat="50.420606" lon="10.348498"><ele>384.5</ele></trkpt>
   <trkpt lat="50.420536" lon="10.348902"><ele>384.75</ele></trkpt>
   <trkpt lat="50.420479" lon="10.34942"><ele>384.25</ele></trkpt>
   <trkpt lat="50.420605" lon="10.349508"><ele>384.5</ele></trkpt>
   <trkpt lat="50.420673" lon="10.349406"><ele>384</ele></trkpt>
   <trkpt lat="50.420694" lon="10.349229"><ele>384</ele></trkpt>
   <trkpt lat="50.420793" lon="10.349035"><ele>382.25</ele></trkpt>
   <trkpt lat="50.420909" lon="10.349019"><ele>380.5</ele></trkpt>
   <trkpt lat="50.42099" lon="10.349087"><ele>379.25</ele></trkpt>
   <trkpt lat="50.421017" lon="10.349157"><ele>378</ele></trkpt>
   <trkpt lat="50.42099" lon="10.349087"><ele>379.25</ele></trkpt>
   <trkpt lat="50.420909" lon="10.349019"><ele>380.5</ele></trkpt>
   <trkpt lat="50.420793" lon="10.349035"><ele>382.25</ele></trkpt>
   <trkpt lat="50.420694" lon="10.349229"><ele>384</ele></trkpt>
   <trkpt lat="50.420673" lon="10.349406"><ele>384</ele></trkpt>
   <trkpt lat="50.420605" lon="10.349508"><ele>384.5</ele></trkpt>
   <trkpt lat="50.420731" lon="10.350511"><ele>383.75</ele></trkpt>
   <trkpt lat="50.420835" lon="10.351146"><ele>384.75</ele></trkpt>
   <trkpt lat="50.42099" lon="10.351882"><ele>384.75</ele></trkpt>
   <trkpt lat="50.421176" lon="10.352882"><ele>384.75</ele></trkpt>
   <trkpt lat="50.421391" lon="10.3539"><ele>383.75</ele></trkpt>
   <trkpt lat="50.421553" lon="10.354368"><ele>383.25</ele></trkpt>
   <trkpt lat="50.421727" lon="10.35478"><ele>383.5</ele></trkpt>
   <trkpt lat="50.421947" lon="10.355261"><ele>382.75</ele></trkpt>
   <trkpt lat="50.422272" lon="10.355844"><ele>382.75</ele></trkpt>
   <trkpt lat="50.422596" lon="10.356453"><ele>383</ele></trkpt>
   <trkpt lat="50.423031" lon="10.35723"><ele>383.75</ele></trkpt>
   <trkpt lat="50.423661" lon="10.358539"><ele>384</ele></trkpt>
   <trkpt lat="50.424385" lon="10.360596"><ele>382.25</ele></trkpt>
   <trkpt lat="50.424915" lon="10.360097"><ele>383.5</ele></trkpt>
   <trkpt lat="50.425171" lon="10.361277"><ele>383.75</ele></trkpt>
   <trkpt lat="50.42587" lon="10.364863"><ele>386.5</ele></trkpt>
   <trkpt lat="50.426128" lon="10.366374"><ele>387.75</ele></trkpt>
   <trkpt lat="50.426133" lon="10.366528"><ele>387.75</ele></trkpt>
   <trkpt lat="50.426121" lon="10.366667"><ele>387.75</ele></trkpt>
   <trkpt lat="50.426092" lon="10.366759"><ele>387.75</ele></trkpt>
   <trkpt lat="50.42603" lon="10.366878"><ele>387</ele></trkpt>
   <trkpt lat="50.425451" lon="10.367876"><ele>382.75</ele></trkpt>
   <trkpt lat="50.425394" lon="10.368039"><ele>382</ele></trkpt>
   <trkpt lat="50.425392" lon="10.368115"><ele>382</ele></trkpt>
   <trkpt lat="50.425439" lon="10.368278"><ele>382.75</ele></trkpt>
   <trkpt lat="50.425583" lon="10.3684"><ele>383.5</ele></trkpt>
   <trkpt lat="50.425658" lon="10.368418"><ele>384</ele></trkpt>
   <trkpt lat="50.425718" lon="10.368389"><ele>384.25</ele></trkpt>
   <trkpt lat="50.425788" lon="10.368329"><ele>384.5</ele></trkpt>
   <trkpt lat="50.425899" lon="10.368125"><ele>385.5</ele></trkpt>
   <trkpt lat="50.425978" lon="10.368019"><ele>385.75</ele></trkpt>
   <trkpt lat="50.426052" lon="10.367956"><ele>386.25</ele></trkpt>
   <trkpt lat="50.42612" lon="10.367925"><ele>387</ele></trkpt>
   <trkpt lat="50.426212" lon="10.367932"><ele>387.5</ele></trkpt>
   <trkpt lat="50.426309" lon="10.368022"><ele>388.25</ele></trkpt>
   <trkpt lat="50.42638" lon="10.368187"><ele>388.75</ele></trkpt>
   <trkpt lat="50.426417" lon="10.36835"><ele>388.5</ele></trkpt>
   <trkpt lat="50.426654" lon="10.369753"><ele>389.75</ele></trkpt>
   <trkpt lat="50.426877" lon="10.371328"><ele>389</ele></trkpt>
   <trkpt lat="50.427121" lon="10.373039"><ele>387.25</ele></trkpt>
   <trkpt lat="50.427159" lon="10.373589"><ele>388.5</ele></trkpt>
   <trkpt lat="50.427272" lon="10.374807"><ele>387</ele></trkpt>
   <trkpt lat="50.427345" lon="10.375096"><ele>386</ele></trkpt>
   <trkpt lat="50.427406" lon="10.375418"><ele>386</ele></trkpt>
   <trkpt lat="50.427522" lon="10.376266"><ele>384.5</ele></trkpt>
   <trkpt lat="50.427656" lon="10.377542"><ele>380.75</ele></trkpt>
   <trkpt lat="50.427763" lon="10.37902"><ele>378.25</ele></trkpt>
   <trkpt lat="50.427729" lon="10.379129"><ele>377.75</ele></trkpt>
   <trkpt lat="50.426923" lon="10.379209"><ele>371.75</ele></trkpt>
   <trkpt lat="50.427034" lon="10.38121"><ele>368.25</ele></trkpt>
   <trkpt lat="50.427043" lon="10.382045"><ele>367</ele></trkpt>
   <trkpt lat="50.427045" lon="10.3851"><ele>366</ele></trkpt>
   <trkpt lat="50.427034" lon="10.385284"><ele>366.25</ele></trkpt>
   <trkpt lat="50.427263" lon="10.385337"><ele>366.75</ele></trkpt>
   <trkpt lat="50.427487" lon="10.385402"><ele>367.75</ele></trkpt>
   <trkpt lat="50.427783" lon="10.385504"><ele>370.75</ele></trkpt>
   <trkpt lat="50.428111" lon="10.385652"><ele>372.75</ele></trkpt>
   <trkpt lat="50.428336" lon="10.38577"><ele>373.75</ele></trkpt>
   <trkpt lat="50.428912" lon="10.386136"><ele>376</ele></trkpt>
   <trkpt lat="50.429123" lon="10.386304"><ele>377.25</ele></trkpt>
   <trkpt lat="50.429422" lon="10.38656"><ele>377.25</ele></trkpt>
   <trkpt lat="50.429724" lon="10.386835"><ele>376.25</ele></trkpt>
   <trkpt lat="50.429958" lon="10.387062"><ele>375</ele></trkpt>
   <trkpt lat="50.430119" lon="10.387238"><ele>374.5</ele></trkpt>
   <trkpt lat="50.430323" lon="10.387489"><ele>372.75</ele></trkpt>
   <trkpt lat="50.430608" lon="10.387893"><ele>371.25</ele></trkpt>
   <trkpt lat="50.432962" lon="10.391616"><ele>368.5</ele></trkpt>
   <trkpt lat="50.43329" lon="10.392145"><ele>369</ele></trkpt>
   <trkpt lat="50.433676" lon="10.39278"><ele>369</ele></trkpt>
   <trkpt lat="50.434046" lon="10.393341"><ele>368.75</ele></trkpt>
   <trkpt lat="50.434297" lon="10.39373"><ele>368.5</ele></trkpt>
   <trkpt lat="50.434446" lon="10.393964"><ele>367.5</ele></trkpt>
   <trkpt lat="50.434705" lon="10.39437"><ele>367.25</ele></trkpt>
   <trkpt lat="50.434842" lon="10.394584"><ele>366.25</ele></trkpt>
   <trkpt lat="50.435136" lon="10.395045"><ele>365.75</ele></trkpt>
   <trkpt lat="50.435261" lon="10.395247"><ele>365</ele></trkpt>
   <trkpt lat="50.435351" lon="10.395387"><ele>364.5</ele></trkpt>
   <trkpt lat="50.43545" lon="10.395542"><ele>364</ele></trkpt>
   <trkpt lat="50.435783" lon="10.39606"><ele>363</ele></trkpt>
   <trkpt lat="50.43594" lon="10.396332"><ele>362</ele></trkpt>
   <trkpt lat="50.436244" lon="10.396823"><ele>360.5</ele></trkpt>
   <trkpt lat="50.436564" lon="10.397362"><ele>358.5</ele></trkpt>
   <trkpt lat="50.436799" lon="10.397832"><ele>356</ele></trkpt>
   <trkpt lat="50.436958" lon="10.398132"><ele>354</ele></trkpt>
   <trkpt lat="50.437035" lon="10.398261"><ele>354</ele></trkpt>
   <trkpt lat="50.43704" lon="10.398668"><ele>353.75</ele></trkpt>
   <trkpt lat="50.437089" lon="10.398679"><ele>353.5</ele></trkpt>
   <trkpt lat="50.437141" lon="10.398703"><ele>353.25</ele></trkpt>
   <trkpt lat="50.437298" lon="10.398809"><ele>352.25</ele></trkpt>
   <trkpt lat="50.437551" lon="10.398959"><ele>350</ele></trkpt>
   <trkpt lat="50.438178" lon="10.399305"><ele>346.5</ele></trkpt>
   <trkpt lat="50.438259" lon="10.399342"><ele>346.25</ele></trkpt>
   <trkpt lat="50.438351" lon="10.399383"><ele>345.75</ele></trkpt>
   <trkpt lat="50.438424" lon="10.399401"><ele>345.75</ele></trkpt>
   <trkpt lat="50.438507" lon="10.399407"><ele>345.75</ele></trkpt>
   <trkpt lat="50.438643" lon="10.3994"><ele>345.75</ele></trkpt>
   <trkpt lat="50.438666" lon="10.399397"><ele>345.75</ele></trkpt>
   <trkpt lat="50.438765" lon="10.399389"><ele>345.75</ele></trkpt>
   <trkpt lat="50.43881" lon="10.399385"><ele>345.75</ele></trkpt>
   <trkpt lat="50.439271" lon="10.399347"><ele>348</ele></trkpt>
   <trkpt lat="50.439751" lon="10.399309"><ele>350.75</ele></trkpt>
   <trkpt lat="50.440048" lon="10.399294"><ele>350.25</ele></trkpt>
   <trkpt lat="50.440202" lon="10.39931"><ele>349.75</ele></trkpt>
   <trkpt lat="50.440366" lon="10.399359"><ele>349.5</ele></trkpt>
   <trkpt lat="50.440475" lon="10.39939"><ele>349.75</ele></trkpt>
   <trkpt lat="50.441343" lon="10.399642"><ele>351.5</ele></trkpt>
   <trkpt lat="50.441855" lon="10.399781"><ele>353.25</ele></trkpt>
   <trkpt lat="50.442941" lon="10.400087"><ele>357.75</ele></trkpt>
   <trkpt lat="50.443992" lon="10.400391"><ele>362</ele></trkpt>
   <trkpt lat="50.444828" lon="10.400628"><ele>361</ele></trkpt>
   <trkpt lat="50.445122" lon="10.400674"><ele>360.5</ele></trkpt>
   <trkpt lat="50.445332" lon="10.40068"><ele>359.75</ele></trkpt>
   <trkpt lat="50.445579" lon="10.400655"><ele>359.5</ele></trkpt>
   <trkpt lat="50.445912" lon="10.400605"><ele>358.75</ele></trkpt>
   <trkpt lat="50.446453" lon="10.400504"><ele>359</ele></trkpt>
   <trkpt lat="50.44684" lon="10.400424"><ele>359.25</ele></trkpt>
   <trkpt lat="50.447027" lon="10.400409"><ele>359.5</ele></trkpt>
   <trkpt lat="50.447154" lon="10.400413"><ele>359.75</ele></trkpt>
   <trkpt lat="50.448793" lon="10.400757"><ele>355.5</ele></trkpt>
   <trkpt lat="50.448937" lon="10.400748"><ele>354.5</ele></trkpt>
   <trkpt lat="50.449053" lon="10.400718"><ele>353.5</ele></trkpt>
   <trkpt lat="50.44921" lon="10.400631"><ele>351.75</ele></trkpt>
   <trkpt lat="50.449678" lon="10.400324"><ele>346.25</ele></trkpt>
   <trkpt lat="50.449925" lon="10.400236"><ele>345</ele></trkpt>
   <trkpt lat="50.450082" lon="10.400209"><ele>344</ele></trkpt>
   <trkpt lat="50.450442" lon="10.400186"><ele>342</ele></trkpt>
   <trkpt lat="50.450879" lon="10.400141"><ele>339.75</ele></trkpt>
   <trkpt lat="50.45097" lon="10.400147"><ele>339.5</ele></trkpt>
   <trkpt lat="50.451059" lon="10.400185"><ele>339</ele></trkpt>
   <trkpt lat="50.451117" lon="10.400261"><ele>338.75</ele></trkpt>
   <trkpt lat="50.451159" lon="10.400368"><ele>338.5</ele></trkpt>
   <trkpt lat="50.451178" lon="10.400497"><ele>338.5</ele></trkpt>
   <trkpt lat="50.451133" lon="10.400993"><ele>338.75</ele></trkpt>
   <trkpt lat="50.451111" lon="10.401266"><ele>339</ele></trkpt>
   <trkpt lat="50.451116" lon="10.401389"><ele>338.75</ele></trkpt>
   <trkpt lat="50.451142" lon="10.401474"><ele>338.75</ele></trkpt>
   <trkpt lat="50.451178" lon="10.401551"><ele>338.75</ele></trkpt>
   <trkpt lat="50.451239" lon="10.401605"><ele>338.75</ele></trkpt>
   <trkpt lat="50.451363" lon="10.401621"><ele>338.75</ele></trkpt>
   <trkpt lat="50.451626" lon="10.401634"><ele>338.75</ele></trkpt>
   <trkpt lat="50.451966" lon="10.401631"><ele>339</ele></trkpt>
   <trkpt lat="50.452118" lon="10.401617"><ele>339</ele></trkpt>
   <trkpt lat="50.452249" lon="10.401593"><ele>339</ele></trkpt>
   <trkpt lat="50.452516" lon="10.401573"><ele>339.5</ele></trkpt>
   <trkpt lat="50.45269" lon="10.401581"><ele>339.75</ele></trkpt>
   <trkpt lat="50.452858" lon="10.401624"><ele>340.5</ele></trkpt>
   <trkpt lat="50.453215" lon="10.401783"><ele>342.75</ele></trkpt>
   <trkpt lat="50.453264" lon="10.401805"><ele>342.75</ele></trkpt>
   <trkpt lat="50.453377" lon="10.40186"><ele>343</ele></trkpt>
   <trkpt lat="50.453435" lon="10.401889"><ele>343.25</ele></trkpt>
   <trkpt lat="50.45369" lon="10.402045"><ele>344.75</ele></trkpt>
   <trkpt lat="50.453772" lon="10.402128"><ele>345</ele></trkpt>
   <trkpt lat="50.453825" lon="10.402207"><ele>345</ele></trkpt>
   <trkpt lat="50.453891" lon="10.402386"><ele>345.5</ele></trkpt>
   <trkpt lat="50.453931" lon="10.402548"><ele>346</ele></trkpt>
   <trkpt lat="50.453956" lon="10.40269"><ele>345.75</ele></trkpt>
   <trkpt lat="50.453973" lon="10.402856"><ele>346</ele></trkpt>
   <trkpt lat="50.453976" lon="10.403124"><ele>346</ele></trkpt>
   <trkpt lat="50.453978" lon="10.40328"><ele>345.75</ele></trkpt>
   <trkpt lat="50.453998" lon="10.403925"><ele>346</ele></trkpt>
   <trkpt lat="50.454026" lon="10.40397"><ele>346</ele></trkpt>
   <trkpt lat="50.453979" lon="10.404265"><ele>346.25</ele></trkpt>
   <trkpt lat="50.453944" lon="10.40456"><ele>346</ele></trkpt>
   <trkpt lat="50.453835" lon="10.40536"><ele>346</ele></trkpt>
   <trkpt lat="50.453743" lon="10.40603"><ele>347</ele></trkpt>
   <trkpt lat="50.453722" lon="10.406235"><ele>347.25</ele></trkpt>
   <trkpt lat="50.453709" lon="10.406488"><ele>347.25</ele></trkpt>
   <trkpt lat="50.453717" lon="10.406676"><ele>347.25</ele></trkpt>
   <trkpt lat="50.453746" lon="10.406928"><ele>347.25</ele></trkpt>
   <trkpt lat="50.453782" lon="10.40716"><ele>347.25</ele></trkpt>
   <trkpt lat="50.453892" lon="10.407787"><ele>347.75</ele></trkpt>
   <trkpt lat="50.454182" lon="10.40925"><ele>348</ele></trkpt>
   <trkpt lat="50.454257" lon="10.40953"><ele>347.75</ele></trkpt>
   <trkpt lat="50.454352" lon="10.409762"><ele>347.5</ele></trkpt>
   <trkpt lat="50.454684" lon="10.410432"><ele>348.75</ele></trkpt>
   <trkpt lat="50.454737" lon="10.410556"><ele>349</ele></trkpt>
   <trkpt lat="50.45479" lon="10.410725"><ele>349</ele></trkpt>
   <trkpt lat="50.454827" lon="10.410895"><ele>349</ele></trkpt>
   <trkpt lat="50.454857" lon="10.411088"><ele>349.25</ele></trkpt>
   <trkpt lat="50.454871" lon="10.411245"><ele>349.75</ele></trkpt>
   <trkpt lat="50.454872" lon="10.41137"><ele>349.75</ele></trkpt>
   <trkpt lat="50.454863" lon="10.411484"><ele>350.5</ele></trkpt>
   <trkpt lat="50.454784" lon="10.412287"><ele>353</ele></trkpt>
   <trkpt lat="50.454736" lon="10.412915"><ele>354</ele></trkpt>
   <trkpt lat="50.454627" lon="10.414933"><ele>353.5</ele></trkpt>
   <trkpt lat="50.454602" lon="10.415296"><ele>353.5</ele></trkpt>
   <trkpt lat="50.454574" lon="10.415566"><ele>354.25</ele></trkpt>
   <trkpt lat="50.454543" lon="10.415792"><ele>354.5</ele></trkpt>
   <trkpt lat="50.454507" lon="10.416019"><ele>355</ele></trkpt>
   <trkpt lat="50.454456" lon="10.416262"><ele>355</ele></trkpt>
   <trkpt lat="50.454445" lon="10.416321"><ele>355</ele></trkpt>
   <trkpt lat="50.454301" lon="10.416954"><ele>357</ele></trkpt>
   <trkpt lat="50.45422" lon="10.417267"><ele>357.25</ele></trkpt>
   <trkpt lat="50.454121" lon="10.417611"><ele>357.5</ele></trkpt>
   <trkpt lat="50.453987" lon="10.417989"><ele>358</ele></trkpt>
   <trkpt lat="50.453565" lon="10.419039"><ele>358.25</ele></trkpt>
   <trkpt lat="50.453413" lon="10.419447"><ele>359.5</ele></trkpt>
   <trkpt lat="50.453302" lon="10.419769"><ele>359.25</ele></trkpt>
   <trkpt lat="50.453206" lon="10.420102"><ele>360.5</ele></trkpt>
   <trkpt lat="50.453096" lon="10.420532"><ele>361</ele></trkpt>
   <trkpt lat="50.452996" lon="10.420997"><ele>361</ele></trkpt>
   <trkpt lat="50.45291" lon="10.421472"><ele>361.5</ele></trkpt>
   <trkpt lat="50.452837" lon="10.422002"><ele>361.5</ele></trkpt>
   <trkpt lat="50.45277" lon="10.422674"><ele>361.75</ele></trkpt>
   <trkpt lat="50.452712" lon="10.42338"><ele>361.5</ele></trkpt>
   <trkpt lat="50.452667" lon="10.424176"><ele>362.5</ele></trkpt>
   <trkpt lat="50.45267" lon="10.42459"><ele>363.25</ele></trkpt>
   <trkpt lat="50.452688" lon="10.424995"><ele>363.5</ele></trkpt>
   <trkpt lat="50.452728" lon="10.425371"><ele>364.75</ele></trkpt>
   <trkpt lat="50.452792" lon="10.425802"><ele>364.75</ele></trkpt>
   <trkpt lat="50.452899" lon="10.426453"><ele>365</ele></trkpt>
   <trkpt lat="50.452934" lon="10.426743"><ele>365.5</ele></trkpt>
   <trkpt lat="50.452978" lon="10.427308"><ele>367</ele></trkpt>
   <trkpt lat="50.453022" lon="10.42778"><ele>368.5</ele></trkpt>
   <trkpt lat="50.453042" lon="10.427923"><ele>369.25</ele></trkpt>
   <trkpt lat="50.453085" lon="10.428151"><ele>369.5</ele></trkpt>
   <trkpt lat="50.453119" lon="10.428307"><ele>369</ele></trkpt>
   <trkpt lat="50.453158" lon="10.428445"><ele>368.5</ele></trkpt>
   <trkpt lat="50.453254" lon="10.428729"><ele>368.75</ele></trkpt>
   <trkpt lat="50.453455" lon="10.429201"><ele>367.75</ele></trkpt>
   <trkpt lat="50.454134" lon="10.43074"><ele>365.5</ele></trkpt>
   <trkpt lat="50.454165" lon="10.430817"><ele>365.75</ele></trkpt>
   <trkpt lat="50.454198" lon="10.430947"><ele>365.25</ele></trkpt>
   <trkpt lat="50.454228" lon="10.431082"><ele>365</ele></trkpt>
   <trkpt lat="50.454261" lon="10.431335"><ele>364.25</ele></trkpt>
   <trkpt lat="50.454267" lon="10.431445"><ele>364.25</ele></trkpt>
   <trkpt lat="50.45425" lon="10.431868"><ele>364</ele></trkpt>
   <trkpt lat="50.454218" lon="10.432535"><ele>363.5</ele></trkpt>
   <trkpt lat="50.454188" lon="10.433347"><ele>362.75</ele></trkpt>
   <trkpt lat="50.454191" lon="10.434807"><ele>361.75</ele></trkpt>
   <trkpt lat="50.454194" lon="10.435491"><ele>361.75</ele></trkpt>
   <trkpt lat="50.45418" lon="10.435781"><ele>361.75</ele></trkpt>
   <trkpt lat="50.454152" lon="10.436087"><ele>361</ele></trkpt>
   <trkpt lat="50.454094" lon="10.436493"><ele>361.25</ele></trkpt>
   <trkpt lat="50.454015" lon="10.437052"><ele>361</ele></trkpt>
   <trkpt lat="50.454074" lon="10.437073"><ele>361</ele></trkpt>
   <trkpt lat="50.454136" lon="10.437094"><ele>361</ele></trkpt>
   <trkpt lat="50.454483" lon="10.437299"><ele>361</ele></trkpt>
   <trkpt lat="50.45499" lon="10.437593"><ele>360.75</ele></trkpt>
   <trkpt lat="50.455455" lon="10.43786"><ele>362.5</ele></trkpt>
   <trkpt lat="50.455936" lon="10.438122"><ele>363.75</ele></trkpt>
   <trkpt lat="50.456021" lon="10.438187"><ele>364</ele></trkpt>
   <trkpt lat="50.456093" lon="10.438262"><ele>364</ele></trkpt>
   <trkpt lat="50.45618" lon="10.438393"><ele>364</ele></trkpt>
   <trkpt lat="50.456252" lon="10.438524"><ele>363.25</ele></trkpt>
   <trkpt lat="50.456347" lon="10.438639"><ele>362</ele></trkpt>
   <trkpt lat="50.456714" lon="10.438932"><ele>359.5</ele></trkpt>
   <trkpt lat="50.45686" lon="10.439033"><ele>358.5</ele></trkpt>
   <trkpt lat="50.456949" lon="10.439074"><ele>358.25</ele></trkpt>
   <trkpt lat="50.457121" lon="10.43912"><ele>358</ele></trkpt>
   <trkpt lat="50.457629" lon="10.439223"><ele>357.75</ele></trkpt>
   <trkpt lat="50.45773" lon="10.439232"><ele>357.75</ele></trkpt>
   <trkpt lat="50.457818" lon="10.439213"><ele>358.25</ele></trkpt>
   <trkpt lat="50.457872" lon="10.439171"><ele>359</ele></trkpt>
   <trkpt lat="50.457928" lon="10.439111"><ele>359.5</ele></trkpt>
   <trkpt lat="50.457996" lon="10.439031"><ele>359.5</ele></trkpt>
   <trkpt lat="50.458083" lon="10.43893"><ele>358.25</ele></trkpt>
   <trkpt lat="50.458189" lon="10.438868"><ele>358</ele></trkpt>
   <trkpt lat="50.458284" lon="10.438855"><ele>358</ele></trkpt>
   <trkpt lat="50.458394" lon="10.438875"><ele>358</ele></trkpt>
   <trkpt lat="50.458557" lon="10.438921"><ele>358</ele></trkpt>
   <trkpt lat="50.458549" lon="10.439268"><ele>358</ele></trkpt>
   <trkpt lat="50.458553" lon="10.43936"><ele>358.25</ele></trkpt>
   <trkpt lat="50.458574" lon="10.439446"><ele>358.25</ele></trkpt>
   <trkpt lat="50.458632" lon="10.43954"><ele>357.75</ele></trkpt>
   <trkpt lat="50.458709" lon="10.439617"><ele>357.75</ele></trkpt>
   <trkpt lat="50.459086" lon="10.439868"><ele>357.25</ele></trkpt>
   <trkpt lat="50.459574" lon="10.440231"><ele>357</ele></trkpt>
   <trkpt lat="50.460283" lon="10.440707"><ele>357</ele></trkpt>
   <trkpt lat="50.460507" lon="10.440785"><ele>357</ele></trkpt>
   <trkpt lat="50.461494" lon="10.440701"><ele>357.25</ele></trkpt>
   <trkpt lat="50.461875" lon="10.440701"><ele>357.25</ele></trkpt>
   <trkpt lat="50.463066" lon="10.44096"><ele>357.5</ele></trkpt>
   <trkpt lat="50.463595" lon="10.441053"><ele>357</ele></trkpt>
   <trkpt lat="50.463763" lon="10.441041"><ele>357.25</ele></trkpt>
   <trkpt lat="50.464772" lon="10.440337"><ele>357.5</ele></trkpt>
   <trkpt lat="50.465134" lon="10.440105"><ele>357.25</ele></trkpt>
   <trkpt lat="50.465329" lon="10.440001"><ele>357</ele></trkpt>
   <trkpt lat="50.466006" lon="10.439885"><ele>357</ele></trkpt>
   <trkpt lat="50.46606" lon="10.439819"><ele>357</ele></trkpt>
   <trkpt lat="50.466078" lon="10.439707"><ele>357</ele></trkpt>
   <trkpt lat="50.466041" lon="10.439424"><ele>358</ele></trkpt>
   <trkpt lat="50.466063" lon="10.439335"><ele>358.25</ele></trkpt>
   <trkpt lat="50.466121" lon="10.43931"><ele>358.25</ele></trkpt>
   <trkpt lat="50.466302" lon="10.439237"><ele>358.5</ele></trkpt>
   <trkpt lat="50.46645" lon="10.439164"><ele>358.75</ele></trkpt>
   <trkpt lat="50.466799" lon="10.438995"><ele>358.25</ele></trkpt>
   <trkpt lat="50.467187" lon="10.438883"><ele>358</ele></trkpt>
   <trkpt lat="50.467215" lon="10.438847"><ele>358</ele></trkpt>
   <trkpt lat="50.467388" lon="10.438379"><ele>358.75</ele></trkpt>
   <trkpt lat="50.467893" lon="10.439053"><ele>358</ele></trkpt>
   <trkpt lat="50.467994" lon="10.439172"><ele>357.75</ele></trkpt>
   <trkpt lat="50.468077" lon="10.439249"><ele>357.5</ele></trkpt>
   <trkpt lat="50.468157" lon="10.439299"><ele>357.5</ele></trkpt>
   <trkpt lat="50.46901" lon="10.439758"><ele>357.25</ele></trkpt>
   <trkpt lat="50.469237" lon="10.439852"><ele>358.25</ele></trkpt>
   <trkpt lat="50.46931" lon="10.439872"><ele>358.5</ele></trkpt>
   <trkpt lat="50.469481" lon="10.439911"><ele>359.25</ele></trkpt>
   <trkpt lat="50.469568" lon="10.439941"><ele>360.25</ele></trkpt>
   <trkpt lat="50.469656" lon="10.439984"><ele>361.25</ele></trkpt>
   <trkpt lat="50.469915" lon="10.440149"><ele>363</ele></trkpt>
   <trkpt lat="50.46996" lon="10.440192"><ele>363.5</ele></trkpt>
   <trkpt lat="50.469989" lon="10.440233"><ele>363.75</ele></trkpt>
   <trkpt lat="50.470014" lon="10.440299"><ele>364</ele></trkpt>
   <trkpt lat="50.470057" lon="10.440463"><ele>363.5</ele></trkpt>
   <trkpt lat="50.47012" lon="10.440589"><ele>363.5</ele></trkpt>
   <trkpt lat="50.470184" lon="10.440666"><ele>363.5</ele></trkpt>
   <trkpt lat="50.470252" lon="10.440727"><ele>363.5</ele></trkpt>
   <trkpt lat="50.470324" lon="10.440771"><ele>363.25</ele></trkpt>
   <trkpt lat="50.470476" lon="10.440832"><ele>362.25</ele></trkpt>
   <trkpt lat="50.470796" lon="10.440919"><ele>361</ele></trkpt>
   <trkpt lat="50.471445" lon="10.441143"><ele>357.5</ele></trkpt>
   <trkpt lat="50.471617" lon="10.441131"><ele>357</ele></trkpt>
   <trkpt lat="50.4717" lon="10.441103"><ele>356.75</ele></trkpt>
   <trkpt lat="50.471782" lon="10.441068"><ele>357</ele></trkpt>
   <trkpt lat="50.472102" lon="10.440881"><ele>356.5</ele></trkpt>
   <trkpt lat="50.472257" lon="10.440765"><ele>356.25</ele></trkpt>
   <trkpt lat="50.472452" lon="10.44065"><ele>356.75</ele></trkpt>
   <trkpt lat="50.472568" lon="10.440595"><ele>356.75</ele></trkpt>
   <trkpt lat="50.472671" lon="10.440557"><ele>356.75</ele></trkpt>
   <trkpt lat="50.472911" lon="10.44051"><ele>357.75</ele></trkpt>
   <trkpt lat="50.473222" lon="10.440453"><ele>358.75</ele></trkpt>
   <trkpt lat="50.473582" lon="10.440353"><ele>358.75</ele></trkpt>
   <trkpt lat="50.473881" lon="10.440161"><ele>357.25</ele></trkpt>
   <trkpt lat="50.474163" lon="10.439893"><ele>356.25</ele></trkpt>
   <trkpt lat="50.474405" lon="10.439568"><ele>355.75</ele></trkpt>
   <trkpt lat="50.475175" lon="10.438279"><ele>353.25</ele></trkpt>
   <trkpt lat="50.475377" lon="10.437964"><ele>352.75</ele></trkpt>
   <trkpt lat="50.475582" lon="10.437686"><ele>352.75</ele></trkpt>
   <trkpt lat="50.475744" lon="10.437494"><ele>352.25</ele></trkpt>
   <trkpt lat="50.47588" lon="10.43736"><ele>351.75</ele></trkpt>
   <trkpt lat="50.476186" lon="10.437102"><ele>352</ele></trkpt>
   <trkpt lat="50.476743" lon="10.436672"><ele>352.5</ele></trkpt>
   <trkpt lat="50.476902" lon="10.436534"><ele>352.5</ele></trkpt>
   <trkpt lat="50.47702" lon="10.436414"><ele>352.75</ele></trkpt>
   <trkpt lat="50.477135" lon="10.436267"><ele>353.75</ele></trkpt>
   <trkpt lat="50.47722" lon="10.436144"><ele>354.75</ele></trkpt>
   <trkpt lat="50.477479" lon="10.435692"><ele>354</ele></trkpt>
   <trkpt lat="50.477554" lon="10.435581"><ele>353.75</ele></trkpt>
   <trkpt lat="50.477645" lon="10.435497"><ele>353.25</ele></trkpt>
   <trkpt lat="50.477747" lon="10.435445"><ele>353.25</ele></trkpt>
   <trkpt lat="50.477874" lon="10.435427"><ele>353.75</ele></trkpt>
   <trkpt lat="50.478285" lon="10.43542"><ele>354.75</ele></trkpt>
   <trkpt lat="50.478416" lon="10.43539"><ele>355</ele></trkpt>
   <trkpt lat="50.478514" lon="10.435354"><ele>355</ele></trkpt>
   <trkpt lat="50.478672" lon="10.435264"><ele>354.75</ele></trkpt>
   <trkpt lat="50.47935" lon="10.434756"><ele>353</ele></trkpt>
   <trkpt lat="50.479649" lon="10.43457"><ele>352.25</ele></trkpt>
   <trkpt lat="50.479806" lon="10.434484"><ele>351.75</ele></trkpt>
   <trkpt lat="50.479942" lon="10.434433"><ele>352</ele></trkpt>
   <trkpt lat="50.480035" lon="10.434422"><ele>351.75</ele></trkpt>
   <trkpt lat="50.480165" lon="10.434423"><ele>351.5</ele></trkpt>
   <trkpt lat="50.480649" lon="10.434467"><ele>350.75</ele></trkpt>
   <trkpt lat="50.480936" lon="10.434478"><ele>350.25</ele></trkpt>
   <trkpt lat="50.481079" lon="10.434465"><ele>349.75</ele></trkpt>
   <trkpt lat="50.481253" lon="10.434423"><ele>349.5</ele></trkpt>
   <trkpt lat="50.48265" lon="10.433958"><ele>345.75</ele></trkpt>
   <trkpt lat="50.483108" lon="10.433851"><ele>345</ele></trkpt>
   <trkpt lat="50.483355" lon="10.433726"><ele>344.75</ele></trkpt>
   <trkpt lat="50.483758" lon="10.433447"><ele>345</ele></trkpt>
   <trkpt lat="50.483877" lon="10.433408"><ele>345.25</ele></trkpt>
   <trkpt lat="50.483967" lon="10.433417"><ele>345.5</ele></trkpt>
   <trkpt lat="50.48406" lon="10.433439"><ele>345.75</ele></trkpt>
   <trkpt lat="50.484136" lon="10.43348"><ele>345.75</ele></trkpt>
   <trkpt lat="50.484206" lon="10.433536"><ele>345.75</ele></trkpt>
   <trkpt lat="50.484442" lon="10.433757"><ele>345.25</ele></trkpt>
   <trkpt lat="50.484622" lon="10.433905"><ele>345</ele></trkpt>
   <trkpt lat="50.484741" lon="10.433964"><ele>345.5</ele></trkpt>
   <trkpt lat="50.485102" lon="10.434106"><ele>345.75</ele></trkpt>
   <trkpt lat="50.485587" lon="10.434273"><ele>345.25</ele></trkpt>
   <trkpt lat="50.485692" lon="10.434298"><ele>345.25</ele></trkpt>
   <trkpt lat="50.485788" lon="10.434308"><ele>345.25</ele></trkpt>
   <trkpt lat="50.485854" lon="10.434304"><ele>345.25</ele></trkpt>
   <trkpt lat="50.485989" lon="10.434278"><ele>345.25</ele></trkpt>
   <trkpt lat="50.486088" lon="10.434234"><ele>345.5</ele></trkpt>
   <trkpt lat="50.48622" lon="10.434145"><ele>346.25</ele></trkpt>
   <trkpt lat="50.486288" lon="10.434092"><ele>347</ele></trkpt>
   <trkpt lat="50.486476" lon="10.433879"><ele>347.75</ele></trkpt>
   <trkpt lat="50.486708" lon="10.4336"><ele>349</ele></trkpt>
   <trkpt lat="50.486945" lon="10.433336"><ele>350.75</ele></trkpt>
   <trkpt lat="50.487426" lon="10.432845"><ele>351.75</ele></trkpt>
   <trkpt lat="50.487698" lon="10.432587"><ele>351.75</ele></trkpt>
   <trkpt lat="50.487792" lon="10.43251"><ele>351.75</ele></trkpt>
   <trkpt lat="50.487885" lon="10.432456"><ele>352</ele></trkpt>
   <trkpt lat="50.487986" lon="10.432417"><ele>352</ele></trkpt>
   <trkpt lat="50.488071" lon="10.432402"><ele>352</ele></trkpt>
   <trkpt lat="50.48823" lon="10.432408"><ele>351.75</ele></trkpt>
   <trkpt lat="50.488325" lon="10.432422"><ele>351.75</ele></trkpt>
   <trkpt lat="50.488466" lon="10.43245"><ele>351</ele></trkpt>
   <trkpt lat="50.489105" lon="10.43259"><ele>348.25</ele></trkpt>
   <trkpt lat="50.489257" lon="10.432612"><ele>347.75</ele></trkpt>
   <trkpt lat="50.489469" lon="10.432628"><ele>347</ele></trkpt>
   <trkpt lat="50.489782" lon="10.432633"><ele>346</ele></trkpt>
   <trkpt lat="50.490032" lon="10.432614"><ele>345</ele></trkpt>
   <trkpt lat="50.490455" lon="10.43259"><ele>344.5</ele></trkpt>
   <trkpt lat="50.490757" lon="10.432593"><ele>343.75</ele></trkpt>
   <trkpt lat="50.490841" lon="10.432613"><ele>343.5</ele></trkpt>
   <trkpt lat="50.490916" lon="10.432653"><ele>343</ele></trkpt>
   <trkpt lat="50.490976" lon="10.432712"><ele>342.25</ele></trkpt>
   <trkpt lat="50.491016" lon="10.432795"><ele>341.5</ele></trkpt>
   <trkpt lat="50.49109" lon="10.432742"><ele>341.5</ele></trkpt>
   <trkpt lat="50.491163" lon="10.432665"><ele>342.5</ele></trkpt>
   <trkpt lat="50.491277" lon="10.432711"><ele>343</ele></trkpt>
   <trkpt lat="50.49131" lon="10.432786"><ele>342.25</ele></trkpt>
   <trkpt lat="50.491422" lon="10.4329"><ele>342.25</ele></trkpt>
   <trkpt lat="50.491619" lon="10.433144"><ele>341</ele></trkpt>
   <trkpt lat="50.491706" lon="10.433259"><ele>340.75</ele></trkpt>
   <trkpt lat="50.491832" lon="10.433452"><ele>340</ele></trkpt>
   <trkpt lat="50.49196" lon="10.433607"><ele>339</ele></trkpt>
   <trkpt lat="50.492094" lon="10.433748"><ele>338.5</ele></trkpt>
   <trkpt lat="50.492374" lon="10.433971"><ele>337</ele></trkpt>
   <trkpt lat="50.492397" lon="10.433865"><ele>337.75</ele></trkpt>
   <trkpt lat="50.492423" lon="10.433748"><ele>338.5</ele></trkpt>
   <trkpt lat="50.493217" lon="10.433723"><ele>339.5</ele></trkpt>
   <trkpt lat="50.49332" lon="10.433709"><ele>340.75</ele></trkpt>
   <trkpt lat="50.493821" lon="10.433642"><ele>344.5</ele></trkpt>
   <trkpt lat="50.493931" lon="10.433647"><ele>344.75</ele></trkpt>
   <trkpt lat="50.493961" lon="10.433862"><ele>344</ele></trkpt>
   <trkpt lat="50.49403" lon="10.434704"><ele>341</ele></trkpt>
   <trkpt lat="50.494059" lon="10.43504"><ele>339.75</ele></trkpt>
   <trkpt lat="50.494095" lon="10.435326"><ele>338.5</ele></trkpt>
   <trkpt lat="50.494098" lon="10.43543"><ele>338</ele></trkpt>
   <trkpt lat="50.494047" lon="10.43584"><ele>335.75</ele></trkpt>
   <trkpt lat="50.494028" lon="10.435903"><ele>335.25</ele></trkpt>
   <trkpt lat="50.494089" lon="10.435944"><ele>335.25</ele></trkpt>
   <trkpt lat="50.494435" lon="10.436178"><ele>335.25</ele></trkpt>
   <trkpt lat="50.494544" lon="10.436225"><ele>335.25</ele></trkpt>
   <trkpt lat="50.494607" lon="10.43624"><ele>335.25</ele></trkpt>
   <trkpt lat="50.495152" lon="10.436281"><ele>335</ele></trkpt>
   <trkpt lat="50.495222" lon="10.436287"><ele>335</ele></trkpt>
   <trkpt lat="50.495361" lon="10.436294"><ele>334.75</ele></trkpt>
   <trkpt lat="50.495783" lon="10.436328"><ele>335</ele></trkpt>
   <trkpt lat="50.49637" lon="10.436355"><ele>336</ele></trkpt>
   <trkpt lat="50.496895" lon="10.436387"><ele>337.75</ele></trkpt>
   <trkpt lat="50.497763" lon="10.436437"><ele>340.5</ele></trkpt>
   <trkpt lat="50.498027" lon="10.436437"><ele>341.75</ele></trkpt>
   <trkpt lat="50.498123" lon="10.436424"><ele>342</ele></trkpt>
   <trkpt lat="50.49821" lon="10.436398"><ele>342</ele></trkpt>
   <trkpt lat="50.499065" lon="10.436025"><ele>341.5</ele></trkpt>
   <trkpt lat="50.499392" lon="10.435906"><ele>341</ele></trkpt>
   <trkpt lat="50.50054" lon="10.435574"><ele>350</ele></trkpt>
   <trkpt lat="50.501686" lon="10.435235"><ele>351.75</ele></trkpt>
   <trkpt lat="50.501812" lon="10.435215"><ele>351.25</ele></trkpt>
   <trkpt lat="50.501905" lon="10.435228"><ele>351</ele></trkpt>
   <trkpt lat="50.501986" lon="10.43526"><ele>350.5</ele></trkpt>
   <trkpt lat="50.502075" lon="10.435315"><ele>350</ele></trkpt>
   <trkpt lat="50.502172" lon="10.435435"><ele>349.25</ele></trkpt>
   <trkpt lat="50.502248" lon="10.435581"><ele>348.75</ele></trkpt>
   <trkpt lat="50.502303" lon="10.435731"><ele>348</ele></trkpt>
   <trkpt lat="50.502368" lon="10.43595"><ele>347.25</ele></trkpt>
   <trkpt lat="50.502553" lon="10.436641"><ele>344.25</ele></trkpt>
   <trkpt lat="50.502609" lon="10.436795"><ele>344</ele></trkpt>
   <trkpt lat="50.502667" lon="10.436858"><ele>343.5</ele></trkpt>
   <trkpt lat="50.502723" lon="10.436887"><ele>343</ele></trkpt>
   <trkpt lat="50.502773" lon="10.436886"><ele>342.75</ele></trkpt>
   <trkpt lat="50.502842" lon="10.436845"><ele>341</ele></trkpt>
   <trkpt lat="50.502883" lon="10.436757"><ele>340</ele></trkpt>
   <trkpt lat="50.502911" lon="10.436617"><ele>339.5</ele></trkpt>
   <trkpt lat="50.503021" lon="10.435123"><ele>335</ele></trkpt>
   <trkpt lat="50.503043" lon="10.434908"><ele>334.25</ele></trkpt>
   <trkpt lat="50.503081" lon="10.434771"><ele>333.5</ele></trkpt>
   <trkpt lat="50.503123" lon="10.434681"><ele>333.25</ele></trkpt>
   <trkpt lat="50.503177" lon="10.434613"><ele>333</ele></trkpt>
   <trkpt lat="50.503227" lon="10.434573"><ele>332.5</ele></trkpt>
   <trkpt lat="50.503285" lon="10.434553"><ele>331.75</ele></trkpt>
   <trkpt lat="50.503368" lon="10.434553"><ele>331</ele></trkpt>
   <trkpt lat="50.503481" lon="10.434589"><ele>330.25</ele></trkpt>
   <trkpt lat="50.504251" lon="10.434972"><ele>327.75</ele></trkpt>
   <trkpt lat="50.504539" lon="10.435098"><ele>329</ele></trkpt>
   <trkpt lat="50.504755" lon="10.435173"><ele>330</ele></trkpt>
   <trkpt lat="50.504974" lon="10.435231"><ele>329.25</ele></trkpt>
   <trkpt lat="50.505081" lon="10.435239"><ele>328.5</ele></trkpt>
   <trkpt lat="50.50522" lon="10.435222"><ele>327.75</ele></trkpt>
   <trkpt lat="50.505354" lon="10.435179"><ele>327</ele></trkpt>
   <trkpt lat="50.505497" lon="10.435108"><ele>326.25</ele></trkpt>
   <trkpt lat="50.505639" lon="10.434999"><ele>325.25</ele></trkpt>
   <trkpt lat="50.505767" lon="10.434883"><ele>324.5</ele></trkpt>
   <trkpt lat="50.506078" lon="10.43449"><ele>323.25</ele></trkpt>
   <trkpt lat="50.506579" lon="10.433893"><ele>320.5</ele></trkpt>
   <trkpt lat="50.506714" lon="10.433723"><ele>320</ele></trkpt>
   <trkpt lat="50.506925" lon="10.433473"><ele>319.5</ele></trkpt>
   <trkpt lat="50.507017" lon="10.433375"><ele>319</ele></trkpt>
   <trkpt lat="50.507119" lon="10.433292"><ele>318.75</ele></trkpt>
   <trkpt lat="50.507233" lon="10.433245"><ele>318.5</ele></trkpt>
   <trkpt lat="50.507306" lon="10.433242"><ele>318.25</ele></trkpt>
   <trkpt lat="50.507395" lon="10.433271"><ele>317.75</ele></trkpt>
   <trkpt lat="50.507436" lon="10.433295"><ele>317.5</ele></trkpt>
   <trkpt lat="50.507501" lon="10.43336"><ele>317</ele></trkpt>
   <trkpt lat="50.507674" lon="10.433592"><ele>316.75</ele></trkpt>
   <trkpt lat="50.507753" lon="10.433702"><ele>315.75</ele></trkpt>
   <trkpt lat="50.507809" lon="10.43376"><ele>315.25</ele></trkpt>
   <trkpt lat="50.507939" lon="10.433865"><ele>313.75</ele></trkpt>
   <trkpt lat="50.508008" lon="10.433903"><ele>313.5</ele></trkpt>
   <trkpt lat="50.508067" lon="10.433929"><ele>313.5</ele></trkpt>
   <trkpt lat="50.508206" lon="10.433979"><ele>314.75</ele></trkpt>
   <trkpt lat="50.508276" lon="10.43399"><ele>315</ele></trkpt>
   <trkpt lat="50.508333" lon="10.433982"><ele>315.25</ele></trkpt>
   <trkpt lat="50.508436" lon="10.433935"><ele>315.25</ele></trkpt>
   <trkpt lat="50.508482" lon="10.433897"><ele>315.5</ele></trkpt>
   <trkpt lat="50.508524" lon="10.433849"><ele>315.5</ele></trkpt>
   <trkpt lat="50.508568" lon="10.433775"><ele>315.5</ele></trkpt>
   <trkpt lat="50.508742" lon="10.433383"><ele>316.25</ele></trkpt>
   <trkpt lat="50.508854" lon="10.433212"><ele>315.25</ele></trkpt>
   <trkpt lat="50.509009" lon="10.433069"><ele>314.5</ele></trkpt>
   <trkpt lat="50.509741" lon="10.432444"><ele>311</ele></trkpt>
   <trkpt lat="50.510126" lon="10.432102"><ele>310</ele></trkpt>
   <trkpt lat="50.510267" lon="10.431996"><ele>310</ele></trkpt>
   <trkpt lat="50.510406" lon="10.431911"><ele>309.5</ele></trkpt>
   <trkpt lat="50.510579" lon="10.431821"><ele>309.25</ele></trkpt>
   <trkpt lat="50.510843" lon="10.431692"><ele>308.75</ele></trkpt>
   <trkpt lat="50.511206" lon="10.431499"><ele>309.25</ele></trkpt>
   <trkpt lat="50.51149" lon="10.431328"><ele>309</ele></trkpt>
   <trkpt lat="50.512773" lon="10.430392"><ele>309.75</ele></trkpt>
   <trkpt lat="50.51298" lon="10.430269"><ele>309.5</ele></trkpt>
   <trkpt lat="50.51308" lon="10.430221"><ele>309.5</ele></trkpt>
   <trkpt lat="50.513462" lon="10.43008"><ele>308.5</ele></trkpt>
   <trkpt lat="50.514983" lon="10.429442"><ele>306</ele></trkpt>
   <trkpt lat="50.516415" lon="10.428878"><ele>305.25</ele></trkpt>
   <trkpt lat="50.516776" lon="10.428741"><ele>306.5</ele></trkpt>
   <trkpt lat="50.516928" lon="10.428692"><ele>306.5</ele></trkpt>
   <trkpt lat="50.517105" lon="10.428672"><ele>305.75</ele></trkpt>
   <trkpt lat="50.517296" lon="10.428724"><ele>305</ele></trkpt>
   <trkpt lat="50.517411" lon="10.428782"><ele>304.75</ele></trkpt>
   <trkpt lat="50.517859" lon="10.429038"><ele>303.5</ele></trkpt>
   <trkpt lat="50.517955" lon="10.429092"><ele>303.25</ele></trkpt>
   <trkpt lat="50.518192" lon="10.429198"><ele>303</ele></trkpt>
   <trkpt lat="50.519012" lon="10.42945"><ele>302</ele></trkpt>
   <trkpt lat="50.519112" lon="10.429493"><ele>302</ele></trkpt>
   <trkpt lat="50.519221" lon="10.429593"><ele>302</ele></trkpt>
   <trkpt lat="50.519337" lon="10.429743"><ele>302</ele></trkpt>
   <trkpt lat="50.519461" lon="10.429941"><ele>302</ele></trkpt>
   <trkpt lat="50.519695" lon="10.430274"><ele>302</ele></trkpt>
   <trkpt lat="50.519722" lon="10.430317"><ele>302</ele></trkpt>
   <trkpt lat="50.520271" lon="10.431159"><ele>301.75</ele></trkpt>
   <trkpt lat="50.520377" lon="10.431281"><ele>301.75</ele></trkpt>
   <trkpt lat="50.520426" lon="10.431316"><ele>302</ele></trkpt>
   <trkpt lat="50.520489" lon="10.431338"><ele>302.25</ele></trkpt>
   <trkpt lat="50.52065" lon="10.43136"><ele>302.5</ele></trkpt>
   <trkpt lat="50.520729" lon="10.43137"><ele>302.25</ele></trkpt>
   <trkpt lat="50.520742" lon="10.431215"><ele>302</ele></trkpt>
   <trkpt lat="50.520761" lon="10.431062"><ele>302</ele></trkpt>
   <trkpt lat="50.520783" lon="10.430909"><ele>302</ele></trkpt>
   <trkpt lat="50.520808" lon="10.430785"><ele>302</ele></trkpt>
   <trkpt lat="50.520879" lon="10.430508"><ele>302.25</ele></trkpt>
   <trkpt lat="50.520922" lon="10.430375"><ele>301.75</ele></trkpt>
   <trkpt lat="50.521022" lon="10.430121"><ele>302.25</ele></trkpt>
   <trkpt lat="50.521078" lon="10.430001"><ele>303.5</ele></trkpt>
   <trkpt lat="50.52123" lon="10.429724"><ele>303</ele></trkpt>
   <trkpt lat="50.522369" lon="10.427944"><ele>307.25</ele></trkpt>
   <trkpt lat="50.522708" lon="10.427397"><ele>308.75</ele></trkpt>
   <trkpt lat="50.523271" lon="10.426509"><ele>311.5</ele></trkpt>
   <trkpt lat="50.523558" lon="10.426068"><ele>311.25</ele></trkpt>
   <trkpt lat="50.523748" lon="10.42581"><ele>310.5</ele></trkpt>
   <trkpt lat="50.523877" lon="10.425648"><ele>310</ele></trkpt>
   <trkpt lat="50.524148" lon="10.425355"><ele>308.75</ele></trkpt>
   <trkpt lat="50.524336" lon="10.425171"><ele>308</ele></trkpt>
   <trkpt lat="50.524485" lon="10.425052"><ele>307.5</ele></trkpt>
   <trkpt lat="50.524637" lon="10.424958"><ele>306.75</ele></trkpt>
   <trkpt lat="50.524623" lon="10.424847"><ele>307.25</ele></trkpt>
   <trkpt lat="50.524583" lon="10.424456"><ele>308.75</ele></trkpt>
   <trkpt lat="50.524572" lon="10.42412"><ele>310</ele></trkpt>
   <trkpt lat="50.524578" lon="10.423928"><ele>310</ele></trkpt>
   <trkpt lat="50.5246" lon="10.423734"><ele>311.25</ele></trkpt>
   <trkpt lat="50.524646" lon="10.423521"><ele>312</ele></trkpt>
   <trkpt lat="50.524698" lon="10.423351"><ele>312</ele></trkpt>
   <trkpt lat="50.524768" lon="10.423163"><ele>312.5</ele></trkpt>
   <trkpt lat="50.52487" lon="10.422927"><ele>312.5</ele></trkpt>
   <trkpt lat="50.525265" lon="10.422204"><ele>311.25</ele></trkpt>
   <trkpt lat="50.525608" lon="10.421558"><ele>311.75</ele></trkpt>
   <trkpt lat="50.525843" lon="10.421053"><ele>311.5</ele></trkpt>
   <trkpt lat="50.525976" lon="10.420705"><ele>309.75</ele></trkpt>
   <trkpt lat="50.526047" lon="10.420456"><ele>309</ele></trkpt>
   <trkpt lat="50.526127" lon="10.420129"><ele>307.25</ele></trkpt>
   <trkpt lat="50.526254" lon="10.419364"><ele>304</ele></trkpt>
   <trkpt lat="50.526322" lon="10.418632"><ele>301.5</ele></trkpt>
   <trkpt lat="50.526363" lon="10.418397"><ele>299.5</ele></trkpt>
   <trkpt lat="50.526418" lon="10.418231"><ele>297.75</ele></trkpt>
   <trkpt lat="50.52649" lon="10.418104"><ele>297.5</ele></trkpt>
   <trkpt lat="50.5266" lon="10.418039"><ele>297</ele></trkpt>
   <trkpt lat="50.526809" lon="10.417948"><ele>296.5</ele></trkpt>
   <trkpt lat="50.52747" lon="10.417736"><ele>296</ele></trkpt>
   <trkpt lat="50.527783" lon="10.417626"><ele>295.75</ele></trkpt>
   <trkpt lat="50.528143" lon="10.417499"><ele>295.5</ele></trkpt>
   <trkpt lat="50.528495" lon="10.417346"><ele>294.75</ele></trkpt>
   <trkpt lat="50.528814" lon="10.417178"><ele>294.75</ele></trkpt>
   <trkpt lat="50.529157" lon="10.416972"><ele>294.75</ele></trkpt>
   <trkpt lat="50.529291" lon="10.416875"><ele>294.75</ele></trkpt>
   <trkpt lat="50.529407" lon="10.416777"><ele>294.75</ele></trkpt>
   <trkpt lat="50.529508" lon="10.416691"><ele>294.75</ele></trkpt>
   <trkpt lat="50.529866" lon="10.416289"><ele>293.5</ele></trkpt>
   <trkpt lat="50.530183" lon="10.41593"><ele>294</ele></trkpt>
   <trkpt lat="50.530557" lon="10.415488"><ele>294</ele></trkpt>
   <trkpt lat="50.530638" lon="10.415392"><ele>294</ele></trkpt>
   <trkpt lat="50.530692" lon="10.415328"><ele>294</ele></trkpt>
   <trkpt lat="50.530744" lon="10.415268"><ele>294</ele></trkpt>
   <trkpt lat="50.530897" lon="10.415146"><ele>294</ele></trkpt>
   <trkpt lat="50.531055" lon="10.415078"><ele>294</ele></trkpt>
   <trkpt lat="50.53115" lon="10.415039"><ele>294</ele></trkpt>
   <trkpt lat="50.531259" lon="10.414999"><ele>294</ele></trkpt>
   <trkpt lat="50.531393" lon="10.414952"><ele>294</ele></trkpt>
   <trkpt lat="50.531404" lon="10.414947"><ele>294</ele></trkpt>
   <trkpt lat="50.53167" lon="10.414841"><ele>294</ele></trkpt>
   <trkpt lat="50.531858" lon="10.414691"><ele>294</ele></trkpt>
   <trkpt lat="50.531948" lon="10.414616"><ele>294</ele></trkpt>
   <trkpt lat="50.532044" lon="10.414518"><ele>294</ele></trkpt>
   <trkpt lat="50.532157" lon="10.414409"><ele>294</ele></trkpt>
   <trkpt lat="50.532274" lon="10.414332"><ele>293.75</ele></trkpt>
   <trkpt lat="50.532372" lon="10.414292"><ele>294</ele></trkpt>
   <trkpt lat="50.532172" lon="10.413673"><ele>293</ele></trkpt>
   <trkpt lat="50.532069" lon="10.413397"><ele>293</ele></trkpt>
   <trkpt lat="50.532454" lon="10.413058"><ele>293</ele></trkpt>
   <trkpt lat="50.532613" lon="10.412921"><ele>293</ele></trkpt>
   <trkpt lat="50.5328" lon="10.412807"><ele>293</ele></trkpt>
   <trkpt lat="50.532998" lon="10.412705"><ele>293</ele></trkpt>
   <trkpt lat="50.533135" lon="10.412665"><ele>293</ele></trkpt>
   <trkpt lat="50.533437" lon="10.412448"><ele>293</ele></trkpt>
   <trkpt lat="50.5335" lon="10.412403"><ele>293</ele></trkpt>
   <trkpt lat="50.534416" lon="10.411752"><ele>292</ele></trkpt>
   <trkpt lat="50.534593" lon="10.411633"><ele>292</ele></trkpt>
   <trkpt lat="50.534882" lon="10.411439"><ele>292</ele></trkpt>
   <trkpt lat="50.535022" lon="10.411341"><ele>292</ele></trkpt>
   <trkpt lat="50.535376" lon="10.411131"><ele>292</ele></trkpt>
   <trkpt lat="50.535549" lon="10.41105"><ele>292</ele></trkpt>
   <trkpt lat="50.536196" lon="10.41067"><ele>291.75</ele></trkpt>
   <trkpt lat="50.537463" lon="10.409891"><ele>291.25</ele></trkpt>
   <trkpt lat="50.538134" lon="10.409277"><ele>291.25</ele></trkpt>
   <trkpt lat="50.538399" lon="10.408966"><ele>291.25</ele></trkpt>
   <trkpt lat="50.538618" lon="10.40867"><ele>291.5</ele></trkpt>
   <trkpt lat="50.538896" lon="10.40823"><ele>291.25</ele></trkpt>
   <trkpt lat="50.538971" lon="10.408099"><ele>291.5</ele></trkpt>
   <trkpt lat="50.539039" lon="10.408037"><ele>291.25</ele></trkpt>
   <trkpt lat="50.539116" lon="10.408"><ele>291</ele></trkpt>
   <trkpt lat="50.539442" lon="10.407923"><ele>291</ele></trkpt>
   <trkpt lat="50.539537" lon="10.407865"><ele>291</ele></trkpt>
   <trkpt lat="50.539717" lon="10.407718"><ele>291</ele></trkpt>
   <trkpt lat="50.539815" lon="10.407597"><ele>291</ele></trkpt>
   <trkpt lat="50.540266" lon="10.406925"><ele>291</ele></trkpt>
   <trkpt lat="50.541252" lon="10.405488"><ele>290.5</ele></trkpt>
   <trkpt lat="50.541586" lon="10.405131"><ele>290.5</ele></trkpt>
   <trkpt lat="50.541829" lon="10.404814"><ele>290</ele></trkpt>
   <trkpt lat="50.541863" lon="10.404791"><ele>290</ele></trkpt>
   <trkpt lat="50.541901" lon="10.404779"><ele>290</ele></trkpt>
   <trkpt lat="50.541994" lon="10.404761"><ele>290</ele></trkpt>
   <trkpt lat="50.542071" lon="10.404744"><ele>290</ele></trkpt>
   <trkpt lat="50.542194" lon="10.404711"><ele>290</ele></trkpt>
   <trkpt lat="50.542292" lon="10.40469"><ele>290</ele></trkpt>
   <trkpt lat="50.542574" lon="10.404658"><ele>290</ele></trkpt>
   <trkpt lat="50.542865" lon="10.404679"><ele>290</ele></trkpt>
   <trkpt lat="50.543046" lon="10.404708"><ele>290</ele></trkpt>
   <trkpt lat="50.54327" lon="10.404801"><ele>289.5</ele></trkpt>
   <trkpt lat="50.543929" lon="10.405112"><ele>290</ele></trkpt>
   <trkpt lat="50.544004" lon="10.405134"><ele>290</ele></trkpt>
   <trkpt lat="50.544068" lon="10.405136"><ele>290</ele></trkpt>
   <trkpt lat="50.544125" lon="10.405122"><ele>290</ele></trkpt>
   <trkpt lat="50.544792" lon="10.404808"><ele>290</ele></trkpt>
   <trkpt lat="50.544947" lon="10.404691"><ele>290</ele></trkpt>
   <trkpt lat="50.545046" lon="10.404595"><ele>290.25</ele></trkpt>
   <trkpt lat="50.545133" lon="10.404473"><ele>290.25</ele></trkpt>
   <trkpt lat="50.545183" lon="10.404377"><ele>290.25</ele></trkpt>
   <trkpt lat="50.545203" lon="10.40433"><ele>290.25</ele></trkpt>
   <trkpt lat="50.545238" lon="10.404249"><ele>290.5</ele></trkpt>
   <trkpt lat="50.545311" lon="10.404077"><ele>291</ele></trkpt>
   <trkpt lat="50.545383" lon="10.403933"><ele>290.75</ele></trkpt>
   <trkpt lat="50.545468" lon="10.403779"><ele>291.25</ele></trkpt>
   <trkpt lat="50.545569" lon="10.403645"><ele>291.75</ele></trkpt>
   <trkpt lat="50.545847" lon="10.403344"><ele>292.75</ele></trkpt>
   <trkpt lat="50.546319" lon="10.402859"><ele>295.25</ele></trkpt>
   <trkpt lat="50.546602" lon="10.403407"><ele>296</ele></trkpt>
   <trkpt lat="50.546832" lon="10.403719"><ele>296</ele></trkpt>
   <trkpt lat="50.546975" lon="10.403889"><ele>295</ele></trkpt>
   <trkpt lat="50.547088" lon="10.404001"><ele>295</ele></trkpt>
   <trkpt lat="50.5475" lon="10.404293"><ele>294.5</ele></trkpt>
   <trkpt lat="50.547589" lon="10.404376"><ele>294.5</ele></trkpt>
   <trkpt lat="50.547781" lon="10.404567"><ele>293.5</ele></trkpt>
   <trkpt lat="50.547969" lon="10.404809"><ele>294</ele></trkpt>
   <trkpt lat="50.548143" lon="10.405012"><ele>293.5</ele></trkpt>
   <trkpt lat="50.548506" lon="10.405386"><ele>292.75</ele></trkpt>
   <trkpt lat="50.549351" lon="10.406209"><ele>292</ele></trkpt>
   <trkpt lat="50.549504" lon="10.406347"><ele>292.5</ele></trkpt>
   <trkpt lat="50.550172" lon="10.40694"><ele>294.75</ele></trkpt>
   <trkpt lat="50.550503" lon="10.407329"><ele>294</ele></trkpt>
   <trkpt lat="50.551252" lon="10.40802"><ele>292.25</ele></trkpt>
   <trkpt lat="50.551357" lon="10.408126"><ele>291.5</ele></trkpt>
   <trkpt lat="50.551347" lon="10.408199"><ele>290.5</ele></trkpt>
   <trkpt lat="50.55135" lon="10.408239"><ele>290</ele></trkpt>
   <trkpt lat="50.551575" lon="10.408442"><ele>290</ele></trkpt>
   <trkpt lat="50.551853" lon="10.408634"><ele>290</ele></trkpt>
   <trkpt lat="50.55205" lon="10.408785"><ele>290.75</ele></trkpt>
   <trkpt lat="50.552187" lon="10.408857"><ele>290.5</ele></trkpt>
   <trkpt lat="50.552334" lon="10.408934"><ele>290.75</ele></trkpt>
   <trkpt lat="50.552507" lon="10.408936"><ele>292.25</ele></trkpt>
   <trkpt lat="50.552879" lon="10.408942"><ele>295</ele></trkpt>
   <trkpt lat="50.553356" lon="10.409238"><ele>290.75</ele></trkpt>
   <trkpt lat="50.554983" lon="10.408996"><ele>289.25</ele></trkpt>
   <trkpt lat="50.555059" lon="10.408943"><ele>289.5</ele></trkpt>
   <trkpt lat="50.555176" lon="10.408877"><ele>290.25</ele></trkpt>
   <trkpt lat="50.555248" lon="10.40885"><ele>291.25</ele></trkpt>
   <trkpt lat="50.555342" lon="10.408841"><ele>291.75</ele></trkpt>
   <trkpt lat="50.555423" lon="10.408847"><ele>292</ele></trkpt>
   <trkpt lat="50.555896" lon="10.408962"><ele>292.25</ele></trkpt>
   <trkpt lat="50.555965" lon="10.408996"><ele>292.25</ele></trkpt>
   <trkpt lat="50.556186" lon="10.409094"><ele>291.75</ele></trkpt>
   <trkpt lat="50.556311" lon="10.409127"><ele>291</ele></trkpt>
   <trkpt lat="50.556432" lon="10.409137"><ele>290.5</ele></trkpt>
   <trkpt lat="50.556739" lon="10.409055"><ele>290.75</ele></trkpt>
   <trkpt lat="50.557196" lon="10.408888"><ele>289</ele></trkpt>
   <trkpt lat="50.557917" lon="10.408674"><ele>290.75</ele></trkpt>
   <trkpt lat="50.558518" lon="10.408432"><ele>290</ele></trkpt>
   <trkpt lat="50.558979" lon="10.408326"><ele>288.75</ele></trkpt>
   <trkpt lat="50.559235" lon="10.408283"><ele>289.5</ele></trkpt>
   <trkpt lat="50.559552" lon="10.40825"><ele>290</ele></trkpt>
   <trkpt lat="50.559791" lon="10.408263"><ele>289.75</ele></trkpt>
   <trkpt lat="50.559939" lon="10.408277"><ele>289.25</ele></trkpt>
   <trkpt lat="50.560211" lon="10.408344"><ele>288.75</ele></trkpt>
   <trkpt lat="50.560291" lon="10.408375"><ele>288.75</ele></trkpt>
   <trkpt lat="50.560382" lon="10.408419"><ele>288.75</ele></trkpt>
   <trkpt lat="50.56083" lon="10.40868"><ele>288.75</ele></trkpt>
   <trkpt lat="50.561016" lon="10.408766"><ele>289.5</ele></trkpt>
   <trkpt lat="50.561356" lon="10.408878"><ele>290</ele></trkpt>
   <trkpt lat="50.561418" lon="10.408792"><ele>290.5</ele></trkpt>
   <trkpt lat="50.561582" lon="10.409101"><ele>290.25</ele></trkpt>
   <trkpt lat="50.561623" lon="10.409177"><ele>289.75</ele></trkpt>
   <trkpt lat="50.561666" lon="10.409259"><ele>289.5</ele></trkpt>
   <trkpt lat="50.561728" lon="10.409372"><ele>289</ele></trkpt>
   <trkpt lat="50.561832" lon="10.409307"><ele>289</ele></trkpt>
   <trkpt lat="50.562497" lon="10.408854"><ele>288.5</ele></trkpt>
   <trkpt lat="50.562571" lon="10.408818"><ele>289</ele></trkpt>
   <trkpt lat="50.562634" lon="10.408799"><ele>289.25</ele></trkpt>
   <trkpt lat="50.562704" lon="10.408796"><ele>289.5</ele></trkpt>
   <trkpt lat="50.563408" lon="10.408865"><ele>288</ele></trkpt>
   <trkpt lat="50.563564" lon="10.408836"><ele>288.25</ele></trkpt>
   <trkpt lat="50.56395" lon="10.408732"><ele>288</ele></trkpt>
   <trkpt lat="50.564187" lon="10.408679"><ele>287.5</ele></trkpt>
   <trkpt lat="50.564274" lon="10.408673"><ele>287.25</ele></trkpt>
   <trkpt lat="50.564404" lon="10.408687"><ele>287</ele></trkpt>
   <trkpt lat="50.564774" lon="10.408812"><ele>287.75</ele></trkpt>
   <trkpt lat="50.565504" lon="10.408945"><ele>287</ele></trkpt>
   <trkpt lat="50.565642" lon="10.408964"><ele>287</ele></trkpt>
   <trkpt lat="50.565935" lon="10.408966"><ele>287</ele></trkpt>
   <trkpt lat="50.566035" lon="10.408945"><ele>287</ele></trkpt>
   <trkpt lat="50.566326" lon="10.40891"><ele>286.75</ele></trkpt>
   <trkpt lat="50.566486" lon="10.40889"><ele>286.75</ele></trkpt>
   <trkpt lat="50.566502" lon="10.408888"><ele>287</ele></trkpt>
   <trkpt lat="50.566904" lon="10.408799"><ele>288.25</ele></trkpt>
   <trkpt lat="50.567139" lon="10.408754"><ele>289.25</ele></trkpt>
   <trkpt lat="50.56717" lon="10.408749"><ele>289.25</ele></trkpt>
   <trkpt lat="50.567235" lon="10.408737"><ele>289.75</ele></trkpt>
   <trkpt lat="50.567236" lon="10.408772"><ele>288.75</ele></trkpt>
   <trkpt lat="50.567319" lon="10.408771"><ele>289.25</ele></trkpt>
   <trkpt lat="50.567358" lon="10.408779"><ele>289</ele></trkpt>
   <trkpt lat="50.567508" lon="10.408864"><ele>286.75</ele></trkpt>
   <trkpt lat="50.567811" lon="10.408932"><ele>286.5</ele></trkpt>
   <trkpt lat="50.568367" lon="10.409047"><ele>287</ele></trkpt>
   <trkpt lat="50.568832" lon="10.40911"><ele>285.75</ele></trkpt>
   <trkpt lat="50.568986" lon="10.409151"><ele>285</ele></trkpt>
   <trkpt lat="50.569281" lon="10.409274"><ele>287</ele></trkpt>
   <trkpt lat="50.569538" lon="10.409408"><ele>287.25</ele></trkpt>
   <trkpt lat="50.570144" lon="10.409819"><ele>288.25</ele></trkpt>
   <trkpt lat="50.570371" lon="10.409949"><ele>287.75</ele></trkpt>
   <trkpt lat="50.570714" lon="10.410073"><ele>287.75</ele></trkpt>
   <trkpt lat="50.570871" lon="10.410172"><ele>287.25</ele></trkpt>
   <trkpt lat="50.570973" lon="10.41024"><ele>286.75</ele></trkpt>
   <trkpt lat="50.571635" lon="10.41058"><ele>286.25</ele></trkpt>
   <trkpt lat="50.572262" lon="10.41088"><ele>286.25</ele></trkpt>
   <trkpt lat="50.572305" lon="10.410917"><ele>285.75</ele></trkpt>
   <trkpt lat="50.572362" lon="10.41096"><ele>285.5</ele></trkpt>
   <trkpt lat="50.572578" lon="10.411132"><ele>285</ele></trkpt>
   <trkpt lat="50.572736" lon="10.411291"><ele>285</ele></trkpt>
   <trkpt lat="50.572876" lon="10.411445"><ele>285</ele></trkpt>
   <trkpt lat="50.572964" lon="10.411528"><ele>285</ele></trkpt>
   <trkpt lat="50.573129" lon="10.411512"><ele>285.5</ele></trkpt>
   <trkpt lat="50.573285" lon="10.411499"><ele>285.5</ele></trkpt>
   <trkpt lat="50.574053" lon="10.411506"><ele>285</ele></trkpt>
   <trkpt lat="50.57422" lon="10.411489"><ele>284.75</ele></trkpt>
   <trkpt lat="50.574519" lon="10.411447"><ele>284.75</ele></trkpt>
   <trkpt lat="50.57496" lon="10.411285"><ele>285</ele></trkpt>
   <trkpt lat="50.575129" lon="10.411259"><ele>285</ele></trkpt>
   <trkpt lat="50.575278" lon="10.411251"><ele>284.75</ele></trkpt>
   <trkpt lat="50.575423" lon="10.411267"><ele>285</ele></trkpt>
   <trkpt lat="50.5756" lon="10.411302"><ele>285</ele></trkpt>
   <trkpt lat="50.575671" lon="10.411325"><ele>285</ele></trkpt>
   <trkpt lat="50.57584" lon="10.41139"><ele>285</ele></trkpt>
   <trkpt lat="50.575892" lon="10.411422"><ele>285</ele></trkpt>
   <trkpt lat="50.575944" lon="10.41147"><ele>285</ele></trkpt>
   <trkpt lat="50.576003" lon="10.411348"><ele>285</ele></trkpt>
   <trkpt lat="50.576029" lon="10.411376"><ele>285</ele></trkpt>
   <trkpt lat="50.576053" lon="10.411379"><ele>285</ele></trkpt>
   <trkpt lat="50.576074" lon="10.411371"><ele>285</ele></trkpt>
   <trkpt lat="50.576391" lon="10.411064"><ele>285</ele></trkpt>
   <trkpt lat="50.576484" lon="10.410963"><ele>285</ele></trkpt>
   <trkpt lat="50.576922" lon="10.410467"><ele>285</ele></trkpt>
   <trkpt lat="50.57725" lon="10.410128"><ele>285</ele></trkpt>
   <trkpt lat="50.57753" lon="10.409828"><ele>285</ele></trkpt>
   <trkpt lat="50.57782" lon="10.409509"><ele>285</ele></trkpt>
   <trkpt lat="50.578106" lon="10.409212"><ele>284.25</ele></trkpt>
   <trkpt lat="50.578168" lon="10.409152"><ele>284.25</ele></trkpt>
   <trkpt lat="50.57842" lon="10.40895"><ele>284</ele></trkpt>
   <trkpt lat="50.578663" lon="10.408774"><ele>284.25</ele></trkpt>
   <trkpt lat="50.57878" lon="10.408708"><ele>284.25</ele></trkpt>
   <trkpt lat="50.579427" lon="10.408424"><ele>284.75</ele></trkpt>
   <trkpt lat="50.579969" lon="10.408195"><ele>286</ele></trkpt>
   <trkpt lat="50.580376" lon="10.408067"><ele>284.5</ele></trkpt>
   <trkpt lat="50.580476" lon="10.408069"><ele>284.25</ele></trkpt>
   <trkpt lat="50.580819" lon="10.408077"><ele>284.75</ele></trkpt>
   <trkpt lat="50.581069" lon="10.408111"><ele>285.25</ele></trkpt>
   <trkpt lat="50.581192" lon="10.408158"><ele>285.75</ele></trkpt>
   <trkpt lat="50.581475" lon="10.408142"><ele>288</ele></trkpt>
   <trkpt lat="50.581672" lon="10.408136"><ele>289.5</ele></trkpt>
   <trkpt lat="50.581962" lon="10.408121"><ele>289.5</ele></trkpt>
   <trkpt lat="50.582883" lon="10.407711"><ele>290.25</ele></trkpt>
   <trkpt lat="50.583217" lon="10.40754"><ele>292.25</ele></trkpt>
   <trkpt lat="50.584238" lon="10.407079"><ele>290.75</ele></trkpt>
   <trkpt lat="50.584525" lon="10.406987"><ele>289.75</ele></trkpt>
   <trkpt lat="50.584733" lon="10.406941"><ele>289</ele></trkpt>
   <trkpt lat="50.584951" lon="10.406928"><ele>288.5</ele></trkpt>
   <trkpt lat="50.585161" lon="10.406964"><ele>287</ele></trkpt>
   <trkpt lat="50.585357" lon="10.406895"><ele>287</ele></trkpt>
   <trkpt lat="50.585435" lon="10.406859"><ele>286.5</ele></trkpt>
   <trkpt lat="50.585629" lon="10.406661"><ele>286.5</ele></trkpt>
   <trkpt lat="50.585668" lon="10.406597"><ele>286.5</ele></trkpt>
   <trkpt lat="50.585763" lon="10.406608"><ele>285.75</ele></trkpt>
   <trkpt lat="50.585811" lon="10.406589"><ele>285.25</ele></trkpt>
   <trkpt lat="50.586278" lon="10.406135"><ele>284.25</ele></trkpt>
   <trkpt lat="50.586364" lon="10.406117"><ele>284</ele></trkpt>
   <trkpt lat="50.586384" lon="10.406075"><ele>284</ele></trkpt>
   <trkpt lat="50.586577" lon="10.405889"><ele>284.5</ele></trkpt>
   <trkpt lat="50.587045" lon="10.405459"><ele>285.75</ele></trkpt>
   <trkpt lat="50.587372" lon="10.405052"><ele>289</ele></trkpt>
   <trkpt lat="50.587433" lon="10.404937"><ele>290</ele></trkpt>
   <trkpt lat="50.58769" lon="10.403955"><ele>295.25</ele></trkpt>
   <trkpt lat="50.587714" lon="10.403862"><ele>295.75</ele></trkpt>
   <trkpt lat="50.587826" lon="10.403453"><ele>297.5</ele></trkpt>
   <trkpt lat="50.587878" lon="10.403284"><ele>297.75</ele></trkpt>
   <trkpt lat="50.58815" lon="10.40269"><ele>300.5</ele></trkpt>
   <trkpt lat="50.588304" lon="10.402393"><ele>301.75</ele></trkpt>
   <trkpt lat="50.588587" lon="10.401811"><ele>305</ele></trkpt>
   <trkpt lat="50.588796" lon="10.401402"><ele>307</ele></trkpt>
   <trkpt lat="50.588826" lon="10.401318"><ele>307.5</ele></trkpt>
   <trkpt lat="50.588842" lon="10.401246"><ele>308</ele></trkpt>
   <trkpt lat="50.588843" lon="10.40112"><ele>309</ele></trkpt>
   <trkpt lat="50.589454" lon="10.400587"><ele>308.5</ele></trkpt>
   <trkpt lat="50.589744" lon="10.400332"><ele>309</ele></trkpt>
   <trkpt lat="50.591005" lon="10.399228"><ele>308</ele></trkpt>
   <trkpt lat="50.591483" lon="10.39881"><ele>308.5</ele></trkpt>
   <trkpt lat="50.591861" lon="10.398491"><ele>309.5</ele></trkpt>
   <trkpt lat="50.591934" lon="10.398427"><ele>310</ele></trkpt>
   <trkpt lat="50.591996" lon="10.398385"><ele>310</ele></trkpt>
   <trkpt lat="50.592148" lon="10.3983"><ele>309.75</ele></trkpt>
   <trkpt lat="50.592361" lon="10.3982"><ele>309.75</ele></trkpt>
   <trkpt lat="50.592772" lon="10.39803"><ele>310</ele></trkpt>
   <trkpt lat="50.594431" lon="10.397345"><ele>311.75</ele></trkpt>
   <trkpt lat="50.594711" lon="10.397229"><ele>311.75</ele></trkpt>
   <trkpt lat="50.594957" lon="10.397118"><ele>312.25</ele></trkpt>
   <trkpt lat="50.595039" lon="10.397067"><ele>312.25</ele></trkpt>
   <trkpt lat="50.595128" lon="10.396997"><ele>312.5</ele></trkpt>
   <trkpt lat="50.595274" lon="10.396807"><ele>313.5</ele></trkpt>
   <trkpt lat="50.595353" lon="10.396668"><ele>313.5</ele></trkpt>
   <trkpt lat="50.595439" lon="10.396493"><ele>314.25</ele></trkpt>
   <trkpt lat="50.595782" lon="10.395831"><ele>312</ele></trkpt>
   <trkpt lat="50.597816" lon="10.391979"><ele>306</ele></trkpt>
   <trkpt lat="50.598043" lon="10.391579"><ele>305.75</ele></trkpt>
   <trkpt lat="50.598194" lon="10.391348"><ele>305.5</ele></trkpt>
   <trkpt lat="50.599118" lon="10.390058"><ele>308.5</ele></trkpt>
   <trkpt lat="50.599346" lon="10.389787"><ele>308.75</ele></trkpt>
   <trkpt lat="50.599882" lon="10.389203"><ele>310.25</ele></trkpt>
   <trkpt lat="50.600074" lon="10.389011"><ele>311</ele></trkpt>
   <trkpt lat="50.600245" lon="10.388879"><ele>312.25</ele></trkpt>
   <trkpt lat="50.600331" lon="10.388839"><ele>312.25</ele></trkpt>
   <trkpt lat="50.600951" lon="10.388678"><ele>314.75</ele></trkpt>
   <trkpt lat="50.601036" lon="10.388644"><ele>315.25</ele></trkpt>
   <trkpt lat="50.601171" lon="10.388574"><ele>316.25</ele></trkpt>
   <trkpt lat="50.601349" lon="10.388433"><ele>316.75</ele></trkpt>
   <trkpt lat="50.601449" lon="10.388308"><ele>316.75</ele></trkpt>
   <trkpt lat="50.601482" lon="10.388263"><ele>316.75</ele></trkpt>
   <trkpt lat="50.601649" lon="10.38799"><ele>316.25</ele></trkpt>
   <trkpt lat="50.602452" lon="10.386604"><ele>313.75</ele></trkpt>
   <trkpt lat="50.602568" lon="10.386393"><ele>314.5</ele></trkpt>
   <trkpt lat="50.602646" lon="10.386208"><ele>315.25</ele></trkpt>
   <trkpt lat="50.602701" lon="10.38605"><ele>315.5</ele></trkpt>
   <trkpt lat="50.602747" lon="10.385844"><ele>315.25</ele></trkpt>
   <trkpt lat="50.602767" lon="10.385693"><ele>314.5</ele></trkpt>
   <trkpt lat="50.602779" lon="10.385477"><ele>313.75</ele></trkpt>
   <trkpt lat="50.602771" lon="10.385264"><ele>314</ele></trkpt>
   <trkpt lat="50.602688" lon="10.38425"><ele>309.75</ele></trkpt>
   <trkpt lat="50.602666" lon="10.383863"><ele>307</ele></trkpt>
   <trkpt lat="50.602672" lon="10.383671"><ele>306.75</ele></trkpt>
   <trkpt lat="50.602692" lon="10.383473"><ele>306</ele></trkpt>
   <trkpt lat="50.60297" lon="10.381944"><ele>298</ele></trkpt>
   <trkpt lat="50.603254" lon="10.38035"><ele>292.5</ele></trkpt>
   <trkpt lat="50.603321" lon="10.380008"><ele>292</ele></trkpt>
   <trkpt lat="50.6034" lon="10.379651"><ele>290.25</ele></trkpt>
   <trkpt lat="50.603421" lon="10.379582"><ele>289.75</ele></trkpt>
   <trkpt lat="50.603492" lon="10.37936"><ele>288.75</ele></trkpt>
   <trkpt lat="50.603569" lon="10.379173"><ele>288.75</ele></trkpt>
   <trkpt lat="50.603658" lon="10.379004"><ele>288</ele></trkpt>
   <trkpt lat="50.60376" lon="10.378839"><ele>286.75</ele></trkpt>
   <trkpt lat="50.603905" lon="10.378616"><ele>286.75</ele></trkpt>
   <trkpt lat="50.603969" lon="10.37852"><ele>286.75</ele></trkpt>
   <trkpt lat="50.604102" lon="10.378319"><ele>287.5</ele></trkpt>
   <trkpt lat="50.604184" lon="10.378159"><ele>288</ele></trkpt>
   <trkpt lat="50.604208" lon="10.378085"><ele>288.25</ele></trkpt>
   <trkpt lat="50.604221" lon="10.37802"><ele>288.5</ele></trkpt>
   <trkpt lat="50.604225" lon="10.377904"><ele>288.75</ele></trkpt>
   <trkpt lat="50.604206" lon="10.377795"><ele>288.5</ele></trkpt>
   <trkpt lat="50.604123" lon="10.377584"><ele>288.75</ele></trkpt>
   <trkpt lat="50.603963" lon="10.377214"><ele>288</ele></trkpt>
   <trkpt lat="50.60377" lon="10.376863"><ele>288.25</ele></trkpt>
   <trkpt lat="50.60371" lon="10.376772"><ele>288.25</ele></trkpt>
   <trkpt lat="50.602814" lon="10.375451"><ele>289.25</ele></trkpt>
   <trkpt lat="50.602764" lon="10.375392"><ele>288.75</ele></trkpt>
   <trkpt lat="50.602711" lon="10.375329"><ele>288.75</ele></trkpt>
   <trkpt lat="50.602681" lon="10.375293"><ele>288.75</ele></trkpt>
   <trkpt lat="50.60254" lon="10.375153"><ele>289.75</ele></trkpt>
   <trkpt lat="50.602133" lon="10.37478"><ele>291.75</ele></trkpt>
   <trkpt lat="50.601999" lon="10.374636"><ele>291.5</ele></trkpt>
   <trkpt lat="50.601906" lon="10.374517"><ele>291.5</ele></trkpt>
   <trkpt lat="50.601631" lon="10.374099"><ele>293.5</ele></trkpt>
   <trkpt lat="50.601509" lon="10.373955"><ele>294</ele></trkpt>
   <trkpt lat="50.601306" lon="10.373761"><ele>295.5</ele></trkpt>
   <trkpt lat="50.601113" lon="10.373605"><ele>296</ele></trkpt>
   <trkpt lat="50.600778" lon="10.373288"><ele>297.25</ele></trkpt>
   <trkpt lat="50.600718" lon="10.373183"><ele>297.75</ele></trkpt>
   <trkpt lat="50.600684" lon="10.37311"><ele>298</ele></trkpt>
   <trkpt lat="50.60042" lon="10.372519"><ele>299.25</ele></trkpt>
   <trkpt lat="50.600373" lon="10.372409"><ele>299.25</ele></trkpt>
   <trkpt lat="50.600262" lon="10.372109"><ele>299.25</ele></trkpt>
   <trkpt lat="50.600149" lon="10.371762"><ele>298.75</ele></trkpt>
   <trkpt lat="50.600201" lon="10.371714"><ele>299</ele></trkpt>
   <trkpt lat="50.600222" lon="10.3716"><ele>299.5</ele></trkpt>
   <trkpt lat="50.600348" lon="10.371145"><ele>300.75</ele></trkpt>
   <trkpt lat="50.600445" lon="10.370827"><ele>302</ele></trkpt>
   <trkpt lat="50.600559" lon="10.370537"><ele>304.75</ele></trkpt>
   <trkpt lat="50.600819" lon="10.369949"><ele>307.75</ele></trkpt>
   <trkpt lat="50.60089" lon="10.369794"><ele>308.5</ele></trkpt>
   <trkpt lat="50.601148" lon="10.369231"><ele>312.25</ele></trkpt>
   <trkpt lat="50.60147" lon="10.368451"><ele>316.5</ele></trkpt>
   <trkpt lat="50.601577" lon="10.368184"><ele>318</ele></trkpt>
   <trkpt lat="50.601643" lon="10.367968"><ele>318.75</ele></trkpt>
   <trkpt lat="50.601755" lon="10.367551"><ele>319.5</ele></trkpt>
   <trkpt lat="50.601796" lon="10.36729"><ele>319.5</ele></trkpt>
   <trkpt lat="50.601856" lon="10.366679"><ele>320.25</ele></trkpt>
   <trkpt lat="50.601873" lon="10.366325"><ele>320.75</ele></trkpt>
   <trkpt lat="50.601876" lon="10.365885"><ele>321</ele></trkpt>
   <trkpt lat="50.601894" lon="10.365088"><ele>323.5</ele></trkpt>
   <trkpt lat="50.601965" lon="10.363926"><ele>329</ele></trkpt>
   <trkpt lat="50.602015" lon="10.363415"><ele>331.25</ele></trkpt>
   <trkpt lat="50.602103" lon="10.362657"><ele>332.75</ele></trkpt>
   <trkpt lat="50.602246" lon="10.361912"><ele>334</ele></trkpt>
   <trkpt lat="50.602519" lon="10.360707"><ele>335</ele></trkpt>
   <trkpt lat="50.602615" lon="10.360331"><ele>335.75</ele></trkpt>
   <trkpt lat="50.603635" lon="10.357217"><ele>338</ele></trkpt>
   <trkpt lat="50.603873" lon="10.356089"><ele>336.5</ele></trkpt>
   <trkpt lat="50.604115" lon="10.355265"><ele>335.25</ele></trkpt>
   <trkpt lat="50.604424" lon="10.354396"><ele>334.75</ele></trkpt>
   <trkpt lat="50.604494" lon="10.354262"><ele>335</ele></trkpt>
   <trkpt lat="50.604523" lon="10.35419"><ele>335</ele></trkpt>
   <trkpt lat="50.604809" lon="10.353593"><ele>335.25</ele></trkpt>
   <trkpt lat="50.604975" lon="10.353375"><ele>335.75</ele></trkpt>
   <trkpt lat="50.605205" lon="10.353082"><ele>335.75</ele></trkpt>
   <trkpt lat="50.60551" lon="10.352842"><ele>335.75</ele></trkpt>
   <trkpt lat="50.60585" lon="10.352695"><ele>336</ele></trkpt>
   <trkpt lat="50.606163" lon="10.352559"><ele>336</ele></trkpt>
   <trkpt lat="50.606298" lon="10.352482"><ele>336</ele></trkpt>
   <trkpt lat="50.606478" lon="10.352347"><ele>336</ele></trkpt>
   <trkpt lat="50.606816" lon="10.351982"><ele>336</ele></trkpt>
   <trkpt lat="50.606885" lon="10.35194"><ele>336</ele></trkpt>
   <trkpt lat="50.606956" lon="10.351933"><ele>336</ele></trkpt>
   <trkpt lat="50.607023" lon="10.35194"><ele>336.25</ele></trkpt>
   <trkpt lat="50.607484" lon="10.352142"><ele>337</ele></trkpt>
   <trkpt lat="50.608036" lon="10.352422"><ele>337.25</ele></trkpt>
   <trkpt lat="50.608365" lon="10.352607"><ele>337.25</ele></trkpt>
   <trkpt lat="50.608995" lon="10.352941"><ele>337.75</ele></trkpt>
   <trkpt lat="50.60933" lon="10.353003"><ele>337.75</ele></trkpt>
   <trkpt lat="50.60967" lon="10.352982"><ele>337.75</ele></trkpt>
   <trkpt lat="50.610023" lon="10.352948"><ele>338</ele></trkpt>
   <trkpt lat="50.610587" lon="10.352876"><ele>339</ele></trkpt>
   <trkpt lat="50.611879" lon="10.352612"><ele>340.75</ele></trkpt>
   <trkpt lat="50.612188" lon="10.352564"><ele>341.75</ele></trkpt>
   <trkpt lat="50.612532" lon="10.352584"><ele>342</ele></trkpt>
   <trkpt lat="50.613171" lon="10.352698"><ele>342.75</ele></trkpt>
   <trkpt lat="50.614249" lon="10.352891"><ele>344</ele></trkpt>
   <trkpt lat="50.614403" lon="10.352908"><ele>344.25</ele></trkpt>
   <trkpt lat="50.614589" lon="10.352898"><ele>344.5</ele></trkpt>
   <trkpt lat="50.614849" lon="10.352839"><ele>345.25</ele></trkpt>
   <trkpt lat="50.615088" lon="10.35272"><ele>346</ele></trkpt>
   <trkpt lat="50.615265" lon="10.352592"><ele>346</ele></trkpt>
   <trkpt lat="50.616482" lon="10.351574"><ele>350.5</ele></trkpt>
   <trkpt lat="50.616738" lon="10.351343"><ele>351.25</ele></trkpt>
   <trkpt lat="50.616889" lon="10.351146"><ele>352.5</ele></trkpt>
   <trkpt lat="50.61703" lon="10.350843"><ele>353.25</ele></trkpt>
   <trkpt lat="50.617112" lon="10.350594"><ele>353.75</ele></trkpt>
   <trkpt lat="50.617388" lon="10.34935"><ele>357.25</ele></trkpt>
   <trkpt lat="50.617482" lon="10.348875"><ele>358</ele></trkpt>
   <trkpt lat="50.61753" lon="10.348573"><ele>359</ele></trkpt>
   <trkpt lat="50.617542" lon="10.348383"><ele>359.25</ele></trkpt>
   <trkpt lat="50.617541" lon="10.347787"><ele>360.25</ele></trkpt>
   <trkpt lat="50.617454" lon="10.346215"><ele>361.5</ele></trkpt>
   <trkpt lat="50.617451" lon="10.345669"><ele>361.75</ele></trkpt>
   <trkpt lat="50.617484" lon="10.345327"><ele>361.75</ele></trkpt>
   <trkpt lat="50.617634" lon="10.344815"><ele>362.75</ele></trkpt>
   <trkpt lat="50.618132" lon="10.343429"><ele>367</ele></trkpt>
   <trkpt lat="50.618283" lon="10.343085"><ele>367.75</ele></trkpt>
   <trkpt lat="50.619316" lon="10.341648"><ele>364.75</ele></trkpt>
   <trkpt lat="50.619421" lon="10.341422"><ele>363.25</ele></trkpt>
   <trkpt lat="50.619455" lon="10.341201"><ele>362.5</ele></trkpt>
   <trkpt lat="50.61944" lon="10.340853"><ele>362</ele></trkpt>
   <trkpt lat="50.619347" lon="10.339948"><ele>358.5</ele></trkpt>
   <trkpt lat="50.619202" lon="10.338283"><ele>352.25</ele></trkpt>
   <trkpt lat="50.61918" lon="10.337978"><ele>352</ele></trkpt>
   <trkpt lat="50.619123" lon="10.337366"><ele>351</ele></trkpt>
   <trkpt lat="50.619136" lon="10.337174"><ele>350.5</ele></trkpt>
   <trkpt lat="50.61917" lon="10.337037"><ele>350.25</ele></trkpt>
   <trkpt lat="50.619567" lon="10.336189"><ele>348.5</ele></trkpt>
   <trkpt lat="50.61977" lon="10.335674"><ele>347.5</ele></trkpt>
   <trkpt lat="50.619907" lon="10.335177"><ele>345</ele></trkpt>
   <trkpt lat="50.61991" lon="10.334969"><ele>344.75</ele></trkpt>
   <trkpt lat="50.619929" lon="10.334709"><ele>344.25</ele></trkpt>
   <trkpt lat="50.620015" lon="10.334385"><ele>344</ele></trkpt>
   <trkpt lat="50.620054" lon="10.33414"><ele>343.75</ele></trkpt>
   <trkpt lat="50.620106" lon="10.333632"><ele>343.75</ele></trkpt>
   <trkpt lat="50.620144" lon="10.33315"><ele>342.5</ele></trkpt>
   <trkpt lat="50.620153" lon="10.332991"><ele>342.25</ele></trkpt>
   <trkpt lat="50.620199" lon="10.332244"><ele>341.5</ele></trkpt>
   <trkpt lat="50.62024" lon="10.331223"><ele>340.75</ele></trkpt>
   <trkpt lat="50.620226" lon="10.330899"><ele>340.5</ele></trkpt>
   <trkpt lat="50.620181" lon="10.330638"><ele>340.25</ele></trkpt>
   <trkpt lat="50.619677" lon="10.32824"><ele>339.25</ele></trkpt>
   <trkpt lat="50.619621" lon="10.32795"><ele>338.5</ele></trkpt>
   <trkpt lat="50.619601" lon="10.32778"><ele>338.25</ele></trkpt>
   <trkpt lat="50.619596" lon="10.327614"><ele>338</ele></trkpt>
   <trkpt lat="50.619606" lon="10.32747"><ele>338.25</ele></trkpt>
   <trkpt lat="50.619636" lon="10.327292"><ele>338</ele></trkpt>
   <trkpt lat="50.619706" lon="10.327045"><ele>338</ele></trkpt>
   <trkpt lat="50.619811" lon="10.326736"><ele>338</ele></trkpt>
   <trkpt lat="50.620074" lon="10.32601"><ele>336.5</ele></trkpt>
   <trkpt lat="50.620559" lon="10.324399"><ele>332.5</ele></trkpt>
   <trkpt lat="50.620697" lon="10.323881"><ele>329</ele></trkpt>
   <trkpt lat="50.620725" lon="10.323747"><ele>329</ele></trkpt>
   <trkpt lat="50.620797" lon="10.323399"><ele>330.25</ele></trkpt>
   <trkpt lat="50.620848" lon="10.323152"><ele>330.25</ele></trkpt>
   <trkpt lat="50.62088" lon="10.323019"><ele>330</ele></trkpt>
   <trkpt lat="50.620956" lon="10.322722"><ele>331</ele></trkpt>
   <trkpt lat="50.621015" lon="10.322559"><ele>331.75</ele></trkpt>
   <trkpt lat="50.621093" lon="10.322372"><ele>332.5</ele></trkpt>
   <trkpt lat="50.621494" lon="10.32151"><ele>332.5</ele></trkpt>
   <trkpt lat="50.621744" lon="10.320872"><ele>331.5</ele></trkpt>
   <trkpt lat="50.622012" lon="10.320261"><ele>332.25</ele></trkpt>
   <trkpt lat="50.622221" lon="10.320002"><ele>331.75</ele></trkpt>
   <trkpt lat="50.622421" lon="10.319882"><ele>331.25</ele></trkpt>
   <trkpt lat="50.622783" lon="10.319752"><ele>330.5</ele></trkpt>
   <trkpt lat="50.623083" lon="10.319673"><ele>329.75</ele></trkpt>
   <trkpt lat="50.623341" lon="10.319658"><ele>329.25</ele></trkpt>
   <trkpt lat="50.62361" lon="10.319707"><ele>329.25</ele></trkpt>
   <trkpt lat="50.623834" lon="10.319854"><ele>327.75</ele></trkpt>
   <trkpt lat="50.624056" lon="10.320049"><ele>326.75</ele></trkpt>
   <trkpt lat="50.624616" lon="10.320573"><ele>325.5</ele></trkpt>
   <trkpt lat="50.624844" lon="10.320733"><ele>325</ele></trkpt>
   <trkpt lat="50.625504" lon="10.320962"><ele>324.5</ele></trkpt>
   <trkpt lat="50.626152" lon="10.321154"><ele>323.25</ele></trkpt>
   <trkpt lat="50.626824" lon="10.321366"><ele>322.5</ele></trkpt>
   <trkpt lat="50.627161" lon="10.321455"><ele>322.25</ele></trkpt>
   <trkpt lat="50.62754" lon="10.321495"><ele>321</ele></trkpt>
   <trkpt lat="50.62809" lon="10.321491"><ele>318.5</ele></trkpt>
   <trkpt lat="50.62826" lon="10.32148"><ele>318.5</ele></trkpt>
   <trkpt lat="50.628608" lon="10.321453"><ele>319.75</ele></trkpt>
   <trkpt lat="50.628708" lon="10.321429"><ele>320.5</ele></trkpt>
   <trkpt lat="50.628777" lon="10.321358"><ele>321.25</ele></trkpt>
   <trkpt lat="50.628806" lon="10.321415"><ele>321</ele></trkpt>
   <trkpt lat="50.628856" lon="10.321509"><ele>320.75</ele></trkpt>
   <trkpt lat="50.629038" lon="10.322148"><ele>320</ele></trkpt>
   <trkpt lat="50.629197" lon="10.32268"><ele>319.75</ele></trkpt>
   <trkpt lat="50.629454" lon="10.323279"><ele>319.25</ele></trkpt>
   <trkpt lat="50.629815" lon="10.323735"><ele>318.75</ele></trkpt>
   <trkpt lat="50.630794" lon="10.325166"><ele>319.25</ele></trkpt>
   <trkpt lat="50.630883" lon="10.32534"><ele>319.25</ele></trkpt>
   <trkpt lat="50.630957" lon="10.325643"><ele>318.75</ele></trkpt>
   <trkpt lat="50.631046" lon="10.326013"><ele>318.5</ele></trkpt>
   <trkpt lat="50.631229" lon="10.32665"><ele>318.25</ele></trkpt>
   <trkpt lat="50.63167" lon="10.327709"><ele>315.5</ele></trkpt>
   <trkpt lat="50.631859" lon="10.328163"><ele>314.5</ele></trkpt>
   <trkpt lat="50.632413" lon="10.329463"><ele>313.75</ele></trkpt>
   <trkpt lat="50.632769" lon="10.330389"><ele>312</ele></trkpt>
   <trkpt lat="50.633061" lon="10.331354"><ele>310.25</ele></trkpt>
   <trkpt lat="50.633239" lon="10.332024"><ele>311.25</ele></trkpt>
   <trkpt lat="50.633254" lon="10.332246"><ele>310.25</ele></trkpt>
   <trkpt lat="50.633286" lon="10.333946"><ele>308.75</ele></trkpt>
   <trkpt lat="50.633875" lon="10.333865"><ele>312</ele></trkpt>
   <trkpt lat="50.634115" lon="10.333941"><ele>311.75</ele></trkpt>
   <trkpt lat="50.634184" lon="10.333905"><ele>312</ele></trkpt>
   <trkpt lat="50.634261" lon="10.333906"><ele>312.75</ele></trkpt>
   <trkpt lat="50.63433" lon="10.333969"><ele>313.5</ele></trkpt>
   <trkpt lat="50.634519" lon="10.334322"><ele>314.5</ele></trkpt>
   <trkpt lat="50.634689" lon="10.33474"><ele>313.75</ele></trkpt>
   <trkpt lat="50.634939" lon="10.335306"><ele>312.5</ele></trkpt>
   <trkpt lat="50.635195" lon="10.335819"><ele>310.5</ele></trkpt>
   <trkpt lat="50.635249" lon="10.335909"><ele>310</ele></trkpt>
   <trkpt lat="50.635603" lon="10.336508"><ele>307.5</ele></trkpt>
   <trkpt lat="50.635685" lon="10.336651"><ele>307.5</ele></trkpt>
   <trkpt lat="50.635844" lon="10.336881"><ele>306.5</ele></trkpt>
   <trkpt lat="50.63602" lon="10.337052"><ele>306.25</ele></trkpt>
   <trkpt lat="50.636193" lon="10.337175"><ele>305.25</ele></trkpt>
   <trkpt lat="50.636377" lon="10.337212"><ele>305</ele></trkpt>
   <trkpt lat="50.636823" lon="10.337297"><ele>304.5</ele></trkpt>
   <trkpt lat="50.637104" lon="10.337366"><ele>304.25</ele></trkpt>
   <trkpt lat="50.637306" lon="10.337429"><ele>304.25</ele></trkpt>
   <trkpt lat="50.638273" lon="10.337733"><ele>304</ele></trkpt>
   <trkpt lat="50.638425" lon="10.337788"><ele>304.25</ele></trkpt>
   <trkpt lat="50.638862" lon="10.337995"><ele>305</ele></trkpt>
   <trkpt lat="50.639001" lon="10.338116"><ele>305</ele></trkpt>
   <trkpt lat="50.639215" lon="10.338437"><ele>304.75</ele></trkpt>
   <trkpt lat="50.639306" lon="10.33876"><ele>304.25</ele></trkpt>
   <trkpt lat="50.639504" lon="10.339716"><ele>303.75</ele></trkpt>
   <trkpt lat="50.639651" lon="10.340066"><ele>303.25</ele></trkpt>
   <trkpt lat="50.6398" lon="10.340223"><ele>303.25</ele></trkpt>
   <trkpt lat="50.639983" lon="10.34036"><ele>302.25</ele></trkpt>
   <trkpt lat="50.640773" lon="10.340712"><ele>300.5</ele></trkpt>
   <trkpt lat="50.642237" lon="10.34129"><ele>299</ele></trkpt>
   <trkpt lat="50.642688" lon="10.341734"><ele>298.25</ele></trkpt>
   <trkpt lat="50.643017" lon="10.342208"><ele>296.75</ele></trkpt>
   <trkpt lat="50.643166" lon="10.342502"><ele>296.25</ele></trkpt>
   <trkpt lat="50.643331" lon="10.342966"><ele>297.25</ele></trkpt>
   <trkpt lat="50.643675" lon="10.343731"><ele>297.5</ele></trkpt>
   <trkpt lat="50.644004" lon="10.344289"><ele>295.25</ele></trkpt>
   <trkpt lat="50.644417" lon="10.345062"><ele>294.25</ele></trkpt>
   <trkpt lat="50.645044" lon="10.34575"><ele>295.25</ele></trkpt>
   <trkpt lat="50.645534" lon="10.346117"><ele>292.5</ele></trkpt>
   <trkpt lat="50.646322" lon="10.346523"><ele>296.25</ele></trkpt>
   <trkpt lat="50.647783" lon="10.347012"><ele>294.25</ele></trkpt>
   <trkpt lat="50.648341" lon="10.347326"><ele>293.5</ele></trkpt>
   <trkpt lat="50.648571" lon="10.347647"><ele>293.25</ele></trkpt>
   <trkpt lat="50.648838" lon="10.348351"><ele>292.25</ele></trkpt>
   <trkpt lat="50.649076" lon="10.349239"><ele>291</ele></trkpt>
   <trkpt lat="50.649167" lon="10.35021"><ele>289.25</ele></trkpt>
   <trkpt lat="50.649366" lon="10.351664"><ele>289.25</ele></trkpt>
   <trkpt lat="50.649588" lon="10.351947"><ele>291</ele></trkpt>
   <trkpt lat="50.650284" lon="10.352482"><ele>294.5</ele></trkpt>
   <trkpt lat="50.651218" lon="10.353001"><ele>293.75</ele></trkpt>
   <trkpt lat="50.651514" lon="10.353139"><ele>293.5</ele></trkpt>
   <trkpt lat="50.651567" lon="10.353155"><ele>293.5</ele></trkpt>
   <trkpt lat="50.652051" lon="10.353302"><ele>294.25</ele></trkpt>
   <trkpt lat="50.652428" lon="10.353467"><ele>294.25</ele></trkpt>
   <trkpt lat="50.652793" lon="10.35372"><ele>294.25</ele></trkpt>
   <trkpt lat="50.653211" lon="10.354119"><ele>296</ele></trkpt>
   <trkpt lat="50.653414" lon="10.354378"><ele>296.5</ele></trkpt>
   <trkpt lat="50.653728" lon="10.354835"><ele>297</ele></trkpt>
   <trkpt lat="50.653798" lon="10.354955"><ele>296.5</ele></trkpt>
   <trkpt lat="50.654057" lon="10.355468"><ele>296.75</ele></trkpt>
   <trkpt lat="50.654532" lon="10.356461"><ele>301</ele></trkpt>
   <trkpt lat="50.654886" lon="10.357173"><ele>300.75</ele></trkpt>
   <trkpt lat="50.655257" lon="10.357753"><ele>301.75</ele></trkpt>
   <trkpt lat="50.655846" lon="10.358488"><ele>299.75</ele></trkpt>
   <trkpt lat="50.656122" lon="10.358818"><ele>299.5</ele></trkpt>
   <trkpt lat="50.656562" lon="10.359242"><ele>298.25</ele></trkpt>
   <trkpt lat="50.657337" lon="10.359635"><ele>301.25</ele></trkpt>
   <trkpt lat="50.658219" lon="10.36039"><ele>299</ele></trkpt>
   <trkpt lat="50.65857" lon="10.360782"><ele>297</ele></trkpt>
   <trkpt lat="50.658776" lon="10.361034"><ele>295.75</ele></trkpt>
   <trkpt lat="50.658886" lon="10.361194"><ele>294.5</ele></trkpt>
   <trkpt lat="50.65903" lon="10.361441"><ele>295.25</ele></trkpt>
   <trkpt lat="50.659088" lon="10.361561"><ele>293.75</ele></trkpt>
   <trkpt lat="50.659184" lon="10.361811"><ele>292</ele></trkpt>
   <trkpt lat="50.659226" lon="10.361955"><ele>292.75</ele></trkpt>
   <trkpt lat="50.659315" lon="10.362369"><ele>288.75</ele></trkpt>
   <trkpt lat="50.659356" lon="10.362528"><ele>287</ele></trkpt>
   <trkpt lat="50.659404" lon="10.362685"><ele>285.5</ele></trkpt>
   <trkpt lat="50.659586" lon="10.363203"><ele>282.5</ele></trkpt>
   <trkpt lat="50.659717" lon="10.363592"><ele>281</ele></trkpt>
   <trkpt lat="50.659831" lon="10.363992"><ele>279.25</ele></trkpt>
   <trkpt lat="50.659926" lon="10.364391"><ele>276.5</ele></trkpt>
   <trkpt lat="50.659945" lon="10.364508"><ele>276</ele></trkpt>
   <trkpt lat="50.660107" lon="10.36524"><ele>274</ele></trkpt>
   <trkpt lat="50.660149" lon="10.365338"><ele>273.5</ele></trkpt>
   <trkpt lat="50.660203" lon="10.365414"><ele>273.25</ele></trkpt>
   <trkpt lat="50.660289" lon="10.365479"><ele>273.25</ele></trkpt>
   <trkpt lat="50.660359" lon="10.365491"><ele>273</ele></trkpt>
   <trkpt lat="50.660434" lon="10.365477"><ele>273</ele></trkpt>
   <trkpt lat="50.660577" lon="10.365426"><ele>272.75</ele></trkpt>
   <trkpt lat="50.661377" lon="10.365099"><ele>271.5</ele></trkpt>
   <trkpt lat="50.661666" lon="10.364943"><ele>271</ele></trkpt>
   <trkpt lat="50.66172" lon="10.364931"><ele>270.75</ele></trkpt>
   <trkpt lat="50.661802" lon="10.364942"><ele>270.5</ele></trkpt>
   <trkpt lat="50.661872" lon="10.364971"><ele>270.25</ele></trkpt>
   <trkpt lat="50.661908" lon="10.364987"><ele>270</ele></trkpt>
   <trkpt lat="50.662047" lon="10.36431"><ele>271</ele></trkpt>
   <trkpt lat="50.662309" lon="10.363031"><ele>272.5</ele></trkpt>
   <trkpt lat="50.662358" lon="10.36262"><ele>273.25</ele></trkpt>
   <trkpt lat="50.662414" lon="10.36191"><ele>274.25</ele></trkpt>
   <trkpt lat="50.662436" lon="10.361702"><ele>274.25</ele></trkpt>
   <trkpt lat="50.662474" lon="10.361518"><ele>274.5</ele></trkpt>
   <trkpt lat="50.662533" lon="10.36127"><ele>275.25</ele></trkpt>
   <trkpt lat="50.662599" lon="10.361086"><ele>275.25</ele></trkpt>
   <trkpt lat="50.662654" lon="10.360965"><ele>274.75</ele></trkpt>
   <trkpt lat="50.663053" lon="10.360068"><ele>273</ele></trkpt>
   <trkpt lat="50.663083" lon="10.36"><ele>272.75</ele></trkpt>
   <trkpt lat="50.663238" lon="10.359627"><ele>272.5</ele></trkpt>
   <trkpt lat="50.663278" lon="10.359531"><ele>271.75</ele></trkpt>
   <trkpt lat="50.663396" lon="10.359245"><ele>271.5</ele></trkpt>
   <trkpt lat="50.663482" lon="10.359019"><ele>272.25</ele></trkpt>
   <trkpt lat="50.663621" lon="10.358639"><ele>270</ele></trkpt>
   <trkpt lat="50.663736" lon="10.358297"><ele>270.5</ele></trkpt>
   <trkpt lat="50.663878" lon="10.35783"><ele>270</ele></trkpt>
   <trkpt lat="50.664208" lon="10.356627"><ele>269.75</ele></trkpt>
   <trkpt lat="50.664304" lon="10.356257"><ele>269.75</ele></trkpt>
   <trkpt lat="50.664374" lon="10.355957"><ele>269.75</ele></trkpt>
   <trkpt lat="50.664442" lon="10.355629"><ele>269.75</ele></trkpt>
   <trkpt lat="50.664576" lon="10.354955"><ele>271.75</ele></trkpt>
   <trkpt lat="50.664656" lon="10.354619"><ele>271.25</ele></trkpt>
   <trkpt lat="50.664702" lon="10.354445"><ele>270.25</ele></trkpt>
   <trkpt lat="50.665018" lon="10.3534"><ele>270.5</ele></trkpt>
   <trkpt lat="50.665063" lon="10.353239"><ele>271</ele></trkpt>
   <trkpt lat="50.66508" lon="10.353145"><ele>271.25</ele></trkpt>
   <trkpt lat="50.665085" lon="10.353071"><ele>271.5</ele></trkpt>
   <trkpt lat="50.665082" lon="10.35301"><ele>271.75</ele></trkpt>
   <trkpt lat="50.665041" lon="10.352804"><ele>272.25</ele></trkpt>
   <trkpt lat="50.664975" lon="10.352577"><ele>274.75</ele></trkpt>
   <trkpt lat="50.664932" lon="10.352456"><ele>275.75</ele></trkpt>
   <trkpt lat="50.664915" lon="10.352368"><ele>275.75</ele></trkpt>
   <trkpt lat="50.664912" lon="10.352209"><ele>275.25</ele></trkpt>
   <trkpt lat="50.664928" lon="10.35212"><ele>275.25</ele></trkpt>
   <trkpt lat="50.664953" lon="10.352029"><ele>274.75</ele></trkpt>
   <trkpt lat="50.66503" lon="10.351846"><ele>274.75</ele></trkpt>
   <trkpt lat="50.665465" lon="10.350961"><ele>277.5</ele></trkpt>
   <trkpt lat="50.665963" lon="10.349983"><ele>277.25</ele></trkpt>
   <trkpt lat="50.666108" lon="10.349728"><ele>276</ele></trkpt>
   <trkpt lat="50.666276" lon="10.349471"><ele>276.75</ele></trkpt>
   <trkpt lat="50.666876" lon="10.348613"><ele>276</ele></trkpt>
   <trkpt lat="50.667408" lon="10.347976"><ele>279.75</ele></trkpt>
   <trkpt lat="50.667825" lon="10.347497"><ele>281.25</ele></trkpt>
   <trkpt lat="50.667895" lon="10.347426"><ele>282</ele></trkpt>
   <trkpt lat="50.668002" lon="10.347339"><ele>282.25</ele></trkpt>
   <trkpt lat="50.668054" lon="10.347308"><ele>282</ele></trkpt>
   <trkpt lat="50.668156" lon="10.34727"><ele>282</ele></trkpt>
   <trkpt lat="50.668261" lon="10.347221"><ele>282.5</ele></trkpt>
   <trkpt lat="50.668386" lon="10.347125"><ele>282.25</ele></trkpt>
   <trkpt lat="50.668691" lon="10.346818"><ele>281.5</ele></trkpt>
   <trkpt lat="50.668847" lon="10.346642"><ele>281.75</ele></trkpt>
   <trkpt lat="50.669389" lon="10.34596"><ele>281.25</ele></trkpt>
   <trkpt lat="50.669465" lon="10.34587"><ele>281.25</ele></trkpt>
   <trkpt lat="50.669528" lon="10.34581"><ele>281.5</ele></trkpt>
   <trkpt lat="50.669654" lon="10.345721"><ele>281.75</ele></trkpt>
   <trkpt lat="50.669728" lon="10.345679"><ele>282</ele></trkpt>
   <trkpt lat="50.669953" lon="10.345583"><ele>281.5</ele></trkpt>
   <trkpt lat="50.670024" lon="10.345543"><ele>281.5</ele></trkpt>
   <trkpt lat="50.670104" lon="10.345483"><ele>280.5</ele></trkpt>
   <trkpt lat="50.670752" lon="10.344901"><ele>279.5</ele></trkpt>
   <trkpt lat="50.670903" lon="10.344775"><ele>279.25</ele></trkpt>
   <trkpt lat="50.671086" lon="10.344663"><ele>280</ele></trkpt>
   <trkpt lat="50.67142" lon="10.344505"><ele>281.25</ele></trkpt>
   <trkpt lat="50.672446" lon="10.344092"><ele>287</ele></trkpt>
   <trkpt lat="50.672887" lon="10.34394"><ele>288</ele></trkpt>
   <trkpt lat="50.673274" lon="10.343861"><ele>288.75</ele></trkpt>
   <trkpt lat="50.673556" lon="10.343821"><ele>287.75</ele></trkpt>
   <trkpt lat="50.67393" lon="10.343776"><ele>287.25</ele></trkpt>
   <trkpt lat="50.674823" lon="10.343745"><ele>284.5</ele></trkpt>
   <trkpt lat="50.675053" lon="10.343684"><ele>283.25</ele></trkpt>
   <trkpt lat="50.675129" lon="10.343621"><ele>283.75</ele></trkpt>
   <trkpt lat="50.675191" lon="10.343533"><ele>283.75</ele></trkpt>
   <trkpt lat="50.675265" lon="10.343381"><ele>283</ele></trkpt>
   <trkpt lat="50.675315" lon="10.343181"><ele>281.75</ele></trkpt>
   <trkpt lat="50.675409" lon="10.342163"><ele>279.25</ele></trkpt>
   <trkpt lat="50.67539" lon="10.341547"><ele>276.75</ele></trkpt>
   <trkpt lat="50.675337" lon="10.341211"><ele>275.5</ele></trkpt>
   <trkpt lat="50.675242" lon="10.340918"><ele>275.25</ele></trkpt>
   <trkpt lat="50.675119" lon="10.340703"><ele>274.25</ele></trkpt>
   <trkpt lat="50.674901" lon="10.340416"><ele>273.25</ele></trkpt>
   <trkpt lat="50.674841" lon="10.340286"><ele>271.25</ele></trkpt>
   <trkpt lat="50.674816" lon="10.340192"><ele>271</ele></trkpt>
   <trkpt lat="50.674784" lon="10.340032"><ele>270</ele></trkpt>
   <trkpt lat="50.674712" lon="10.339666"><ele>271</ele></trkpt>
   <trkpt lat="50.674676" lon="10.33952"><ele>271.5</ele></trkpt>
   <trkpt lat="50.674711" lon="10.339512"><ele>271.5</ele></trkpt>
   <trkpt lat="50.674748" lon="10.339502"><ele>271.75</ele></trkpt>
   <trkpt lat="50.674856" lon="10.339506"><ele>271.5</ele></trkpt>
   <trkpt lat="50.675827" lon="10.339828"><ele>272.25</ele></trkpt>
   <trkpt lat="50.675895" lon="10.339873"><ele>273.25</ele></trkpt>
   <trkpt lat="50.675965" lon="10.339943"><ele>273.25</ele></trkpt>
   <trkpt lat="50.676041" lon="10.340058"><ele>272.25</ele></trkpt>
   <trkpt lat="50.676172" lon="10.340324"><ele>272.25</ele></trkpt>
   <trkpt lat="50.676269" lon="10.34055"><ele>272.75</ele></trkpt>
   <trkpt lat="50.676328" lon="10.340733"><ele>272</ele></trkpt>
   <trkpt lat="50.67645" lon="10.341269"><ele>271.5</ele></trkpt>
   <trkpt lat="50.676554" lon="10.341788"><ele>270</ele></trkpt>
   <trkpt lat="50.67676" lon="10.342649"><ele>271</ele></trkpt>
   <trkpt lat="50.676871" lon="10.342884"><ele>271.75</ele></trkpt>
   <trkpt lat="50.677092" lon="10.343291"><ele>274.5</ele></trkpt>
   <trkpt lat="50.677167" lon="10.343487"><ele>273.75</ele></trkpt>
   <trkpt lat="50.677306" lon="10.343809"><ele>273</ele></trkpt>
   <trkpt lat="50.677647" lon="10.34444"><ele>272.5</ele></trkpt>
   <trkpt lat="50.677732" lon="10.344652"><ele>270.5</ele></trkpt>
   <trkpt lat="50.677774" lon="10.344764"><ele>269.25</ele></trkpt>
   <trkpt lat="50.677857" lon="10.34492"><ele>268</ele></trkpt>
   <trkpt lat="50.67787" lon="10.344942"><ele>267.75</ele></trkpt>
   <trkpt lat="50.677953" lon="10.345022"><ele>267.5</ele></trkpt>
   <trkpt lat="50.678045" lon="10.345088"><ele>267.25</ele></trkpt>
   <trkpt lat="50.678809" lon="10.345442"><ele>268</ele></trkpt>
   <trkpt lat="50.679382" lon="10.34572"><ele>267.5</ele></trkpt>
   <trkpt lat="50.681422" lon="10.346739"><ele>267.75</ele></trkpt>
   <trkpt lat="50.681504" lon="10.346781"><ele>267.75</ele></trkpt>
   <trkpt lat="50.682124" lon="10.347124"><ele>268</ele></trkpt>
   <trkpt lat="50.682374" lon="10.347351"><ele>267.5</ele></trkpt>
   <trkpt lat="50.68256" lon="10.347573"><ele>267.25</ele></trkpt>
   <trkpt lat="50.682725" lon="10.347802"><ele>266.5</ele></trkpt>
   <trkpt lat="50.682951" lon="10.348187"><ele>265.75</ele></trkpt>
   <trkpt lat="50.683171" lon="10.348626"><ele>265</ele></trkpt>
   <trkpt lat="50.683706" lon="10.349819"><ele>264.25</ele></trkpt>
   <trkpt lat="50.684238" lon="10.351018"><ele>264</ele></trkpt>
   <trkpt lat="50.684415" lon="10.351364"><ele>263.75</ele></trkpt>
   <trkpt lat="50.684597" lon="10.351641"><ele>263.5</ele></trkpt>
   <trkpt lat="50.684785" lon="10.351841"><ele>263.5</ele></trkpt>
   <trkpt lat="50.684948" lon="10.351979"><ele>263.5</ele></trkpt>
   <trkpt lat="50.685115" lon="10.352032"><ele>263.5</ele></trkpt>
   <trkpt lat="50.685302" lon="10.352041"><ele>263.5</ele></trkpt>
   <trkpt lat="50.68632" lon="10.352064"><ele>263.5</ele></trkpt>
   <trkpt lat="50.687944" lon="10.352099"><ele>264</ele></trkpt>
   <trkpt lat="50.688569" lon="10.352124"><ele>263.25</ele></trkpt>
   <trkpt lat="50.689275" lon="10.352136"><ele>263</ele></trkpt>
   <trkpt lat="50.689787" lon="10.352147"><ele>263</ele></trkpt>
   <trkpt lat="50.690387" lon="10.352177"><ele>263</ele></trkpt>
   <trkpt lat="50.690554" lon="10.352226"><ele>262.75</ele></trkpt>
   <trkpt lat="50.69059" lon="10.352246"><ele>262.75</ele></trkpt>
   <trkpt lat="50.690603" lon="10.352254"><ele>262.75</ele></trkpt>
   <trkpt lat="50.690645" lon="10.352278"><ele>262.5</ele></trkpt>
   <trkpt lat="50.690644" lon="10.352377"><ele>262.5</ele></trkpt>
   <trkpt lat="50.69067" lon="10.352439"><ele>262.5</ele></trkpt>
   <trkpt lat="50.690716" lon="10.352538"><ele>262.25</ele></trkpt>
   <trkpt lat="50.691354" lon="10.354157"><ele>262.75</ele></trkpt>
   <trkpt lat="50.691374" lon="10.354211"><ele>262.5</ele></trkpt>
   <trkpt lat="50.691974" lon="10.355657"><ele>264.75</ele></trkpt>
   <trkpt lat="50.692054" lon="10.355841"><ele>267.25</ele></trkpt>
   <trkpt lat="50.692069" lon="10.355869"><ele>267.5</ele></trkpt>
   <trkpt lat="50.692087" lon="10.355908"><ele>267.75</ele></trkpt>
   <trkpt lat="50.692243" lon="10.355764"><ele>267.75</ele></trkpt>
   <trkpt lat="50.692494" lon="10.355949"><ele>268.25</ele></trkpt>
   <trkpt lat="50.692546" lon="10.355988"><ele>268.5</ele></trkpt>
   <trkpt lat="50.692788" lon="10.356234"><ele>269.75</ele></trkpt>
   <trkpt lat="50.692952" lon="10.356379"><ele>270.25</ele></trkpt>
   <trkpt lat="50.693027" lon="10.356485"><ele>271</ele></trkpt>
   <trkpt lat="50.693089" lon="10.356622"><ele>272.25</ele></trkpt>
   <trkpt lat="50.693164" lon="10.356586"><ele>271.5</ele></trkpt>
   <trkpt lat="50.693283" lon="10.356587"><ele>271.25</ele></trkpt>
   <trkpt lat="50.693386" lon="10.356608"><ele>271</ele></trkpt>
   <trkpt lat="50.693804" lon="10.356565"><ele>268</ele></trkpt>
   <trkpt lat="50.693916" lon="10.356534"><ele>267.25</ele></trkpt>
   <trkpt lat="50.694026" lon="10.356483"><ele>266.5</ele></trkpt>
   <trkpt lat="50.694217" lon="10.356366"><ele>265.5</ele></trkpt>
   <trkpt lat="50.694765" lon="10.356085"><ele>263</ele></trkpt>
   <trkpt lat="50.695065" lon="10.355931"><ele>263</ele></trkpt>
   <trkpt lat="50.696209" lon="10.357094"><ele>263</ele></trkpt>
   <trkpt lat="50.696989" lon="10.357091"><ele>263</ele></trkpt>
   <trkpt lat="50.697235" lon="10.357107"><ele>262.75</ele></trkpt>
   <trkpt lat="50.698218" lon="10.35708"><ele>262</ele></trkpt>
   <trkpt lat="50.698499" lon="10.357081"><ele>262</ele></trkpt>
   <trkpt lat="50.701996" lon="10.357042"><ele>263</ele></trkpt>
   <trkpt lat="50.702298" lon="10.357038"><ele>262.75</ele></trkpt>
   <trkpt lat="50.702345" lon="10.357038"><ele>262.75</ele></trkpt>
   <trkpt lat="50.702374" lon="10.357037"><ele>262.75</ele></trkpt>
   <trkpt lat="50.702591" lon="10.357063"><ele>262.25</ele></trkpt>
   <trkpt lat="50.702687" lon="10.357093"><ele>262</ele></trkpt>
   <trkpt lat="50.702762" lon="10.35715"><ele>261.75</ele></trkpt>
   <trkpt lat="50.702956" lon="10.357321"><ele>261.5</ele></trkpt>
   <trkpt lat="50.7031" lon="10.357459"><ele>261.75</ele></trkpt>
   <trkpt lat="50.703649" lon="10.357852"><ele>261.5</ele></trkpt>
   <trkpt lat="50.703712" lon="10.357728"><ele>261.5</ele></trkpt>
   <trkpt lat="50.704274" lon="10.356397"><ele>260.5</ele></trkpt>
   <trkpt lat="50.704371" lon="10.356135"><ele>260.25</ele></trkpt>
   <trkpt lat="50.704451" lon="10.355786"><ele>259.75</ele></trkpt>
   <trkpt lat="50.704599" lon="10.354839"><ele>259</ele></trkpt>
   <trkpt lat="50.704623" lon="10.354726"><ele>259</ele></trkpt>
   <trkpt lat="50.704694" lon="10.354527"><ele>259.5</ele></trkpt>
   <trkpt lat="50.704828" lon="10.35423"><ele>259</ele></trkpt>
   <trkpt lat="50.704891" lon="10.354122"><ele>259</ele></trkpt>
   <trkpt lat="50.705203" lon="10.35368"><ele>259</ele></trkpt>
   <trkpt lat="50.705609" lon="10.35315"><ele>258.75</ele></trkpt>
   <trkpt lat="50.706225" lon="10.352401"><ele>259</ele></trkpt>
   <trkpt lat="50.706527" lon="10.352096"><ele>259</ele></trkpt>
   <trkpt lat="50.706755" lon="10.351922"><ele>258.75</ele></trkpt>
   <trkpt lat="50.707172" lon="10.351651"><ele>259</ele></trkpt>
   <trkpt lat="50.707587" lon="10.351514"><ele>259</ele></trkpt>
   <trkpt lat="50.707836" lon="10.351455"><ele>258.75</ele></trkpt>
   <trkpt lat="50.707999" lon="10.351458"><ele>258.25</ele></trkpt>
   <trkpt lat="50.708274" lon="10.351578"><ele>258.75</ele></trkpt>
   <trkpt lat="50.708999" lon="10.351666"><ele>258.75</ele></trkpt>
   <trkpt lat="50.710398" lon="10.351895"><ele>258.75</ele></trkpt>
   <trkpt lat="50.710611" lon="10.351924"><ele>258.75</ele></trkpt>
   <trkpt lat="50.710868" lon="10.351943"><ele>258.75</ele></trkpt>
   <trkpt lat="50.711411" lon="10.351968"><ele>257.75</ele></trkpt>
   <trkpt lat="50.711588" lon="10.351994"><ele>257.75</ele></trkpt>
   <trkpt lat="50.711714" lon="10.352035"><ele>257.5</ele></trkpt>
   <trkpt lat="50.711889" lon="10.352135"><ele>257.25</ele></trkpt>
   <trkpt lat="50.711993" lon="10.352132"><ele>257.25</ele></trkpt>
   <trkpt lat="50.71206" lon="10.352109"><ele>257.25</ele></trkpt>
   <trkpt lat="50.712133" lon="10.352103"><ele>257.25</ele></trkpt>
   <trkpt lat="50.712222" lon="10.352112"><ele>257.25</ele></trkpt>
   <trkpt lat="50.712493" lon="10.352197"><ele>257</ele></trkpt>
   <trkpt lat="50.712589" lon="10.352186"><ele>257</ele></trkpt>
   <trkpt lat="50.712754" lon="10.35215"><ele>257</ele></trkpt>
   <trkpt lat="50.713142" lon="10.352164"><ele>256.5</ele></trkpt>
   <trkpt lat="50.713289" lon="10.352189"><ele>256</ele></trkpt>
   <trkpt lat="50.713355" lon="10.35221"><ele>256</ele></trkpt>
   <trkpt lat="50.713406" lon="10.352248"><ele>256</ele></trkpt>
   <trkpt lat="50.713452" lon="10.352336"><ele>256</ele></trkpt>
   <trkpt lat="50.713471" lon="10.352458"><ele>256.25</ele></trkpt>
   <trkpt lat="50.713476" lon="10.352601"><ele>256.25</ele></trkpt>
   <trkpt lat="50.713468" lon="10.353205"><ele>256.5</ele></trkpt>
   <trkpt lat="50.713345" lon="10.356044"><ele>256</ele></trkpt>
   <trkpt lat="50.713306" lon="10.357114"><ele>256</ele></trkpt>
   <trkpt lat="50.71332" lon="10.357337"><ele>256.25</ele></trkpt>
   <trkpt lat="50.713346" lon="10.357545"><ele>256.75</ele></trkpt>
   <trkpt lat="50.71351" lon="10.358551"><ele>257</ele></trkpt>
   <trkpt lat="50.713543" lon="10.358691"><ele>257</ele></trkpt>
   <trkpt lat="50.713588" lon="10.358798"><ele>257</ele></trkpt>
   <trkpt lat="50.7138" lon="10.359154"><ele>257.25</ele></trkpt>
   <trkpt lat="50.714194" lon="10.359772"><ele>256.75</ele></trkpt>
   <trkpt lat="50.714195" lon="10.359903"><ele>256.75</ele></trkpt>
   <trkpt lat="50.714169" lon="10.360389"><ele>257</ele></trkpt>
   <trkpt lat="50.714257" lon="10.360768"><ele>257.5</ele></trkpt>
   <trkpt lat="50.714365" lon="10.361274"><ele>257</ele></trkpt>
   <trkpt lat="50.714482" lon="10.36175"><ele>258.5</ele></trkpt>
   <trkpt lat="50.714539" lon="10.361935"><ele>259.5</ele></trkpt>
   <trkpt lat="50.714552" lon="10.362049"><ele>259.5</ele></trkpt>
   <trkpt lat="50.71455" lon="10.362177"><ele>259.75</ele></trkpt>
   <trkpt lat="50.71453" lon="10.362304"><ele>260</ele></trkpt>
   <trkpt lat="50.714455" lon="10.362607"><ele>259</ele></trkpt>
   <trkpt lat="50.714395" lon="10.362895"><ele>259</ele></trkpt>
   <trkpt lat="50.714374" lon="10.363232"><ele>259.25</ele></trkpt>
   <trkpt lat="50.714371" lon="10.364014"><ele>261</ele></trkpt>
   <trkpt lat="50.714325" lon="10.364346"><ele>262</ele></trkpt>
   <trkpt lat="50.71438" lon="10.364407"><ele>261.25</ele></trkpt>
   <trkpt lat="50.714383" lon="10.364564"><ele>261.75</ele></trkpt>
   <trkpt lat="50.714415" lon="10.364636"><ele>261.75</ele></trkpt>
   <trkpt lat="50.714453" lon="10.364686"><ele>261.75</ele></trkpt>
   <trkpt lat="50.714499" lon="10.364708"><ele>261</ele></trkpt>
   <trkpt lat="50.714768" lon="10.364819"><ele>258.5</ele></trkpt>
   <trkpt lat="50.715105" lon="10.364951"><ele>259.25</ele></trkpt>
   <trkpt lat="50.715225" lon="10.364986"><ele>259</ele></trkpt>
   <trkpt lat="50.715438" lon="10.365076"><ele>259.25</ele></trkpt>
   <trkpt lat="50.715793" lon="10.36522"><ele>259.75</ele></trkpt>
   <trkpt lat="50.71618" lon="10.365251"><ele>259</ele></trkpt>
   <trkpt lat="50.71632" lon="10.365287"><ele>259</ele></trkpt>
   <trkpt lat="50.716455" lon="10.365281"><ele>259</ele></trkpt>
   <trkpt lat="50.716685" lon="10.365278"><ele>259</ele></trkpt>
   <trkpt lat="50.717275" lon="10.365203"><ele>259.5</ele></trkpt>
   <trkpt lat="50.717526" lon="10.3652"><ele>259.75</ele></trkpt>
   <trkpt lat="50.717682" lon="10.365252"><ele>260.5</ele></trkpt>
   <trkpt lat="50.7182" lon="10.365635"><ele>262.75</ele></trkpt>
   <trkpt lat="50.718269" lon="10.365633"><ele>263</ele></trkpt>
   <trkpt lat="50.718411" lon="10.365505"><ele>263.75</ele></trkpt>
   <trkpt lat="50.718626" lon="10.364326"><ele>262.25</ele></trkpt>
   <trkpt lat="50.718672" lon="10.364111"><ele>262.25</ele></trkpt>
   <trkpt lat="50.718758" lon="10.363873"><ele>260.75</ele></trkpt>
   <trkpt lat="50.719004" lon="10.363309"><ele>258.75</ele></trkpt>
   <trkpt lat="50.719234" lon="10.362737"><ele>259.25</ele></trkpt>
   <trkpt lat="50.719301" lon="10.362561"><ele>259</ele></trkpt>
   <trkpt lat="50.719362" lon="10.362375"><ele>257.75</ele></trkpt>
   <trkpt lat="50.719407" lon="10.362189"><ele>256.75</ele></trkpt>
   <trkpt lat="50.719464" lon="10.362203"><ele>257</ele></trkpt>
   <trkpt lat="50.719595" lon="10.362172"><ele>258</ele></trkpt>
   <trkpt lat="50.719752" lon="10.362086"><ele>258</ele></trkpt>
   <trkpt lat="50.72023" lon="10.361769"><ele>258.5</ele></trkpt>
   <trkpt lat="50.720641" lon="10.361441"><ele>258</ele></trkpt>
   <trkpt lat="50.721164" lon="10.36115"><ele>257.75</ele></trkpt>
   <trkpt lat="50.721613" lon="10.361021"><ele>257.5</ele></trkpt>
   <trkpt lat="50.722925" lon="10.360918"><ele>256.25</ele></trkpt>
   <trkpt lat="50.723574" lon="10.360914"><ele>256.25</ele></trkpt>
   <trkpt lat="50.723757" lon="10.360966"><ele>256</ele></trkpt>
   <trkpt lat="50.724093" lon="10.36115"><ele>256.25</ele></trkpt>
   <trkpt lat="50.724482" lon="10.36129"><ele>255.5</ele></trkpt>
   <trkpt lat="50.724715" lon="10.361496"><ele>256.75</ele></trkpt>
   <trkpt lat="50.724944" lon="10.361753"><ele>257.25</ele></trkpt>
   <trkpt lat="50.725205" lon="10.361959"><ele>258</ele></trkpt>
   <trkpt lat="50.725646" lon="10.362239"><ele>258</ele></trkpt>
   <trkpt lat="50.726157" lon="10.362585"><ele>258</ele></trkpt>
   <trkpt lat="50.726197" lon="10.362736"><ele>258.75</ele></trkpt>
   <trkpt lat="50.725913" lon="10.363922"><ele>262.5</ele></trkpt>
   <trkpt lat="50.72577" lon="10.364513"><ele>264</ele></trkpt>
   <trkpt lat="50.72595" lon="10.364601"><ele>264</ele></trkpt>
   <trkpt lat="50.727138" lon="10.365201"><ele>262.5</ele></trkpt>
   <trkpt lat="50.727354" lon="10.365345"><ele>262.75</ele></trkpt>
   <trkpt lat="50.727706" lon="10.365671"><ele>263</ele></trkpt>
   <trkpt lat="50.72788" lon="10.365804"><ele>263.75</ele></trkpt>
   <trkpt lat="50.728136" lon="10.36594"><ele>262</ele></trkpt>
   <trkpt lat="50.728685" lon="10.366198"><ele>261.75</ele></trkpt>
   <trkpt lat="50.728893" lon="10.366277"><ele>263</ele></trkpt>
   <trkpt lat="50.729052" lon="10.366308"><ele>263</ele></trkpt>
   <trkpt lat="50.729218" lon="10.366293"><ele>262.75</ele></trkpt>
   <trkpt lat="50.729288" lon="10.366276"><ele>262.5</ele></trkpt>
   <trkpt lat="50.729408" lon="10.366219"><ele>261.75</ele></trkpt>
   <trkpt lat="50.729896" lon="10.365954"><ele>261</ele></trkpt>
   <trkpt lat="50.730333" lon="10.365759"><ele>260.75</ele></trkpt>
   <trkpt lat="50.730648" lon="10.3656"><ele>261</ele></trkpt>
   <trkpt lat="50.731449" lon="10.36517"><ele>259.5</ele></trkpt>
   <trkpt lat="50.732879" lon="10.364407"><ele>259.75</ele></trkpt>
   <trkpt lat="50.733116" lon="10.364289"><ele>260</ele></trkpt>
   <trkpt lat="50.733327" lon="10.364173"><ele>260</ele></trkpt>
   <trkpt lat="50.733477" lon="10.36407"><ele>259.75</ele></trkpt>
   <trkpt lat="50.733614" lon="10.363953"><ele>260</ele></trkpt>
   <trkpt lat="50.733763" lon="10.363809"><ele>259.5</ele></trkpt>
   <trkpt lat="50.734967" lon="10.362579"><ele>257.5</ele></trkpt>
   <trkpt lat="50.735015" lon="10.36253"><ele>257.75</ele></trkpt>
   <trkpt lat="50.735843" lon="10.361663"><ele>256.75</ele></trkpt>
   <trkpt lat="50.737221" lon="10.360257"><ele>257</ele></trkpt>
   <trkpt lat="50.73728" lon="10.360195"><ele>257</ele></trkpt>
   <trkpt lat="50.737526" lon="10.359914"><ele>257.5</ele></trkpt>
   <trkpt lat="50.737732" lon="10.359751"><ele>257.5</ele></trkpt>
   <trkpt lat="50.738037" lon="10.359665"><ele>257.25</ele></trkpt>
   <trkpt lat="50.739703" lon="10.35906"><ele>256.75</ele></trkpt>
   <trkpt lat="50.741215" lon="10.358539"><ele>256</ele></trkpt>
   <trkpt lat="50.741401" lon="10.358463"><ele>256.25</ele></trkpt>
   <trkpt lat="50.741436" lon="10.358427"><ele>256.25</ele></trkpt>
   <trkpt lat="50.741487" lon="10.35833"><ele>255.75</ele></trkpt>
   <trkpt lat="50.741571" lon="10.358381"><ele>256</ele></trkpt>
   <trkpt lat="50.741662" lon="10.358377"><ele>256</ele></trkpt>
   <trkpt lat="50.742112" lon="10.358225"><ele>256</ele></trkpt>
   <trkpt lat="50.742488" lon="10.358097"><ele>256</ele></trkpt>
   <trkpt lat="50.743875" lon="10.357579"><ele>255</ele></trkpt>
   <trkpt lat="50.743936" lon="10.357553"><ele>255</ele></trkpt>
   <trkpt lat="50.744047" lon="10.357492"><ele>255</ele></trkpt>
   <trkpt lat="50.744218" lon="10.35737"><ele>255</ele></trkpt>
   <trkpt lat="50.744358" lon="10.357254"><ele>255</ele></trkpt>
   <trkpt lat="50.744453" lon="10.357167"><ele>255</ele></trkpt>
   <trkpt lat="50.744529" lon="10.357093"><ele>255</ele></trkpt>
   <trkpt lat="50.744553" lon="10.357071"><ele>255</ele></trkpt>
   <trkpt lat="50.744668" lon="10.356952"><ele>255</ele></trkpt>
   <trkpt lat="50.744874" lon="10.356651"><ele>255.5</ele></trkpt>
   <trkpt lat="50.745546" lon="10.355668"><ele>254.75</ele></trkpt>
   <trkpt lat="50.745614" lon="10.355559"><ele>254</ele></trkpt>
   <trkpt lat="50.745651" lon="10.35546"><ele>254</ele></trkpt>
   <trkpt lat="50.745654" lon="10.35535"><ele>254</ele></trkpt>
   <trkpt lat="50.745719" lon="10.355328"><ele>254</ele></trkpt>
   <trkpt lat="50.745794" lon="10.355266"><ele>253.75</ele></trkpt>
   <trkpt lat="50.746928" lon="10.353611"><ele>253.75</ele></trkpt>
   <trkpt lat="50.748561" lon="10.351198"><ele>250.75</ele></trkpt>
   <trkpt lat="50.749585" lon="10.349658"><ele>250</ele></trkpt>
   <trkpt lat="50.750054" lon="10.348992"><ele>250</ele></trkpt>
   <trkpt lat="50.750354" lon="10.348572"><ele>250</ele></trkpt>
   <trkpt lat="50.750421" lon="10.348478"><ele>250</ele></trkpt>
   <trkpt lat="50.750811" lon="10.347932"><ele>250.75</ele></trkpt>
   <trkpt lat="50.750907" lon="10.347798"><ele>251</ele></trkpt>
   <trkpt lat="50.751186" lon="10.347389"><ele>250.5</ele></trkpt>
   <trkpt lat="50.75148" lon="10.346966"><ele>251</ele></trkpt>
   <trkpt lat="50.751624" lon="10.346755"><ele>250.75</ele></trkpt>
   <trkpt lat="50.752224" lon="10.345903"><ele>250</ele></trkpt>
   <trkpt lat="50.752286" lon="10.34581"><ele>250</ele></trkpt>
   <trkpt lat="50.752551" lon="10.34543"><ele>250</ele></trkpt>
   <trkpt lat="50.752737" lon="10.345156"><ele>250.25</ele></trkpt>
   <trkpt lat="50.753121" lon="10.344621"><ele>250</ele></trkpt>
   <trkpt lat="50.753828" lon="10.343619"><ele>249.75</ele></trkpt>
   <trkpt lat="50.753884" lon="10.343569"><ele>249.75</ele></trkpt>
   <trkpt lat="50.753921" lon="10.34355"><ele>250</ele></trkpt>
   <trkpt lat="50.753966" lon="10.34354"><ele>250</ele></trkpt>
   <trkpt lat="50.754114" lon="10.343528"><ele>250</ele></trkpt>
   <trkpt lat="50.754286" lon="10.3435"><ele>250</ele></trkpt>
   <trkpt lat="50.754565" lon="10.343464"><ele>250</ele></trkpt>
   <trkpt lat="50.754764" lon="10.343424"><ele>250</ele></trkpt>
   <trkpt lat="50.755073" lon="10.343328"><ele>249.75</ele></trkpt>
   <trkpt lat="50.755509" lon="10.343156"><ele>249.75</ele></trkpt>
   <trkpt lat="50.755891" lon="10.343028"><ele>251.5</ele></trkpt>
   <trkpt lat="50.756221" lon="10.342789"><ele>253.25</ele></trkpt>
   <trkpt lat="50.756659" lon="10.342444"><ele>254.25</ele></trkpt>
   <trkpt lat="50.756899" lon="10.34221"><ele>255</ele></trkpt>
   <trkpt lat="50.757095" lon="10.341923"><ele>256.25</ele></trkpt>
   <trkpt lat="50.757409" lon="10.341436"><ele>256.75</ele></trkpt>
   <trkpt lat="50.757537" lon="10.34117"><ele>256.5</ele></trkpt>
   <trkpt lat="50.757682" lon="10.340778"><ele>256.25</ele></trkpt>
   <trkpt lat="50.758152" lon="10.339715"><ele>255.5</ele></trkpt>
   <trkpt lat="50.758401" lon="10.338975"><ele>255.25</ele></trkpt>
   <trkpt lat="50.758791" lon="10.337738"><ele>251.75</ele></trkpt>
   <trkpt lat="50.759073" lon="10.336789"><ele>249</ele></trkpt>
   <trkpt lat="50.759222" lon="10.336355"><ele>248.25</ele></trkpt>
   <trkpt lat="50.759459" lon="10.335719"><ele>248.25</ele></trkpt>
   <trkpt lat="50.759703" lon="10.335099"><ele>249.25</ele></trkpt>
   <trkpt lat="50.759921" lon="10.334574"><ele>249.75</ele></trkpt>
   <trkpt lat="50.760068" lon="10.33426"><ele>250.25</ele></trkpt>
   <trkpt lat="50.76028" lon="10.333835"><ele>250</ele></trkpt>
   <trkpt lat="50.760323" lon="10.333758"><ele>250.5</ele></trkpt>
   <trkpt lat="50.76095" lon="10.332709"><ele>251.25</ele></trkpt>
   <trkpt lat="50.76112" lon="10.332423"><ele>251</ele></trkpt>
   <trkpt lat="50.761511" lon="10.331737"><ele>251</ele></trkpt>
   <trkpt lat="50.761753" lon="10.331332"><ele>251</ele></trkpt>
   <trkpt lat="50.761902" lon="10.331018"><ele>251.25</ele></trkpt>
   <trkpt lat="50.762028" lon="10.33075"><ele>251</ele></trkpt>
   <trkpt lat="50.762274" lon="10.330236"><ele>251</ele></trkpt>
   <trkpt lat="50.762307" lon="10.330155"><ele>250.75</ele></trkpt>
   <trkpt lat="50.762563" lon="10.32946"><ele>251</ele></trkpt>
   <trkpt lat="50.762711" lon="10.329363"><ele>251.5</ele></trkpt>
   <trkpt lat="50.762867" lon="10.329172"><ele>252.5</ele></trkpt>
   <trkpt lat="50.76307" lon="10.328895"><ele>253</ele></trkpt>
   <trkpt lat="50.763095" lon="10.328863"><ele>253</ele></trkpt>
   <trkpt lat="50.763188" lon="10.328735"><ele>253</ele></trkpt>
   <trkpt lat="50.763325" lon="10.328549"><ele>253</ele></trkpt>
   <trkpt lat="50.763804" lon="10.327975"><ele>252.25</ele></trkpt>
   <trkpt lat="50.76392" lon="10.327883"><ele>251.75</ele></trkpt>
   <trkpt lat="50.764111" lon="10.327733"><ele>251</ele></trkpt>
   <trkpt lat="50.76427" lon="10.327366"><ele>251.75</ele></trkpt>
   <trkpt lat="50.764513" lon="10.326424"><ele>251.75</ele></trkpt>
   <trkpt lat="50.764596" lon="10.326189"><ele>252</ele></trkpt>
   <trkpt lat="50.764928" lon="10.326537"><ele>252.5</ele></trkpt>
   <trkpt lat="50.765206" lon="10.326681"><ele>253</ele></trkpt>
   <trkpt lat="50.766041" lon="10.327229"><ele>255.75</ele></trkpt>
   <trkpt lat="50.766529" lon="10.327852"><ele>258.75</ele></trkpt>
   <trkpt lat="50.767045" lon="10.32847"><ele>261.25</ele></trkpt>
   <trkpt lat="50.767109" lon="10.328346"><ele>261</ele></trkpt>
   <trkpt lat="50.768108" lon="10.327136"><ele>257.25</ele></trkpt>
   <trkpt lat="50.768278" lon="10.326912"><ele>256.5</ele></trkpt>
   <trkpt lat="50.768589" lon="10.326549"><ele>255.5</ele></trkpt>
   <trkpt lat="50.768964" lon="10.326088"><ele>253.5</ele></trkpt>
   <trkpt lat="50.769482" lon="10.325469"><ele>252.5</ele></trkpt>
   <trkpt lat="50.769554" lon="10.325382"><ele>252.5</ele></trkpt>
   <trkpt lat="50.769377" lon="10.32505"><ele>252</ele></trkpt>
   <trkpt lat="50.769563" lon="10.324796"><ele>251.5</ele></trkpt>
   <trkpt lat="50.769675" lon="10.324622"><ele>251.75</ele></trkpt>
   <trkpt lat="50.769702" lon="10.324582"><ele>251.75</ele></trkpt>
   <trkpt lat="50.769836" lon="10.324376"><ele>251.75</ele></trkpt>
   <trkpt lat="50.769362" lon="10.323734"><ele>251</ele></trkpt>
   <trkpt lat="50.768084" lon="10.322003"><ele>249</ele></trkpt>
   <trkpt lat="50.767819" lon="10.321646"><ele>248.75</ele></trkpt>
   <trkpt lat="50.767781" lon="10.321584"><ele>248.5</ele></trkpt>
   <trkpt lat="50.767753" lon="10.321522"><ele>248.25</ele></trkpt>
   <trkpt lat="50.767719" lon="10.321409"><ele>248</ele></trkpt>
   <trkpt lat="50.767704" lon="10.321323"><ele>248</ele></trkpt>
   <trkpt lat="50.7677" lon="10.321256"><ele>248</ele></trkpt>
   <trkpt lat="50.767628" lon="10.321236"><ele>248</ele></trkpt>
   <trkpt lat="50.767482" lon="10.321219"><ele>248</ele></trkpt>
   <trkpt lat="50.767452" lon="10.321091"><ele>248</ele></trkpt>
   <trkpt lat="50.767523" lon="10.320972"><ele>248</ele></trkpt>
   <trkpt lat="50.767618" lon="10.320857"><ele>248</ele></trkpt>
   <trkpt lat="50.77061" lon="10.317502"><ele>248</ele></trkpt>
   <trkpt lat="50.770677" lon="10.317439"><ele>248</ele></trkpt>
   <trkpt lat="50.771063" lon="10.317085"><ele>247.5</ele></trkpt>
   <trkpt lat="50.77144" lon="10.31687"><ele>247.75</ele></trkpt>
   <trkpt lat="50.771899" lon="10.316762"><ele>248</ele></trkpt>
   <trkpt lat="50.772261" lon="10.316748"><ele>248</ele></trkpt>
   <trkpt lat="50.772436" lon="10.316719"><ele>248</ele></trkpt>
   <trkpt lat="50.772478" lon="10.316707"><ele>248</ele></trkpt>
   <trkpt lat="50.772648" lon="10.316624"><ele>248</ele></trkpt>
   <trkpt lat="50.772839" lon="10.316518"><ele>248</ele></trkpt>
   <trkpt lat="50.773143" lon="10.316273"><ele>248.5</ele></trkpt>
   <trkpt lat="50.773349" lon="10.316083"><ele>249</ele></trkpt>
   <trkpt lat="50.773568" lon="10.315791"><ele>249</ele></trkpt>
   <trkpt lat="50.773765" lon="10.315463"><ele>248.75</ele></trkpt>
   <trkpt lat="50.773876" lon="10.31536"><ele>248.25</ele></trkpt>
   <trkpt lat="50.773976" lon="10.315313"><ele>248.5</ele></trkpt>
   <trkpt lat="50.774734" lon="10.31505"><ele>250</ele></trkpt>
   <trkpt lat="50.77492" lon="10.314952"><ele>250.5</ele></trkpt>
   <trkpt lat="50.774984" lon="10.314941"><ele>250.5</ele></trkpt>
   <trkpt lat="50.775077" lon="10.314968"><ele>250.5</ele></trkpt>
   <trkpt lat="50.77518" lon="10.315176"><ele>250</ele></trkpt>
   <trkpt lat="50.775335" lon="10.315638"><ele>250.5</ele></trkpt>
   <trkpt lat="50.775394" lon="10.316051"><ele>250.25</ele></trkpt>
   <trkpt lat="50.775395" lon="10.316651"><ele>251</ele></trkpt>
   <trkpt lat="50.775417" lon="10.317124"><ele>251</ele></trkpt>
   <trkpt lat="50.77549" lon="10.317405"><ele>251.5</ele></trkpt>
   <trkpt lat="50.775612" lon="10.317636"><ele>251.75</ele></trkpt>
   <trkpt lat="50.775799" lon="10.31777"><ele>252.75</ele></trkpt>
   <trkpt lat="50.776605" lon="10.318012"><ele>253.75</ele></trkpt>
   <trkpt lat="50.776637" lon="10.317979"><ele>253.5</ele></trkpt>
   <trkpt lat="50.776733" lon="10.317989"><ele>253.75</ele></trkpt>
   <trkpt lat="50.776876" lon="10.318106"><ele>254.75</ele></trkpt>
   <trkpt lat="50.776947" lon="10.318153"><ele>255</ele></trkpt>
   <trkpt lat="50.777005" lon="10.318169"><ele>255.5</ele></trkpt>
   <trkpt lat="50.777077" lon="10.318165"><ele>256.5</ele></trkpt>
   <trkpt lat="50.777151" lon="10.318137"><ele>257</ele></trkpt>
   <trkpt lat="50.778011" lon="10.317569"><ele>258.25</ele></trkpt>
   <trkpt lat="50.778618" lon="10.317228"><ele>257</ele></trkpt>
   <trkpt lat="50.779264" lon="10.317008"><ele>256.5</ele></trkpt>
   <trkpt lat="50.77991" lon="10.316846"><ele>256.25</ele></trkpt>
   <trkpt lat="50.780816" lon="10.316565"><ele>255.25</ele></trkpt>
   <trkpt lat="50.78141" lon="10.31636"><ele>254.75</ele></trkpt>
   <trkpt lat="50.781899" lon="10.316237"><ele>254.75</ele></trkpt>
   <trkpt lat="50.78228" lon="10.316123"><ele>255</ele></trkpt>
   <trkpt lat="50.782987" lon="10.315873"><ele>255</ele></trkpt>
   <trkpt lat="50.783358" lon="10.315678"><ele>254.75</ele></trkpt>
   <trkpt lat="50.783629" lon="10.315523"><ele>253</ele></trkpt>
   <trkpt lat="50.783735" lon="10.31548"><ele>253.75</ele></trkpt>
   <trkpt lat="50.783814" lon="10.315473"><ele>254.25</ele></trkpt>
   <trkpt lat="50.784011" lon="10.315393"><ele>255.25</ele></trkpt>
   <trkpt lat="50.78489" lon="10.314674"><ele>255.75</ele></trkpt>
   <trkpt lat="50.78554" lon="10.314239"><ele>255.25</ele></trkpt>
   <trkpt lat="50.786531" lon="10.313601"><ele>255.25</ele></trkpt>
   <trkpt lat="50.787154" lon="10.313232"><ele>254</ele></trkpt>
   <trkpt lat="50.787702" lon="10.312921"><ele>252.5</ele></trkpt>
   <trkpt lat="50.78777" lon="10.312863"><ele>252.25</ele></trkpt>
   <trkpt lat="50.787036" lon="10.310075"><ele>246.75</ele></trkpt>
   <trkpt lat="50.787027" lon="10.309993"><ele>246.75</ele></trkpt>
   <trkpt lat="50.787034" lon="10.309918"><ele>247</ele></trkpt>
   <trkpt lat="50.787059" lon="10.309852"><ele>247</ele></trkpt>
   <trkpt lat="50.787087" lon="10.309813"><ele>247</ele></trkpt>
   <trkpt lat="50.787139" lon="10.30977"><ele>247</ele></trkpt>
   <trkpt lat="50.788396" lon="10.309011"><ele>248</ele></trkpt>
   <trkpt lat="50.788719" lon="10.308833"><ele>248.25</ele></trkpt>
   <trkpt lat="50.788859" lon="10.30874"><ele>248</ele></trkpt>
   <trkpt lat="50.788924" lon="10.308718"><ele>248</ele></trkpt>
   <trkpt lat="50.788966" lon="10.308704"><ele>248.25</ele></trkpt>
   <trkpt lat="50.790066" lon="10.308058"><ele>250</ele></trkpt>
   <trkpt lat="50.790569" lon="10.307763"><ele>250</ele></trkpt>
   <trkpt lat="50.790939" lon="10.307545"><ele>250.25</ele></trkpt>
   <trkpt lat="50.791873" lon="10.307021"><ele>251</ele></trkpt>
   <trkpt lat="50.793166" lon="10.306316"><ele>250.5</ele></trkpt>
   <trkpt lat="50.793502" lon="10.306153"><ele>250</ele></trkpt>
   <trkpt lat="50.793647" lon="10.306081"><ele>250</ele></trkpt>
   <trkpt lat="50.793734" lon="10.306023"><ele>250</ele></trkpt>
   <trkpt lat="50.793774" lon="10.305996"><ele>250</ele></trkpt>
   <trkpt lat="50.793815" lon="10.305971"><ele>250</ele></trkpt>
   <trkpt lat="50.7941" lon="10.305824"><ele>250</ele></trkpt>
   <trkpt lat="50.794185" lon="10.305772"><ele>250</ele></trkpt>
   <trkpt lat="50.794368" lon="10.305676"><ele>250</ele></trkpt>
   <trkpt lat="50.794544" lon="10.305578"><ele>250</ele></trkpt>
   <trkpt lat="50.794684" lon="10.305492"><ele>250</ele></trkpt>
   <trkpt lat="50.794804" lon="10.305428"><ele>250.25</ele></trkpt>
   <trkpt lat="50.795014" lon="10.305311"><ele>251</ele></trkpt>
   <trkpt lat="50.795568" lon="10.305016"><ele>251</ele></trkpt>
   <trkpt lat="50.79571" lon="10.304941"><ele>251</ele></trkpt>
   <trkpt lat="50.795823" lon="10.304887"><ele>251</ele></trkpt>
   <trkpt lat="50.796206" lon="10.304702"><ele>250.75</ele></trkpt>
   <trkpt lat="50.796288" lon="10.304794"><ele>251</ele></trkpt>
   <trkpt lat="50.796351" lon="10.304693"><ele>250.75</ele></trkpt>
   <trkpt lat="50.796396" lon="10.304648"><ele>250.5</ele></trkpt>
   <trkpt lat="50.796472" lon="10.304628"><ele>250.75</ele></trkpt>
   <trkpt lat="50.797046" lon="10.30448"><ele>251</ele></trkpt>
   <trkpt lat="50.798036" lon="10.304388"><ele>250</ele></trkpt>
   <trkpt lat="50.798827" lon="10.304284"><ele>251</ele></trkpt>
   <trkpt lat="50.798877" lon="10.304274"><ele>251</ele></trkpt>
   <trkpt lat="50.79912" lon="10.304265"><ele>251.25</ele></trkpt>
   <trkpt lat="50.799167" lon="10.304268"><ele>251.25</ele></trkpt>
   <trkpt lat="50.799241" lon="10.30427"><ele>251.25</ele></trkpt>
   <trkpt lat="50.799453" lon="10.304262"><ele>251.25</ele></trkpt>
   <trkpt lat="50.799619" lon="10.304263"><ele>251</ele></trkpt>
   <trkpt lat="50.799747" lon="10.304246"><ele>250.75</ele></trkpt>
   <trkpt lat="50.799881" lon="10.304197"><ele>250.5</ele></trkpt>
   <trkpt lat="50.800181" lon="10.304039"><ele>249.75</ele></trkpt>
   <trkpt lat="50.800269" lon="10.303948"><ele>249.25</ele></trkpt>
   <trkpt lat="50.800406" lon="10.303819"><ele>249</ele></trkpt>
   <trkpt lat="50.800435" lon="10.303772"><ele>249</ele></trkpt>
   <trkpt lat="50.800497" lon="10.303743"><ele>249</ele></trkpt>
   <trkpt lat="50.800531" lon="10.303727"><ele>249</ele></trkpt>
   <trkpt lat="50.800777" lon="10.303602"><ele>249.75</ele></trkpt>
   <trkpt lat="50.800869" lon="10.303533"><ele>250</ele></trkpt>
   <trkpt lat="50.80093" lon="10.302945"><ele>251</ele></trkpt>
   <trkpt lat="50.801037" lon="10.302129"><ele>250</ele></trkpt>
   <trkpt lat="50.801194" lon="10.301234"><ele>250</ele></trkpt>
   <trkpt lat="50.801196" lon="10.301194"><ele>250</ele></trkpt>
   <trkpt lat="50.801211" lon="10.30096"><ele>249.25</ele></trkpt>
   <trkpt lat="50.801214" lon="10.300731"><ele>249</ele></trkpt>
   <trkpt lat="50.801208" lon="10.300231"><ele>249</ele></trkpt>
   <trkpt lat="50.801185" lon="10.299863"><ele>248.5</ele></trkpt>
   <trkpt lat="50.801264" lon="10.299837"><ele>248.5</ele></trkpt>
   <trkpt lat="50.80151" lon="10.299723"><ele>249</ele></trkpt>
   <trkpt lat="50.801668" lon="10.299627"><ele>249</ele></trkpt>
   <trkpt lat="50.801743" lon="10.299535"><ele>249</ele></trkpt>
   <trkpt lat="50.801902" lon="10.299298"><ele>248.75</ele></trkpt>
   <trkpt lat="50.802415" lon="10.298502"><ele>248</ele></trkpt>
   <trkpt lat="50.80261" lon="10.29829"><ele>248</ele></trkpt>
   <trkpt lat="50.802886" lon="10.298021"><ele>247.75</ele></trkpt>
   <trkpt lat="50.803022" lon="10.297901"><ele>247.75</ele></trkpt>
   <trkpt lat="50.803198" lon="10.297744"><ele>247.25</ele></trkpt>
   <trkpt lat="50.803266" lon="10.297663"><ele>247</ele></trkpt>
   <trkpt lat="50.803327" lon="10.297611"><ele>247</ele></trkpt>
   <trkpt lat="50.80285" lon="10.296125"><ele>246</ele></trkpt>
   <trkpt lat="50.803032" lon="10.295971"><ele>246</ele></trkpt>
   <trkpt lat="50.803189" lon="10.29586"><ele>246</ele></trkpt>
   <trkpt lat="50.803361" lon="10.295758"><ele>245.5</ele></trkpt>
   <trkpt lat="50.803525" lon="10.295688"><ele>245.5</ele></trkpt>
   <trkpt lat="50.803681" lon="10.295646"><ele>245.5</ele></trkpt>
   <trkpt lat="50.80393" lon="10.295601"><ele>245</ele></trkpt>
   <trkpt lat="50.804604" lon="10.295519"><ele>245</ele></trkpt>
   <trkpt lat="50.805121" lon="10.295454"><ele>245</ele></trkpt>
   <trkpt lat="50.805296" lon="10.295379"><ele>244.75</ele></trkpt>
   <trkpt lat="50.805466" lon="10.295279"><ele>244.75</ele></trkpt>
   <trkpt lat="50.805871" lon="10.295011"><ele>244.75</ele></trkpt>
   <trkpt lat="50.805981" lon="10.294937"><ele>245</ele></trkpt>
   <trkpt lat="50.806062" lon="10.294886"><ele>245</ele></trkpt>
   <trkpt lat="50.806192" lon="10.294807"><ele>245</ele></trkpt>
   <trkpt lat="50.806177" lon="10.294726"><ele>245</ele></trkpt>
   <trkpt lat="50.806167" lon="10.29453"><ele>245</ele></trkpt>
   <trkpt lat="50.806126" lon="10.294083"><ele>244.25</ele></trkpt>
   <trkpt lat="50.806083" lon="10.293815"><ele>244.75</ele></trkpt>
   <trkpt lat="50.805962" lon="10.293333"><ele>244.25</ele></trkpt>
   <trkpt lat="50.805881" lon="10.292877"><ele>244.75</ele></trkpt>
   <trkpt lat="50.805872" lon="10.292771"><ele>245.25</ele></trkpt>
   <trkpt lat="50.805846" lon="10.292695"><ele>245.25</ele></trkpt>
   <trkpt lat="50.805737" lon="10.29223"><ele>245.5</ele></trkpt>
   <trkpt lat="50.805564" lon="10.291486"><ele>244.75</ele></trkpt>
   <trkpt lat="50.805527" lon="10.291304"><ele>244.75</ele></trkpt>
   <trkpt lat="50.805495" lon="10.291062"><ele>245.25</ele></trkpt>
   <trkpt lat="50.805481" lon="10.290831"><ele>245.75</ele></trkpt>
   <trkpt lat="50.805474" lon="10.290436"><ele>245.5</ele></trkpt>
   <trkpt lat="50.805495" lon="10.290128"><ele>244.5</ele></trkpt>
   <trkpt lat="50.805538" lon="10.289869"><ele>243.5</ele></trkpt>
   <trkpt lat="50.805594" lon="10.289655"><ele>244</ele></trkpt>
   <trkpt lat="50.805675" lon="10.289472"><ele>245.5</ele></trkpt>
   <trkpt lat="50.805857" lon="10.289149"><ele>243.5</ele></trkpt>
   <trkpt lat="50.806258" lon="10.288537"><ele>243.75</ele></trkpt>
   <trkpt lat="50.806392" lon="10.288295"><ele>242.75</ele></trkpt>
   <trkpt lat="50.806634" lon="10.287778"><ele>243.75</ele></trkpt>
   <trkpt lat="50.806831" lon="10.28739"><ele>244.25</ele></trkpt>
   <trkpt lat="50.80695" lon="10.287111"><ele>242.5</ele></trkpt>
   <trkpt lat="50.80714" lon="10.286563"><ele>244</ele></trkpt>
   <trkpt lat="50.80763" lon="10.285356"><ele>245.75</ele></trkpt>
   <trkpt lat="50.807949" lon="10.284303"><ele>246.75</ele></trkpt>
   <trkpt lat="50.808053" lon="10.284014"><ele>244.75</ele></trkpt>
   <trkpt lat="50.808498" lon="10.28303"><ele>244</ele></trkpt>
   <trkpt lat="50.809017" lon="10.281566"><ele>244.75</ele></trkpt>
   <trkpt lat="50.809225" lon="10.28107"><ele>245</ele></trkpt>
   <trkpt lat="50.809499" lon="10.280313"><ele>245.75</ele></trkpt>
   <trkpt lat="50.80981" lon="10.279495"><ele>246.5</ele></trkpt>
   <trkpt lat="50.809988" lon="10.279226"><ele>246</ele></trkpt>
   <trkpt lat="50.810198" lon="10.278953"><ele>245.75</ele></trkpt>
   <trkpt lat="50.810247" lon="10.278833"><ele>245.75</ele></trkpt>
   <trkpt lat="50.810838" lon="10.27616"><ele>243.25</ele></trkpt>
   <trkpt lat="50.810978" lon="10.275771"><ele>245.75</ele></trkpt>
   <trkpt lat="50.811184" lon="10.275141"><ele>246.75</ele></trkpt>
   <trkpt lat="50.811435" lon="10.274306"><ele>245.25</ele></trkpt>
   <trkpt lat="50.811644" lon="10.27369"><ele>245</ele></trkpt>
   <trkpt lat="50.811894" lon="10.273078"><ele>244.75</ele></trkpt>
   <trkpt lat="50.8124" lon="10.271693"><ele>244.5</ele></trkpt>
   <trkpt lat="50.812596" lon="10.271074"><ele>246.25</ele></trkpt>
   <trkpt lat="50.812671" lon="10.270763"><ele>247</ele></trkpt>
   <trkpt lat="50.812746" lon="10.27028"><ele>242.75</ele></trkpt>
   <trkpt lat="50.812848" lon="10.269753"><ele>244.75</ele></trkpt>
   <trkpt lat="50.812924" lon="10.269291"><ele>244.5</ele></trkpt>
   <trkpt lat="50.813071" lon="10.268811"><ele>242.5</ele></trkpt>
   <trkpt lat="50.81339" lon="10.267652"><ele>244.75</ele></trkpt>
   <trkpt lat="50.813778" lon="10.266131"><ele>246</ele></trkpt>
   <trkpt lat="50.813907" lon="10.265754"><ele>244</ele></trkpt>
   <trkpt lat="50.813966" lon="10.265621"><ele>245</ele></trkpt>
   <trkpt lat="50.814032" lon="10.265525"><ele>246</ele></trkpt>
   <trkpt lat="50.814054" lon="10.26546"><ele>246.5</ele></trkpt>
   <trkpt lat="50.814068" lon="10.265372"><ele>246.75</ele></trkpt>
   <trkpt lat="50.814069" lon="10.265124"><ele>246</ele></trkpt>
   <trkpt lat="50.814159" lon="10.264714"><ele>242.75</ele></trkpt>
   <trkpt lat="50.814265" lon="10.263945"><ele>245.75</ele></trkpt>
   <trkpt lat="50.814321" lon="10.263537"><ele>245.75</ele></trkpt>
   <trkpt lat="50.814498" lon="10.262665"><ele>244.25</ele></trkpt>
   <trkpt lat="50.814735" lon="10.261824"><ele>244</ele></trkpt>
   <trkpt lat="50.814816" lon="10.261414"><ele>245.75</ele></trkpt>
   <trkpt lat="50.814866" lon="10.261129"><ele>244.75</ele></trkpt>
   <trkpt lat="50.814875" lon="10.261015"><ele>244.25</ele></trkpt>
   <trkpt lat="50.814929" lon="10.260762"><ele>243.5</ele></trkpt>
   <trkpt lat="50.815237" lon="10.259624"><ele>244.25</ele></trkpt>
   <trkpt lat="50.81548" lon="10.258928"><ele>244</ele></trkpt>
   <trkpt lat="50.815531" lon="10.258779"><ele>243</ele></trkpt>
   <trkpt lat="50.815576" lon="10.258484"><ele>242.25</ele></trkpt>
   <trkpt lat="50.815641" lon="10.258221"><ele>242.5</ele></trkpt>
   <trkpt lat="50.815857" lon="10.257586"><ele>241</ele></trkpt>
   <trkpt lat="50.816298" lon="10.256676"><ele>242.5</ele></trkpt>
   <trkpt lat="50.816327" lon="10.256559"><ele>242.25</ele></trkpt>
   <trkpt lat="50.816391" lon="10.256592"><ele>242.5</ele></trkpt>
   <trkpt lat="50.816458" lon="10.256612"><ele>242.75</ele></trkpt>
   <trkpt lat="50.816559" lon="10.256635"><ele>242.75</ele></trkpt>
   <trkpt lat="50.81667" lon="10.256675"><ele>243</ele></trkpt>
   <trkpt lat="50.816734" lon="10.256715"><ele>243.25</ele></trkpt>
   <trkpt lat="50.816784" lon="10.256763"><ele>243.5</ele></trkpt>
   <trkpt lat="50.816892" lon="10.256924"><ele>243.75</ele></trkpt>
   <trkpt lat="50.816983" lon="10.257079"><ele>244.75</ele></trkpt>
   <trkpt lat="50.817252" lon="10.257582"><ele>245.5</ele></trkpt>
   <trkpt lat="50.817362" lon="10.257791"><ele>247</ele></trkpt>
   <trkpt lat="50.817477" lon="10.257967"><ele>247.25</ele></trkpt>
   <trkpt lat="50.817588" lon="10.258092"><ele>247.5</ele></trkpt>
   <trkpt lat="50.817668" lon="10.258161"><ele>248.25</ele></trkpt>
   <trkpt lat="50.817731" lon="10.258205"><ele>248.75</ele></trkpt>
   <trkpt lat="50.817781" lon="10.258227"><ele>249</ele></trkpt>
   <trkpt lat="50.817837" lon="10.258232"><ele>249.25</ele></trkpt>
   <trkpt lat="50.817953" lon="10.258211"><ele>250.25</ele></trkpt>
   <trkpt lat="50.818007" lon="10.258182"><ele>250.5</ele></trkpt>
   <trkpt lat="50.818377" lon="10.257926"><ele>253.5</ele></trkpt>
   <trkpt lat="50.818458" lon="10.257882"><ele>254</ele></trkpt>
   <trkpt lat="50.818558" lon="10.257842"><ele>254.75</ele></trkpt>
   <trkpt lat="50.81865" lon="10.257815"><ele>255</ele></trkpt>
   <trkpt lat="50.818755" lon="10.257801"><ele>255.5</ele></trkpt>
   <trkpt lat="50.818749" lon="10.257573"><ele>257.25</ele></trkpt>
   <trkpt lat="50.818892" lon="10.257538"><ele>256</ele></trkpt>
   <trkpt lat="50.819076" lon="10.256145"><ele>262</ele></trkpt>
   <trkpt lat="50.819216" lon="10.255359"><ele>264</ele></trkpt>
   <trkpt lat="50.819221" lon="10.25526"><ele>264.5</ele></trkpt>
   <trkpt lat="50.819215" lon="10.25516"><ele>265</ele></trkpt>
   <trkpt lat="50.81918" lon="10.254923"><ele>266</ele></trkpt>
   <trkpt lat="50.8193" lon="10.254076"><ele>266.25</ele></trkpt>
   <trkpt lat="50.819339" lon="10.253931"><ele>266.5</ele></trkpt>
   <trkpt lat="50.819424" lon="10.253763"><ele>266</ele></trkpt>
   <trkpt lat="50.819586" lon="10.25352"><ele>267</ele></trkpt>
   <trkpt lat="50.819987" lon="10.252999"><ele>267</ele></trkpt>
   <trkpt lat="50.820195" lon="10.252748"><ele>267.75</ele></trkpt>
   <trkpt lat="50.82046" lon="10.252398"><ele>268.5</ele></trkpt>
   <trkpt lat="50.820587" lon="10.252251"><ele>268</ele></trkpt>
   <trkpt lat="50.820732" lon="10.252122"><ele>269.25</ele></trkpt>
   <trkpt lat="50.820903" lon="10.251996"><ele>269.5</ele></trkpt>
   <trkpt lat="50.821073" lon="10.251885"><ele>269.75</ele></trkpt>
   <trkpt lat="50.821112" lon="10.251863"><ele>270</ele></trkpt>
   <trkpt lat="50.821149" lon="10.251856"><ele>270.25</ele></trkpt>
   <trkpt lat="50.821274" lon="10.251875"><ele>270.75</ele></trkpt>
   <trkpt lat="50.822173" lon="10.252141"><ele>278</ele></trkpt>
   <trkpt lat="50.822514" lon="10.252212"><ele>278.25</ele></trkpt>
   <trkpt lat="50.822594" lon="10.252233"><ele>279.75</ele></trkpt>
   <trkpt lat="50.822644" lon="10.252257"><ele>280.5</ele></trkpt>
   <trkpt lat="50.822959" lon="10.252713"><ele>280.75</ele></trkpt>
   <trkpt lat="50.823526" lon="10.253652"><ele>283</ele></trkpt>
   <trkpt lat="50.823783" lon="10.254033"><ele>285</ele></trkpt>
   <trkpt lat="50.824042" lon="10.254358"><ele>285.5</ele></trkpt>
   <trkpt lat="50.824147" lon="10.254449"><ele>285</ele></trkpt>
   <trkpt lat="50.824204" lon="10.254486"><ele>285.25</ele></trkpt>
   <trkpt lat="50.824258" lon="10.254499"><ele>285.5</ele></trkpt>
   <trkpt lat="50.824399" lon="10.254473"><ele>285.25</ele></trkpt>
   <trkpt lat="50.824532" lon="10.254412"><ele>286</ele></trkpt>
   <trkpt lat="50.824652" lon="10.254336"><ele>287.5</ele></trkpt>
   <trkpt lat="50.82477" lon="10.254254"><ele>288.25</ele></trkpt>
   <trkpt lat="50.825449" lon="10.253613"><ele>293.25</ele></trkpt>
   <trkpt lat="50.825549" lon="10.253545"><ele>294.5</ele></trkpt>
   <trkpt lat="50.825604" lon="10.253523"><ele>295.5</ele></trkpt>
   <trkpt lat="50.825671" lon="10.253524"><ele>296.25</ele></trkpt>
   <trkpt lat="50.825774" lon="10.253574"><ele>296</ele></trkpt>
   <trkpt lat="50.825862" lon="10.253635"><ele>296.25</ele></trkpt>
   <trkpt lat="50.825965" lon="10.253747"><ele>296.75</ele></trkpt>
   <trkpt lat="50.826136" lon="10.253905"><ele>296.5</ele></trkpt>
   <trkpt lat="50.826624" lon="10.254181"><ele>301.75</ele></trkpt>
   <trkpt lat="50.826746" lon="10.254272"><ele>303</ele></trkpt>
   <trkpt lat="50.826933" lon="10.254481"><ele>304.25</ele></trkpt>
   <trkpt lat="50.827161" lon="10.254674"><ele>307</ele></trkpt>
   <trkpt lat="50.827467" lon="10.254871"><ele>310.25</ele></trkpt>
   <trkpt lat="50.828011" lon="10.255004"><ele>311.75</ele></trkpt>
   <trkpt lat="50.828491" lon="10.255086"><ele>311.5</ele></trkpt>
   <trkpt lat="50.828619" lon="10.255098"><ele>311.5</ele></trkpt>
   <trkpt lat="50.828767" lon="10.255119"><ele>311.25</ele></trkpt>
   <trkpt lat="50.829073" lon="10.255193"><ele>310.25</ele></trkpt>
   <trkpt lat="50.829199" lon="10.255195"><ele>310</ele></trkpt>
   <trkpt lat="50.829332" lon="10.255176"><ele>309.25</ele></trkpt>
   <trkpt lat="50.829537" lon="10.255096"><ele>309.25</ele></trkpt>
   <trkpt lat="50.83001" lon="10.255073"><ele>312.5</ele></trkpt>
   <trkpt lat="50.830134" lon="10.255089"><ele>313</ele></trkpt>
   <trkpt lat="50.83025" lon="10.255159"><ele>312.25</ele></trkpt>
   <trkpt lat="50.830358" lon="10.255249"><ele>310.75</ele></trkpt>
   <trkpt lat="50.83046" lon="10.255306"><ele>310</ele></trkpt>
   <trkpt lat="50.830749" lon="10.255341"><ele>309.5</ele></trkpt>
   <trkpt lat="50.831128" lon="10.255405"><ele>309.25</ele></trkpt>
   <trkpt lat="50.831956" lon="10.255588"><ele>309.25</ele></trkpt>
   <trkpt lat="50.832242" lon="10.255707"><ele>305</ele></trkpt>
   <trkpt lat="50.832325" lon="10.255692"><ele>304</ele></trkpt>
   <trkpt lat="50.832758" lon="10.255435"><ele>301</ele></trkpt>
   <trkpt lat="50.833022" lon="10.255201"><ele>299</ele></trkpt>
   <trkpt lat="50.833177" lon="10.255086"><ele>298.25</ele></trkpt>
   <trkpt lat="50.833591" lon="10.254856"><ele>296.5</ele></trkpt>
   <trkpt lat="50.833664" lon="10.254795"><ele>296.25</ele></trkpt>
   <trkpt lat="50.833706" lon="10.254746"><ele>296.5</ele></trkpt>
   <trkpt lat="50.833753" lon="10.254712"><ele>296.5</ele></trkpt>
   <trkpt lat="50.833802" lon="10.2547"><ele>296.25</ele></trkpt>
   <trkpt lat="50.834142" lon="10.254722"><ele>296</ele></trkpt>
   <trkpt lat="50.834284" lon="10.254699"><ele>296.25</ele></trkpt>
   <trkpt lat="50.834383" lon="10.254656"><ele>296.5</ele></trkpt>
   <trkpt lat="50.83449" lon="10.254582"><ele>297.25</ele></trkpt>
   <trkpt lat="50.834567" lon="10.254505"><ele>298.5</ele></trkpt>
   <trkpt lat="50.834821" lon="10.254213"><ele>302.75</ele></trkpt>
   <trkpt lat="50.834903" lon="10.25417"><ele>304</ele></trkpt>
   <trkpt lat="50.835199" lon="10.254135"><ele>307.5</ele></trkpt>
   <trkpt lat="50.836824" lon="10.253768"><ele>309.25</ele></trkpt>
   <trkpt lat="50.836941" lon="10.253784"><ele>308.75</ele></trkpt>
   <trkpt lat="50.836968" lon="10.253798"><ele>308.5</ele></trkpt>
   <trkpt lat="50.836991" lon="10.253851"><ele>308</ele></trkpt>
   <trkpt lat="50.837075" lon="10.254325"><ele>303.75</ele></trkpt>
   <trkpt lat="50.837213" lon="10.255174"><ele>296.25</ele></trkpt>
   <trkpt lat="50.837285" lon="10.255439"><ele>294.5</ele></trkpt>
   <trkpt lat="50.837414" lon="10.255264"><ele>294.5</ele></trkpt>
   <trkpt lat="50.838408" lon="10.254446"><ele>292.25</ele></trkpt>
   <trkpt lat="50.839739" lon="10.253303"><ele>291</ele></trkpt>
   <trkpt lat="50.840139" lon="10.252984"><ele>291.75</ele></trkpt>
   <trkpt lat="50.841304" lon="10.252346"><ele>288</ele></trkpt>
   <trkpt lat="50.841379" lon="10.252292"><ele>287.75</ele></trkpt>
   <trkpt lat="50.841538" lon="10.252177"><ele>287</ele></trkpt>
   <trkpt lat="50.841817" lon="10.251927"><ele>286.75</ele></trkpt>
   <trkpt lat="50.842332" lon="10.251429"><ele>286</ele></trkpt>
   <trkpt lat="50.84264" lon="10.251097"><ele>286.5</ele></trkpt>
   <trkpt lat="50.842701" lon="10.250998"><ele>286.5</ele></trkpt>
   <trkpt lat="50.84281" lon="10.25082"><ele>286.75</ele></trkpt>
   <trkpt lat="50.842857" lon="10.250661"><ele>286.5</ele></trkpt>
   <trkpt lat="50.842898" lon="10.250447"><ele>286.5</ele></trkpt>
   <trkpt lat="50.84292" lon="10.250181"><ele>286.75</ele></trkpt>
   <trkpt lat="50.842932" lon="10.249876"><ele>287.25</ele></trkpt>
   <trkpt lat="50.84293" lon="10.249503"><ele>287.75</ele></trkpt>
   <trkpt lat="50.842921" lon="10.24917"><ele>288.25</ele></trkpt>
   <trkpt lat="50.842923" lon="10.248666"><ele>289.25</ele></trkpt>
   <trkpt lat="50.84295" lon="10.248103"><ele>291</ele></trkpt>
   <trkpt lat="50.842978" lon="10.247852"><ele>291.5</ele></trkpt>
   <trkpt lat="50.842996" lon="10.247692"><ele>292</ele></trkpt>
   <trkpt lat="50.843091" lon="10.247185"><ele>294.25</ele></trkpt>
   <trkpt lat="50.843184" lon="10.246745"><ele>296.75</ele></trkpt>
   <trkpt lat="50.843427" lon="10.245976"><ele>300.25</ele></trkpt>
   <trkpt lat="50.843492" lon="10.245821"><ele>300.5</ele></trkpt>
   <trkpt lat="50.843542" lon="10.245703"><ele>300.25</ele></trkpt>
   <trkpt lat="50.843913" lon="10.244819"><ele>298.75</ele></trkpt>
   <trkpt lat="50.844236" lon="10.244048"><ele>296.75</ele></trkpt>
   <trkpt lat="50.844326" lon="10.243834"><ele>296.25</ele></trkpt>
   <trkpt lat="50.844466" lon="10.243501"><ele>295.25</ele></trkpt>
   <trkpt lat="50.844696" lon="10.243745"><ele>294.5</ele></trkpt>
   <trkpt lat="50.84524" lon="10.244349"><ele>291.25</ele></trkpt>
   <trkpt lat="50.846031" lon="10.24524"><ele>288.25</ele></trkpt>
   <trkpt lat="50.846384" lon="10.245656"><ele>286.5</ele></trkpt>
   <trkpt lat="50.847075" lon="10.246546"><ele>284.25</ele></trkpt>
   <trkpt lat="50.847311" lon="10.246816"><ele>284</ele></trkpt>
   <trkpt lat="50.847563" lon="10.247078"><ele>283.75</ele></trkpt>
   <trkpt lat="50.848404" lon="10.247851"><ele>281.5</ele></trkpt>
   <trkpt lat="50.849187" lon="10.248603"><ele>280</ele></trkpt>
   <trkpt lat="50.849588" lon="10.249063"><ele>279</ele></trkpt>
   <trkpt lat="50.84981" lon="10.249275"><ele>279</ele></trkpt>
   <trkpt lat="50.850237" lon="10.249603"><ele>278.5</ele></trkpt>
   <trkpt lat="50.850556" lon="10.249829"><ele>278</ele></trkpt>
   <trkpt lat="50.850695" lon="10.24991"><ele>278</ele></trkpt>
   <trkpt lat="50.851017" lon="10.250046"><ele>277.75</ele></trkpt>
   <trkpt lat="50.851209" lon="10.250094"><ele>277.25</ele></trkpt>
   <trkpt lat="50.851378" lon="10.250098"><ele>277</ele></trkpt>
   <trkpt lat="50.851552" lon="10.250065"><ele>277</ele></trkpt>
   <trkpt lat="50.851656" lon="10.250024"><ele>277</ele></trkpt>
   <trkpt lat="50.851862" lon="10.249913"><ele>277</ele></trkpt>
   <trkpt lat="50.852363" lon="10.249593"><ele>277</ele></trkpt>
   <trkpt lat="50.852478" lon="10.249542"><ele>277</ele></trkpt>
   <trkpt lat="50.852594" lon="10.249516"><ele>277</ele></trkpt>
   <trkpt lat="50.852758" lon="10.249526"><ele>277</ele></trkpt>
   <trkpt lat="50.852878" lon="10.249569"><ele>277</ele></trkpt>
   <trkpt lat="50.852972" lon="10.24963"><ele>277</ele></trkpt>
   <trkpt lat="50.853084" lon="10.249726"><ele>277</ele></trkpt>
   <trkpt lat="50.853224" lon="10.24986"><ele>277</ele></trkpt>
   <trkpt lat="50.853545" lon="10.250218"><ele>277</ele></trkpt>
   <trkpt lat="50.853843" lon="10.250588"><ele>277</ele></trkpt>
   <trkpt lat="50.853981" lon="10.250794"><ele>277</ele></trkpt>
   <trkpt lat="50.854099" lon="10.251007"><ele>277.25</ele></trkpt>
   <trkpt lat="50.854348" lon="10.251544"><ele>277.25</ele></trkpt>
   <trkpt lat="50.854493" lon="10.251822"><ele>277.75</ele></trkpt>
   <trkpt lat="50.854635" lon="10.252057"><ele>277.25</ele></trkpt>
   <trkpt lat="50.854815" lon="10.252309"><ele>277.75</ele></trkpt>
   <trkpt lat="50.855053" lon="10.252624"><ele>278</ele></trkpt>
   <trkpt lat="50.855219" lon="10.252794"><ele>278</ele></trkpt>
   <trkpt lat="50.855433" lon="10.25299"><ele>278</ele></trkpt>
   <trkpt lat="50.855622" lon="10.253153"><ele>278.25</ele></trkpt>
   <trkpt lat="50.855855" lon="10.253323"><ele>278</ele></trkpt>
   <trkpt lat="50.855965" lon="10.253383"><ele>278.5</ele></trkpt>
   <trkpt lat="50.856064" lon="10.253425"><ele>278.75</ele></trkpt>
   <trkpt lat="50.856175" lon="10.253451"><ele>279</ele></trkpt>
   <trkpt lat="50.856309" lon="10.253462"><ele>279</ele></trkpt>
   <trkpt lat="50.856502" lon="10.25344"><ele>279</ele></trkpt>
   <trkpt lat="50.856746" lon="10.253403"><ele>279</ele></trkpt>
   <trkpt lat="50.857074" lon="10.253325"><ele>279.25</ele></trkpt>
   <trkpt lat="50.857481" lon="10.253209"><ele>279.5</ele></trkpt>
   <trkpt lat="50.857607" lon="10.253187"><ele>279.5</ele></trkpt>
   <trkpt lat="50.857698" lon="10.253185"><ele>279.75</ele></trkpt>
   <trkpt lat="50.85779" lon="10.253199"><ele>280</ele></trkpt>
   <trkpt lat="50.857881" lon="10.253226"><ele>280</ele></trkpt>
   <trkpt lat="50.858215" lon="10.253402"><ele>280.5</ele></trkpt>
   <trkpt lat="50.858325" lon="10.253455"><ele>280.75</ele></trkpt>
   <trkpt lat="50.858551" lon="10.253562"><ele>281.5</ele></trkpt>
   <trkpt lat="50.858751" lon="10.253645"><ele>282.5</ele></trkpt>
   <trkpt lat="50.858958" lon="10.253714"><ele>283</ele></trkpt>
   <trkpt lat="50.859269" lon="10.253856"><ele>283.75</ele></trkpt>
   <trkpt lat="50.859763" lon="10.254095"><ele>285</ele></trkpt>
   <trkpt lat="50.859913" lon="10.254162"><ele>285.5</ele></trkpt>
   <trkpt lat="50.860847" lon="10.254569"><ele>291.5</ele></trkpt>
   <trkpt lat="50.860921" lon="10.254552"><ele>292</ele></trkpt>
   <trkpt lat="50.860975" lon="10.254862"><ele>293</ele></trkpt>
   <trkpt lat="50.860975" lon="10.254931"><ele>293</ele></trkpt>
   <trkpt lat="50.860941" lon="10.255133"><ele>293</ele></trkpt>
   <trkpt lat="50.861141" lon="10.255244"><ele>294.25</ele></trkpt>
   <trkpt lat="50.861246" lon="10.255277"><ele>295.25</ele></trkpt>
   <trkpt lat="50.861563" lon="10.255339"><ele>298.5</ele></trkpt>
   <trkpt lat="50.861664" lon="10.255208"><ele>299</ele></trkpt>
   <trkpt lat="50.861805" lon="10.254951"><ele>300.75</ele></trkpt>
   <trkpt lat="50.862079" lon="10.255234"><ele>303.25</ele></trkpt>
   <trkpt lat="50.862397" lon="10.255522"><ele>306.25</ele></trkpt>
   <trkpt lat="50.862764" lon="10.255769"><ele>308</ele></trkpt>
   <trkpt lat="50.862937" lon="10.255845"><ele>309</ele></trkpt>
   <trkpt lat="50.863087" lon="10.255911"><ele>310</ele></trkpt>
   <trkpt lat="50.863235" lon="10.255977"><ele>311.25</ele></trkpt>
   <trkpt lat="50.863858" lon="10.25626"><ele>313.75</ele></trkpt>
   <trkpt lat="50.864205" lon="10.256471"><ele>315.5</ele></trkpt>
   <trkpt lat="50.864737" lon="10.256715"><ele>317.5</ele></trkpt>
   <trkpt lat="50.864941" lon="10.256831"><ele>318.25</ele></trkpt>
   <trkpt lat="50.865151" lon="10.256999"><ele>320</ele></trkpt>
   <trkpt lat="50.86532" lon="10.257192"><ele>320.75</ele></trkpt>
   <trkpt lat="50.865539" lon="10.257526"><ele>323.25</ele></trkpt>
   <trkpt lat="50.866347" lon="10.258912"><ele>325.25</ele></trkpt>
   <trkpt lat="50.86643" lon="10.259029"><ele>325.5</ele></trkpt>
   <trkpt lat="50.866519" lon="10.259026"><ele>325.75</ele></trkpt>
   <trkpt lat="50.866614" lon="10.25899"><ele>326</ele></trkpt>
   <trkpt lat="50.866745" lon="10.258833"><ele>325.5</ele></trkpt>
   <trkpt lat="50.867896" lon="10.256715"><ele>318.5</ele></trkpt>
   <trkpt lat="50.868033" lon="10.256532"><ele>318.5</ele></trkpt>
   <trkpt lat="50.868277" lon="10.256517"><ele>317.5</ele></trkpt>
   <trkpt lat="50.868627" lon="10.256608"><ele>317</ele></trkpt>
   <trkpt lat="50.869372" lon="10.256867"><ele>319</ele></trkpt>
   <trkpt lat="50.870103" lon="10.257141"><ele>323.25</ele></trkpt>
   <trkpt lat="50.870438" lon="10.257156"><ele>323.5</ele></trkpt>
   <trkpt lat="50.87094" lon="10.256988"><ele>319.75</ele></trkpt>
   <trkpt lat="50.871894" lon="10.256453"><ele>309</ele></trkpt>
   <trkpt lat="50.872587" lon="10.255946"><ele>303.75</ele></trkpt>
   <trkpt lat="50.873109" lon="10.255666"><ele>299.5</ele></trkpt>
   <trkpt lat="50.873468" lon="10.255518"><ele>297</ele></trkpt>
   <trkpt lat="50.873694" lon="10.255463"><ele>295.75</ele></trkpt>
   <trkpt lat="50.874403" lon="10.25544"><ele>294</ele></trkpt>
   <trkpt lat="50.876258" lon="10.255498"><ele>288</ele></trkpt>
   <trkpt lat="50.876405" lon="10.255502"><ele>288</ele></trkpt>
   <trkpt lat="50.877083" lon="10.255604"><ele>291.75</ele></trkpt>
   <trkpt lat="50.877442" lon="10.255674"><ele>294.5</ele></trkpt>
   <trkpt lat="50.87799" lon="10.25583"><ele>294.75</ele></trkpt>
   <trkpt lat="50.878241" lon="10.255862"><ele>295</ele></trkpt>
   <trkpt lat="50.878384" lon="10.255855"><ele>295</ele></trkpt>
   <trkpt lat="50.878576" lon="10.255791"><ele>294.75</ele></trkpt>
   <trkpt lat="50.878913" lon="10.255509"><ele>293.5</ele></trkpt>
   <trkpt lat="50.879116" lon="10.255373"><ele>292.75</ele></trkpt>
   <trkpt lat="50.879463" lon="10.255228"><ele>291.75</ele></trkpt>
   <trkpt lat="50.879617" lon="10.25502"><ele>291</ele></trkpt>
   <trkpt lat="50.879769" lon="10.255119"><ele>291</ele></trkpt>
   <trkpt lat="50.879828" lon="10.255178"><ele>291</ele></trkpt>
   <trkpt lat="50.879883" lon="10.255263"><ele>291</ele></trkpt>
   <trkpt lat="50.880108" lon="10.255672"><ele>291.75</ele></trkpt>
   <trkpt lat="50.8802" lon="10.255798"><ele>292</ele></trkpt>
   <trkpt lat="50.880317" lon="10.255926"><ele>292</ele></trkpt>
   <trkpt lat="50.880522" lon="10.256083"><ele>292</ele></trkpt>
   <trkpt lat="50.880858" lon="10.256198"><ele>293</ele></trkpt>
   <trkpt lat="50.880893" lon="10.256211"><ele>293</ele></trkpt>
   <trkpt lat="50.881073" lon="10.256242"><ele>293.25</ele></trkpt>
   <trkpt lat="50.881217" lon="10.256253"><ele>293.25</ele></trkpt>
   <trkpt lat="50.881298" lon="10.256248"><ele>293.5</ele></trkpt>
   <trkpt lat="50.88142" lon="10.256209"><ele>293.5</ele></trkpt>
   <trkpt lat="50.881525" lon="10.256188"><ele>294</ele></trkpt>
   <trkpt lat="50.881591" lon="10.256211"><ele>294</ele></trkpt>
   <trkpt lat="50.881654" lon="10.256258"><ele>293.75</ele></trkpt>
   <trkpt lat="50.881733" lon="10.25635"><ele>293.75</ele></trkpt>
   <trkpt lat="50.881808" lon="10.256467"><ele>294</ele></trkpt>
   <trkpt lat="50.881998" lon="10.256834"><ele>295</ele></trkpt>
   <trkpt lat="50.882097" lon="10.257049"><ele>296</ele></trkpt>
   <trkpt lat="50.882257" lon="10.2574"><ele>297</ele></trkpt>
   <trkpt lat="50.882517" lon="10.257969"><ele>299</ele></trkpt>
   <trkpt lat="50.882646" lon="10.258211"><ele>300.75</ele></trkpt>
   <trkpt lat="50.882767" lon="10.258344"><ele>301.5</ele></trkpt>
   <trkpt lat="50.882902" lon="10.25844"><ele>302.75</ele></trkpt>
   <trkpt lat="50.883177" lon="10.258501"><ele>304.75</ele></trkpt>
   <trkpt lat="50.883472" lon="10.258502"><ele>305.5</ele></trkpt>
   <trkpt lat="50.884456" lon="10.25856"><ele>306.75</ele></trkpt>
   <trkpt lat="50.885744" lon="10.258517"><ele>310</ele></trkpt>
   <trkpt lat="50.886497" lon="10.258517"><ele>312</ele></trkpt>
   <trkpt lat="50.886732" lon="10.258509"><ele>312.75</ele></trkpt>
   <trkpt lat="50.887058" lon="10.258469"><ele>312.75</ele></trkpt>
   <trkpt lat="50.887241" lon="10.258495"><ele>312</ele></trkpt>
   <trkpt lat="50.8874" lon="10.258543"><ele>312.5</ele></trkpt>
   <trkpt lat="50.8876" lon="10.258635"><ele>312.5</ele></trkpt>
   <trkpt lat="50.88774" lon="10.258715"><ele>313</ele></trkpt>
   <trkpt lat="50.887815" lon="10.258775"><ele>313.5</ele></trkpt>
   <trkpt lat="50.887899" lon="10.258868"><ele>314.25</ele></trkpt>
   <trkpt lat="50.887963" lon="10.258969"><ele>314</ele></trkpt>
   <trkpt lat="50.888259" lon="10.259488"><ele>313.5</ele></trkpt>
   <trkpt lat="50.888463" lon="10.259874"><ele>314.25</ele></trkpt>
   <trkpt lat="50.888576" lon="10.260122"><ele>314</ele></trkpt>
   <trkpt lat="50.888716" lon="10.260474"><ele>314.75</ele></trkpt>
   <trkpt lat="50.889075" lon="10.261464"><ele>314.75</ele></trkpt>
   <trkpt lat="50.889142" lon="10.261792"><ele>315</ele></trkpt>
   <trkpt lat="50.889325" lon="10.262595"><ele>315</ele></trkpt>
   <trkpt lat="50.889482" lon="10.263206"><ele>315.75</ele></trkpt>
   <trkpt lat="50.889507" lon="10.263332"><ele>316</ele></trkpt>
   <trkpt lat="50.889519" lon="10.263488"><ele>316.75</ele></trkpt>
   <trkpt lat="50.889524" lon="10.263726"><ele>317</ele></trkpt>
   <trkpt lat="50.889537" lon="10.263872"><ele>317.25</ele></trkpt>
   <trkpt lat="50.889569" lon="10.264068"><ele>317.5</ele></trkpt>
   <trkpt lat="50.889673" lon="10.264434"><ele>317.25</ele></trkpt>
   <trkpt lat="50.88982" lon="10.264841"><ele>318.5</ele></trkpt>
   <trkpt lat="50.889934" lon="10.26508"><ele>319</ele></trkpt>
   <trkpt lat="50.890049" lon="10.265287"><ele>319</ele></trkpt>
   <trkpt lat="50.890217" lon="10.265539"><ele>318.5</ele></trkpt>
   <trkpt lat="50.890389" lon="10.265758"><ele>319.25</ele></trkpt>
   <trkpt lat="50.890596" lon="10.265973"><ele>319.5</ele></trkpt>
   <trkpt lat="50.890729" lon="10.266135"><ele>319</ele></trkpt>
   <trkpt lat="50.890808" lon="10.266279"><ele>319.75</ele></trkpt>
   <trkpt lat="50.890856" lon="10.266416"><ele>320</ele></trkpt>
   <trkpt lat="50.890885" lon="10.266578"><ele>320.25</ele></trkpt>
   <trkpt lat="50.890887" lon="10.266728"><ele>320.75</ele></trkpt>
   <trkpt lat="50.890865" lon="10.267065"><ele>320.75</ele></trkpt>
   <trkpt lat="50.890856" lon="10.267394"><ele>321.25</ele></trkpt>
   <trkpt lat="50.890865" lon="10.267584"><ele>322</ele></trkpt>
   <trkpt lat="50.890937" lon="10.268186"><ele>325.25</ele></trkpt>
   <trkpt lat="50.89095" lon="10.268446"><ele>325.75</ele></trkpt>
   <trkpt lat="50.890949" lon="10.268634"><ele>325.75</ele></trkpt>
   <trkpt lat="50.890923" lon="10.269448"><ele>327.75</ele></trkpt>
   <trkpt lat="50.890892" lon="10.270018"><ele>330.25</ele></trkpt>
   <trkpt lat="50.890829" lon="10.270595"><ele>332</ele></trkpt>
   <trkpt lat="50.890816" lon="10.270873"><ele>333.25</ele></trkpt>
   <trkpt lat="50.890824" lon="10.271147"><ele>333.75</ele></trkpt>
   <trkpt lat="50.890862" lon="10.271437"><ele>336.25</ele></trkpt>
   <trkpt lat="50.8909" lon="10.271689"><ele>337.5</ele></trkpt>
   <trkpt lat="50.890982" lon="10.272069"><ele>339</ele></trkpt>
   <trkpt lat="50.890992" lon="10.272162"><ele>339</ele></trkpt>
   <trkpt lat="50.890988" lon="10.272271"><ele>339.25</ele></trkpt>
   <trkpt lat="50.89093" lon="10.272651"><ele>341</ele></trkpt>
   <trkpt lat="50.890923" lon="10.273022"><ele>342.75</ele></trkpt>
   <trkpt lat="50.890934" lon="10.273305"><ele>344.75</ele></trkpt>
   <trkpt lat="50.890969" lon="10.273672"><ele>346.25</ele></trkpt>
   <trkpt lat="50.890969" lon="10.273799"><ele>346.25</ele></trkpt>
   <trkpt lat="50.890953" lon="10.273918"><ele>346</ele></trkpt>
   <trkpt lat="50.890909" lon="10.274127"><ele>347.25</ele></trkpt>
   <trkpt lat="50.890873" lon="10.274479"><ele>349</ele></trkpt>
   <trkpt lat="50.890768" lon="10.275044"><ele>351.25</ele></trkpt>
   <trkpt lat="50.890693" lon="10.275548"><ele>353.25</ele></trkpt>
   <trkpt lat="50.890666" lon="10.275848"><ele>355</ele></trkpt>
   <trkpt lat="50.890655" lon="10.276082"><ele>355.75</ele></trkpt>
   <trkpt lat="50.890662" lon="10.27623"><ele>356</ele></trkpt>
   <trkpt lat="50.890686" lon="10.276356"><ele>357</ele></trkpt>
   <trkpt lat="50.890738" lon="10.276492"><ele>358.25</ele></trkpt>
   <trkpt lat="50.890839" lon="10.276673"><ele>360</ele></trkpt>
   <trkpt lat="50.890882" lon="10.276803"><ele>360.75</ele></trkpt>
   <trkpt lat="50.890901" lon="10.276923"><ele>360.75</ele></trkpt>
   <trkpt lat="50.890906" lon="10.277037"><ele>361.25</ele></trkpt>
   <trkpt lat="50.890887" lon="10.277206"><ele>361.5</ele></trkpt>
   <trkpt lat="50.890849" lon="10.277413"><ele>362.5</ele></trkpt>
   <trkpt lat="50.890813" lon="10.277708"><ele>363.5</ele></trkpt>
   <trkpt lat="50.890804" lon="10.277887"><ele>364</ele></trkpt>
   <trkpt lat="50.89081" lon="10.278081"><ele>364.75</ele></trkpt>
   <trkpt lat="50.890827" lon="10.278259"><ele>365.5</ele></trkpt>
   <trkpt lat="50.8909" lon="10.278781"><ele>367.5</ele></trkpt>
   <trkpt lat="50.890944" lon="10.279245"><ele>368.75</ele></trkpt>
   <trkpt lat="50.890968" lon="10.279404"><ele>369.25</ele></trkpt>
   <trkpt lat="50.890994" lon="10.279519"><ele>369.25</ele></trkpt>
   <trkpt lat="50.891175" lon="10.279925"><ele>371.75</ele></trkpt>
   <trkpt lat="50.89137" lon="10.280461"><ele>375.5</ele></trkpt>
   <trkpt lat="50.891418" lon="10.280544"><ele>376.25</ele></trkpt>
   <trkpt lat="50.891477" lon="10.280594"><ele>376.75</ele></trkpt>
   <trkpt lat="50.891597" lon="10.280661"><ele>377.75</ele></trkpt>
   <trkpt lat="50.891655" lon="10.280703"><ele>377.75</ele></trkpt>
   <trkpt lat="50.891689" lon="10.280764"><ele>377.75</ele></trkpt>
   <trkpt lat="50.891701" lon="10.280841"><ele>377.5</ele></trkpt>
   <trkpt lat="50.891691" lon="10.280913"><ele>378.25</ele></trkpt>
   <trkpt lat="50.891661" lon="10.280965"><ele>378.75</ele></trkpt>
   <trkpt lat="50.891617" lon="10.281008"><ele>379.25</ele></trkpt>
   <trkpt lat="50.891516" lon="10.281045"><ele>379</ele></trkpt>
   <trkpt lat="50.891338" lon="10.281027"><ele>378.5</ele></trkpt>
   <trkpt lat="50.891099" lon="10.280957"><ele>378.5</ele></trkpt>
   <trkpt lat="50.891004" lon="10.280964"><ele>378.5</ele></trkpt>
   <trkpt lat="50.890914" lon="10.280998"><ele>378.5</ele></trkpt>
   <trkpt lat="50.8908" lon="10.28106"><ele>378.25</ele></trkpt>
   <trkpt lat="50.890706" lon="10.281141"><ele>378.25</ele></trkpt>
   <trkpt lat="50.890642" lon="10.281227"><ele>378.5</ele></trkpt>
   <trkpt lat="50.89061" lon="10.281304"><ele>378.75</ele></trkpt>
   <trkpt lat="50.890567" lon="10.281462"><ele>379</ele></trkpt>
   <trkpt lat="50.890401" lon="10.282399"><ele>380.75</ele></trkpt>
   <trkpt lat="50.890391" lon="10.282526"><ele>381.25</ele></trkpt>
   <trkpt lat="50.890391" lon="10.282648"><ele>382</ele></trkpt>
   <trkpt lat="50.890411" lon="10.282772"><ele>383.25</ele></trkpt>
   <trkpt lat="50.890458" lon="10.282948"><ele>383.25</ele></trkpt>
   <trkpt lat="50.89047" lon="10.283021"><ele>383</ele></trkpt>
   <trkpt lat="50.890463" lon="10.283102"><ele>383</ele></trkpt>
   <trkpt lat="50.890443" lon="10.283154"><ele>383.25</ele></trkpt>
   <trkpt lat="50.890413" lon="10.283187"><ele>383.25</ele></trkpt>
   <trkpt lat="50.89037" lon="10.283197"><ele>383.25</ele></trkpt>
   <trkpt lat="50.890324" lon="10.283173"><ele>382.75</ele></trkpt>
   <trkpt lat="50.890257" lon="10.283104"><ele>381.75</ele></trkpt>
   <trkpt lat="50.890135" lon="10.282934"><ele>381.5</ele></trkpt>
   <trkpt lat="50.890059" lon="10.282847"><ele>380.75</ele></trkpt>
   <trkpt lat="50.889995" lon="10.282801"><ele>380.25</ele></trkpt>
   <trkpt lat="50.889922" lon="10.282774"><ele>379.5</ele></trkpt>
   <trkpt lat="50.889853" lon="10.282782"><ele>379.5</ele></trkpt>
   <trkpt lat="50.889757" lon="10.282831"><ele>379.5</ele></trkpt>
   <trkpt lat="50.889673" lon="10.28291"><ele>379.75</ele></trkpt>
   <trkpt lat="50.889553" lon="10.283045"><ele>380</ele></trkpt>
   <trkpt lat="50.889315" lon="10.283388"><ele>380</ele></trkpt>
   <trkpt lat="50.889091" lon="10.28375"><ele>380.5</ele></trkpt>
   <trkpt lat="50.88898" lon="10.283993"><ele>381</ele></trkpt>
   <trkpt lat="50.888893" lon="10.284278"><ele>381.75</ele></trkpt>
   <trkpt lat="50.888869" lon="10.284464"><ele>382.75</ele></trkpt>
   <trkpt lat="50.888876" lon="10.284656"><ele>383.5</ele></trkpt>
   <trkpt lat="50.888926" lon="10.284859"><ele>384</ele></trkpt>
   <trkpt lat="50.889059" lon="10.285149"><ele>384</ele></trkpt>
   <trkpt lat="50.889382" lon="10.285777"><ele>384.5</ele></trkpt>
   <trkpt lat="50.889515" lon="10.286132"><ele>386.5</ele></trkpt>
   <trkpt lat="50.889595" lon="10.286422"><ele>387</ele></trkpt>
   <trkpt lat="50.889666" lon="10.286728"><ele>386.75</ele></trkpt>
   <trkpt lat="50.890068" lon="10.288558"><ele>385.75</ele></trkpt>
   <trkpt lat="50.890105" lon="10.288687"><ele>385.5</ele></trkpt>
   <trkpt lat="50.890151" lon="10.288811"><ele>385</ele></trkpt>
   <trkpt lat="50.890375" lon="10.28931"><ele>385</ele></trkpt>
   <trkpt lat="50.89074" lon="10.290031"><ele>384.5</ele></trkpt>
   <trkpt lat="50.891194" lon="10.290938"><ele>383</ele></trkpt>
   <trkpt lat="50.891316" lon="10.291156"><ele>382.75</ele></trkpt>
   <trkpt lat="50.893459" lon="10.294533"><ele>373.25</ele></trkpt>
   <trkpt lat="50.893513" lon="10.294618"><ele>373.5</ele></trkpt>
   <trkpt lat="50.894287" lon="10.295855"><ele>373.25</ele></trkpt>
   <trkpt lat="50.894466" lon="10.296196"><ele>373.75</ele></trkpt>
   <trkpt lat="50.894656" lon="10.296595"><ele>373</ele></trkpt>
   <trkpt lat="50.894708" lon="10.296739"><ele>372.5</ele></trkpt>
   <trkpt lat="50.894753" lon="10.296974"><ele>371.75</ele></trkpt>
   <trkpt lat="50.894786" lon="10.297085"><ele>371.75</ele></trkpt>
   <trkpt lat="50.894873" lon="10.297324"><ele>370.5</ele></trkpt>
   <trkpt lat="50.894919" lon="10.297455"><ele>369.5</ele></trkpt>
   <trkpt lat="50.895013" lon="10.297793"><ele>368</ele></trkpt>
   <trkpt lat="50.89502" lon="10.297912"><ele>368</ele></trkpt>
   <trkpt lat="50.895009" lon="10.298048"><ele>368</ele></trkpt>
   <trkpt lat="50.894988" lon="10.29817"><ele>368</ele></trkpt>
   <trkpt lat="50.894966" lon="10.298241"><ele>368</ele></trkpt>
   <trkpt lat="50.894913" lon="10.298364"><ele>367.75</ele></trkpt>
   <trkpt lat="50.894889" lon="10.29842"><ele>367.5</ele></trkpt>
   <trkpt lat="50.895167" lon="10.299195"><ele>365.75</ele></trkpt>
   <trkpt lat="50.895278" lon="10.299362"><ele>365.25</ele></trkpt>
   <trkpt lat="50.895417" lon="10.299572"><ele>365</ele></trkpt>
   <trkpt lat="50.895782" lon="10.30023"><ele>363.25</ele></trkpt>
   <trkpt lat="50.895875" lon="10.300384"><ele>363.5</ele></trkpt>
   <trkpt lat="50.89594" lon="10.300471"><ele>363.75</ele></trkpt>
   <trkpt lat="50.896048" lon="10.300593"><ele>363</ele></trkpt>
   <trkpt lat="50.896143" lon="10.300643"><ele>362.75</ele></trkpt>
   <trkpt lat="50.896479" lon="10.300818"><ele>363.25</ele></trkpt>
   <trkpt lat="50.896744" lon="10.300988"><ele>363.5</ele></trkpt>
   <trkpt lat="50.89726" lon="10.301368"><ele>363.25</ele></trkpt>
   <trkpt lat="50.897408" lon="10.301521"><ele>364</ele></trkpt>
   <trkpt lat="50.897476" lon="10.301605"><ele>364.75</ele></trkpt>
   <trkpt lat="50.897636" lon="10.301847"><ele>364.75</ele></trkpt>
   <trkpt lat="50.897849" lon="10.30218"><ele>366.5</ele></trkpt>
   <trkpt lat="50.897982" lon="10.302363"><ele>366.5</ele></trkpt>
   <trkpt lat="50.898118" lon="10.302515"><ele>366</ele></trkpt>
   <trkpt lat="50.899836" lon="10.303968"><ele>362.25</ele></trkpt>
   <trkpt lat="50.899957" lon="10.304085"><ele>362.25</ele></trkpt>
   <trkpt lat="50.900052" lon="10.304187"><ele>362</ele></trkpt>
   <trkpt lat="50.900135" lon="10.304293"><ele>362</ele></trkpt>
   <trkpt lat="50.90062" lon="10.305034"><ele>361</ele></trkpt>
   <trkpt lat="50.900801" lon="10.30526"><ele>360.75</ele></trkpt>
   <trkpt lat="50.900918" lon="10.30538"><ele>360.5</ele></trkpt>
   <trkpt lat="50.901041" lon="10.305492"><ele>360.25</ele></trkpt>
   <trkpt lat="50.901449" lon="10.305753"><ele>358.75</ele></trkpt>
   <trkpt lat="50.902228" lon="10.306234"><ele>354.25</ele></trkpt>
   <trkpt lat="50.902535" lon="10.306398"><ele>351.75</ele></trkpt>
   <trkpt lat="50.902669" lon="10.306455"><ele>351.5</ele></trkpt>
   <trkpt lat="50.902832" lon="10.306488"><ele>350.75</ele></trkpt>
   <trkpt lat="50.903013" lon="10.306507"><ele>349.5</ele></trkpt>
   <trkpt lat="50.903431" lon="10.306502"><ele>347.5</ele></trkpt>
   <trkpt lat="50.904085" lon="10.306455"><ele>345.75</ele></trkpt>
   <trkpt lat="50.904263" lon="10.306454"><ele>345.25</ele></trkpt>
   <trkpt lat="50.904424" lon="10.306473"><ele>344.75</ele></trkpt>
   <trkpt lat="50.904603" lon="10.306517"><ele>343.5</ele></trkpt>
   <trkpt lat="50.904816" lon="10.306593"><ele>342</ele></trkpt>
   <trkpt lat="50.905" lon="10.306691"><ele>340.75</ele></trkpt>
   <trkpt lat="50.905181" lon="10.3068"><ele>339.75</ele></trkpt>
   <trkpt lat="50.905326" lon="10.306887"><ele>339</ele></trkpt>
   <trkpt lat="50.905402" lon="10.306935"><ele>338.75</ele></trkpt>
   <trkpt lat="50.905541" lon="10.307022"><ele>338.5</ele></trkpt>
   <trkpt lat="50.905874" lon="10.307229"><ele>339</ele></trkpt>
   <trkpt lat="50.907368" lon="10.308155"><ele>340</ele></trkpt>
   <trkpt lat="50.90782" lon="10.308432"><ele>341.5</ele></trkpt>
   <trkpt lat="50.907973" lon="10.30852"><ele>341.75</ele></trkpt>
   <trkpt lat="50.908553" lon="10.308816"><ele>340</ele></trkpt>
   <trkpt lat="50.909694" lon="10.309336"><ele>334.25</ele></trkpt>
   <trkpt lat="50.910071" lon="10.309479"><ele>333.75</ele></trkpt>
   <trkpt lat="50.910343" lon="10.309594"><ele>333.5</ele></trkpt>
   <trkpt lat="50.910662" lon="10.309748"><ele>333.25</ele></trkpt>
   <trkpt lat="50.910916" lon="10.309895"><ele>333.25</ele></trkpt>
   <trkpt lat="50.911175" lon="10.310011"><ele>333.5</ele></trkpt>
   <trkpt lat="50.911316" lon="10.310053"><ele>332.75</ele></trkpt>
   <trkpt lat="50.911599" lon="10.310108"><ele>332.25</ele></trkpt>
   <trkpt lat="50.911964" lon="10.310165"><ele>331.5</ele></trkpt>
   <trkpt lat="50.912348" lon="10.310221"><ele>331</ele></trkpt>
   <trkpt lat="50.912654" lon="10.310249"><ele>330.5</ele></trkpt>
   <trkpt lat="50.912755" lon="10.310245"><ele>330.5</ele></trkpt>
   <trkpt lat="50.912987" lon="10.310194"><ele>330</ele></trkpt>
   <trkpt lat="50.913091" lon="10.310154"><ele>329.5</ele></trkpt>
   <trkpt lat="50.913369" lon="10.310013"><ele>327.75</ele></trkpt>
   <trkpt lat="50.913472" lon="10.309972"><ele>327.25</ele></trkpt>
   <trkpt lat="50.913558" lon="10.309945"><ele>326.75</ele></trkpt>
   <trkpt lat="50.9137" lon="10.309927"><ele>325.75</ele></trkpt>
   <trkpt lat="50.913808" lon="10.309928"><ele>325</ele></trkpt>
   <trkpt lat="50.913981" lon="10.30995"><ele>324.25</ele></trkpt>
   <trkpt lat="50.91404" lon="10.309957"><ele>324.25</ele></trkpt>
   <trkpt lat="50.914272" lon="10.309991"><ele>324.25</ele></trkpt>
   <trkpt lat="50.914397" lon="10.310004"><ele>324.75</ele></trkpt>
   <trkpt lat="50.915272" lon="10.310033"><ele>325.25</ele></trkpt>
   <trkpt lat="50.915433" lon="10.310028"><ele>325.25</ele></trkpt>
   <trkpt lat="50.915585" lon="10.310007"><ele>325</ele></trkpt>
   <trkpt lat="50.915677" lon="10.30998"><ele>325.25</ele></trkpt>
   <trkpt lat="50.915771" lon="10.309943"><ele>325</ele></trkpt>
   <trkpt lat="50.916335" lon="10.309662"><ele>323.75</ele></trkpt>
   <trkpt lat="50.916504" lon="10.309556"><ele>324</ele></trkpt>
   <trkpt lat="50.917496" lon="10.308748"><ele>324.75</ele></trkpt>
   <trkpt lat="50.917673" lon="10.3086"><ele>325.25</ele></trkpt>
   <trkpt lat="50.917788" lon="10.308503"><ele>325.5</ele></trkpt>
   <trkpt lat="50.918601" lon="10.307752"><ele>321.75</ele></trkpt>
   <trkpt lat="50.918959" lon="10.307424"><ele>320.25</ele></trkpt>
   <trkpt lat="50.919054" lon="10.307357"><ele>319.75</ele></trkpt>
   <trkpt lat="50.919144" lon="10.307316"><ele>319.75</ele></trkpt>
   <trkpt lat="50.919233" lon="10.30729"><ele>319.75</ele></trkpt>
   <trkpt lat="50.919317" lon="10.307281"><ele>319.5</ele></trkpt>
   <trkpt lat="50.91951" lon="10.307292"><ele>318.75</ele></trkpt>
   <trkpt lat="50.91972" lon="10.307367"><ele>318</ele></trkpt>
   <trkpt lat="50.91987" lon="10.30744"><ele>317.5</ele></trkpt>
   <trkpt lat="50.92001" lon="10.307496"><ele>317.75</ele></trkpt>
   <trkpt lat="50.920124" lon="10.307512"><ele>318</ele></trkpt>
   <trkpt lat="50.920229" lon="10.30749"><ele>317.75</ele></trkpt>
   <trkpt lat="50.920305" lon="10.307455"><ele>317.5</ele></trkpt>
   <trkpt lat="50.920385" lon="10.3074"><ele>317</ele></trkpt>
   <trkpt lat="50.920682" lon="10.30712"><ele>316.5</ele></trkpt>
   <trkpt lat="50.920926" lon="10.306934"><ele>316.75</ele></trkpt>
   <trkpt lat="50.92104" lon="10.306872"><ele>316.75</ele></trkpt>
   <trkpt lat="50.921166" lon="10.306824"><ele>317</ele></trkpt>
   <trkpt lat="50.921295" lon="10.306808"><ele>317.25</ele></trkpt>
   <trkpt lat="50.921428" lon="10.30684"><ele>317.5</ele></trkpt>
   <trkpt lat="50.921559" lon="10.306918"><ele>318.25</ele></trkpt>
   <trkpt lat="50.921728" lon="10.307087"><ele>319.25</ele></trkpt>
   <trkpt lat="50.921994" lon="10.307455"><ele>320.5</ele></trkpt>
   <trkpt lat="50.922122" lon="10.307624"><ele>320.75</ele></trkpt>
   <trkpt lat="50.922269" lon="10.307801"><ele>321.25</ele></trkpt>
   <trkpt lat="50.92247" lon="10.308007"><ele>322</ele></trkpt>
   <trkpt lat="50.922686" lon="10.308205"><ele>323.25</ele></trkpt>
   <trkpt lat="50.9235" lon="10.308893"><ele>328.25</ele></trkpt>
   <trkpt lat="50.924771" lon="10.309967"><ele>335.75</ele></trkpt>
   <trkpt lat="50.9249" lon="10.310086"><ele>337.25</ele></trkpt>
   <trkpt lat="50.925074" lon="10.31029"><ele>340</ele></trkpt>
   <trkpt lat="50.925369" lon="10.3107"><ele>344.75</ele></trkpt>
   <trkpt lat="50.925504" lon="10.310857"><ele>346</ele></trkpt>
   <trkpt lat="50.925588" lon="10.31094"><ele>347</ele></trkpt>
   <trkpt lat="50.92566" lon="10.310992"><ele>347.5</ele></trkpt>
   <trkpt lat="50.925732" lon="10.311027"><ele>348.25</ele></trkpt>
   <trkpt lat="50.925788" lon="10.311038"><ele>348.75</ele></trkpt>
   <trkpt lat="50.925854" lon="10.311032"><ele>349.25</ele></trkpt>
   <trkpt lat="50.925919" lon="10.311004"><ele>349.25</ele></trkpt>
   <trkpt lat="50.925977" lon="10.310963"><ele>349.5</ele></trkpt>
   <trkpt lat="50.926027" lon="10.310906"><ele>350</ele></trkpt>
   <trkpt lat="50.926104" lon="10.310794"><ele>351</ele></trkpt>
   <trkpt lat="50.926321" lon="10.310431"><ele>352</ele></trkpt>
   <trkpt lat="50.926396" lon="10.310327"><ele>353.25</ele></trkpt>
   <trkpt lat="50.926555" lon="10.310163"><ele>354.5</ele></trkpt>
   <trkpt lat="50.927009" lon="10.309828"><ele>359.5</ele></trkpt>
   <trkpt lat="50.927081" lon="10.309743"><ele>360.5</ele></trkpt>
   <trkpt lat="50.927136" lon="10.309646"><ele>361.75</ele></trkpt>
   <trkpt lat="50.92718" lon="10.309543"><ele>362.75</ele></trkpt>
   <trkpt lat="50.927215" lon="10.309416"><ele>363.5</ele></trkpt>
   <trkpt lat="50.927234" lon="10.309272"><ele>364.25</ele></trkpt>
   <trkpt lat="50.927236" lon="10.309075"><ele>365.75</ele></trkpt>
   <trkpt lat="50.927217" lon="10.308638"><ele>367</ele></trkpt>
   <trkpt lat="50.927223" lon="10.308478"><ele>367.25</ele></trkpt>
   <trkpt lat="50.927237" lon="10.308369"><ele>367.75</ele></trkpt>
   <trkpt lat="50.927258" lon="10.308301"><ele>368.5</ele></trkpt>
   <trkpt lat="50.927294" lon="10.308234"><ele>369.5</ele></trkpt>
   <trkpt lat="50.927342" lon="10.30819"><ele>370</ele></trkpt>
   <trkpt lat="50.927393" lon="10.308165"><ele>370.25</ele></trkpt>
   <trkpt lat="50.927446" lon="10.308166"><ele>370</ele></trkpt>
   <trkpt lat="50.927498" lon="10.308184"><ele>370</ele></trkpt>
   <trkpt lat="50.927552" lon="10.30823"><ele>370.75</ele></trkpt>
   <trkpt lat="50.927614" lon="10.308305"><ele>371.5</ele></trkpt>
   <trkpt lat="50.927674" lon="10.308396"><ele>372</ele></trkpt>
   <trkpt lat="50.927852" lon="10.308709"><ele>374.75</ele></trkpt>
   <trkpt lat="50.927922" lon="10.308818"><ele>375.25</ele></trkpt>
   <trkpt lat="50.927996" lon="10.308902"><ele>376</ele></trkpt>
   <trkpt lat="50.928073" lon="10.308973"><ele>376.75</ele></trkpt>
   <trkpt lat="50.92838" lon="10.309165"><ele>378.5</ele></trkpt>
   <trkpt lat="50.928455" lon="10.309232"><ele>378.75</ele></trkpt>
   <trkpt lat="50.928515" lon="10.30931"><ele>379</ele></trkpt>
   <trkpt lat="50.928558" lon="10.309411"><ele>379.5</ele></trkpt>
   <trkpt lat="50.928582" lon="10.309503"><ele>380.25</ele></trkpt>
   <trkpt lat="50.928593" lon="10.309623"><ele>381.25</ele></trkpt>
   <trkpt lat="50.928598" lon="10.309948"><ele>382.5</ele></trkpt>
   <trkpt lat="50.928608" lon="10.310119"><ele>383.25</ele></trkpt>
   <trkpt lat="50.928626" lon="10.31025"><ele>384.25</ele></trkpt>
   <trkpt lat="50.928662" lon="10.31039"><ele>385.5</ele></trkpt>
   <trkpt lat="50.928708" lon="10.310529"><ele>386.5</ele></trkpt>
   <trkpt lat="50.92877" lon="10.310657"><ele>387.25</ele></trkpt>
   <trkpt lat="50.928861" lon="10.310806"><ele>387.75</ele></trkpt>
   <trkpt lat="50.92895" lon="10.310929"><ele>388.75</ele></trkpt>
   <trkpt lat="50.929197" lon="10.311217"><ele>389.75</ele></trkpt>
   <trkpt lat="50.929273" lon="10.311328"><ele>390</ele></trkpt>
   <trkpt lat="50.92935" lon="10.311459"><ele>390.75</ele></trkpt>
   <trkpt lat="50.929395" lon="10.311578"><ele>391.75</ele></trkpt>
   <trkpt lat="50.929433" lon="10.311718"><ele>392.75</ele></trkpt>
   <trkpt lat="50.92946" lon="10.311873"><ele>393.25</ele></trkpt>
   <trkpt lat="50.929485" lon="10.312064"><ele>394.25</ele></trkpt>
   <trkpt lat="50.929498" lon="10.312243"><ele>395.25</ele></trkpt>
   <trkpt lat="50.929501" lon="10.312393"><ele>395.75</ele></trkpt>
   <trkpt lat="50.929495" lon="10.312554"><ele>396.25</ele></trkpt>
   <trkpt lat="50.92947" lon="10.312715"><ele>396.75</ele></trkpt>
   <trkpt lat="50.92943" lon="10.312867"><ele>397.5</ele></trkpt>
   <trkpt lat="50.9293" lon="10.31327"><ele>399.5</ele></trkpt>
   <trkpt lat="50.929257" lon="10.313447"><ele>400.75</ele></trkpt>
   <trkpt lat="50.929231" lon="10.313611"><ele>401.75</ele></trkpt>
   <trkpt lat="50.929215" lon="10.313783"><ele>403</ele></trkpt>
   <trkpt lat="50.929207" lon="10.313958"><ele>404</ele></trkpt>
   <trkpt lat="50.929206" lon="10.314166"><ele>404.75</ele></trkpt>
   <trkpt lat="50.929222" lon="10.314411"><ele>406.75</ele></trkpt>
   <trkpt lat="50.929247" lon="10.314587"><ele>407.5</ele></trkpt>
   <trkpt lat="50.929284" lon="10.314785"><ele>408.25</ele></trkpt>
   <trkpt lat="50.929335" lon="10.314963"><ele>409.5</ele></trkpt>
   <trkpt lat="50.929402" lon="10.315151"><ele>410</ele></trkpt>
   <trkpt lat="50.929472" lon="10.315296"><ele>411</ele></trkpt>
   <trkpt lat="50.929572" lon="10.315479"><ele>411</ele></trkpt>
   <trkpt lat="50.9302" lon="10.316469"><ele>416.5</ele></trkpt>
   <trkpt lat="50.930493" lon="10.317031"><ele>420.5</ele></trkpt>
   <trkpt lat="50.930699" lon="10.317404"><ele>421.75</ele></trkpt>
   <trkpt lat="50.930802" lon="10.317611"><ele>424</ele></trkpt>
   <trkpt lat="50.930886" lon="10.317815"><ele>425.5</ele></trkpt>
   <trkpt lat="50.93106" lon="10.318371"><ele>429</ele></trkpt>
   <trkpt lat="50.931102" lon="10.318466"><ele>430.25</ele></trkpt>
   <trkpt lat="50.931162" lon="10.31855"><ele>431</ele></trkpt>
   <trkpt lat="50.931232" lon="10.318613"><ele>431.25</ele></trkpt>
   <trkpt lat="50.93131" lon="10.318658"><ele>432</ele></trkpt>
   <trkpt lat="50.931918" lon="10.318935"><ele>434.25</ele></trkpt>
   <trkpt lat="50.932219" lon="10.31904"><ele>434.5</ele></trkpt>
   <trkpt lat="50.932713" lon="10.319213"><ele>432.75</ele></trkpt>
   <trkpt lat="50.933308" lon="10.319425"><ele>429</ele></trkpt>
   <trkpt lat="50.93361" lon="10.319517"><ele>427</ele></trkpt>
   <trkpt lat="50.934331" lon="10.319684"><ele>422.25</ele></trkpt>
   <trkpt lat="50.934763" lon="10.319798"><ele>420.25</ele></trkpt>
   <trkpt lat="50.935317" lon="10.319971"><ele>417.5</ele></trkpt>
   <trkpt lat="50.93586" lon="10.320107"><ele>415.75</ele></trkpt>
   <trkpt lat="50.936339" lon="10.320214"><ele>413.25</ele></trkpt>
   <trkpt lat="50.936462" lon="10.32023"><ele>412.75</ele></trkpt>
   <trkpt lat="50.936584" lon="10.320221"><ele>411.75</ele></trkpt>
   <trkpt lat="50.936707" lon="10.320188"><ele>410.5</ele></trkpt>
   <trkpt lat="50.937226" lon="10.320016"><ele>406</ele></trkpt>
   <trkpt lat="50.93774" lon="10.319852"><ele>401.5</ele></trkpt>
   <trkpt lat="50.938378" lon="10.319704"><ele>394.25</ele></trkpt>
   <trkpt lat="50.938646" lon="10.319668"><ele>391</ele></trkpt>
   <trkpt lat="50.938724" lon="10.319646"><ele>390.25</ele></trkpt>
   <trkpt lat="50.938798" lon="10.319612"><ele>389.5</ele></trkpt>
   <trkpt lat="50.938847" lon="10.319578"><ele>389</ele></trkpt>
   <trkpt lat="50.938896" lon="10.319528"><ele>388.5</ele></trkpt>
   <trkpt lat="50.938974" lon="10.319596"><ele>390</ele></trkpt>
   <trkpt lat="50.93913" lon="10.319292"><ele>388.5</ele></trkpt>
   <trkpt lat="50.939604" lon="10.318914"><ele>385.5</ele></trkpt>
   <trkpt lat="50.940532" lon="10.31762"><ele>371</ele></trkpt>
   <trkpt lat="50.940911" lon="10.317048"><ele>366.75</ele></trkpt>
   <trkpt lat="50.941285" lon="10.316326"><ele>363.5</ele></trkpt>
   <trkpt lat="50.941596" lon="10.315639"><ele>366.75</ele></trkpt>
   <trkpt lat="50.941749" lon="10.314681"><ele>357.25</ele></trkpt>
   <trkpt lat="50.942033" lon="10.314216"><ele>352</ele></trkpt>
   <trkpt lat="50.942713" lon="10.313723"><ele>346</ele></trkpt>
   <trkpt lat="50.943299" lon="10.313344"><ele>338.25</ele></trkpt>
   <trkpt lat="50.9437" lon="10.313194"><ele>334.75</ele></trkpt>
   <trkpt lat="50.944378" lon="10.312899"><ele>331</ele></trkpt>
   <trkpt lat="50.944457" lon="10.312865"><ele>331.25</ele></trkpt>
   <trkpt lat="50.945198" lon="10.31176"><ele>332</ele></trkpt>
   <trkpt lat="50.945362" lon="10.311313"><ele>327.75</ele></trkpt>
   <trkpt lat="50.945597" lon="10.31082"><ele>323.25</ele></trkpt>
   <trkpt lat="50.945732" lon="10.310494"><ele>326.5</ele></trkpt>
   <trkpt lat="50.946081" lon="10.309693"><ele>325.5</ele></trkpt>
   <trkpt lat="50.946439" lon="10.309261"><ele>323.25</ele></trkpt>
   <trkpt lat="50.946728" lon="10.308975"><ele>318.5</ele></trkpt>
   <trkpt lat="50.947273" lon="10.308717"><ele>314.25</ele></trkpt>
   <trkpt lat="50.947912" lon="10.308703"><ele>312.25</ele></trkpt>
   <trkpt lat="50.948608" lon="10.308741"><ele>306.75</ele></trkpt>
   <trkpt lat="50.948834" lon="10.308887"><ele>303.25</ele></trkpt>
   <trkpt lat="50.948775" lon="10.308574"><ele>301.25</ele></trkpt>
   <trkpt lat="50.949026" lon="10.308843"><ele>299</ele></trkpt>
   <trkpt lat="50.949191" lon="10.308981"><ele>299</ele></trkpt>
   <trkpt lat="50.949351" lon="10.309077"><ele>296.5</ele></trkpt>
   <trkpt lat="50.949454" lon="10.309115"><ele>294.5</ele></trkpt>
   <trkpt lat="50.949633" lon="10.309148"><ele>293.25</ele></trkpt>
   <trkpt lat="50.950193" lon="10.309175"><ele>289.25</ele></trkpt>
   <trkpt lat="50.95053" lon="10.309202"><ele>287</ele></trkpt>
   <trkpt lat="50.950649" lon="10.309188"><ele>286</ele></trkpt>
   <trkpt lat="50.950839" lon="10.309131"><ele>283.75</ele></trkpt>
   <trkpt lat="50.951099" lon="10.309014"><ele>279.5</ele></trkpt>
   <trkpt lat="50.951211" lon="10.308982"><ele>277.75</ele></trkpt>
   <trkpt lat="50.951301" lon="10.308978"><ele>277.25</ele></trkpt>
   <trkpt lat="50.951401" lon="10.308992"><ele>276.75</ele></trkpt>
   <trkpt lat="50.951655" lon="10.309081"><ele>273.25</ele></trkpt>
   <trkpt lat="50.951741" lon="10.309102"><ele>273.25</ele></trkpt>
   <trkpt lat="50.951831" lon="10.309108"><ele>273.25</ele></trkpt>
   <trkpt lat="50.951926" lon="10.309088"><ele>272.5</ele></trkpt>
   <trkpt lat="50.952045" lon="10.309036"><ele>273</ele></trkpt>
   <trkpt lat="50.952155" lon="10.308956"><ele>271.5</ele></trkpt>
   <trkpt lat="50.952263" lon="10.308851"><ele>269.75</ele></trkpt>
   <trkpt lat="50.952489" lon="10.308594"><ele>266.5</ele></trkpt>
   <trkpt lat="50.952564" lon="10.308521"><ele>266</ele></trkpt>
   <trkpt lat="50.952646" lon="10.308461"><ele>265.5</ele></trkpt>
   <trkpt lat="50.952809" lon="10.308389"><ele>264.25</ele></trkpt>
   <trkpt lat="50.952894" lon="10.308373"><ele>264</ele></trkpt>
   <trkpt lat="50.952985" lon="10.308362"><ele>263.5</ele></trkpt>
   <trkpt lat="50.953158" lon="10.308372"><ele>263.25</ele></trkpt>
   <trkpt lat="50.953239" lon="10.308391"><ele>263</ele></trkpt>
   <trkpt lat="50.953343" lon="10.308431"><ele>263</ele></trkpt>
   <trkpt lat="50.953681" lon="10.3086"><ele>260.5</ele></trkpt>
   <trkpt lat="50.955056" lon="10.30933"><ele>257.5</ele></trkpt>
   <trkpt lat="50.956453" lon="10.310082"><ele>255</ele></trkpt>
   <trkpt lat="50.95749" lon="10.310621"><ele>252.5</ele></trkpt>
   <trkpt lat="50.958007" lon="10.310909"><ele>251.5</ele></trkpt>
   <trkpt lat="50.958121" lon="10.310975"><ele>251.5</ele></trkpt>
   <trkpt lat="50.958164" lon="10.311001"><ele>251.5</ele></trkpt>
   <trkpt lat="50.958175" lon="10.311007"><ele>251.5</ele></trkpt>
   <trkpt lat="50.958214" lon="10.311032"><ele>251.5</ele></trkpt>
   <trkpt lat="50.958333" lon="10.31111"><ele>251</ele></trkpt>
   <trkpt lat="50.958491" lon="10.311222"><ele>250.75</ele></trkpt>
   <trkpt lat="50.958742" lon="10.311431"><ele>250.75</ele></trkpt>
   <trkpt lat="50.958974" lon="10.311636"><ele>250</ele></trkpt>
   <trkpt lat="50.959041" lon="10.311697"><ele>249.75</ele></trkpt>
   <trkpt lat="50.959193" lon="10.311841"><ele>249.25</ele></trkpt>
   <trkpt lat="50.959373" lon="10.31202"><ele>249</ele></trkpt>
   <trkpt lat="50.9595" lon="10.312154"><ele>249</ele></trkpt>
   <trkpt lat="50.960344" lon="10.313091"><ele>248.75</ele></trkpt>
   <trkpt lat="50.960328" lon="10.313134"><ele>248.25</ele></trkpt>
   <trkpt lat="50.960288" lon="10.313231"><ele>247.25</ele></trkpt>
   <trkpt lat="50.960253" lon="10.313288"><ele>247.25</ele></trkpt>
   <trkpt lat="50.960223" lon="10.313335"><ele>247.25</ele></trkpt>
   <trkpt lat="50.960127" lon="10.313486"><ele>247.75</ele></trkpt>
   <trkpt lat="50.960019" lon="10.313675"><ele>248.75</ele></trkpt>
   <trkpt lat="50.959941" lon="10.313717"><ele>249.5</ele></trkpt>
   <trkpt lat="50.960034" lon="10.313944"><ele>249.25</ele></trkpt>
   <trkpt lat="50.960665" lon="10.314861"><ele>249.25</ele></trkpt>
   <trkpt lat="50.960846" lon="10.315044"><ele>248.25</ele></trkpt>
   <trkpt lat="50.961041" lon="10.315213"><ele>248.25</ele></trkpt>
   <trkpt lat="50.961232" lon="10.315316"><ele>247.75</ele></trkpt>
   <trkpt lat="50.961409" lon="10.315396"><ele>247.5</ele></trkpt>
   <trkpt lat="50.961559" lon="10.315485"><ele>247.25</ele></trkpt>
   <trkpt lat="50.962551" lon="10.315965"><ele>246.25</ele></trkpt>
   <trkpt lat="50.963208" lon="10.316059"><ele>245</ele></trkpt>
   <trkpt lat="50.963976" lon="10.316333"><ele>242</ele></trkpt>
   <trkpt lat="50.964194" lon="10.316495"><ele>241.25</ele></trkpt>
   <trkpt lat="50.964276" lon="10.316624"><ele>242</ele></trkpt>
   <trkpt lat="50.964556" lon="10.316817"><ele>240.5</ele></trkpt>
   <trkpt lat="50.964612" lon="10.316696"><ele>239.5</ele></trkpt>
   <trkpt lat="50.964668" lon="10.316573"><ele>240.25</ele></trkpt>
   <trkpt lat="50.964768" lon="10.316694"><ele>239.75</ele></trkpt>
   <trkpt lat="50.964862" lon="10.316823"><ele>240.25</ele></trkpt>
   <trkpt lat="50.964975" lon="10.317004"><ele>238.75</ele></trkpt>
   <trkpt lat="50.965088" lon="10.317219"><ele>238.5</ele></trkpt>
   <trkpt lat="50.965974" lon="10.319042"><ele>238.25</ele></trkpt>
   <trkpt lat="50.96621" lon="10.319485"><ele>239.25</ele></trkpt>
   <trkpt lat="50.966281" lon="10.319603"><ele>239</ele></trkpt>
   <trkpt lat="50.966431" lon="10.31981"><ele>237.75</ele></trkpt>
   <trkpt lat="50.966981" lon="10.320488"><ele>237</ele></trkpt>
   <trkpt lat="50.967237" lon="10.320773"><ele>236.5</ele></trkpt>
   <trkpt lat="50.967461" lon="10.320976"><ele>236.25</ele></trkpt>
   <trkpt lat="50.967703" lon="10.321171"><ele>235.5</ele></trkpt>
   <trkpt lat="50.967718" lon="10.321116"><ele>235.75</ele></trkpt>
   <trkpt lat="50.967735" lon="10.321012"><ele>236.25</ele></trkpt>
   <trkpt lat="50.967735" lon="10.320939"><ele>236.5</ele></trkpt>
   <trkpt lat="50.967711" lon="10.320842"><ele>237</ele></trkpt>
   <trkpt lat="50.967595" lon="10.320498"><ele>239.5</ele></trkpt>
   <trkpt lat="50.967386" lon="10.320007"><ele>244</ele></trkpt>
   <trkpt lat="50.967178" lon="10.319627"><ele>248.5</ele></trkpt>
   <trkpt lat="50.96699" lon="10.319326"><ele>252.75</ele></trkpt>
   <trkpt lat="50.966754" lon="10.318978"><ele>256</ele></trkpt>
   <trkpt lat="50.966511" lon="10.31866"><ele>259.75</ele></trkpt>
   <trkpt lat="50.966398" lon="10.318453"><ele>262.5</ele></trkpt>
   <trkpt lat="50.966241" lon="10.317911"><ele>264.5</ele></trkpt>
   <trkpt lat="50.966084" lon="10.317157"><ele>270.25</ele></trkpt>
   <trkpt lat="50.965818" lon="10.316146"><ele>278.25</ele></trkpt>
   <trkpt lat="50.965631" lon="10.315358"><ele>283.25</ele></trkpt>
   <trkpt lat="50.965506" lon="10.314629"><ele>289</ele></trkpt>
   <trkpt lat="50.965433" lon="10.314251"><ele>290.75</ele></trkpt>
   <trkpt lat="50.965388" lon="10.314072"><ele>291.75</ele></trkpt>
   <trkpt lat="50.96528" lon="10.313655"><ele>295.75</ele></trkpt>
   <trkpt lat="50.964992" lon="10.31281"><ele>299</ele></trkpt>
   <trkpt lat="50.964903" lon="10.312524"><ele>299.5</ele></trkpt>
   <trkpt lat="50.964814" lon="10.311794"><ele>301</ele></trkpt>
   <trkpt lat="50.964743" lon="10.311516"><ele>302.5</ele></trkpt>
   <trkpt lat="50.96447" lon="10.310609"><ele>305.5</ele></trkpt>
   <trkpt lat="50.96438" lon="10.31005"><ele>307</ele></trkpt>
   <trkpt lat="50.96429" lon="10.309303"><ele>309</ele></trkpt>
   <trkpt lat="50.96429" lon="10.309012"><ele>310</ele></trkpt>
   <trkpt lat="50.964311" lon="10.308861"><ele>310.5</ele></trkpt>
   <trkpt lat="50.964346" lon="10.308732"><ele>311.25</ele></trkpt>
   <trkpt lat="50.9644" lon="10.308645"><ele>311.25</ele></trkpt>
   <trkpt lat="50.964489" lon="10.308552"><ele>311.25</ele></trkpt>
   <trkpt lat="50.964599" lon="10.308489"><ele>311.75</ele></trkpt>
   <trkpt lat="50.964702" lon="10.308462"><ele>312</ele></trkpt>
   <trkpt lat="50.964843" lon="10.308454"><ele>313.75</ele></trkpt>
   <trkpt lat="50.964943" lon="10.308493"><ele>314.25</ele></trkpt>
   <trkpt lat="50.96508" lon="10.308587"><ele>315</ele></trkpt>
   <trkpt lat="50.965162" lon="10.308712"><ele>315</ele></trkpt>
   <trkpt lat="50.965372" lon="10.309136"><ele>315</ele></trkpt>
   <trkpt lat="50.965452" lon="10.309254"><ele>314.75</ele></trkpt>
   <trkpt lat="50.965554" lon="10.309351"><ele>315.25</ele></trkpt>
   <trkpt lat="50.965754" lon="10.309476"><ele>315.25</ele></trkpt>
   <trkpt lat="50.965902" lon="10.309604"><ele>315.25</ele></trkpt>
   <trkpt lat="50.966009" lon="10.309718"><ele>314.75</ele></trkpt>
   <trkpt lat="50.966237" lon="10.310032"><ele>315.75</ele></trkpt>
   <trkpt lat="50.9663" lon="10.310171"><ele>315.5</ele></trkpt>
   <trkpt lat="50.966446" lon="10.310636"><ele>315.5</ele></trkpt>
   <trkpt lat="50.96656" lon="10.310916"><ele>315.5</ele></trkpt>
   <trkpt lat="50.966876" lon="10.311535"><ele>316.25</ele></trkpt>
   <trkpt lat="50.967016" lon="10.311782"><ele>316</ele></trkpt>
   <trkpt lat="50.967165" lon="10.312009"><ele>315</ele></trkpt>
   <trkpt lat="50.967264" lon="10.312139"><ele>314.5</ele></trkpt>
   <trkpt lat="50.967348" lon="10.312191"><ele>314.25</ele></trkpt>
   <trkpt lat="50.967422" lon="10.312197"><ele>314.75</ele></trkpt>
   <trkpt lat="50.967483" lon="10.312155"><ele>315.5</ele></trkpt>
   <trkpt lat="50.96753" lon="10.312078"><ele>315.5</ele></trkpt>
   <trkpt lat="50.967567" lon="10.31196"><ele>315.25</ele></trkpt>
   <trkpt lat="50.967586" lon="10.3118"><ele>315.5</ele></trkpt>
   <trkpt lat="50.967585" lon="10.311658"><ele>316.25</ele></trkpt>
   <trkpt lat="50.967514" lon="10.310876"><ele>317.25</ele></trkpt>
   <trkpt lat="50.967523" lon="10.310627"><ele>317.5</ele></trkpt>
   <trkpt lat="50.96756" lon="10.310328"><ele>318</ele></trkpt>
   <trkpt lat="50.967763" lon="10.309439"><ele>320.5</ele></trkpt>
   <trkpt lat="50.967844" lon="10.309024"><ele>321.5</ele></trkpt>
   <trkpt lat="50.967972" lon="10.308156"><ele>327</ele></trkpt>
   <trkpt lat="50.968009" lon="10.307974"><ele>328.25</ele></trkpt>
   <trkpt lat="50.968073" lon="10.307857"><ele>328.5</ele></trkpt>
   <trkpt lat="50.968212" lon="10.307729"><ele>329</ele></trkpt>
   <trkpt lat="50.968506" lon="10.307548"><ele>329.5</ele></trkpt>
   <trkpt lat="50.968615" lon="10.307457"><ele>330</ele></trkpt>
   <trkpt lat="50.968655" lon="10.307387"><ele>330</ele></trkpt>
   <trkpt lat="50.96867" lon="10.30729"><ele>330.25</ele></trkpt>
   <trkpt lat="50.968648" lon="10.307208"><ele>330.5</ele></trkpt>
   <trkpt lat="50.968041" lon="10.305965"><ele>337.75</ele></trkpt>
   <trkpt lat="50.967957" lon="10.305746"><ele>338</ele></trkpt>
   <trkpt lat="50.967898" lon="10.305547"><ele>337.5</ele></trkpt>
   <trkpt lat="50.967869" lon="10.305383"><ele>338.5</ele></trkpt>
  </trkseg>
 </trk>
</gpx>