<?xml version="1.0" encoding="UTF-8"?>
<!-- track-length = 381624 filtered ascend = 1819 plain-ascend = 100 cost=1041571 energy=2.0kwh time=19h 38m 10s -->
<gpx 
 xmlns="http://www.topografix.com/GPX/1/1" 
 xmlns:xsi="http://www.w3.org/2001/XMLSchema-instance" 
 xsi:schemaLocation="http://www.topografix.com/GPX/1/1 http://www.topografix.com/GPX/1/1/gpx.xsd" 
 version="1.1" 
 creator="bikerouter.de 2026.9">
 <wpt lat="50.95471313873302" lon="10.053863525390627"><name>K</name></wpt>
 <wpt lat="51.203261743491005" lon="9.723587036132814"><name>K</name></wpt>
 <wpt lat="50.74260792256783" lon="8.208160400390627"><name>K</name></wpt>
 <wpt lat="50.97689917051072" lon="10.322792530059816"><name>LONGLONGLONG1</name></wpt>
 <wpt lat="49.96698935833223" lon="8.665637969970705"><name>from</name><type>from</type></wpt>
 <wpt lat="50.740570821302484" lon="8.205242156982424"><name>via A</name><type>via</type></wpt>
 <wpt lat="50.92466055155166" lon="8.425140380859377"><name>via B</name><type>via</type></wpt>
 <wpt lat="51.19727416567487" lon="9.721355438232424"><name>via C</name><type>via</type></wpt>
 <wpt lat="50.96757673868267" lon="10.074119567871096"><name>via D</name><type>via</type></wpt>
 <wpt lat="50.97686148277483" lon="10.322341918945312"><name>to</name><type>to</type></wpt>
 <trk>
  <name>nudel3</name>
  <link href="https://bikerouter.de/#map=16/50.9743/10.3287/Sigma%20Cycle&amp;lonlats=8.665638,49.966989;8.205242,50.740571;8.42514,50.924661;9.721355,51.197274;10.07412,50.967577;10.322342,50.976861&amp;pois=10.053864,50.954713,K;9.723587,51.203262,K;8.20816,50.742608,K;10.322793,50.976899,ENd">
   <text>bikerouter.de</text>
  </link>
  <trkseg>
   <trkpt lat="49.966979" lon="8.665531"><ele>123</ele></trkpt>
   <trkpt lat="49.967208" lon="8.665481"><ele>123</ele></trkpt>
   <trkpt lat="49.967257" lon="8.665873"><ele>123.25</ele></trkpt>
   <trkpt lat="49.967271" lon="8.666025"><ele>123.5</ele></trkpt>
   <trkpt lat="49.967276" lon="8.666087"><ele>123.75</ele></trkpt>
   <trkpt lat="49.967293" lon="8.666388"><ele>124</ele></trkpt>
   <trkpt lat="49.967305" lon="8.666727"><ele>124</ele></trkpt>
   <trkpt lat="49.96731" lon="8.666849"><ele>124</ele></trkpt>
   <trkpt lat="49.967315" lon="8.666966"><ele>124</ele></trkpt>
   <trkpt lat="49.967332" lon="8.667103"><ele>124.5</ele></trkpt>
   <trkpt lat="49.967398" lon="8.667089"><ele>124.5</ele></trkpt>
   <trkpt lat="49.967643" lon="8.667049"><ele>124.5</ele></trkpt>
   <trkpt lat="49.968391" lon="8.666926"><ele>126</ele></trkpt>
   <trkpt lat="49.968908" lon="8.666866"><ele>125.75</ele></trkpt>
   <trkpt lat="49.969141" lon="8.666845"><ele>126</ele></trkpt>
   <trkpt lat="49.969202" lon="8.666839"><ele>125.75</ele></trkpt>
   <trkpt lat="49.969215" lon="8.666839"><ele>125.75</ele></trkpt>
   <trkpt lat="49.96924" lon="8.666835"><ele>125.75</ele></trkpt>
   <trkpt lat="49.969277" lon="8.666832"><ele>125.75</ele></trkpt>
   <trkpt lat="49.96933" lon="8.666805"><ele>125.5</ele></trkpt>
   <trkpt lat="49.969338" lon="8.666954"><ele>126</ele></trkpt>
   <trkpt lat="49.96936" lon="8.667436"><ele>126</ele></trkpt>
   <trkpt lat="49.969373" lon="8.667638"><ele>126</ele></trkpt>
   <trkpt lat="49.969395" lon="8.668124"><ele>126.25</ele></trkpt>
   <trkpt lat="49.970008" lon="8.668053"><ele>125</ele></trkpt>
   <trkpt lat="49.970614" lon="8.667898"><ele>124.75</ele></trkpt>
   <trkpt lat="49.971127" lon="8.667862"><ele>124.25</ele></trkpt>
   <trkpt lat="49.971448" lon="8.667866"><ele>125</ele></trkpt>
   <trkpt lat="49.971728" lon="8.668028"><ele>125</ele></trkpt>
   <trkpt lat="49.973159" lon="8.669146"><ele>126.5</ele></trkpt>
   <trkpt lat="49.973327" lon="8.66926"><ele>126.25</ele></trkpt>
   <trkpt lat="49.973553" lon="8.669435"><ele>126</ele></trkpt>
   <trkpt lat="49.974083" lon="8.669852"><ele>125.5</ele></trkpt>
   <trkpt lat="49.975141" lon="8.67071"><ele>125.75</ele></trkpt>
   <trkpt lat="49.975163" lon="8.670723"><ele>125.75</ele></trkpt>
   <trkpt lat="49.975181" lon="8.670734"><ele>125.75</ele></trkpt>
   <trkpt lat="49.975354" lon="8.670858"><ele>125.5</ele></trkpt>
   <trkpt lat="49.976823" lon="8.671866"><ele>126</ele></trkpt>
   <trkpt lat="49.97876" lon="8.673187"><ele>127.25</ele></trkpt>
   <trkpt lat="49.978885" lon="8.673293"><ele>127.75</ele></trkpt>
   <trkpt lat="49.97899" lon="8.673425"><ele>127.75</ele></trkpt>
   <trkpt lat="49.979289" lon="8.673841"><ele>127.75</ele></trkpt>
   <trkpt lat="49.979433" lon="8.674044"><ele>128</ele></trkpt>
   <trkpt lat="49.979449" lon="8.674001"><ele>128</ele></trkpt>
   <trkpt lat="49.979463" lon="8.673937"><ele>128</ele></trkpt>
   <trkpt lat="49.979486" lon="8.673671"><ele>127</ele></trkpt>
   <trkpt lat="49.979541" lon="8.673685"><ele>127.25</ele></trkpt>
   <trkpt lat="49.98017" lon="8.674065"><ele>128</ele></trkpt>
   <trkpt lat="49.98021" lon="8.674122"><ele>128</ele></trkpt>
   <trkpt lat="49.980236" lon="8.674182"><ele>128</ele></trkpt>
   <trkpt lat="49.980329" lon="8.674289"><ele>128</ele></trkpt>
   <trkpt lat="49.980849" lon="8.674803"><ele>128.25</ele></trkpt>
   <trkpt lat="49.981065" lon="8.675012"><ele>129</ele></trkpt>
   <trkpt lat="49.982171" lon="8.675563"><ele>130</ele></trkpt>
   <trkpt lat="49.982208" lon="8.675546"><ele>129.75</ele></trkpt>
   <trkpt lat="49.982271" lon="8.675123"><ele>129.5</ele></trkpt>
   <trkpt lat="49.982348" lon="8.674859"><ele>129.25</ele></trkpt>
   <trkpt lat="49.982388" lon="8.674829"><ele>129.5</ele></trkpt>
   <trkpt lat="49.982389" lon="8.674947"><ele>129.5</ele></trkpt>
   <trkpt lat="49.982404" lon="8.675026"><ele>129.5</ele></trkpt>
   <trkpt lat="49.982434" lon="8.675096"><ele>129.75</ele></trkpt>
   <trkpt lat="49.982471" lon="8.675136"><ele>129.75</ele></trkpt>
   <trkpt lat="49.983381" lon="8.675736"><ele>131</ele></trkpt>
   <trkpt lat="49.98346" lon="8.675805"><ele>131</ele></trkpt>
   <trkpt lat="49.983538" lon="8.675854"><ele>131</ele></trkpt>
   <trkpt lat="49.984274" lon="8.676036"><ele>132</ele></trkpt>
   <trkpt lat="49.98641" lon="8.676386"><ele>135</ele></trkpt>
   <trkpt lat="49.987337" lon="8.676541"><ele>136</ele></trkpt>
   <trkpt lat="49.987378" lon="8.676549"><ele>136.25</ele></trkpt>
   <trkpt lat="49.987461" lon="8.676608"><ele>136.5</ele></trkpt>
   <trkpt lat="49.987499" lon="8.676667"><ele>136.75</ele></trkpt>
   <trkpt lat="49.987527" lon="8.676746"><ele>137</ele></trkpt>
   <trkpt lat="49.98762" lon="8.676642"><ele>136.75</ele></trkpt>
   <trkpt lat="49.987687" lon="8.6766"><ele>136.75</ele></trkpt>
   <trkpt lat="49.98773" lon="8.676587"><ele>136.5</ele></trkpt>
   <trkpt lat="49.988303" lon="8.6765"><ele>136</ele></trkpt>
   <trkpt lat="49.988477" lon="8.676447"><ele>136</ele></trkpt>
   <trkpt lat="49.988593" lon="8.676371"><ele>136</ele></trkpt>
   <trkpt lat="49.988826" lon="8.676154"><ele>135.25</ele></trkpt>
   <trkpt lat="49.989011" lon="8.675993"><ele>134.75</ele></trkpt>
   <trkpt lat="49.98917" lon="8.675854"><ele>134</ele></trkpt>
   <trkpt lat="49.989314" lon="8.675704"><ele>134</ele></trkpt>
   <trkpt lat="49.989443" lon="8.675504"><ele>134</ele></trkpt>
   <trkpt lat="49.989512" lon="8.675381"><ele>134</ele></trkpt>
   <trkpt lat="49.989538" lon="8.675412"><ele>134</ele></trkpt>
   <trkpt lat="49.989569" lon="8.67543"><ele>134</ele></trkpt>
   <trkpt lat="49.989606" lon="8.675433"><ele>134</ele></trkpt>
   <trkpt lat="49.989642" lon="8.675416"><ele>134</ele></trkpt>
   <trkpt lat="49.989672" lon="8.675381"><ele>134</ele></trkpt>
   <trkpt lat="49.989693" lon="8.675332"><ele>134</ele></trkpt>
   <trkpt lat="49.989772" lon="8.675425"><ele>134</ele></trkpt>
   <trkpt lat="49.989809" lon="8.67548"><ele>134</ele></trkpt>
   <trkpt lat="49.990285" lon="8.676629"><ele>135.75</ele></trkpt>
   <trkpt lat="49.990327" lon="8.676704"><ele>136</ele></trkpt>
   <trkpt lat="49.990528" lon="8.676999"><ele>136</ele></trkpt>
   <trkpt lat="49.990722" lon="8.67685"><ele>136</ele></trkpt>
   <trkpt lat="49.99075" lon="8.676843"><ele>136</ele></trkpt>
   <trkpt lat="49.991462" lon="8.676826"><ele>135.5</ele></trkpt>
   <trkpt lat="49.992261" lon="8.676827"><ele>136.5</ele></trkpt>
   <trkpt lat="49.9924" lon="8.67684"><ele>136.5</ele></trkpt>
   <trkpt lat="49.992468" lon="8.676847"><ele>136.5</ele></trkpt>
   <trkpt lat="49.992997" lon="8.676831"><ele>137</ele></trkpt>
   <trkpt lat="49.993109" lon="8.676792"><ele>137</ele></trkpt>
   <trkpt lat="49.99321" lon="8.676706"><ele>137</ele></trkpt>
   <trkpt lat="49.993704" lon="8.676083"><ele>137</ele></trkpt>
   <trkpt lat="49.993807" lon="8.675952"><ele>137</ele></trkpt>
   <trkpt lat="49.993842" lon="8.675928"><ele>137</ele></trkpt>
   <trkpt lat="49.994076" lon="8.675916"><ele>136.5</ele></trkpt>
   <trkpt lat="49.994316" lon="8.67591"><ele>136.25</ele></trkpt>
   <trkpt lat="49.994433" lon="8.675907"><ele>136.25</ele></trkpt>
   <trkpt lat="49.99447" lon="8.676408"><ele>137</ele></trkpt>
   <trkpt lat="49.994519" lon="8.677066"><ele>138</ele></trkpt>
   <trkpt lat="49.994689" lon="8.67841"><ele>140.25</ele></trkpt>
   <trkpt lat="49.994982" lon="8.680174"><ele>144.5</ele></trkpt>
   <trkpt lat="49.994997" lon="8.680197"><ele>144.5</ele></trkpt>
   <trkpt lat="49.995015" lon="8.680223"><ele>144.75</ele></trkpt>
   <trkpt lat="49.995035" lon="8.680259"><ele>144.75</ele></trkpt>
   <trkpt lat="49.99504" lon="8.680376"><ele>145.25</ele></trkpt>
   <trkpt lat="49.995037" lon="8.68051"><ele>145.75</ele></trkpt>
   <trkpt lat="49.99568" lon="8.680453"><ele>146.5</ele></trkpt>
   <trkpt lat="49.996009" lon="8.680411"><ele>145.5</ele></trkpt>
   <trkpt lat="49.996535" lon="8.680445"><ele>144</ele></trkpt>
   <trkpt lat="49.996918" lon="8.680442"><ele>143.5</ele></trkpt>
   <trkpt lat="49.997802" lon="8.680504"><ele>143.75</ele></trkpt>
   <trkpt lat="49.998033" lon="8.680578"><ele>144</ele></trkpt>
   <trkpt lat="49.999064" lon="8.680995"><ele>143.5</ele></trkpt>
   <trkpt lat="49.999549" lon="8.681215"><ele>142.75</ele></trkpt>
   <trkpt lat="49.999664" lon="8.681326"><ele>142.25</ele></trkpt>
   <trkpt lat="49.999696" lon="8.68138"><ele>142</ele></trkpt>
   <trkpt lat="49.999784" lon="8.681604"><ele>142.5</ele></trkpt>
   <trkpt lat="49.999833" lon="8.681619"><ele>142.25</ele></trkpt>
   <trkpt lat="49.99987" lon="8.68163"><ele>142.25</ele></trkpt>
   <trkpt lat="49.999928" lon="8.681645"><ele>142</ele></trkpt>
   <trkpt lat="49.999961" lon="8.681533"><ele>142</ele></trkpt>
   <trkpt lat="49.99998" lon="8.681493"><ele>142</ele></trkpt>
   <trkpt lat="50.000025" lon="8.681402"><ele>142</ele></trkpt>
   <trkpt lat="50.00007" lon="8.681348"><ele>141.75</ele></trkpt>
   <trkpt lat="50.000119" lon="8.681322"><ele>141.75</ele></trkpt>
   <trkpt lat="50.000169" lon="8.681318"><ele>141.75</ele></trkpt>
   <trkpt lat="50.000362" lon="8.681304"><ele>141.25</ele></trkpt>
   <trkpt lat="50.000404" lon="8.681319"><ele>141.25</ele></trkpt>
   <trkpt lat="50.000434" lon="8.681527"><ele>141.5</ele></trkpt>
   <trkpt lat="50.000518" lon="8.681562"><ele>141.5</ele></trkpt>
   <trkpt lat="50.000676" lon="8.681609"><ele>141.75</ele></trkpt>
   <trkpt lat="50.000834" lon="8.68161"><ele>141.75</ele></trkpt>
   <trkpt lat="50.001648" lon="8.681895"><ele>140</ele></trkpt>
   <trkpt lat="50.002055" lon="8.682055"><ele>139.25</ele></trkpt>
   <trkpt lat="50.002424" lon="8.682274"><ele>139</ele></trkpt>
   <trkpt lat="50.002799" lon="8.682557"><ele>138.75</ele></trkpt>
   <trkpt lat="50.00313" lon="8.6829"><ele>138.25</ele></trkpt>
   <trkpt lat="50.004011" lon="8.684008"><ele>138</ele></trkpt>
   <trkpt lat="50.004096" lon="8.684177"><ele>138.75</ele></trkpt>
   <trkpt lat="50.004159" lon="8.684394"><ele>138.75</ele></trkpt>
   <trkpt lat="50.004184" lon="8.684459"><ele>139</ele></trkpt>
   <trkpt lat="50.004277" lon="8.684678"><ele>139.25</ele></trkpt>
   <trkpt lat="50.004626" lon="8.685152"><ele>140</ele></trkpt>
   <trkpt lat="50.004763" lon="8.685269"><ele>139.75</ele></trkpt>
   <trkpt lat="50.004906" lon="8.685295"><ele>139.25</ele></trkpt>
   <trkpt lat="50.005029" lon="8.685287"><ele>139</ele></trkpt>
   <trkpt lat="50.005506" lon="8.68588"><ele>140</ele></trkpt>
   <trkpt lat="50.006149" lon="8.686745"><ele>141</ele></trkpt>
   <trkpt lat="50.006192" lon="8.686811"><ele>141</ele></trkpt>
   <trkpt lat="50.006222" lon="8.686844"><ele>141</ele></trkpt>
   <trkpt lat="50.006255" lon="8.686864"><ele>141</ele></trkpt>
   <trkpt lat="50.006287" lon="8.686854"><ele>141</ele></trkpt>
   <trkpt lat="50.006326" lon="8.686842"><ele>141</ele></trkpt>
   <trkpt lat="50.006401" lon="8.686944"><ele>140.75</ele></trkpt>
   <trkpt lat="50.006493" lon="8.687024"><ele>140.5</ele></trkpt>
   <trkpt lat="50.006499" lon="8.687078"><ele>140.75</ele></trkpt>
   <trkpt lat="50.006557" lon="8.68707"><ele>140.5</ele></trkpt>
   <trkpt lat="50.006618" lon="8.687077"><ele>140.5</ele></trkpt>
   <trkpt lat="50.006728" lon="8.687121"><ele>140.25</ele></trkpt>
   <trkpt lat="50.006927" lon="8.68733"><ele>140.25</ele></trkpt>
   <trkpt lat="50.007303" lon="8.6877"><ele>139.5</ele></trkpt>
   <trkpt lat="50.008161" lon="8.688502"><ele>138.5</ele></trkpt>
   <trkpt lat="50.008762" lon="8.689007"><ele>137.5</ele></trkpt>
   <trkpt lat="50.009198" lon="8.689344"><ele>136.75</ele></trkpt>
   <trkpt lat="50.009345" lon="8.689455"><ele>137</ele></trkpt>
   <trkpt lat="50.010719" lon="8.690495"><ele>135.75</ele></trkpt>
   <trkpt lat="50.011131" lon="8.690802"><ele>134.75</ele></trkpt>
   <trkpt lat="50.012237" lon="8.691637"><ele>133.75</ele></trkpt>
   <trkpt lat="50.012399" lon="8.691756"><ele>133.25</ele></trkpt>
   <trkpt lat="50.012855" lon="8.692089"><ele>133</ele></trkpt>
   <trkpt lat="50.012943" lon="8.692153"><ele>133</ele></trkpt>
   <trkpt lat="50.013086" lon="8.692258"><ele>133</ele></trkpt>
   <trkpt lat="50.013186" lon="8.692338"><ele>133</ele></trkpt>
   <trkpt lat="50.013225" lon="8.69237"><ele>133</ele></trkpt>
   <trkpt lat="50.013316" lon="8.692443"><ele>133</ele></trkpt>
   <trkpt lat="50.013593" lon="8.692667"><ele>132</ele></trkpt>
   <trkpt lat="50.013727" lon="8.692817"><ele>132</ele></trkpt>
   <trkpt lat="50.013865" lon="8.692977"><ele>132</ele></trkpt>
   <trkpt lat="50.013971" lon="8.693099"><ele>132</ele></trkpt>
   <trkpt lat="50.014023" lon="8.693159"><ele>132</ele></trkpt>
   <trkpt lat="50.014212" lon="8.693379"><ele>132</ele></trkpt>
   <trkpt lat="50.014366" lon="8.693564"><ele>132</ele></trkpt>
   <trkpt lat="50.014432" lon="8.693642"><ele>132</ele></trkpt>
   <trkpt lat="50.014547" lon="8.693806"><ele>132</ele></trkpt>
   <trkpt lat="50.014607" lon="8.693906"><ele>132</ele></trkpt>
   <trkpt lat="50.014669" lon="8.694022"><ele>132</ele></trkpt>
   <trkpt lat="50.014782" lon="8.694264"><ele>132.25</ele></trkpt>
   <trkpt lat="50.014981" lon="8.694714"><ele>133</ele></trkpt>
   <trkpt lat="50.015027" lon="8.694826"><ele>133</ele></trkpt>
   <trkpt lat="50.01506" lon="8.694903"><ele>133</ele></trkpt>
   <trkpt lat="50.015065" lon="8.694916"><ele>133</ele></trkpt>
   <trkpt lat="50.015093" lon="8.694981"><ele>133</ele></trkpt>
   <trkpt lat="50.015122" lon="8.695056"><ele>133</ele></trkpt>
   <trkpt lat="50.015322" lon="8.695566"><ele>133</ele></trkpt>
   <trkpt lat="50.015464" lon="8.695905"><ele>133.75</ele></trkpt>
   <trkpt lat="50.015545" lon="8.696052"><ele>133</ele></trkpt>
   <trkpt lat="50.015579" lon="8.696078"><ele>133</ele></trkpt>
   <trkpt lat="50.01562" lon="8.696091"><ele>133.25</ele></trkpt>
   <trkpt lat="50.015659" lon="8.696084"><ele>133.25</ele></trkpt>
   <trkpt lat="50.015775" lon="8.69604"><ele>133.75</ele></trkpt>
   <trkpt lat="50.016012" lon="8.695918"><ele>134</ele></trkpt>
   <trkpt lat="50.016356" lon="8.695743"><ele>134</ele></trkpt>
   <trkpt lat="50.016415" lon="8.695711"><ele>133.75</ele></trkpt>
   <trkpt lat="50.016638" lon="8.695591"><ele>133</ele></trkpt>
   <trkpt lat="50.016711" lon="8.695553"><ele>133</ele></trkpt>
   <trkpt lat="50.016733" lon="8.695541"><ele>133</ele></trkpt>
   <trkpt lat="50.016811" lon="8.695501"><ele>133</ele></trkpt>
   <trkpt lat="50.016929" lon="8.695443"><ele>133</ele></trkpt>
   <trkpt lat="50.016957" lon="8.695429"><ele>133</ele></trkpt>
   <trkpt lat="50.017231" lon="8.695316"><ele>133</ele></trkpt>
   <trkpt lat="50.017317" lon="8.695296"><ele>133</ele></trkpt>
   <trkpt lat="50.017395" lon="8.695284"><ele>133</ele></trkpt>
   <trkpt lat="50.017458" lon="8.695286"><ele>133</ele></trkpt>
   <trkpt lat="50.017726" lon="8.69535"><ele>132.25</ele></trkpt>
   <trkpt lat="50.017899" lon="8.695383"><ele>132</ele></trkpt>
   <trkpt lat="50.01797" lon="8.695396"><ele>132</ele></trkpt>
   <trkpt lat="50.017989" lon="8.6954"><ele>132</ele></trkpt>
   <trkpt lat="50.018273" lon="8.695452"><ele>132</ele></trkpt>
   <trkpt lat="50.018406" lon="8.695469"><ele>132</ele></trkpt>
   <trkpt lat="50.018752" lon="8.695523"><ele>132</ele></trkpt>
   <trkpt lat="50.018835" lon="8.695535"><ele>132</ele></trkpt>
   <trkpt lat="50.019037" lon="8.695539"><ele>132</ele></trkpt>
   <trkpt lat="50.019058" lon="8.69554"><ele>132</ele></trkpt>
   <trkpt lat="50.019084" lon="8.69554"><ele>132</ele></trkpt>
   <trkpt lat="50.019274" lon="8.695543"><ele>132</ele></trkpt>
   <trkpt lat="50.020152" lon="8.695537"><ele>131</ele></trkpt>
   <trkpt lat="50.020434" lon="8.695531"><ele>131</ele></trkpt>
   <trkpt lat="50.021283" lon="8.695522"><ele>131</ele></trkpt>
   <trkpt lat="50.021355" lon="8.695523"><ele>131</ele></trkpt>
   <trkpt lat="50.021797" lon="8.695521"><ele>131</ele></trkpt>
   <trkpt lat="50.021836" lon="8.695522"><ele>131</ele></trkpt>
   <trkpt lat="50.021865" lon="8.695522"><ele>131</ele></trkpt>
   <trkpt lat="50.021962" lon="8.695521"><ele>131</ele></trkpt>
   <trkpt lat="50.022277" lon="8.695529"><ele>131</ele></trkpt>
   <trkpt lat="50.023185" lon="8.695519"><ele>131</ele></trkpt>
   <trkpt lat="50.023271" lon="8.695516"><ele>131</ele></trkpt>
   <trkpt lat="50.023397" lon="8.695512"><ele>131</ele></trkpt>
   <trkpt lat="50.023703" lon="8.695505"><ele>131</ele></trkpt>
   <trkpt lat="50.023776" lon="8.695499"><ele>131</ele></trkpt>
   <trkpt lat="50.023945" lon="8.695495"><ele>131</ele></trkpt>
   <trkpt lat="50.024148" lon="8.695492"><ele>131</ele></trkpt>
   <trkpt lat="50.024186" lon="8.695492"><ele>131</ele></trkpt>
   <trkpt lat="50.024328" lon="8.695493"><ele>131</ele></trkpt>
   <trkpt lat="50.025678" lon="8.695495"><ele>131</ele></trkpt>
   <trkpt lat="50.0259" lon="8.695495"><ele>131</ele></trkpt>
   <trkpt lat="50.026138" lon="8.695492"><ele>131</ele></trkpt>
   <trkpt lat="50.027207" lon="8.695478"><ele>132.25</ele></trkpt>
   <trkpt lat="50.028383" lon="8.695471"><ele>133.25</ele></trkpt>
   <trkpt lat="50.028625" lon="8.695461"><ele>134</ele></trkpt>
   <trkpt lat="50.028698" lon="8.695464"><ele>134</ele></trkpt>
   <trkpt lat="50.029041" lon="8.695466"><ele>134</ele></trkpt>
   <trkpt lat="50.029338" lon="8.695468"><ele>134</ele></trkpt>
   <trkpt lat="50.029538" lon="8.69547"><ele>133.75</ele></trkpt>
   <trkpt lat="50.030078" lon="8.695459"><ele>133</ele></trkpt>
   <trkpt lat="50.031068" lon="8.695434"><ele>133</ele></trkpt>
   <trkpt lat="50.031155" lon="8.69542"><ele>133</ele></trkpt>
   <trkpt lat="50.031231" lon="8.695408"><ele>133</ele></trkpt>
   <trkpt lat="50.031242" lon="8.695454"><ele>133</ele></trkpt>
   <trkpt lat="50.031261" lon="8.695493"><ele>133</ele></trkpt>
   <trkpt lat="50.031285" lon="8.695523"><ele>133</ele></trkpt>
   <trkpt lat="50.031331" lon="8.695542"><ele>133</ele></trkpt>
   <trkpt lat="50.031376" lon="8.695534"><ele>133</ele></trkpt>
   <trkpt lat="50.031404" lon="8.695511"><ele>132.75</ele></trkpt>
   <trkpt lat="50.031426" lon="8.695477"><ele>132.75</ele></trkpt>
   <trkpt lat="50.031442" lon="8.695434"><ele>132.75</ele></trkpt>
   <trkpt lat="50.031449" lon="8.695387"><ele>132.75</ele></trkpt>
   <trkpt lat="50.031529" lon="8.695403"><ele>132.5</ele></trkpt>
   <trkpt lat="50.031603" lon="8.695416"><ele>132.5</ele></trkpt>
   <trkpt lat="50.032169" lon="8.695413"><ele>132</ele></trkpt>
   <trkpt lat="50.032449" lon="8.695405"><ele>132</ele></trkpt>
   <trkpt lat="50.032467" lon="8.695403"><ele>132</ele></trkpt>
   <trkpt lat="50.03256" lon="8.695381"><ele>132</ele></trkpt>
   <trkpt lat="50.032571" lon="8.695434"><ele>132</ele></trkpt>
   <trkpt lat="50.032592" lon="8.69548"><ele>132</ele></trkpt>
   <trkpt lat="50.032621" lon="8.695513"><ele>132</ele></trkpt>
   <trkpt lat="50.032655" lon="8.695532"><ele>132</ele></trkpt>
   <trkpt lat="50.032691" lon="8.695533"><ele>132</ele></trkpt>
   <trkpt lat="50.032725" lon="8.695517"><ele>132</ele></trkpt>
   <trkpt lat="50.032755" lon="8.695485"><ele>132</ele></trkpt>
   <trkpt lat="50.032777" lon="8.695441"><ele>132</ele></trkpt>
   <trkpt lat="50.03279" lon="8.695388"><ele>132</ele></trkpt>
   <trkpt lat="50.032881" lon="8.695403"><ele>132</ele></trkpt>
   <trkpt lat="50.032918" lon="8.695408"><ele>132</ele></trkpt>
   <trkpt lat="50.033015" lon="8.695419"><ele>132</ele></trkpt>
   <trkpt lat="50.033188" lon="8.695417"><ele>132</ele></trkpt>
   <trkpt lat="50.033548" lon="8.695408"><ele>132</ele></trkpt>
   <trkpt lat="50.033656" lon="8.695405"><ele>132</ele></trkpt>
   <trkpt lat="50.033679" lon="8.695404"><ele>132</ele></trkpt>
   <trkpt lat="50.033794" lon="8.695403"><ele>132</ele></trkpt>
   <trkpt lat="50.033968" lon="8.695401"><ele>132</ele></trkpt>
   <trkpt lat="50.034292" lon="8.6954"><ele>131.5</ele></trkpt>
   <trkpt lat="50.034515" lon="8.695402"><ele>131.25</ele></trkpt>
   <trkpt lat="50.034761" lon="8.695403"><ele>131</ele></trkpt>
   <trkpt lat="50.035106" lon="8.695425"><ele>131.5</ele></trkpt>
   <trkpt lat="50.035181" lon="8.695449"><ele>131.75</ele></trkpt>
   <trkpt lat="50.035238" lon="8.695479"><ele>131.75</ele></trkpt>
   <trkpt lat="50.035318" lon="8.695555"><ele>132</ele></trkpt>
   <trkpt lat="50.035376" lon="8.695681"><ele>132</ele></trkpt>
   <trkpt lat="50.035434" lon="8.695816"><ele>132.5</ele></trkpt>
   <trkpt lat="50.035464" lon="8.695884"><ele>132.5</ele></trkpt>
   <trkpt lat="50.035503" lon="8.695941"><ele>132.25</ele></trkpt>
   <trkpt lat="50.035572" lon="8.696007"><ele>132.25</ele></trkpt>
   <trkpt lat="50.035634" lon="8.695913"><ele>132.25</ele></trkpt>
   <trkpt lat="50.035675" lon="8.695863"><ele>132</ele></trkpt>
   <trkpt lat="50.035765" lon="8.695764"><ele>131.5</ele></trkpt>
   <trkpt lat="50.035799" lon="8.695733"><ele>131.5</ele></trkpt>
   <trkpt lat="50.036066" lon="8.695543"><ele>131</ele></trkpt>
   <trkpt lat="50.036256" lon="8.695459"><ele>131</ele></trkpt>
   <trkpt lat="50.036367" lon="8.69542"><ele>131</ele></trkpt>
   <trkpt lat="50.036642" lon="8.695386"><ele>131</ele></trkpt>
   <trkpt lat="50.037171" lon="8.695372"><ele>131</ele></trkpt>
   <trkpt lat="50.037995" lon="8.695378"><ele>131</ele></trkpt>
   <trkpt lat="50.038591" lon="8.695374"><ele>130</ele></trkpt>
   <trkpt lat="50.03986" lon="8.695362"><ele>129.5</ele></trkpt>
   <trkpt lat="50.040474" lon="8.695396"><ele>129</ele></trkpt>
   <trkpt lat="50.04075" lon="8.695438"><ele>129</ele></trkpt>
   <trkpt lat="50.040868" lon="8.695447"><ele>128.75</ele></trkpt>
   <trkpt lat="50.041095" lon="8.695421"><ele>128</ele></trkpt>
   <trkpt lat="50.041201" lon="8.695376"><ele>128</ele></trkpt>
   <trkpt lat="50.041306" lon="8.6953"><ele>128</ele></trkpt>
   <trkpt lat="50.041412" lon="8.695207"><ele>127.75</ele></trkpt>
   <trkpt lat="50.041569" lon="8.69504"><ele>127.75</ele></trkpt>
   <trkpt lat="50.041669" lon="8.69504"><ele>128</ele></trkpt>
   <trkpt lat="50.041705" lon="8.695041"><ele>128</ele></trkpt>
   <trkpt lat="50.041852" lon="8.695063"><ele>128</ele></trkpt>
   <trkpt lat="50.041977" lon="8.695216"><ele>128.5</ele></trkpt>
   <trkpt lat="50.042061" lon="8.695282"><ele>128.5</ele></trkpt>
   <trkpt lat="50.042304" lon="8.695396"><ele>128</ele></trkpt>
   <trkpt lat="50.042381" lon="8.69541"><ele>128</ele></trkpt>
   <trkpt lat="50.042541" lon="8.695407"><ele>127.75</ele></trkpt>
   <trkpt lat="50.043054" lon="8.695397"><ele>127</ele></trkpt>
   <trkpt lat="50.043256" lon="8.695392"><ele>127</ele></trkpt>
   <trkpt lat="50.043724" lon="8.695378"><ele>126.5</ele></trkpt>
   <trkpt lat="50.043789" lon="8.695377"><ele>126.25</ele></trkpt>
   <trkpt lat="50.043789" lon="8.695286"><ele>126.25</ele></trkpt>
   <trkpt lat="50.04379" lon="8.695089"><ele>126</ele></trkpt>
   <trkpt lat="50.043793" lon="8.694567"><ele>126</ele></trkpt>
   <trkpt lat="50.043793" lon="8.694048"><ele>126</ele></trkpt>
   <trkpt lat="50.043794" lon="8.693797"><ele>126</ele></trkpt>
   <trkpt lat="50.043795" lon="8.693398"><ele>125.25</ele></trkpt>
   <trkpt lat="50.043796" lon="8.692924"><ele>125.25</ele></trkpt>
   <trkpt lat="50.043798" lon="8.691942"><ele>125.25</ele></trkpt>
   <trkpt lat="50.043808" lon="8.691827"><ele>125.25</ele></trkpt>
   <trkpt lat="50.043823" lon="8.691781"><ele>125</ele></trkpt>
   <trkpt lat="50.043864" lon="8.691712"><ele>125</ele></trkpt>
   <trkpt lat="50.044798" lon="8.690237"><ele>124</ele></trkpt>
   <trkpt lat="50.045122" lon="8.689727"><ele>123.75</ele></trkpt>
   <trkpt lat="50.045272" lon="8.68949"><ele>123</ele></trkpt>
   <trkpt lat="50.045357" lon="8.689357"><ele>123.25</ele></trkpt>
   <trkpt lat="50.045417" lon="8.689253"><ele>123.25</ele></trkpt>
   <trkpt lat="50.045474" lon="8.689155"><ele>123.25</ele></trkpt>
   <trkpt lat="50.045596" lon="8.688974"><ele>123</ele></trkpt>
   <trkpt lat="50.045616" lon="8.688954"><ele>123</ele></trkpt>
   <trkpt lat="50.045659" lon="8.688937"><ele>123</ele></trkpt>
   <trkpt lat="50.045722" lon="8.688927"><ele>123</ele></trkpt>
   <trkpt lat="50.046645" lon="8.688909"><ele>123</ele></trkpt>
   <trkpt lat="50.047503" lon="8.688888"><ele>122</ele></trkpt>
   <trkpt lat="50.047577" lon="8.688893"><ele>122</ele></trkpt>
   <trkpt lat="50.047629" lon="8.688896"><ele>122</ele></trkpt>
   <trkpt lat="50.047642" lon="8.688897"><ele>122</ele></trkpt>
   <trkpt lat="50.04766" lon="8.688898"><ele>122</ele></trkpt>
   <trkpt lat="50.047693" lon="8.688901"><ele>122</ele></trkpt>
   <trkpt lat="50.047717" lon="8.688909"><ele>122</ele></trkpt>
   <trkpt lat="50.047748" lon="8.688919"><ele>122</ele></trkpt>
   <trkpt lat="50.047793" lon="8.688988"><ele>122</ele></trkpt>
   <trkpt lat="50.047826" lon="8.689017"><ele>122</ele></trkpt>
   <trkpt lat="50.047882" lon="8.689034"><ele>122</ele></trkpt>
   <trkpt lat="50.047951" lon="8.689018"><ele>122</ele></trkpt>
   <trkpt lat="50.047993" lon="8.688989"><ele>122</ele></trkpt>
   <trkpt lat="50.048049" lon="8.688945"><ele>122</ele></trkpt>
   <trkpt lat="50.04807" lon="8.688929"><ele>122</ele></trkpt>
   <trkpt lat="50.048114" lon="8.688921"><ele>122</ele></trkpt>
   <trkpt lat="50.048176" lon="8.688918"><ele>122</ele></trkpt>
   <trkpt lat="50.048236" lon="8.688894"><ele>122</ele></trkpt>
   <trkpt lat="50.048549" lon="8.68889"><ele>121.75</ele></trkpt>
   <trkpt lat="50.048663" lon="8.688889"><ele>121.75</ele></trkpt>
   <trkpt lat="50.048706" lon="8.688888"><ele>121.5</ele></trkpt>
   <trkpt lat="50.049289" lon="8.688876"><ele>120.75</ele></trkpt>
   <trkpt lat="50.049319" lon="8.688875"><ele>120.75</ele></trkpt>
   <trkpt lat="50.049435" lon="8.688873"><ele>120.75</ele></trkpt>
   <trkpt lat="50.0495" lon="8.688872"><ele>120.75</ele></trkpt>
   <trkpt lat="50.049576" lon="8.68887"><ele>120.75</ele></trkpt>
   <trkpt lat="50.050514" lon="8.68885"><ele>120</ele></trkpt>
   <trkpt lat="50.050586" lon="8.688849"><ele>120</ele></trkpt>
   <trkpt lat="50.050676" lon="8.688847"><ele>120</ele></trkpt>
   <trkpt lat="50.051446" lon="8.688828"><ele>120</ele></trkpt>
   <trkpt lat="50.051508" lon="8.688824"><ele>120</ele></trkpt>
   <trkpt lat="50.051595" lon="8.688803"><ele>120</ele></trkpt>
   <trkpt lat="50.05164" lon="8.688797"><ele>120</ele></trkpt>
   <trkpt lat="50.051717" lon="8.688786"><ele>120</ele></trkpt>
   <trkpt lat="50.052139" lon="8.688781"><ele>120</ele></trkpt>
   <trkpt lat="50.05258" lon="8.68877"><ele>120</ele></trkpt>
   <trkpt lat="50.052865" lon="8.688764"><ele>120</ele></trkpt>
   <trkpt lat="50.053005" lon="8.68876"><ele>120</ele></trkpt>
   <trkpt lat="50.053061" lon="8.688759"><ele>119.75</ele></trkpt>
   <trkpt lat="50.053114" lon="8.688747"><ele>120</ele></trkpt>
   <trkpt lat="50.053175" lon="8.688693"><ele>120</ele></trkpt>
   <trkpt lat="50.053273" lon="8.68869"><ele>120</ele></trkpt>
   <trkpt lat="50.053295" lon="8.68869"><ele>120</ele></trkpt>
   <trkpt lat="50.053317" lon="8.68869"><ele>120</ele></trkpt>
   <trkpt lat="50.053708" lon="8.688687"><ele>120</ele></trkpt>
   <trkpt lat="50.054288" lon="8.68868"><ele>120</ele></trkpt>
   <trkpt lat="50.054316" lon="8.68868"><ele>120</ele></trkpt>
   <trkpt lat="50.054401" lon="8.688678"><ele>120</ele></trkpt>
   <trkpt lat="50.054472" lon="8.688764"><ele>120.5</ele></trkpt>
   <trkpt lat="50.055256" lon="8.688743"><ele>121</ele></trkpt>
   <trkpt lat="50.055747" lon="8.688736"><ele>121</ele></trkpt>
   <trkpt lat="50.056007" lon="8.688731"><ele>121</ele></trkpt>
   <trkpt lat="50.056068" lon="8.688731"><ele>121</ele></trkpt>
   <trkpt lat="50.056108" lon="8.688731"><ele>121</ele></trkpt>
   <trkpt lat="50.056171" lon="8.688729"><ele>121</ele></trkpt>
   <trkpt lat="50.056748" lon="8.688718"><ele>121</ele></trkpt>
   <trkpt lat="50.056798" lon="8.688717"><ele>121</ele></trkpt>
   <trkpt lat="50.056851" lon="8.688715"><ele>121</ele></trkpt>
   <trkpt lat="50.057338" lon="8.688703"><ele>120.5</ele></trkpt>
   <trkpt lat="50.057939" lon="8.68868"><ele>121</ele></trkpt>
   <trkpt lat="50.057984" lon="8.688679"><ele>121</ele></trkpt>
   <trkpt lat="50.058013" lon="8.688677"><ele>121</ele></trkpt>
   <trkpt lat="50.058031" lon="8.688704"><ele>121</ele></trkpt>
   <trkpt lat="50.058065" lon="8.688726"><ele>121</ele></trkpt>
   <trkpt lat="50.058111" lon="8.688719"><ele>121</ele></trkpt>
   <trkpt lat="50.05814" lon="8.688687"><ele>121</ele></trkpt>
   <trkpt lat="50.058149" lon="8.688665"><ele>121</ele></trkpt>
   <trkpt lat="50.05819" lon="8.688643"><ele>121</ele></trkpt>
   <trkpt lat="50.058228" lon="8.688634"><ele>121</ele></trkpt>
   <trkpt lat="50.058367" lon="8.688613"><ele>121</ele></trkpt>
   <trkpt lat="50.058406" lon="8.688587"><ele>120.75</ele></trkpt>
   <trkpt lat="50.058509" lon="8.688585"><ele>121</ele></trkpt>
   <trkpt lat="50.059141" lon="8.688574"><ele>121</ele></trkpt>
   <trkpt lat="50.060028" lon="8.688551"><ele>121.5</ele></trkpt>
   <trkpt lat="50.061751" lon="8.688517"><ele>122.25</ele></trkpt>
   <trkpt lat="50.061931" lon="8.688622"><ele>122</ele></trkpt>
   <trkpt lat="50.062091" lon="8.688742"><ele>122.5</ele></trkpt>
   <trkpt lat="50.062384" lon="8.688152"><ele>122.75</ele></trkpt>
   <trkpt lat="50.062524" lon="8.687865"><ele>122.25</ele></trkpt>
   <trkpt lat="50.062893" lon="8.687105"><ele>122</ele></trkpt>
   <trkpt lat="50.063755" lon="8.685321"><ele>120</ele></trkpt>
   <trkpt lat="50.064944" lon="8.682857"><ele>120</ele></trkpt>
   <trkpt lat="50.066111" lon="8.680435"><ele>120</ele></trkpt>
   <trkpt lat="50.067284" lon="8.67799"><ele>119</ele></trkpt>
   <trkpt lat="50.068206" lon="8.676087"><ele>119</ele></trkpt>
   <trkpt lat="50.068387" lon="8.675715"><ele>119</ele></trkpt>
   <trkpt lat="50.068408" lon="8.675673"><ele>119</ele></trkpt>
   <trkpt lat="50.068426" lon="8.675636"><ele>119</ele></trkpt>
   <trkpt lat="50.068468" lon="8.675545"><ele>119</ele></trkpt>
   <trkpt lat="50.068683" lon="8.675062"><ele>119</ele></trkpt>
   <trkpt lat="50.069644" lon="8.673117"><ele>119</ele></trkpt>
   <trkpt lat="50.070029" lon="8.672335"><ele>119</ele></trkpt>
   <trkpt lat="50.070837" lon="8.670668"><ele>118.75</ele></trkpt>
   <trkpt lat="50.071569" lon="8.669161"><ele>117.75</ele></trkpt>
   <trkpt lat="50.071605" lon="8.669086"><ele>117.5</ele></trkpt>
   <trkpt lat="50.071651" lon="8.669077"><ele>117.75</ele></trkpt>
   <trkpt lat="50.071682" lon="8.669069"><ele>117.75</ele></trkpt>
   <trkpt lat="50.071752" lon="8.668922"><ele>117.5</ele></trkpt>
   <trkpt lat="50.072116" lon="8.66817"><ele>117.5</ele></trkpt>
   <trkpt lat="50.072157" lon="8.668086"><ele>117.5</ele></trkpt>
   <trkpt lat="50.072195" lon="8.66801"><ele>117.5</ele></trkpt>
   <trkpt lat="50.072393" lon="8.667601"><ele>117.5</ele></trkpt>
   <trkpt lat="50.072552" lon="8.667263"><ele>117.5</ele></trkpt>
   <trkpt lat="50.072706" lon="8.666952"><ele>117</ele></trkpt>
   <trkpt lat="50.073056" lon="8.666281"><ele>116.75</ele></trkpt>
   <trkpt lat="50.073288" lon="8.665835"><ele>117</ele></trkpt>
   <trkpt lat="50.073635" lon="8.665221"><ele>117</ele></trkpt>
   <trkpt lat="50.074007" lon="8.664588"><ele>116.5</ele></trkpt>
   <trkpt lat="50.075683" lon="8.661724"><ele>108.25</ele></trkpt>
   <trkpt lat="50.075802" lon="8.661531"><ele>107.75</ele></trkpt>
   <trkpt lat="50.07642" lon="8.66049"><ele>107.5</ele></trkpt>
   <trkpt lat="50.076799" lon="8.659884"><ele>108.75</ele></trkpt>
   <trkpt lat="50.076967" lon="8.659647"><ele>107.25</ele></trkpt>
   <trkpt lat="50.077363" lon="8.659182"><ele>108.5</ele></trkpt>
   <trkpt lat="50.077566" lon="8.658982"><ele>108.25</ele></trkpt>
   <trkpt lat="50.077979" lon="8.658598"><ele>107.5</ele></trkpt>
   <trkpt lat="50.078256" lon="8.658352"><ele>107.25</ele></trkpt>
   <trkpt lat="50.078788" lon="8.657969"><ele>107.25</ele></trkpt>
   <trkpt lat="50.078984" lon="8.657847"><ele>107</ele></trkpt>
   <trkpt lat="50.079294" lon="8.657694"><ele>107.25</ele></trkpt>
   <trkpt lat="50.079948" lon="8.65745"><ele>106.5</ele></trkpt>
   <trkpt lat="50.08023" lon="8.65735"><ele>106.25</ele></trkpt>
   <trkpt lat="50.080334" lon="8.657328"><ele>106.25</ele></trkpt>
   <trkpt lat="50.080359" lon="8.657307"><ele>106.25</ele></trkpt>
   <trkpt lat="50.080432" lon="8.657326"><ele>106.25</ele></trkpt>
   <trkpt lat="50.080544" lon="8.657339"><ele>106.25</ele></trkpt>
   <trkpt lat="50.080583" lon="8.657353"><ele>106.25</ele></trkpt>
   <trkpt lat="50.080586" lon="8.65727"><ele>106</ele></trkpt>
   <trkpt lat="50.080748" lon="8.657319"><ele>105.5</ele></trkpt>
   <trkpt lat="50.080855" lon="8.657378"><ele>105.5</ele></trkpt>
   <trkpt lat="50.080911" lon="8.657422"><ele>105.5</ele></trkpt>
   <trkpt lat="50.080936" lon="8.657445"><ele>105.5</ele></trkpt>
   <trkpt lat="50.081152" lon="8.657686"><ele>105.75</ele></trkpt>
   <trkpt lat="50.081404" lon="8.657969"><ele>105.5</ele></trkpt>
   <trkpt lat="50.081433" lon="8.657882"><ele>105.25</ele></trkpt>
   <trkpt lat="50.081487" lon="8.657824"><ele>104.75</ele></trkpt>
   <trkpt lat="50.082069" lon="8.657323"><ele>102</ele></trkpt>
   <trkpt lat="50.082506" lon="8.656923"><ele>100.75</ele></trkpt>
   <trkpt lat="50.083215" lon="8.657267"><ele>100</ele></trkpt>
   <trkpt lat="50.08547" lon="8.658463"><ele>100</ele></trkpt>
   <trkpt lat="50.08794" lon="8.659756"><ele>99</ele></trkpt>
   <trkpt lat="50.087974" lon="8.659802"><ele>99</ele></trkpt>
   <trkpt lat="50.088005" lon="8.659821"><ele>99</ele></trkpt>
   <trkpt lat="50.088059" lon="8.659837"><ele>98.75</ele></trkpt>
   <trkpt lat="50.08812" lon="8.65987"><ele>99</ele></trkpt>
   <trkpt lat="50.088172" lon="8.659886"><ele>99</ele></trkpt>
   <trkpt lat="50.088238" lon="8.659894"><ele>99</ele></trkpt>
   <trkpt lat="50.088561" lon="8.660101"><ele>99</ele></trkpt>
   <trkpt lat="50.088802" lon="8.660338"><ele>99</ele></trkpt>
   <trkpt lat="50.089017" lon="8.660589"><ele>98.5</ele></trkpt>
   <trkpt lat="50.089938" lon="8.661696"><ele>97.75</ele></trkpt>
   <trkpt lat="50.090414" lon="8.662293"><ele>97.75</ele></trkpt>
   <trkpt lat="50.090728" lon="8.662675"><ele>98</ele></trkpt>
   <trkpt lat="50.091146" lon="8.663161"><ele>97.25</ele></trkpt>
   <trkpt lat="50.091589" lon="8.663747"><ele>97.25</ele></trkpt>
   <trkpt lat="50.091649" lon="8.663816"><ele>97</ele></trkpt>
   <trkpt lat="50.092016" lon="8.664212"><ele>97</ele></trkpt>
   <trkpt lat="50.092536" lon="8.664842"><ele>97</ele></trkpt>
   <trkpt lat="50.092932" lon="8.66531"><ele>98.75</ele></trkpt>
   <trkpt lat="50.093131" lon="8.66559"><ele>97</ele></trkpt>
   <trkpt lat="50.093495" lon="8.666043"><ele>97</ele></trkpt>
   <trkpt lat="50.093759" lon="8.666352"><ele>97</ele></trkpt>
   <trkpt lat="50.093775" lon="8.666371"><ele>97</ele></trkpt>
   <trkpt lat="50.09408" lon="8.666738"><ele>97</ele></trkpt>
   <trkpt lat="50.09452" lon="8.667267"><ele>97</ele></trkpt>
   <trkpt lat="50.095192" lon="8.668084"><ele>97</ele></trkpt>
   <trkpt lat="50.0953" lon="8.668214"><ele>97</ele></trkpt>
   <trkpt lat="50.096155" lon="8.669245"><ele>97</ele></trkpt>
   <trkpt lat="50.096437" lon="8.669647"><ele>97</ele></trkpt>
   <trkpt lat="50.096909" lon="8.670199"><ele>97</ele></trkpt>
   <trkpt lat="50.097036" lon="8.670269"><ele>97</ele></trkpt>
   <trkpt lat="50.097177" lon="8.670459"><ele>97</ele></trkpt>
   <trkpt lat="50.097196" lon="8.670488"><ele>97</ele></trkpt>
   <trkpt lat="50.097294" lon="8.670629"><ele>97</ele></trkpt>
   <trkpt lat="50.097439" lon="8.670812"><ele>97</ele></trkpt>
   <trkpt lat="50.097464" lon="8.670844"><ele>97</ele></trkpt>
   <trkpt lat="50.097539" lon="8.670921"><ele>97</ele></trkpt>
   <trkpt lat="50.09775" lon="8.67079"><ele>97</ele></trkpt>
   <trkpt lat="50.097827" lon="8.670739"><ele>97</ele></trkpt>
   <trkpt lat="50.097927" lon="8.670671"><ele>97</ele></trkpt>
   <trkpt lat="50.098019" lon="8.670582"><ele>97</ele></trkpt>
   <trkpt lat="50.098135" lon="8.6706"><ele>97</ele></trkpt>
   <trkpt lat="50.098773" lon="8.669862"><ele>96.75</ele></trkpt>
   <trkpt lat="50.098804" lon="8.669822"><ele>97</ele></trkpt>
   <trkpt lat="50.099281" lon="8.669274"><ele>97</ele></trkpt>
   <trkpt lat="50.09932" lon="8.669228"><ele>97</ele></trkpt>
   <trkpt lat="50.099371" lon="8.669236"><ele>97</ele></trkpt>
   <trkpt lat="50.099407" lon="8.669276"><ele>97</ele></trkpt>
   <trkpt lat="50.099454" lon="8.669236"><ele>96.75</ele></trkpt>
   <trkpt lat="50.099462" lon="8.669228"><ele>97</ele></trkpt>
   <trkpt lat="50.099486" lon="8.669205"><ele>97</ele></trkpt>
   <trkpt lat="50.099518" lon="8.669173"><ele>97</ele></trkpt>
   <trkpt lat="50.099534" lon="8.669141"><ele>97</ele></trkpt>
   <trkpt lat="50.099518" lon="8.669076"><ele>97</ele></trkpt>
   <trkpt lat="50.099521" lon="8.669005"><ele>97</ele></trkpt>
   <trkpt lat="50.100012" lon="8.668427"><ele>98</ele></trkpt>
   <trkpt lat="50.100135" lon="8.668318"><ele>98</ele></trkpt>
   <trkpt lat="50.100135" lon="8.668303"><ele>98</ele></trkpt>
   <trkpt lat="50.100136" lon="8.668268"><ele>98</ele></trkpt>
   <trkpt lat="50.100136" lon="8.66823"><ele>98</ele></trkpt>
   <trkpt lat="50.100134" lon="8.668199"><ele>98</ele></trkpt>
   <trkpt lat="50.100149" lon="8.668185"><ele>97.75</ele></trkpt>
   <trkpt lat="50.100173" lon="8.668157"><ele>97.75</ele></trkpt>
   <trkpt lat="50.100201" lon="8.668129"><ele>97.5</ele></trkpt>
   <trkpt lat="50.100208" lon="8.668121"><ele>97.5</ele></trkpt>
   <trkpt lat="50.101033" lon="8.669181"><ele>96.25</ele></trkpt>
   <trkpt lat="50.101837" lon="8.670514"><ele>95.75</ele></trkpt>
   <trkpt lat="50.102986" lon="8.672439"><ele>95.75</ele></trkpt>
   <trkpt lat="50.103431" lon="8.673176"><ele>95.75</ele></trkpt>
   <trkpt lat="50.103856" lon="8.673885"><ele>96.75</ele></trkpt>
   <trkpt lat="50.103971" lon="8.674091"><ele>96.5</ele></trkpt>
   <trkpt lat="50.104102" lon="8.674371"><ele>96.5</ele></trkpt>
   <trkpt lat="50.104808" lon="8.676098"><ele>95.5</ele></trkpt>
   <trkpt lat="50.105353" lon="8.677456"><ele>96.75</ele></trkpt>
   <trkpt lat="50.105403" lon="8.677518"><ele>96.25</ele></trkpt>
   <trkpt lat="50.105428" lon="8.677592"><ele>96.75</ele></trkpt>
   <trkpt lat="50.105487" lon="8.67772"><ele>98</ele></trkpt>
   <trkpt lat="50.105509" lon="8.677698"><ele>97.75</ele></trkpt>
   <trkpt lat="50.105599" lon="8.677612"><ele>97.5</ele></trkpt>
   <trkpt lat="50.106876" lon="8.676365"><ele>97</ele></trkpt>
   <trkpt lat="50.107384" lon="8.675868"><ele>97</ele></trkpt>
   <trkpt lat="50.107406" lon="8.675857"><ele>97</ele></trkpt>
   <trkpt lat="50.107451" lon="8.675833"><ele>98</ele></trkpt>
   <trkpt lat="50.107515" lon="8.67581"><ele>98.75</ele></trkpt>
   <trkpt lat="50.107557" lon="8.675796"><ele>98.5</ele></trkpt>
   <trkpt lat="50.107661" lon="8.675726"><ele>98.25</ele></trkpt>
   <trkpt lat="50.107917" lon="8.675522"><ele>98</ele></trkpt>
   <trkpt lat="50.107969" lon="8.675481"><ele>98</ele></trkpt>
   <trkpt lat="50.108048" lon="8.675421"><ele>98</ele></trkpt>
   <trkpt lat="50.108084" lon="8.675393"><ele>98</ele></trkpt>
   <trkpt lat="50.108748" lon="8.675026"><ele>98</ele></trkpt>
   <trkpt lat="50.108967" lon="8.674905"><ele>98</ele></trkpt>
   <trkpt lat="50.109075" lon="8.674846"><ele>98</ele></trkpt>
   <trkpt lat="50.10911" lon="8.674822"><ele>98</ele></trkpt>
   <trkpt lat="50.109131" lon="8.674839"><ele>98</ele></trkpt>
   <trkpt lat="50.109203" lon="8.674874"><ele>98</ele></trkpt>
   <trkpt lat="50.109215" lon="8.674881"><ele>98</ele></trkpt>
   <trkpt lat="50.109231" lon="8.674891"><ele>98</ele></trkpt>
   <trkpt lat="50.10925" lon="8.674901"><ele>98.25</ele></trkpt>
   <trkpt lat="50.10927" lon="8.674909"><ele>98.25</ele></trkpt>
   <trkpt lat="50.109305" lon="8.674919"><ele>98.25</ele></trkpt>
   <trkpt lat="50.109336" lon="8.674932"><ele>98.5</ele></trkpt>
   <trkpt lat="50.109401" lon="8.674952"><ele>98.75</ele></trkpt>
   <trkpt lat="50.109435" lon="8.674962"><ele>98.75</ele></trkpt>
   <trkpt lat="50.109924" lon="8.675108"><ele>99</ele></trkpt>
   <trkpt lat="50.110106" lon="8.675189"><ele>99</ele></trkpt>
   <trkpt lat="50.110376" lon="8.675307"><ele>99</ele></trkpt>
   <trkpt lat="50.110525" lon="8.675396"><ele>99</ele></trkpt>
   <trkpt lat="50.110656" lon="8.675504"><ele>99</ele></trkpt>
   <trkpt lat="50.110729" lon="8.675581"><ele>99</ele></trkpt>
   <trkpt lat="50.111024" lon="8.675915"><ele>99.5</ele></trkpt>
   <trkpt lat="50.111449" lon="8.676395"><ele>100</ele></trkpt>
   <trkpt lat="50.111505" lon="8.676459"><ele>100</ele></trkpt>
   <trkpt lat="50.111572" lon="8.676534"><ele>100</ele></trkpt>
   <trkpt lat="50.11162" lon="8.676588"><ele>100</ele></trkpt>
   <trkpt lat="50.111714" lon="8.676694"><ele>100</ele></trkpt>
   <trkpt lat="50.111753" lon="8.676737"><ele>100.25</ele></trkpt>
   <trkpt lat="50.112003" lon="8.677065"><ele>101</ele></trkpt>
   <trkpt lat="50.112219" lon="8.677358"><ele>101</ele></trkpt>
   <trkpt lat="50.112984" lon="8.678622"><ele>101.75</ele></trkpt>
   <trkpt lat="50.113163" lon="8.678906"><ele>101.25</ele></trkpt>
   <trkpt lat="50.113183" lon="8.678937"><ele>101.25</ele></trkpt>
   <trkpt lat="50.113204" lon="8.67897"><ele>101.5</ele></trkpt>
   <trkpt lat="50.113226" lon="8.678982"><ele>101.5</ele></trkpt>
   <trkpt lat="50.113565" lon="8.679165"><ele>101</ele></trkpt>
   <trkpt lat="50.113646" lon="8.679208"><ele>101</ele></trkpt>
   <trkpt lat="50.113726" lon="8.679235"><ele>101</ele></trkpt>
   <trkpt lat="50.11397" lon="8.679317"><ele>101</ele></trkpt>
   <trkpt lat="50.114023" lon="8.679333"><ele>101</ele></trkpt>
   <trkpt lat="50.11411" lon="8.679361"><ele>101</ele></trkpt>
   <trkpt lat="50.114341" lon="8.679395"><ele>101</ele></trkpt>
   <trkpt lat="50.114356" lon="8.679398"><ele>101</ele></trkpt>
   <trkpt lat="50.11438" lon="8.679401"><ele>101</ele></trkpt>
   <trkpt lat="50.114448" lon="8.679411"><ele>101</ele></trkpt>
   <trkpt lat="50.114514" lon="8.679421"><ele>101</ele></trkpt>
   <trkpt lat="50.114607" lon="8.679434"><ele>101</ele></trkpt>
   <trkpt lat="50.114797" lon="8.679462"><ele>101</ele></trkpt>
   <trkpt lat="50.114875" lon="8.679473"><ele>101</ele></trkpt>
   <trkpt lat="50.114953" lon="8.679485"><ele>101</ele></trkpt>
   <trkpt lat="50.115095" lon="8.679505"><ele>101</ele></trkpt>
   <trkpt lat="50.115266" lon="8.67953"><ele>101</ele></trkpt>
   <trkpt lat="50.1153" lon="8.679535"><ele>101</ele></trkpt>
   <trkpt lat="50.115439" lon="8.679555"><ele>101.25</ele></trkpt>
   <trkpt lat="50.115483" lon="8.679561"><ele>101.25</ele></trkpt>
   <trkpt lat="50.115749" lon="8.679603"><ele>101.75</ele></trkpt>
   <trkpt lat="50.115981" lon="8.679664"><ele>102</ele></trkpt>
   <trkpt lat="50.116068" lon="8.679691"><ele>102</ele></trkpt>
   <trkpt lat="50.116263" lon="8.679733"><ele>102</ele></trkpt>
   <trkpt lat="50.116388" lon="8.679817"><ele>102</ele></trkpt>
   <trkpt lat="50.116516" lon="8.679871"><ele>102</ele></trkpt>
   <trkpt lat="50.116561" lon="8.679891"><ele>102</ele></trkpt>
   <trkpt lat="50.116641" lon="8.679929"><ele>102</ele></trkpt>
   <trkpt lat="50.116706" lon="8.679942"><ele>102</ele></trkpt>
   <trkpt lat="50.116852" lon="8.679956"><ele>102.5</ele></trkpt>
   <trkpt lat="50.116985" lon="8.679921"><ele>103</ele></trkpt>
   <trkpt lat="50.117049" lon="8.679903"><ele>103</ele></trkpt>
   <trkpt lat="50.117091" lon="8.679882"><ele>103.25</ele></trkpt>
   <trkpt lat="50.117124" lon="8.679857"><ele>103.25</ele></trkpt>
   <trkpt lat="50.117174" lon="8.679828"><ele>103.25</ele></trkpt>
   <trkpt lat="50.117307" lon="8.67969"><ele>103.25</ele></trkpt>
   <trkpt lat="50.117358" lon="8.679631"><ele>103.5</ele></trkpt>
   <trkpt lat="50.117382" lon="8.679604"><ele>103.75</ele></trkpt>
   <trkpt lat="50.117464" lon="8.679513"><ele>103.75</ele></trkpt>
   <trkpt lat="50.1175" lon="8.679479"><ele>104</ele></trkpt>
   <trkpt lat="50.117578" lon="8.679479"><ele>104</ele></trkpt>
   <trkpt lat="50.117756" lon="8.679478"><ele>104</ele></trkpt>
   <trkpt lat="50.11787" lon="8.679503"><ele>104</ele></trkpt>
   <trkpt lat="50.117898" lon="8.679516"><ele>104</ele></trkpt>
   <trkpt lat="50.117962" lon="8.679546"><ele>104</ele></trkpt>
   <trkpt lat="50.118159" lon="8.679633"><ele>104</ele></trkpt>
   <trkpt lat="50.118386" lon="8.679697"><ele>103.75</ele></trkpt>
   <trkpt lat="50.11878" lon="8.679719"><ele>103</ele></trkpt>
   <trkpt lat="50.119659" lon="8.679731"><ele>103.75</ele></trkpt>
   <trkpt lat="50.120147" lon="8.679831"><ele>104</ele></trkpt>
   <trkpt lat="50.120296" lon="8.679862"><ele>104</ele></trkpt>
   <trkpt lat="50.120414" lon="8.679886"><ele>104</ele></trkpt>
   <trkpt lat="50.120705" lon="8.679968"><ele>104.5</ele></trkpt>
   <trkpt lat="50.120929" lon="8.680098"><ele>105</ele></trkpt>
   <trkpt lat="50.121211" lon="8.680304"><ele>106</ele></trkpt>
   <trkpt lat="50.121376" lon="8.680377"><ele>106</ele></trkpt>
   <trkpt lat="50.121391" lon="8.680277"><ele>106</ele></trkpt>
   <trkpt lat="50.121393" lon="8.680262"><ele>106</ele></trkpt>
   <trkpt lat="50.121413" lon="8.680179"><ele>106</ele></trkpt>
   <trkpt lat="50.121457" lon="8.680084"><ele>106</ele></trkpt>
   <trkpt lat="50.121533" lon="8.679962"><ele>106</ele></trkpt>
   <trkpt lat="50.121685" lon="8.679349"><ele>106</ele></trkpt>
   <trkpt lat="50.121737" lon="8.679222"><ele>106</ele></trkpt>
   <trkpt lat="50.121792" lon="8.679123"><ele>106</ele></trkpt>
   <trkpt lat="50.122205" lon="8.678694"><ele>106</ele></trkpt>
   <trkpt lat="50.122268" lon="8.678631"><ele>106</ele></trkpt>
   <trkpt lat="50.122626" lon="8.678275"><ele>106.25</ele></trkpt>
   <trkpt lat="50.122969" lon="8.677956"><ele>106.25</ele></trkpt>
   <trkpt lat="50.123049" lon="8.677881"><ele>106.25</ele></trkpt>
   <trkpt lat="50.123143" lon="8.677836"><ele>106.25</ele></trkpt>
   <trkpt lat="50.12354" lon="8.677481"><ele>107</ele></trkpt>
   <trkpt lat="50.12368" lon="8.67738"><ele>107</ele></trkpt>
   <trkpt lat="50.124296" lon="8.677177"><ele>107.75</ele></trkpt>
   <trkpt lat="50.124429" lon="8.677177"><ele>107.75</ele></trkpt>
   <trkpt lat="50.12454" lon="8.677177"><ele>108.25</ele></trkpt>
   <trkpt lat="50.125104" lon="8.676951"><ele>109.25</ele></trkpt>
   <trkpt lat="50.12513" lon="8.67694"><ele>109.25</ele></trkpt>
   <trkpt lat="50.125207" lon="8.676911"><ele>109.75</ele></trkpt>
   <trkpt lat="50.125251" lon="8.676853"><ele>109.75</ele></trkpt>
   <trkpt lat="50.1253" lon="8.676865"><ele>110</ele></trkpt>
   <trkpt lat="50.12548" lon="8.676913"><ele>110.5</ele></trkpt>
   <trkpt lat="50.125621" lon="8.676929"><ele>111</ele></trkpt>
   <trkpt lat="50.125697" lon="8.676923"><ele>111</ele></trkpt>
   <trkpt lat="50.126001" lon="8.677019"><ele>111.5</ele></trkpt>
   <trkpt lat="50.126079" lon="8.677029"><ele>111.75</ele></trkpt>
   <trkpt lat="50.126218" lon="8.676986"><ele>112</ele></trkpt>
   <trkpt lat="50.126298" lon="8.676961"><ele>112</ele></trkpt>
   <trkpt lat="50.12634" lon="8.676947"><ele>112</ele></trkpt>
   <trkpt lat="50.126388" lon="8.676959"><ele>112</ele></trkpt>
   <trkpt lat="50.126903" lon="8.676787"><ele>113.75</ele></trkpt>
   <trkpt lat="50.127022" lon="8.676775"><ele>114.25</ele></trkpt>
   <trkpt lat="50.127116" lon="8.676751"><ele>114.5</ele></trkpt>
   <trkpt lat="50.127218" lon="8.676716"><ele>114.75</ele></trkpt>
   <trkpt lat="50.128939" lon="8.67587"><ele>119</ele></trkpt>
   <trkpt lat="50.129018" lon="8.675846"><ele>119</ele></trkpt>
   <trkpt lat="50.129087" lon="8.675816"><ele>119</ele></trkpt>
   <trkpt lat="50.129682" lon="8.675523"><ele>120</ele></trkpt>
   <trkpt lat="50.130422" lon="8.675164"><ele>121</ele></trkpt>
   <trkpt lat="50.13116" lon="8.674811"><ele>122</ele></trkpt>
   <trkpt lat="50.131801" lon="8.674502"><ele>122</ele></trkpt>
   <trkpt lat="50.131824" lon="8.674491"><ele>122</ele></trkpt>
   <trkpt lat="50.131846" lon="8.674662"><ele>122</ele></trkpt>
   <trkpt lat="50.131867" lon="8.674846"><ele>122</ele></trkpt>
   <trkpt lat="50.131989" lon="8.675748"><ele>122</ele></trkpt>
   <trkpt lat="50.132038" lon="8.676176"><ele>123</ele></trkpt>
   <trkpt lat="50.132059" lon="8.67641"><ele>122.75</ele></trkpt>
   <trkpt lat="50.132112" lon="8.676415"><ele>123</ele></trkpt>
   <trkpt lat="50.13217" lon="8.676419"><ele>123</ele></trkpt>
   <trkpt lat="50.132219" lon="8.676424"><ele>123</ele></trkpt>
   <trkpt lat="50.132389" lon="8.676383"><ele>122.75</ele></trkpt>
   <trkpt lat="50.132562" lon="8.676325"><ele>123</ele></trkpt>
   <trkpt lat="50.133269" lon="8.676088"><ele>123.5</ele></trkpt>
   <trkpt lat="50.133417" lon="8.676038"><ele>123.5</ele></trkpt>
   <trkpt lat="50.13382" lon="8.675906"><ele>124</ele></trkpt>
   <trkpt lat="50.133926" lon="8.675872"><ele>124.25</ele></trkpt>
   <trkpt lat="50.134732" lon="8.675586"><ele>124</ele></trkpt>
   <trkpt lat="50.134811" lon="8.675558"><ele>124</ele></trkpt>
   <trkpt lat="50.134968" lon="8.675473"><ele>124</ele></trkpt>
   <trkpt lat="50.135085" lon="8.675398"><ele>123.75</ele></trkpt>
   <trkpt lat="50.135278" lon="8.675275"><ele>123</ele></trkpt>
   <trkpt lat="50.135358" lon="8.675227"><ele>123</ele></trkpt>
   <trkpt lat="50.135442" lon="8.675185"><ele>123</ele></trkpt>
   <trkpt lat="50.135481" lon="8.67517"><ele>123</ele></trkpt>
   <trkpt lat="50.135518" lon="8.675161"><ele>123</ele></trkpt>
   <trkpt lat="50.136239" lon="8.675023"><ele>123</ele></trkpt>
   <trkpt lat="50.13634" lon="8.675004"><ele>123</ele></trkpt>
   <trkpt lat="50.13672" lon="8.674943"><ele>123</ele></trkpt>
   <trkpt lat="50.13719" lon="8.67486"><ele>123.75</ele></trkpt>
   <trkpt lat="50.13729" lon="8.674843"><ele>123.75</ele></trkpt>
   <trkpt lat="50.138267" lon="8.67467"><ele>123.75</ele></trkpt>
   <trkpt lat="50.138405" lon="8.674821"><ele>124</ele></trkpt>
   <trkpt lat="50.138445" lon="8.674833"><ele>124</ele></trkpt>
   <trkpt lat="50.138992" lon="8.674644"><ele>123.5</ele></trkpt>
   <trkpt lat="50.139498" lon="8.674436"><ele>123.75</ele></trkpt>
   <trkpt lat="50.139647" lon="8.674362"><ele>123.5</ele></trkpt>
   <trkpt lat="50.139673" lon="8.674347"><ele>123.5</ele></trkpt>
   <trkpt lat="50.13972" lon="8.674315"><ele>123.5</ele></trkpt>
   <trkpt lat="50.139749" lon="8.674282"><ele>123.25</ele></trkpt>
   <trkpt lat="50.139843" lon="8.674211"><ele>123.5</ele></trkpt>
   <trkpt lat="50.139877" lon="8.674183"><ele>123.5</ele></trkpt>
   <trkpt lat="50.140365" lon="8.673889"><ele>124</ele></trkpt>
   <trkpt lat="50.140779" lon="8.673737"><ele>124.25</ele></trkpt>
   <trkpt lat="50.140824" lon="8.673722"><ele>124.25</ele></trkpt>
   <trkpt lat="50.140974" lon="8.673667"><ele>124.5</ele></trkpt>
   <trkpt lat="50.141029" lon="8.673647"><ele>124.5</ele></trkpt>
   <trkpt lat="50.141475" lon="8.673482"><ele>125.25</ele></trkpt>
   <trkpt lat="50.141504" lon="8.673471"><ele>125.25</ele></trkpt>
   <trkpt lat="50.141527" lon="8.673464"><ele>125.25</ele></trkpt>
   <trkpt lat="50.141941" lon="8.673331"><ele>126</ele></trkpt>
   <trkpt lat="50.141997" lon="8.673312"><ele>126</ele></trkpt>
   <trkpt lat="50.142163" lon="8.673259"><ele>126.75</ele></trkpt>
   <trkpt lat="50.142856" lon="8.673073"><ele>127</ele></trkpt>
   <trkpt lat="50.142945" lon="8.673047"><ele>127</ele></trkpt>
   <trkpt lat="50.143002" lon="8.673114"><ele>127</ele></trkpt>
   <trkpt lat="50.143026" lon="8.673186"><ele>127.25</ele></trkpt>
   <trkpt lat="50.143157" lon="8.67375"><ele>128</ele></trkpt>
   <trkpt lat="50.143176" lon="8.673831"><ele>128.25</ele></trkpt>
   <trkpt lat="50.143235" lon="8.674085"><ele>128.75</ele></trkpt>
   <trkpt lat="50.143285" lon="8.6743"><ele>129</ele></trkpt>
   <trkpt lat="50.143329" lon="8.674489"><ele>129</ele></trkpt>
   <trkpt lat="50.143375" lon="8.674683"><ele>129</ele></trkpt>
   <trkpt lat="50.143403" lon="8.674807"><ele>129.25</ele></trkpt>
   <trkpt lat="50.143446" lon="8.674988"><ele>129.75</ele></trkpt>
   <trkpt lat="50.143496" lon="8.675038"><ele>130</ele></trkpt>
   <trkpt lat="50.143516" lon="8.675056"><ele>130</ele></trkpt>
   <trkpt lat="50.143554" lon="8.675153"><ele>130</ele></trkpt>
   <trkpt lat="50.14358" lon="8.675268"><ele>130</ele></trkpt>
   <trkpt lat="50.143668" lon="8.675658"><ele>131</ele></trkpt>
   <trkpt lat="50.143742" lon="8.676021"><ele>131</ele></trkpt>
   <trkpt lat="50.143818" lon="8.676202"><ele>131.25</ele></trkpt>
   <trkpt lat="50.143872" lon="8.676277"><ele>131.5</ele></trkpt>
   <trkpt lat="50.143935" lon="8.676327"><ele>131.75</ele></trkpt>
   <trkpt lat="50.14421" lon="8.676375"><ele>131.75</ele></trkpt>
   <trkpt lat="50.145114" lon="8.676555"><ele>131.75</ele></trkpt>
   <trkpt lat="50.145254" lon="8.67658"><ele>131.5</ele></trkpt>
   <trkpt lat="50.145304" lon="8.676607"><ele>131.5</ele></trkpt>
   <trkpt lat="50.145389" lon="8.676694"><ele>131.5</ele></trkpt>
   <trkpt lat="50.14558" lon="8.676858"><ele>131.5</ele></trkpt>
   <trkpt lat="50.145857" lon="8.677071"><ele>131.25</ele></trkpt>
   <trkpt lat="50.146063" lon="8.677295"><ele>131.25</ele></trkpt>
   <trkpt lat="50.146244" lon="8.677518"><ele>132</ele></trkpt>
   <trkpt lat="50.146904" lon="8.678343"><ele>133.75</ele></trkpt>
   <trkpt lat="50.147093" lon="8.678561"><ele>133.5</ele></trkpt>
   <trkpt lat="50.147179" lon="8.678656"><ele>133</ele></trkpt>
   <trkpt lat="50.147226" lon="8.678713"><ele>132</ele></trkpt>
   <trkpt lat="50.147472" lon="8.67902"><ele>132</ele></trkpt>
   <trkpt lat="50.147524" lon="8.679091"><ele>133</ele></trkpt>
   <trkpt lat="50.147711" lon="8.67933"><ele>133.25</ele></trkpt>
   <trkpt lat="50.147784" lon="8.679409"><ele>132.75</ele></trkpt>
   <trkpt lat="50.147842" lon="8.679472"><ele>133</ele></trkpt>
   <trkpt lat="50.148011" lon="8.679612"><ele>133</ele></trkpt>
   <trkpt lat="50.148062" lon="8.679684"><ele>132.75</ele></trkpt>
   <trkpt lat="50.148117" lon="8.679599"><ele>132.75</ele></trkpt>
   <trkpt lat="50.148416" lon="8.679124"><ele>131.5</ele></trkpt>
   <trkpt lat="50.148749" lon="8.678611"><ele>130.5</ele></trkpt>
   <trkpt lat="50.148851" lon="8.67845"><ele>130</ele></trkpt>
   <trkpt lat="50.149003" lon="8.678218"><ele>129.25</ele></trkpt>
   <trkpt lat="50.149164" lon="8.678036"><ele>128.75</ele></trkpt>
   <trkpt lat="50.149251" lon="8.677979"><ele>128.5</ele></trkpt>
   <trkpt lat="50.149405" lon="8.677912"><ele>128</ele></trkpt>
   <trkpt lat="50.149709" lon="8.677936"><ele>127</ele></trkpt>
   <trkpt lat="50.149786" lon="8.677944"><ele>127</ele></trkpt>
   <trkpt lat="50.14988" lon="8.677952"><ele>127</ele></trkpt>
   <trkpt lat="50.14994" lon="8.677957"><ele>127</ele></trkpt>
   <trkpt lat="50.150335" lon="8.677986"><ele>126.75</ele></trkpt>
   <trkpt lat="50.150438" lon="8.678"><ele>126.5</ele></trkpt>
   <trkpt lat="50.15062" lon="8.678029"><ele>126</ele></trkpt>
   <trkpt lat="50.150714" lon="8.678044"><ele>126</ele></trkpt>
   <trkpt lat="50.150982" lon="8.678087"><ele>125.5</ele></trkpt>
   <trkpt lat="50.151258" lon="8.67816"><ele>125</ele></trkpt>
   <trkpt lat="50.151287" lon="8.678169"><ele>125</ele></trkpt>
   <trkpt lat="50.151348" lon="8.678185"><ele>125</ele></trkpt>
   <trkpt lat="50.151452" lon="8.678194"><ele>125</ele></trkpt>
   <trkpt lat="50.151615" lon="8.678267"><ele>125</ele></trkpt>
   <trkpt lat="50.15175" lon="8.67835"><ele>125</ele></trkpt>
   <trkpt lat="50.151917" lon="8.678461"><ele>125</ele></trkpt>
   <trkpt lat="50.152032" lon="8.678552"><ele>125</ele></trkpt>
   <trkpt lat="50.152303" lon="8.678803"><ele>125</ele></trkpt>
   <trkpt lat="50.152578" lon="8.679086"><ele>125</ele></trkpt>
   <trkpt lat="50.152871" lon="8.67938"><ele>125</ele></trkpt>
   <trkpt lat="50.152978" lon="8.679496"><ele>125</ele></trkpt>
   <trkpt lat="50.153061" lon="8.679581"><ele>125</ele></trkpt>
   <trkpt lat="50.153174" lon="8.6797"><ele>124.75</ele></trkpt>
   <trkpt lat="50.153241" lon="8.679779"><ele>125</ele></trkpt>
   <trkpt lat="50.153309" lon="8.679874"><ele>125</ele></trkpt>
   <trkpt lat="50.153344" lon="8.679945"><ele>125</ele></trkpt>
   <trkpt lat="50.153396" lon="8.6801"><ele>125.5</ele></trkpt>
   <trkpt lat="50.153414" lon="8.680229"><ele>125.75</ele></trkpt>
   <trkpt lat="50.153418" lon="8.680344"><ele>126</ele></trkpt>
   <trkpt lat="50.153415" lon="8.680583"><ele>126</ele></trkpt>
   <trkpt lat="50.153432" lon="8.680745"><ele>126</ele></trkpt>
   <trkpt lat="50.153489" lon="8.681064"><ele>126</ele></trkpt>
   <trkpt lat="50.153603" lon="8.68158"><ele>126.75</ele></trkpt>
   <trkpt lat="50.153709" lon="8.682084"><ele>127</ele></trkpt>
   <trkpt lat="50.15383" lon="8.682454"><ele>127</ele></trkpt>
   <trkpt lat="50.154033" lon="8.683112"><ele>128</ele></trkpt>
   <trkpt lat="50.154124" lon="8.683395"><ele>128</ele></trkpt>
   <trkpt lat="50.154172" lon="8.683557"><ele>128</ele></trkpt>
   <trkpt lat="50.154355" lon="8.684177"><ele>129</ele></trkpt>
   <trkpt lat="50.154531" lon="8.684707"><ele>130.5</ele></trkpt>
   <trkpt lat="50.154635" lon="8.684988"><ele>130.25</ele></trkpt>
   <trkpt lat="50.154782" lon="8.685306"><ele>130</ele></trkpt>
   <trkpt lat="50.154989" lon="8.685677"><ele>130.25</ele></trkpt>
   <trkpt lat="50.155114" lon="8.685912"><ele>130.5</ele></trkpt>
   <trkpt lat="50.155131" lon="8.685943"><ele>130.5</ele></trkpt>
   <trkpt lat="50.155159" lon="8.685995"><ele>130.25</ele></trkpt>
   <trkpt lat="50.155188" lon="8.686046"><ele>130.25</ele></trkpt>
   <trkpt lat="50.155207" lon="8.686082"><ele>130.25</ele></trkpt>
   <trkpt lat="50.155315" lon="8.686246"><ele>130.25</ele></trkpt>
   <trkpt lat="50.155538" lon="8.686214"><ele>130.25</ele></trkpt>
   <trkpt lat="50.155931" lon="8.686189"><ele>129.5</ele></trkpt>
   <trkpt lat="50.156287" lon="8.686202"><ele>129</ele></trkpt>
   <trkpt lat="50.156522" lon="8.686243"><ele>128.5</ele></trkpt>
   <trkpt lat="50.156754" lon="8.686301"><ele>128</ele></trkpt>
   <trkpt lat="50.156987" lon="8.686407"><ele>128</ele></trkpt>
   <trkpt lat="50.157188" lon="8.686529"><ele>128.25</ele></trkpt>
   <trkpt lat="50.157417" lon="8.686726"><ele>128.75</ele></trkpt>
   <trkpt lat="50.157478" lon="8.686799"><ele>128.75</ele></trkpt>
   <trkpt lat="50.157586" lon="8.68693"><ele>129.25</ele></trkpt>
   <trkpt lat="50.157899" lon="8.687396"><ele>130</ele></trkpt>
   <trkpt lat="50.158" lon="8.687737"><ele>130</ele></trkpt>
   <trkpt lat="50.158116" lon="8.688149"><ele>130.25</ele></trkpt>
   <trkpt lat="50.1582" lon="8.688443"><ele>131</ele></trkpt>
   <trkpt lat="50.158303" lon="8.688734"><ele>131.25</ele></trkpt>
   <trkpt lat="50.158349" lon="8.688832"><ele>131.75</ele></trkpt>
   <trkpt lat="50.158378" lon="8.688879"><ele>131.75</ele></trkpt>
   <trkpt lat="50.1584" lon="8.688901"><ele>132</ele></trkpt>
   <trkpt lat="50.15843" lon="8.688926"><ele>132</ele></trkpt>
   <trkpt lat="50.158472" lon="8.688943"><ele>132</ele></trkpt>
   <trkpt lat="50.158493" lon="8.688943"><ele>132</ele></trkpt>
   <trkpt lat="50.158537" lon="8.688924"><ele>132</ele></trkpt>
   <trkpt lat="50.158728" lon="8.688702"><ele>131.25</ele></trkpt>
   <trkpt lat="50.159101" lon="8.688274"><ele>131</ele></trkpt>
   <trkpt lat="50.15928" lon="8.688075"><ele>131</ele></trkpt>
   <trkpt lat="50.159292" lon="8.688098"><ele>131</ele></trkpt>
   <trkpt lat="50.159363" lon="8.688269"><ele>131</ele></trkpt>
   <trkpt lat="50.159372" lon="8.688291"><ele>131</ele></trkpt>
   <trkpt lat="50.159599" lon="8.688795"><ele>131</ele></trkpt>
   <trkpt lat="50.159702" lon="8.689005"><ele>131</ele></trkpt>
   <trkpt lat="50.159796" lon="8.689173"><ele>131</ele></trkpt>
   <trkpt lat="50.160273" lon="8.690113"><ele>132</ele></trkpt>
   <trkpt lat="50.160463" lon="8.690787"><ele>133</ele></trkpt>
   <trkpt lat="50.160502" lon="8.690871"><ele>133</ele></trkpt>
   <trkpt lat="50.160553" lon="8.690931"><ele>133</ele></trkpt>
   <trkpt lat="50.160632" lon="8.690991"><ele>133</ele></trkpt>
   <trkpt lat="50.162373" lon="8.692112"><ele>136</ele></trkpt>
   <trkpt lat="50.1627" lon="8.69233"><ele>136.5</ele></trkpt>
   <trkpt lat="50.162906" lon="8.692424"><ele>137.25</ele></trkpt>
   <trkpt lat="50.163345" lon="8.692556"><ele>139</ele></trkpt>
   <trkpt lat="50.164501" lon="8.692871"><ele>140.75</ele></trkpt>
   <trkpt lat="50.16489" lon="8.692972"><ele>141.5</ele></trkpt>
   <trkpt lat="50.164985" lon="8.692998"><ele>141.75</ele></trkpt>
   <trkpt lat="50.165146" lon="8.693046"><ele>142</ele></trkpt>
   <trkpt lat="50.165365" lon="8.693137"><ele>142.25</ele></trkpt>
   <trkpt lat="50.165574" lon="8.693245"><ele>143</ele></trkpt>
   <trkpt lat="50.16738" lon="8.694385"><ele>147</ele></trkpt>
   <trkpt lat="50.167563" lon="8.694497"><ele>147.25</ele></trkpt>
   <trkpt lat="50.167576" lon="8.694512"><ele>147.25</ele></trkpt>
   <trkpt lat="50.167678" lon="8.694577"><ele>147.75</ele></trkpt>
   <trkpt lat="50.167883" lon="8.694718"><ele>148</ele></trkpt>
   <trkpt lat="50.168319" lon="8.695008"><ele>148</ele></trkpt>
   <trkpt lat="50.169115" lon="8.695578"><ele>148</ele></trkpt>
   <trkpt lat="50.169961" lon="8.696173"><ele>144</ele></trkpt>
   <trkpt lat="50.170119" lon="8.696285"><ele>142.75</ele></trkpt>
   <trkpt lat="50.170558" lon="8.696609"><ele>140.75</ele></trkpt>
   <trkpt lat="50.170827" lon="8.696785"><ele>140.25</ele></trkpt>
   <trkpt lat="50.170874" lon="8.696813"><ele>140</ele></trkpt>
   <trkpt lat="50.170989" lon="8.696878"><ele>139</ele></trkpt>
   <trkpt lat="50.171471" lon="8.697137"><ele>135.75</ele></trkpt>
   <trkpt lat="50.171531" lon="8.697145"><ele>135.5</ele></trkpt>
   <trkpt lat="50.171375" lon="8.696782"><ele>134.5</ele></trkpt>
   <trkpt lat="50.171459" lon="8.696646"><ele>133.25</ele></trkpt>
   <trkpt lat="50.171536" lon="8.696561"><ele>132.5</ele></trkpt>
   <trkpt lat="50.171638" lon="8.696486"><ele>131.5</ele></trkpt>
   <trkpt lat="50.171803" lon="8.696406"><ele>130</ele></trkpt>
   <trkpt lat="50.172092" lon="8.696296"><ele>127.25</ele></trkpt>
   <trkpt lat="50.172207" lon="8.696234"><ele>126</ele></trkpt>
   <trkpt lat="50.172288" lon="8.696158"><ele>125</ele></trkpt>
   <trkpt lat="50.172348" lon="8.696086"><ele>124.25</ele></trkpt>
   <trkpt lat="50.172471" lon="8.695889"><ele>122.5</ele></trkpt>
   <trkpt lat="50.17252" lon="8.695732"><ele>121.5</ele></trkpt>
   <trkpt lat="50.172564" lon="8.695516"><ele>120.5</ele></trkpt>
   <trkpt lat="50.172814" lon="8.694819"><ele>115</ele></trkpt>
   <trkpt lat="50.172927" lon="8.694459"><ele>112.75</ele></trkpt>
   <trkpt lat="50.17292" lon="8.694362"><ele>112.5</ele></trkpt>
   <trkpt lat="50.172888" lon="8.694256"><ele>112</ele></trkpt>
   <trkpt lat="50.172367" lon="8.693691"><ele>110.75</ele></trkpt>
   <trkpt lat="50.172367" lon="8.693531"><ele>110.75</ele></trkpt>
   <trkpt lat="50.17254" lon="8.69319"><ele>110.25</ele></trkpt>
   <trkpt lat="50.172595" lon="8.692997"><ele>108</ele></trkpt>
   <trkpt lat="50.173239" lon="8.691169"><ele>104.25</ele></trkpt>
   <trkpt lat="50.173561" lon="8.691403"><ele>105</ele></trkpt>
   <trkpt lat="50.173887" lon="8.691584"><ele>104</ele></trkpt>
   <trkpt lat="50.174371" lon="8.691823"><ele>104.25</ele></trkpt>
   <trkpt lat="50.175241" lon="8.692175"><ele>104.5</ele></trkpt>
   <trkpt lat="50.175437" lon="8.692305"><ele>104</ele></trkpt>
   <trkpt lat="50.175554" lon="8.692435"><ele>104.5</ele></trkpt>
   <trkpt lat="50.175648" lon="8.692578"><ele>103.75</ele></trkpt>
   <trkpt lat="50.175735" lon="8.692773"><ele>103.5</ele></trkpt>
   <trkpt lat="50.175815" lon="8.693064"><ele>105</ele></trkpt>
   <trkpt lat="50.175806" lon="8.693901"><ele>105</ele></trkpt>
   <trkpt lat="50.175836" lon="8.694205"><ele>104.75</ele></trkpt>
   <trkpt lat="50.175868" lon="8.694323"><ele>104.5</ele></trkpt>
   <trkpt lat="50.17597" lon="8.694558"><ele>103.5</ele></trkpt>
   <trkpt lat="50.17609" lon="8.694794"><ele>104.25</ele></trkpt>
   <trkpt lat="50.176219" lon="8.69496"><ele>104.25</ele></trkpt>
   <trkpt lat="50.176284" lon="8.695013"><ele>104.25</ele></trkpt>
   <trkpt lat="50.176379" lon="8.695088"><ele>104.25</ele></trkpt>
   <trkpt lat="50.176492" lon="8.695144"><ele>104</ele></trkpt>
   <trkpt lat="50.176647" lon="8.695187"><ele>104</ele></trkpt>
   <trkpt lat="50.17681" lon="8.69519"><ele>104</ele></trkpt>
   <trkpt lat="50.176999" lon="8.695124"><ele>104</ele></trkpt>
   <trkpt lat="50.177219" lon="8.695004"><ele>104.75</ele></trkpt>
   <trkpt lat="50.177995" lon="8.694528"><ele>104.5</ele></trkpt>
   <trkpt lat="50.178133" lon="8.694496"><ele>104.75</ele></trkpt>
   <trkpt lat="50.178274" lon="8.694521"><ele>104.25</ele></trkpt>
   <trkpt lat="50.178344" lon="8.694549"><ele>104.25</ele></trkpt>
   <trkpt lat="50.178419" lon="8.69462"><ele>104</ele></trkpt>
   <trkpt lat="50.178537" lon="8.694767"><ele>104.25</ele></trkpt>
   <trkpt lat="50.178754" lon="8.695072"><ele>103.75</ele></trkpt>
   <trkpt lat="50.178943" lon="8.695418"><ele>104.25</ele></trkpt>
   <trkpt lat="50.179044" lon="8.695733"><ele>103.25</ele></trkpt>
   <trkpt lat="50.179146" lon="8.696347"><ele>104.5</ele></trkpt>
   <trkpt lat="50.17922" lon="8.696597"><ele>104.25</ele></trkpt>
   <trkpt lat="50.179352" lon="8.696939"><ele>103.5</ele></trkpt>
   <trkpt lat="50.179454" lon="8.697111"><ele>104.5</ele></trkpt>
   <trkpt lat="50.179648" lon="8.697434"><ele>104.25</ele></trkpt>
   <trkpt lat="50.179848" lon="8.697652"><ele>104.25</ele></trkpt>
   <trkpt lat="50.18014" lon="8.697888"><ele>104.25</ele></trkpt>
   <trkpt lat="50.180678" lon="8.698274"><ele>104.5</ele></trkpt>
   <trkpt lat="50.180764" lon="8.698383"><ele>105</ele></trkpt>
   <trkpt lat="50.180816" lon="8.698498"><ele>106.25</ele></trkpt>
   <trkpt lat="50.18087" lon="8.698738"><ele>106.75</ele></trkpt>
   <trkpt lat="50.180921" lon="8.698718"><ele>105.75</ele></trkpt>
   <trkpt lat="50.181245" lon="8.698536"><ele>104</ele></trkpt>
   <trkpt lat="50.181295" lon="8.698512"><ele>104.75</ele></trkpt>
   <trkpt lat="50.181522" lon="8.698396"><ele>106.25</ele></trkpt>
   <trkpt lat="50.181551" lon="8.698379"><ele>106.5</ele></trkpt>
   <trkpt lat="50.18161" lon="8.698273"><ele>106.5</ele></trkpt>
   <trkpt lat="50.182224" lon="8.697012"><ele>106</ele></trkpt>
   <trkpt lat="50.182344" lon="8.696896"><ele>106</ele></trkpt>
   <trkpt lat="50.182352" lon="8.696798"><ele>105.5</ele></trkpt>
   <trkpt lat="50.182485" lon="8.696308"><ele>106</ele></trkpt>
   <trkpt lat="50.182581" lon="8.696122"><ele>105.75</ele></trkpt>
   <trkpt lat="50.182687" lon="8.695987"><ele>106</ele></trkpt>
   <trkpt lat="50.182981" lon="8.695701"><ele>106.25</ele></trkpt>
   <trkpt lat="50.183314" lon="8.695427"><ele>106.75</ele></trkpt>
   <trkpt lat="50.183382" lon="8.695326"><ele>107</ele></trkpt>
   <trkpt lat="50.183483" lon="8.695445"><ele>107</ele></trkpt>
   <trkpt lat="50.183577" lon="8.695536"><ele>107</ele></trkpt>
   <trkpt lat="50.183826" lon="8.695726"><ele>107</ele></trkpt>
   <trkpt lat="50.184281" lon="8.696047"><ele>107.75</ele></trkpt>
   <trkpt lat="50.184492" lon="8.696181"><ele>108</ele></trkpt>
   <trkpt lat="50.184668" lon="8.696292"><ele>108.5</ele></trkpt>
   <trkpt lat="50.184915" lon="8.696473"><ele>108.75</ele></trkpt>
   <trkpt lat="50.184965" lon="8.69651"><ele>108.75</ele></trkpt>
   <trkpt lat="50.185138" lon="8.696666"><ele>109.25</ele></trkpt>
   <trkpt lat="50.18547" lon="8.697033"><ele>111.25</ele></trkpt>
   <trkpt lat="50.186149" lon="8.697823"><ele>114.25</ele></trkpt>
   <trkpt lat="50.186454" lon="8.698038"><ele>115</ele></trkpt>
   <trkpt lat="50.186741" lon="8.698186"><ele>115.5</ele></trkpt>
   <trkpt lat="50.187008" lon="8.698312"><ele>116</ele></trkpt>
   <trkpt lat="50.187272" lon="8.698445"><ele>116.75</ele></trkpt>
   <trkpt lat="50.187487" lon="8.698556"><ele>117</ele></trkpt>
   <trkpt lat="50.187604" lon="8.698617"><ele>117.25</ele></trkpt>
   <trkpt lat="50.187747" lon="8.698694"><ele>117.75</ele></trkpt>
   <trkpt lat="50.1879" lon="8.698778"><ele>118</ele></trkpt>
   <trkpt lat="50.188196" lon="8.698948"><ele>118.5</ele></trkpt>
   <trkpt lat="50.188253" lon="8.698978"><ele>118.5</ele></trkpt>
   <trkpt lat="50.188518" lon="8.699125"><ele>119</ele></trkpt>
   <trkpt lat="50.188767" lon="8.699262"><ele>119</ele></trkpt>
   <trkpt lat="50.188932" lon="8.699352"><ele>119</ele></trkpt>
   <trkpt lat="50.189223" lon="8.699512"><ele>119.75</ele></trkpt>
   <trkpt lat="50.189398" lon="8.699599"><ele>120.25</ele></trkpt>
   <trkpt lat="50.189484" lon="8.699642"><ele>120.25</ele></trkpt>
   <trkpt lat="50.189559" lon="8.699667"><ele>120.5</ele></trkpt>
   <trkpt lat="50.189625" lon="8.699669"><ele>120.5</ele></trkpt>
   <trkpt lat="50.189682" lon="8.699652"><ele>120.75</ele></trkpt>
   <trkpt lat="50.189729" lon="8.699657"><ele>121</ele></trkpt>
   <trkpt lat="50.189832" lon="8.699614"><ele>121</ele></trkpt>
   <trkpt lat="50.189907" lon="8.699567"><ele>121</ele></trkpt>
   <trkpt lat="50.19001" lon="8.699481"><ele>121</ele></trkpt>
   <trkpt lat="50.190054" lon="8.699556"><ele>121</ele></trkpt>
   <trkpt lat="50.190342" lon="8.700013"><ele>121</ele></trkpt>
   <trkpt lat="50.190708" lon="8.700515"><ele>122</ele></trkpt>
   <trkpt lat="50.190759" lon="8.700581"><ele>121.75</ele></trkpt>
   <trkpt lat="50.19095" lon="8.700827"><ele>122.25</ele></trkpt>
   <trkpt lat="50.191829" lon="8.701801"><ele>123.75</ele></trkpt>
   <trkpt lat="50.191965" lon="8.701967"><ele>124</ele></trkpt>
   <trkpt lat="50.192093" lon="8.702135"><ele>124.5</ele></trkpt>
   <trkpt lat="50.192968" lon="8.703412"><ele>126</ele></trkpt>
   <trkpt lat="50.19308" lon="8.703532"><ele>126.25</ele></trkpt>
   <trkpt lat="50.193207" lon="8.703638"><ele>126.5</ele></trkpt>
   <trkpt lat="50.195023" lon="8.704928"><ele>130.25</ele></trkpt>
   <trkpt lat="50.19529" lon="8.705118"><ele>131</ele></trkpt>
   <trkpt lat="50.196094" lon="8.705675"><ele>131.25</ele></trkpt>
   <trkpt lat="50.196385" lon="8.705855"><ele>130</ele></trkpt>
   <trkpt lat="50.197825" lon="8.706648"><ele>126.75</ele></trkpt>
   <trkpt lat="50.198041" lon="8.706751"><ele>126</ele></trkpt>
   <trkpt lat="50.198148" lon="8.706793"><ele>125.75</ele></trkpt>
   <trkpt lat="50.198257" lon="8.70681"><ele>125.5</ele></trkpt>
   <trkpt lat="50.198566" lon="8.706871"><ele>125.25</ele></trkpt>
   <trkpt lat="50.19873" lon="8.706996"><ele>124.25</ele></trkpt>
   <trkpt lat="50.198899" lon="8.707157"><ele>123.75</ele></trkpt>
   <trkpt lat="50.199029" lon="8.707313"><ele>123.25</ele></trkpt>
   <trkpt lat="50.199131" lon="8.707441"><ele>123</ele></trkpt>
   <trkpt lat="50.199244" lon="8.707534"><ele>123</ele></trkpt>
   <trkpt lat="50.199472" lon="8.707562"><ele>122.75</ele></trkpt>
   <trkpt lat="50.199559" lon="8.707605"><ele>122.5</ele></trkpt>
   <trkpt lat="50.199627" lon="8.707639"><ele>122.25</ele></trkpt>
   <trkpt lat="50.199849" lon="8.707749"><ele>122</ele></trkpt>
   <trkpt lat="50.200189" lon="8.707932"><ele>122.5</ele></trkpt>
   <trkpt lat="50.20042" lon="8.708046"><ele>123</ele></trkpt>
   <trkpt lat="50.200703" lon="8.708188"><ele>122.75</ele></trkpt>
   <trkpt lat="50.200788" lon="8.708206"><ele>122.75</ele></trkpt>
   <trkpt lat="50.200934" lon="8.708196"><ele>123</ele></trkpt>
   <trkpt lat="50.202151" lon="8.707789"><ele>124.75</ele></trkpt>
   <trkpt lat="50.202233" lon="8.707792"><ele>125</ele></trkpt>
   <trkpt lat="50.202302" lon="8.707831"><ele>125</ele></trkpt>
   <trkpt lat="50.202358" lon="8.707887"><ele>125</ele></trkpt>
   <trkpt lat="50.202496" lon="8.708246"><ele>124.25</ele></trkpt>
   <trkpt lat="50.202613" lon="8.708556"><ele>124</ele></trkpt>
   <trkpt lat="50.202842" lon="8.709188"><ele>122</ele></trkpt>
   <trkpt lat="50.202921" lon="8.709145"><ele>122</ele></trkpt>
   <trkpt lat="50.203123" lon="8.709034"><ele>122.25</ele></trkpt>
   <trkpt lat="50.203214" lon="8.708974"><ele>122.5</ele></trkpt>
   <trkpt lat="50.20343" lon="8.708828"><ele>123.25</ele></trkpt>
   <trkpt lat="50.203702" lon="8.708655"><ele>124</ele></trkpt>
   <trkpt lat="50.203747" lon="8.708625"><ele>124</ele></trkpt>
   <trkpt lat="50.20421" lon="8.708309"><ele>124</ele></trkpt>
   <trkpt lat="50.204772" lon="8.707968"><ele>125</ele></trkpt>
   <trkpt lat="50.204948" lon="8.707824"><ele>125</ele></trkpt>
   <trkpt lat="50.205007" lon="8.707942"><ele>124.75</ele></trkpt>
   <trkpt lat="50.205588" lon="8.708214"><ele>123.75</ele></trkpt>
   <trkpt lat="50.20578" lon="8.708358"><ele>123</ele></trkpt>
   <trkpt lat="50.205813" lon="8.708391"><ele>123</ele></trkpt>
   <trkpt lat="50.206088" lon="8.708666"><ele>123</ele></trkpt>
   <trkpt lat="50.206355" lon="8.709023"><ele>123</ele></trkpt>
   <trkpt lat="50.206617" lon="8.709371"><ele>122.5</ele></trkpt>
   <trkpt lat="50.206895" lon="8.709677"><ele>122</ele></trkpt>
   <trkpt lat="50.207315" lon="8.709926"><ele>121.75</ele></trkpt>
   <trkpt lat="50.207615" lon="8.710085"><ele>121</ele></trkpt>
   <trkpt lat="50.207965" lon="8.710201"><ele>121</ele></trkpt>
   <trkpt lat="50.208178" lon="8.710255"><ele>121</ele></trkpt>
   <trkpt lat="50.208342" lon="8.710329"><ele>120.75</ele></trkpt>
   <trkpt lat="50.208407" lon="8.710441"><ele>120.5</ele></trkpt>
   <trkpt lat="50.208501" lon="8.710503"><ele>120.5</ele></trkpt>
   <trkpt lat="50.209362" lon="8.709657"><ele>120.75</ele></trkpt>
   <trkpt lat="50.209619" lon="8.7095"><ele>121.5</ele></trkpt>
   <trkpt lat="50.209749" lon="8.709463"><ele>122</ele></trkpt>
   <trkpt lat="50.20988" lon="8.709455"><ele>122.5</ele></trkpt>
   <trkpt lat="50.210014" lon="8.709518"><ele>123.25</ele></trkpt>
   <trkpt lat="50.210096" lon="8.709592"><ele>123.75</ele></trkpt>
   <trkpt lat="50.210155" lon="8.709706"><ele>124.75</ele></trkpt>
   <trkpt lat="50.210197" lon="8.709853"><ele>125.75</ele></trkpt>
   <trkpt lat="50.210346" lon="8.710829"><ele>129.25</ele></trkpt>
   <trkpt lat="50.210405" lon="8.711302"><ele>130.5</ele></trkpt>
   <trkpt lat="50.210439" lon="8.711942"><ele>132.5</ele></trkpt>
   <trkpt lat="50.210482" lon="8.712223"><ele>134.5</ele></trkpt>
   <trkpt lat="50.210521" lon="8.712369"><ele>135.25</ele></trkpt>
   <trkpt lat="50.210565" lon="8.712466"><ele>135.75</ele></trkpt>
   <trkpt lat="50.210777" lon="8.712649"><ele>136.5</ele></trkpt>
   <trkpt lat="50.210902" lon="8.712739"><ele>136.5</ele></trkpt>
   <trkpt lat="50.211219" lon="8.712879"><ele>136.25</ele></trkpt>
   <trkpt lat="50.211558" lon="8.712983"><ele>136</ele></trkpt>
   <trkpt lat="50.211629" lon="8.712998"><ele>135.75</ele></trkpt>
   <trkpt lat="50.211825" lon="8.713047"><ele>136.5</ele></trkpt>
   <trkpt lat="50.212014" lon="8.713131"><ele>137.5</ele></trkpt>
   <trkpt lat="50.21247" lon="8.713362"><ele>139.75</ele></trkpt>
   <trkpt lat="50.212696" lon="8.713455"><ele>141.25</ele></trkpt>
   <trkpt lat="50.212986" lon="8.7135"><ele>142.5</ele></trkpt>
   <trkpt lat="50.213445" lon="8.713538"><ele>144.5</ele></trkpt>
   <trkpt lat="50.213685" lon="8.713601"><ele>145.5</ele></trkpt>
   <trkpt lat="50.213942" lon="8.713685"><ele>147.25</ele></trkpt>
   <trkpt lat="50.21402" lon="8.713746"><ele>147.5</ele></trkpt>
   <trkpt lat="50.214089" lon="8.713743"><ele>147.75</ele></trkpt>
   <trkpt lat="50.214942" lon="8.714053"><ele>151.75</ele></trkpt>
   <trkpt lat="50.215287" lon="8.714164"><ele>153</ele></trkpt>
   <trkpt lat="50.217626" lon="8.714648"><ele>157.5</ele></trkpt>
   <trkpt lat="50.218026" lon="8.714708"><ele>157.75</ele></trkpt>
   <trkpt lat="50.218231" lon="8.714708"><ele>157.75</ele></trkpt>
   <trkpt lat="50.218638" lon="8.714624"><ele>158</ele></trkpt>
   <trkpt lat="50.218706" lon="8.714716"><ele>158.25</ele></trkpt>
   <trkpt lat="50.219635" lon="8.716854"><ele>163.75</ele></trkpt>
   <trkpt lat="50.21973" lon="8.71703"><ele>164.25</ele></trkpt>
   <trkpt lat="50.219853" lon="8.716939"><ele>164.25</ele></trkpt>
   <trkpt lat="50.224332" lon="8.713137"><ele>161.75</ele></trkpt>
   <trkpt lat="50.224471" lon="8.713038"><ele>161.75</ele></trkpt>
   <trkpt lat="50.224593" lon="8.712975"><ele>161.5</ele></trkpt>
   <trkpt lat="50.225032" lon="8.712782"><ele>161.75</ele></trkpt>
   <trkpt lat="50.2254" lon="8.712702"><ele>161.5</ele></trkpt>
   <trkpt lat="50.226556" lon="8.712477"><ele>160</ele></trkpt>
   <trkpt lat="50.227166" lon="8.712359"><ele>159</ele></trkpt>
   <trkpt lat="50.227693" lon="8.712247"><ele>159</ele></trkpt>
   <trkpt lat="50.229288" lon="8.711911"><ele>159</ele></trkpt>
   <trkpt lat="50.230121" lon="8.711716"><ele>158.5</ele></trkpt>
   <trkpt lat="50.230228" lon="8.711726"><ele>158</ele></trkpt>
   <trkpt lat="50.231211" lon="8.711819"><ele>158</ele></trkpt>
   <trkpt lat="50.232996" lon="8.711934"><ele>159.75</ele></trkpt>
   <trkpt lat="50.234754" lon="8.71206"><ele>161</ele></trkpt>
   <trkpt lat="50.23652" lon="8.712197"><ele>163</ele></trkpt>
   <trkpt lat="50.238042" lon="8.712301"><ele>162</ele></trkpt>
   <trkpt lat="50.239262" lon="8.712395"><ele>159.5</ele></trkpt>
   <trkpt lat="50.239543" lon="8.712401"><ele>158.5</ele></trkpt>
   <trkpt lat="50.240072" lon="8.712447"><ele>156.5</ele></trkpt>
   <trkpt lat="50.24071" lon="8.712478"><ele>154.25</ele></trkpt>
   <trkpt lat="50.241526" lon="8.712442"><ele>152.5</ele></trkpt>
   <trkpt lat="50.241872" lon="8.712364"><ele>151.25</ele></trkpt>
   <trkpt lat="50.242487" lon="8.712229"><ele>149</ele></trkpt>
   <trkpt lat="50.242981" lon="8.712102"><ele>147.5</ele></trkpt>
   <trkpt lat="50.243476" lon="8.711945"><ele>146.25</ele></trkpt>
   <trkpt lat="50.243842" lon="8.711848"><ele>146</ele></trkpt>
   <trkpt lat="50.244282" lon="8.711834"><ele>145</ele></trkpt>
   <trkpt lat="50.244626" lon="8.711857"><ele>145</ele></trkpt>
   <trkpt lat="50.244972" lon="8.711993"><ele>144</ele></trkpt>
   <trkpt lat="50.245231" lon="8.712117"><ele>144</ele></trkpt>
   <trkpt lat="50.245289" lon="8.712169"><ele>143.75</ele></trkpt>
   <trkpt lat="50.245716" lon="8.712376"><ele>143</ele></trkpt>
   <trkpt lat="50.245927" lon="8.712481"><ele>143</ele></trkpt>
   <trkpt lat="50.246154" lon="8.712584"><ele>143</ele></trkpt>
   <trkpt lat="50.245984" lon="8.713274"><ele>143.5</ele></trkpt>
   <trkpt lat="50.245886" lon="8.713772"><ele>143</ele></trkpt>
   <trkpt lat="50.245843" lon="8.713993"><ele>142.75</ele></trkpt>
   <trkpt lat="50.245811" lon="8.714156"><ele>142.75</ele></trkpt>
   <trkpt lat="50.245774" lon="8.714392"><ele>142.75</ele></trkpt>
   <trkpt lat="50.245711" lon="8.714796"><ele>142.5</ele></trkpt>
   <trkpt lat="50.245828" lon="8.714814"><ele>142.75</ele></trkpt>
   <trkpt lat="50.24585" lon="8.714817"><ele>143</ele></trkpt>
   <trkpt lat="50.24586" lon="8.714819"><ele>143</ele></trkpt>
   <trkpt lat="50.246201" lon="8.71486"><ele>143.75</ele></trkpt>
   <trkpt lat="50.246411" lon="8.714849"><ele>144.25</ele></trkpt>
   <trkpt lat="50.246453" lon="8.714907"><ele>144.5</ele></trkpt>
   <trkpt lat="50.246532" lon="8.714942"><ele>144.25</ele></trkpt>
   <trkpt lat="50.247048" lon="8.715046"><ele>145.25</ele></trkpt>
   <trkpt lat="50.247158" lon="8.715032"><ele>145.5</ele></trkpt>
   <trkpt lat="50.247252" lon="8.715042"><ele>145.75</ele></trkpt>
   <trkpt lat="50.247377" lon="8.715074"><ele>145.75</ele></trkpt>
   <trkpt lat="50.247947" lon="8.715335"><ele>145.75</ele></trkpt>
   <trkpt lat="50.24895" lon="8.715819"><ele>146.25</ele></trkpt>
   <trkpt lat="50.24934" lon="8.716015"><ele>146.75</ele></trkpt>
   <trkpt lat="50.249556" lon="8.716116"><ele>147.25</ele></trkpt>
   <trkpt lat="50.249773" lon="8.716219"><ele>147.5</ele></trkpt>
   <trkpt lat="50.250388" lon="8.716513"><ele>148.25</ele></trkpt>
   <trkpt lat="50.250554" lon="8.716594"><ele>148.75</ele></trkpt>
   <trkpt lat="50.250877" lon="8.716731"><ele>149</ele></trkpt>
   <trkpt lat="50.252109" lon="8.717339"><ele>149.75</ele></trkpt>
   <trkpt lat="50.252463" lon="8.717522"><ele>149</ele></trkpt>
   <trkpt lat="50.253866" lon="8.718195"><ele>146</ele></trkpt>
   <trkpt lat="50.25506" lon="8.71856"><ele>142</ele></trkpt>
   <trkpt lat="50.256346" lon="8.718966"><ele>138</ele></trkpt>
   <trkpt lat="50.256758" lon="8.719091"><ele>137.75</ele></trkpt>
   <trkpt lat="50.256837" lon="8.719115"><ele>137.75</ele></trkpt>
   <trkpt lat="50.257278" lon="8.719249"><ele>138</ele></trkpt>
   <trkpt lat="50.258318" lon="8.719621"><ele>139.75</ele></trkpt>
   <trkpt lat="50.258402" lon="8.719642"><ele>140</ele></trkpt>
   <trkpt lat="50.25958" lon="8.720039"><ele>142.75</ele></trkpt>
   <trkpt lat="50.259714" lon="8.720091"><ele>142.75</ele></trkpt>
   <trkpt lat="50.261035" lon="8.720536"><ele>145</ele></trkpt>
   <trkpt lat="50.262353" lon="8.720982"><ele>146.25</ele></trkpt>
   <trkpt lat="50.26359" lon="8.721394"><ele>142</ele></trkpt>
   <trkpt lat="50.263916" lon="8.721502"><ele>141.5</ele></trkpt>
   <trkpt lat="50.264001" lon="8.721529"><ele>141.25</ele></trkpt>
   <trkpt lat="50.264373" lon="8.721648"><ele>141.5</ele></trkpt>
   <trkpt lat="50.264813" lon="8.721796"><ele>143</ele></trkpt>
   <trkpt lat="50.264891" lon="8.721833"><ele>143.25</ele></trkpt>
   <trkpt lat="50.264936" lon="8.721868"><ele>143.5</ele></trkpt>
   <trkpt lat="50.266964" lon="8.722937"><ele>150.25</ele></trkpt>
   <trkpt lat="50.269833" lon="8.724404"><ele>151</ele></trkpt>
   <trkpt lat="50.270215" lon="8.721631"><ele>152.5</ele></trkpt>
   <trkpt lat="50.270588" lon="8.718864"><ele>153</ele></trkpt>
   <trkpt lat="50.27096" lon="8.716103"><ele>154</ele></trkpt>
   <trkpt lat="50.272076" lon="8.716699"><ele>152.75</ele></trkpt>
   <trkpt lat="50.273393" lon="8.71741"><ele>153.25</ele></trkpt>
   <trkpt lat="50.274788" lon="8.718172"><ele>150.25</ele></trkpt>
   <trkpt lat="50.276035" lon="8.718846"><ele>147</ele></trkpt>
   <trkpt lat="50.276679" lon="8.719187"><ele>145.75</ele></trkpt>
   <trkpt lat="50.276732" lon="8.719218"><ele>145.75</ele></trkpt>
   <trkpt lat="50.277779" lon="8.719788"><ele>147</ele></trkpt>
   <trkpt lat="50.277813" lon="8.719806"><ele>147</ele></trkpt>
   <trkpt lat="50.277873" lon="8.719852"><ele>147.5</ele></trkpt>
   <trkpt lat="50.277911" lon="8.719915"><ele>147.75</ele></trkpt>
   <trkpt lat="50.277939" lon="8.719992"><ele>148</ele></trkpt>
   <trkpt lat="50.277962" lon="8.720098"><ele>148.25</ele></trkpt>
   <trkpt lat="50.278096" lon="8.720958"><ele>150.5</ele></trkpt>
   <trkpt lat="50.278287" lon="8.722007"><ele>154.75</ele></trkpt>
   <trkpt lat="50.278315" lon="8.722116"><ele>155.25</ele></trkpt>
   <trkpt lat="50.278361" lon="8.722202"><ele>156</ele></trkpt>
   <trkpt lat="50.278441" lon="8.722277"><ele>156.25</ele></trkpt>
   <trkpt lat="50.278549" lon="8.722341"><ele>157</ele></trkpt>
   <trkpt lat="50.279799" lon="8.722985"><ele>161</ele></trkpt>
   <trkpt lat="50.280147" lon="8.723172"><ele>160.5</ele></trkpt>
   <trkpt lat="50.2803" lon="8.723233"><ele>160.25</ele></trkpt>
   <trkpt lat="50.281149" lon="8.723412"><ele>158.75</ele></trkpt>
   <trkpt lat="50.281261" lon="8.723428"><ele>158.25</ele></trkpt>
   <trkpt lat="50.281639" lon="8.723402"><ele>157.75</ele></trkpt>
   <trkpt lat="50.283133" lon="8.723263"><ele>148</ele></trkpt>
   <trkpt lat="50.283094" lon="8.722496"><ele>147.75</ele></trkpt>
   <trkpt lat="50.283351" lon="8.722511"><ele>146.75</ele></trkpt>
   <trkpt lat="50.283968" lon="8.722606"><ele>147.75</ele></trkpt>
   <trkpt lat="50.284804" lon="8.722719"><ele>150</ele></trkpt>
   <trkpt lat="50.287335" lon="8.72308"><ele>148</ele></trkpt>
   <trkpt lat="50.291351" lon="8.723669"><ele>164.75</ele></trkpt>
   <trkpt lat="50.292945" lon="8.7239"><ele>167</ele></trkpt>
   <trkpt lat="50.294559" lon="8.72413"><ele>165.5</ele></trkpt>
   <trkpt lat="50.296151" lon="8.724363"><ele>162.75</ele></trkpt>
   <trkpt lat="50.297498" lon="8.724549"><ele>159.5</ele></trkpt>
   <trkpt lat="50.29758" lon="8.724622"><ele>158.75</ele></trkpt>
   <trkpt lat="50.297608" lon="8.72474"><ele>158.5</ele></trkpt>
   <trkpt lat="50.297465" lon="8.727222"><ele>159</ele></trkpt>
   <trkpt lat="50.297573" lon="8.727248"><ele>159</ele></trkpt>
   <trkpt lat="50.297655" lon="8.727273"><ele>159</ele></trkpt>
   <trkpt lat="50.299496" lon="8.728511"><ele>154.25</ele></trkpt>
   <trkpt lat="50.300182" lon="8.728963"><ele>152.75</ele></trkpt>
   <trkpt lat="50.300496" lon="8.729173"><ele>151.25</ele></trkpt>
   <trkpt lat="50.301283" lon="8.729702"><ele>147.25</ele></trkpt>
   <trkpt lat="50.302201" lon="8.730309"><ele>146</ele></trkpt>
   <trkpt lat="50.302424" lon="8.730471"><ele>146</ele></trkpt>
   <trkpt lat="50.302827" lon="8.730734"><ele>147</ele></trkpt>
   <trkpt lat="50.302914" lon="8.730781"><ele>147.25</ele></trkpt>
   <trkpt lat="50.304548" lon="8.731279"><ele>152.5</ele></trkpt>
   <trkpt lat="50.305856" lon="8.731681"><ele>153</ele></trkpt>
   <trkpt lat="50.306189" lon="8.731787"><ele>152.75</ele></trkpt>
   <trkpt lat="50.307055" lon="8.732038"><ele>151.25</ele></trkpt>
   <trkpt lat="50.308012" lon="8.732343"><ele>149.5</ele></trkpt>
   <trkpt lat="50.308103" lon="8.732371"><ele>149.25</ele></trkpt>
   <trkpt lat="50.309236" lon="8.732673"><ele>151</ele></trkpt>
   <trkpt lat="50.310363" lon="8.732992"><ele>153.25</ele></trkpt>
   <trkpt lat="50.311551" lon="8.733332"><ele>156.75</ele></trkpt>
   <trkpt lat="50.313088" lon="8.733766"><ele>160.5</ele></trkpt>
   <trkpt lat="50.314598" lon="8.733951"><ele>159.5</ele></trkpt>
   <trkpt lat="50.316124" lon="8.734126"><ele>153.75</ele></trkpt>
   <trkpt lat="50.316354" lon="8.734164"><ele>154</ele></trkpt>
   <trkpt lat="50.316513" lon="8.734254"><ele>154</ele></trkpt>
   <trkpt lat="50.31682" lon="8.734508"><ele>153.75</ele></trkpt>
   <trkpt lat="50.31694" lon="8.73458"><ele>153.5</ele></trkpt>
   <trkpt lat="50.317078" lon="8.73461"><ele>153</ele></trkpt>
   <trkpt lat="50.31722" lon="8.734606"><ele>153</ele></trkpt>
   <trkpt lat="50.317572" lon="8.734564"><ele>153</ele></trkpt>
   <trkpt lat="50.319124" lon="8.734326"><ele>158</ele></trkpt>
   <trkpt lat="50.319359" lon="8.734291"><ele>157.5</ele></trkpt>
   <trkpt lat="50.320274" lon="8.73409"><ele>159</ele></trkpt>
   <trkpt lat="50.320996" lon="8.733937"><ele>161.25</ele></trkpt>
   <trkpt lat="50.319943" lon="8.730079"><ele>161.75</ele></trkpt>
   <trkpt lat="50.31989" lon="8.729837"><ele>161.5</ele></trkpt>
   <trkpt lat="50.32084" lon="8.729628"><ele>166.25</ele></trkpt>
   <trkpt lat="50.321166" lon="8.729579"><ele>167.5</ele></trkpt>
   <trkpt lat="50.321593" lon="8.729538"><ele>169.25</ele></trkpt>
   <trkpt lat="50.321835" lon="8.729531"><ele>170.25</ele></trkpt>
   <trkpt lat="50.321889" lon="8.72953"><ele>170.5</ele></trkpt>
   <trkpt lat="50.321948" lon="8.729513"><ele>171</ele></trkpt>
   <trkpt lat="50.322024" lon="8.729489"><ele>171</ele></trkpt>
   <trkpt lat="50.322144" lon="8.729425"><ele>171</ele></trkpt>
   <trkpt lat="50.32327" lon="8.728818"><ele>173</ele></trkpt>
   <trkpt lat="50.325033" lon="8.728119"><ele>167.75</ele></trkpt>
   <trkpt lat="50.326688" lon="8.727079"><ele>164.25</ele></trkpt>
   <trkpt lat="50.328304" lon="8.726031"><ele>163</ele></trkpt>
   <trkpt lat="50.328875" lon="8.725661"><ele>162</ele></trkpt>
   <trkpt lat="50.329465" lon="8.725291"><ele>161.75</ele></trkpt>
   <trkpt lat="50.329701" lon="8.725135"><ele>161</ele></trkpt>
   <trkpt lat="50.3307" lon="8.724499"><ele>159</ele></trkpt>
   <trkpt lat="50.330802" lon="8.724498"><ele>159</ele></trkpt>
   <trkpt lat="50.330816" lon="8.724439"><ele>159</ele></trkpt>
   <trkpt lat="50.330862" lon="8.724311"><ele>158.75</ele></trkpt>
   <trkpt lat="50.330974" lon="8.724091"><ele>158.25</ele></trkpt>
   <trkpt lat="50.33114" lon="8.72378"><ele>158.25</ele></trkpt>
   <trkpt lat="50.331323" lon="8.723522"><ele>158</ele></trkpt>
   <trkpt lat="50.33144" lon="8.723402"><ele>158</ele></trkpt>
   <trkpt lat="50.331469" lon="8.723372"><ele>158</ele></trkpt>
   <trkpt lat="50.331518" lon="8.723319"><ele>158</ele></trkpt>
   <trkpt lat="50.331566" lon="8.723274"><ele>158</ele></trkpt>
   <trkpt lat="50.331985" lon="8.722876"><ele>158</ele></trkpt>
   <trkpt lat="50.332268" lon="8.722603"><ele>158</ele></trkpt>
   <trkpt lat="50.332378" lon="8.722458"><ele>158</ele></trkpt>
   <trkpt lat="50.332618" lon="8.722076"><ele>158</ele></trkpt>
   <trkpt lat="50.332664" lon="8.721958"><ele>158</ele></trkpt>
   <trkpt lat="50.332678" lon="8.721953"><ele>158</ele></trkpt>
   <trkpt lat="50.33269" lon="8.721946"><ele>158</ele></trkpt>
   <trkpt lat="50.332706" lon="8.721932"><ele>158</ele></trkpt>
   <trkpt lat="50.332931" lon="8.721622"><ele>157.5</ele></trkpt>
   <trkpt lat="50.332982" lon="8.721573"><ele>157.5</ele></trkpt>
   <trkpt lat="50.333049" lon="8.721525"><ele>157.5</ele></trkpt>
   <trkpt lat="50.333118" lon="8.721495"><ele>157.5</ele></trkpt>
   <trkpt lat="50.333196" lon="8.721482"><ele>157.75</ele></trkpt>
   <trkpt lat="50.333285" lon="8.721487"><ele>157.75</ele></trkpt>
   <trkpt lat="50.333683" lon="8.721547"><ele>157</ele></trkpt>
   <trkpt lat="50.333711" lon="8.721552"><ele>157</ele></trkpt>
   <trkpt lat="50.333746" lon="8.721559"><ele>157</ele></trkpt>
   <trkpt lat="50.33381" lon="8.721573"><ele>157</ele></trkpt>
   <trkpt lat="50.3339" lon="8.721588"><ele>157</ele></trkpt>
   <trkpt lat="50.334192" lon="8.721635"><ele>157</ele></trkpt>
   <trkpt lat="50.334333" lon="8.721671"><ele>157</ele></trkpt>
   <trkpt lat="50.334368" lon="8.721685"><ele>157</ele></trkpt>
   <trkpt lat="50.334467" lon="8.721727"><ele>156.75</ele></trkpt>
   <trkpt lat="50.334546" lon="8.72177"><ele>156.75</ele></trkpt>
   <trkpt lat="50.33476" lon="8.721934"><ele>156</ele></trkpt>
   <trkpt lat="50.335338" lon="8.722487"><ele>156</ele></trkpt>
   <trkpt lat="50.335565" lon="8.722704"><ele>156</ele></trkpt>
   <trkpt lat="50.335672" lon="8.722804"><ele>156</ele></trkpt>
   <trkpt lat="50.336056" lon="8.72316"><ele>155.5</ele></trkpt>
   <trkpt lat="50.336621" lon="8.723646"><ele>155.5</ele></trkpt>
   <trkpt lat="50.336901" lon="8.723865"><ele>155.75</ele></trkpt>
   <trkpt lat="50.337207" lon="8.724076"><ele>156.25</ele></trkpt>
   <trkpt lat="50.337467" lon="8.724245"><ele>156.5</ele></trkpt>
   <trkpt lat="50.33775" lon="8.724413"><ele>157</ele></trkpt>
   <trkpt lat="50.338152" lon="8.724623"><ele>157</ele></trkpt>
   <trkpt lat="50.338645" lon="8.724871"><ele>156.5</ele></trkpt>
   <trkpt lat="50.338987" lon="8.725019"><ele>156.75</ele></trkpt>
   <trkpt lat="50.339342" lon="8.725138"><ele>156</ele></trkpt>
   <trkpt lat="50.339558" lon="8.725173"><ele>156</ele></trkpt>
   <trkpt lat="50.340003" lon="8.725214"><ele>157</ele></trkpt>
   <trkpt lat="50.34017" lon="8.725226"><ele>157</ele></trkpt>
   <trkpt lat="50.340531" lon="8.725276"><ele>157</ele></trkpt>
   <trkpt lat="50.340754" lon="8.725331"><ele>157.5</ele></trkpt>
   <trkpt lat="50.340954" lon="8.725401"><ele>157.5</ele></trkpt>
   <trkpt lat="50.341152" lon="8.725492"><ele>157</ele></trkpt>
   <trkpt lat="50.341331" lon="8.7256"><ele>156.75</ele></trkpt>
   <trkpt lat="50.341555" lon="8.725759"><ele>156.5</ele></trkpt>
   <trkpt lat="50.341776" lon="8.725948"><ele>156.5</ele></trkpt>
   <trkpt lat="50.341922" lon="8.726095"><ele>156</ele></trkpt>
   <trkpt lat="50.342065" lon="8.726255"><ele>155.5</ele></trkpt>
   <trkpt lat="50.342579" lon="8.726905"><ele>155</ele></trkpt>
   <trkpt lat="50.342887" lon="8.727319"><ele>154.75</ele></trkpt>
   <trkpt lat="50.343734" lon="8.728421"><ele>154</ele></trkpt>
   <trkpt lat="50.344302" lon="8.729158"><ele>153</ele></trkpt>
   <trkpt lat="50.344557" lon="8.729471"><ele>152.25</ele></trkpt>
   <trkpt lat="50.344781" lon="8.729727"><ele>152</ele></trkpt>
   <trkpt lat="50.344993" lon="8.729948"><ele>152</ele></trkpt>
   <trkpt lat="50.345284" lon="8.730233"><ele>151.25</ele></trkpt>
   <trkpt lat="50.345932" lon="8.730801"><ele>151.25</ele></trkpt>
   <trkpt lat="50.346192" lon="8.731025"><ele>151.5</ele></trkpt>
   <trkpt lat="50.346274" lon="8.731119"><ele>151.5</ele></trkpt>
   <trkpt lat="50.346361" lon="8.731276"><ele>151.25</ele></trkpt>
   <trkpt lat="50.346414" lon="8.731465"><ele>151</ele></trkpt>
   <trkpt lat="50.346454" lon="8.731708"><ele>150.5</ele></trkpt>
   <trkpt lat="50.346657" lon="8.731708"><ele>150.75</ele></trkpt>
   <trkpt lat="50.346823" lon="8.731748"><ele>150.5</ele></trkpt>
   <trkpt lat="50.346979" lon="8.731816"><ele>150.5</ele></trkpt>
   <trkpt lat="50.347124" lon="8.731916"><ele>151.25</ele></trkpt>
   <trkpt lat="50.34734" lon="8.732098"><ele>151.5</ele></trkpt>
   <trkpt lat="50.347767" lon="8.732558"><ele>151.5</ele></trkpt>
   <trkpt lat="50.348395" lon="8.73321"><ele>151.5</ele></trkpt>
   <trkpt lat="50.348663" lon="8.733459"><ele>151.5</ele></trkpt>
   <trkpt lat="50.348865" lon="8.73363"><ele>151.75</ele></trkpt>
   <trkpt lat="50.349063" lon="8.733778"><ele>152.5</ele></trkpt>
   <trkpt lat="50.349304" lon="8.73393"><ele>152.75</ele></trkpt>
   <trkpt lat="50.349526" lon="8.734048"><ele>153</ele></trkpt>
   <trkpt lat="50.349741" lon="8.734139"><ele>153</ele></trkpt>
   <trkpt lat="50.349974" lon="8.734218"><ele>152.75</ele></trkpt>
   <trkpt lat="50.35048" lon="8.73433"><ele>152</ele></trkpt>
   <trkpt lat="50.35069" lon="8.734362"><ele>152</ele></trkpt>
   <trkpt lat="50.3512" lon="8.734452"><ele>150.75</ele></trkpt>
   <trkpt lat="50.351515" lon="8.734515"><ele>150.5</ele></trkpt>
   <trkpt lat="50.352211" lon="8.734699"><ele>150</ele></trkpt>
   <trkpt lat="50.352486" lon="8.734774"><ele>149</ele></trkpt>
   <trkpt lat="50.352498" lon="8.734773"><ele>149</ele></trkpt>
   <trkpt lat="50.353018" lon="8.73492"><ele>148.75</ele></trkpt>
   <trkpt lat="50.353546" lon="8.735061"><ele>148</ele></trkpt>
   <trkpt lat="50.353628" lon="8.735084"><ele>148</ele></trkpt>
   <trkpt lat="50.353645" lon="8.73509"><ele>148</ele></trkpt>
   <trkpt lat="50.353738" lon="8.73511"><ele>148.25</ele></trkpt>
   <trkpt lat="50.353876" lon="8.735135"><ele>148.75</ele></trkpt>
   <trkpt lat="50.354041" lon="8.735165"><ele>149.5</ele></trkpt>
   <trkpt lat="50.354319" lon="8.735196"><ele>150.5</ele></trkpt>
   <trkpt lat="50.354666" lon="8.735201"><ele>152</ele></trkpt>
   <trkpt lat="50.354868" lon="8.735208"><ele>152.75</ele></trkpt>
   <trkpt lat="50.355172" lon="8.735186"><ele>153.25</ele></trkpt>
   <trkpt lat="50.355693" lon="8.735234"><ele>153</ele></trkpt>
   <trkpt lat="50.355836" lon="8.73525"><ele>152.75</ele></trkpt>
   <trkpt lat="50.356143" lon="8.735293"><ele>151.75</ele></trkpt>
   <trkpt lat="50.35665" lon="8.735392"><ele>150.5</ele></trkpt>
   <trkpt lat="50.357058" lon="8.735507"><ele>150</ele></trkpt>
   <trkpt lat="50.357154" lon="8.735563"><ele>149.75</ele></trkpt>
   <trkpt lat="50.357234" lon="8.735621"><ele>149.5</ele></trkpt>
   <trkpt lat="50.357252" lon="8.735689"><ele>149.25</ele></trkpt>
   <trkpt lat="50.357295" lon="8.735737"><ele>149.25</ele></trkpt>
   <trkpt lat="50.357339" lon="8.735747"><ele>149</ele></trkpt>
   <trkpt lat="50.357383" lon="8.735735"><ele>149</ele></trkpt>
   <trkpt lat="50.357408" lon="8.735704"><ele>149</ele></trkpt>
   <trkpt lat="50.35743" lon="8.735655"><ele>149</ele></trkpt>
   <trkpt lat="50.357519" lon="8.735647"><ele>149</ele></trkpt>
   <trkpt lat="50.357618" lon="8.735623"><ele>149.25</ele></trkpt>
   <trkpt lat="50.358029" lon="8.735733"><ele>149.75</ele></trkpt>
   <trkpt lat="50.358085" lon="8.735748"><ele>150</ele></trkpt>
   <trkpt lat="50.358147" lon="8.735755"><ele>150.25</ele></trkpt>
   <trkpt lat="50.358444" lon="8.735788"><ele>151.5</ele></trkpt>
   <trkpt lat="50.358854" lon="8.735805"><ele>152</ele></trkpt>
   <trkpt lat="50.358944" lon="8.735809"><ele>152.25</ele></trkpt>
   <trkpt lat="50.359302" lon="8.735799"><ele>152.5</ele></trkpt>
   <trkpt lat="50.359512" lon="8.735797"><ele>152</ele></trkpt>
   <trkpt lat="50.36053" lon="8.735762"><ele>153.75</ele></trkpt>
   <trkpt lat="50.360646" lon="8.735753"><ele>154</ele></trkpt>
   <trkpt lat="50.360841" lon="8.735893"><ele>154</ele></trkpt>
   <trkpt lat="50.361099" lon="8.736051"><ele>154.75</ele></trkpt>
   <trkpt lat="50.361176" lon="8.736308"><ele>154.5</ele></trkpt>
   <trkpt lat="50.361192" lon="8.736363"><ele>154.25</ele></trkpt>
   <trkpt lat="50.361198" lon="8.73643"><ele>154</ele></trkpt>
   <trkpt lat="50.361313" lon="8.737711"><ele>150.75</ele></trkpt>
   <trkpt lat="50.361347" lon="8.738103"><ele>149.75</ele></trkpt>
   <trkpt lat="50.361376" lon="8.738409"><ele>148.75</ele></trkpt>
   <trkpt lat="50.361376" lon="8.738571"><ele>148.75</ele></trkpt>
   <trkpt lat="50.361351" lon="8.738863"><ele>148</ele></trkpt>
   <trkpt lat="50.361771" lon="8.738966"><ele>147.5</ele></trkpt>
   <trkpt lat="50.36214" lon="8.73903"><ele>147.25</ele></trkpt>
   <trkpt lat="50.362415" lon="8.739085"><ele>147.25</ele></trkpt>
   <trkpt lat="50.362518" lon="8.739103"><ele>147</ele></trkpt>
   <trkpt lat="50.362574" lon="8.739119"><ele>147</ele></trkpt>
   <trkpt lat="50.363168" lon="8.739237"><ele>147</ele></trkpt>
   <trkpt lat="50.363689" lon="8.739364"><ele>147</ele></trkpt>
   <trkpt lat="50.363726" lon="8.739374"><ele>147</ele></trkpt>
   <trkpt lat="50.363756" lon="8.739378"><ele>147</ele></trkpt>
   <trkpt lat="50.364567" lon="8.73938"><ele>150</ele></trkpt>
   <trkpt lat="50.365383" lon="8.73939"><ele>150</ele></trkpt>
   <trkpt lat="50.365433" lon="8.739391"><ele>150</ele></trkpt>
   <trkpt lat="50.365427" lon="8.740043"><ele>148.75</ele></trkpt>
   <trkpt lat="50.365422" lon="8.740473"><ele>148</ele></trkpt>
   <trkpt lat="50.365422" lon="8.740589"><ele>148</ele></trkpt>
   <trkpt lat="50.36542" lon="8.740799"><ele>148</ele></trkpt>
   <trkpt lat="50.365418" lon="8.740988"><ele>147.25</ele></trkpt>
   <trkpt lat="50.365413" lon="8.741594"><ele>147</ele></trkpt>
   <trkpt lat="50.365407" lon="8.742216"><ele>146.25</ele></trkpt>
   <trkpt lat="50.365403" lon="8.742602"><ele>146</ele></trkpt>
   <trkpt lat="50.365402" lon="8.742752"><ele>146</ele></trkpt>
   <trkpt lat="50.3654" lon="8.742994"><ele>145.5</ele></trkpt>
   <trkpt lat="50.365398" lon="8.743179"><ele>144.25</ele></trkpt>
   <trkpt lat="50.365395" lon="8.743473"><ele>144.25</ele></trkpt>
   <trkpt lat="50.365415" lon="8.7437"><ele>145.5</ele></trkpt>
   <trkpt lat="50.365422" lon="8.743761"><ele>145.75</ele></trkpt>
   <trkpt lat="50.365437" lon="8.743838"><ele>145.75</ele></trkpt>
   <trkpt lat="50.36544" lon="8.743855"><ele>145.75</ele></trkpt>
   <trkpt lat="50.365485" lon="8.744071"><ele>145.5</ele></trkpt>
   <trkpt lat="50.365562" lon="8.744299"><ele>145.25</ele></trkpt>
   <trkpt lat="50.365599" lon="8.744385"><ele>145.5</ele></trkpt>
   <trkpt lat="50.365822" lon="8.744793"><ele>146</ele></trkpt>
   <trkpt lat="50.365993" lon="8.744995"><ele>146.5</ele></trkpt>
   <trkpt lat="50.366146" lon="8.745101"><ele>147</ele></trkpt>
   <trkpt lat="50.366219" lon="8.745152"><ele>147</ele></trkpt>
   <trkpt lat="50.366422" lon="8.745263"><ele>147</ele></trkpt>
   <trkpt lat="50.366534" lon="8.745316"><ele>147</ele></trkpt>
   <trkpt lat="50.366746" lon="8.74537"><ele>147</ele></trkpt>
   <trkpt lat="50.366905" lon="8.745385"><ele>147.25</ele></trkpt>
   <trkpt lat="50.367126" lon="8.745374"><ele>147.25</ele></trkpt>
   <trkpt lat="50.367457" lon="8.745324"><ele>147.75</ele></trkpt>
   <trkpt lat="50.367546" lon="8.74531"><ele>147.75</ele></trkpt>
   <trkpt lat="50.36757" lon="8.745307"><ele>147.75</ele></trkpt>
   <trkpt lat="50.367621" lon="8.745292"><ele>147.5</ele></trkpt>
   <trkpt lat="50.367811" lon="8.745184"><ele>147</ele></trkpt>
   <trkpt lat="50.368088" lon="8.744972"><ele>146.75</ele></trkpt>
   <trkpt lat="50.368268" lon="8.744761"><ele>146.75</ele></trkpt>
   <trkpt lat="50.368384" lon="8.744592"><ele>146.25</ele></trkpt>
   <trkpt lat="50.368478" lon="8.744452"><ele>146</ele></trkpt>
   <trkpt lat="50.368563" lon="8.744319"><ele>145.75</ele></trkpt>
   <trkpt lat="50.368668" lon="8.744123"><ele>146</ele></trkpt>
   <trkpt lat="50.368793" lon="8.743848"><ele>145.75</ele></trkpt>
   <trkpt lat="50.368815" lon="8.74379"><ele>145.75</ele></trkpt>
   <trkpt lat="50.368833" lon="8.74373"><ele>145.75</ele></trkpt>
   <trkpt lat="50.368863" lon="8.743777"><ele>145.75</ele></trkpt>
   <trkpt lat="50.369195" lon="8.744292"><ele>147</ele></trkpt>
   <trkpt lat="50.369212" lon="8.744308"><ele>147</ele></trkpt>
   <trkpt lat="50.369235" lon="8.744327"><ele>147</ele></trkpt>
   <trkpt lat="50.369251" lon="8.744324"><ele>147</ele></trkpt>
   <trkpt lat="50.369272" lon="8.74432"><ele>147</ele></trkpt>
   <trkpt lat="50.369795" lon="8.743885"><ele>147.75</ele></trkpt>
   <trkpt lat="50.370008" lon="8.743717"><ele>147.25</ele></trkpt>
   <trkpt lat="50.370082" lon="8.743654"><ele>147.25</ele></trkpt>
   <trkpt lat="50.370133" lon="8.743617"><ele>147.25</ele></trkpt>
   <trkpt lat="50.37063" lon="8.743202"><ele>148</ele></trkpt>
   <trkpt lat="50.370764" lon="8.743105"><ele>148</ele></trkpt>
   <trkpt lat="50.370799" lon="8.743103"><ele>148</ele></trkpt>
   <trkpt lat="50.370837" lon="8.743116"><ele>147.75</ele></trkpt>
   <trkpt lat="50.370964" lon="8.743565"><ele>147.75</ele></trkpt>
   <trkpt lat="50.370995" lon="8.743583"><ele>147.75</ele></trkpt>
   <trkpt lat="50.371273" lon="8.743471"><ele>147.5</ele></trkpt>
   <trkpt lat="50.371721" lon="8.74314"><ele>147.75</ele></trkpt>
   <trkpt lat="50.371813" lon="8.743072"><ele>148</ele></trkpt>
   <trkpt lat="50.371979" lon="8.742937"><ele>148.25</ele></trkpt>
   <trkpt lat="50.372557" lon="8.742435"><ele>148.5</ele></trkpt>
   <trkpt lat="50.373022" lon="8.741974"><ele>148.75</ele></trkpt>
   <trkpt lat="50.373167" lon="8.741853"><ele>148.75</ele></trkpt>
   <trkpt lat="50.373861" lon="8.741148"><ele>149.5</ele></trkpt>
   <trkpt lat="50.373917" lon="8.741048"><ele>149.25</ele></trkpt>
   <trkpt lat="50.374425" lon="8.740538"><ele>149.75</ele></trkpt>
   <trkpt lat="50.374708" lon="8.740437"><ele>148.5</ele></trkpt>
   <trkpt lat="50.374895" lon="8.74044"><ele>149</ele></trkpt>
   <trkpt lat="50.375024" lon="8.740445"><ele>149</ele></trkpt>
   <trkpt lat="50.375129" lon="8.740422"><ele>149.25</ele></trkpt>
   <trkpt lat="50.375312" lon="8.740203"><ele>148.75</ele></trkpt>
   <trkpt lat="50.375367" lon="8.740322"><ele>149.25</ele></trkpt>
   <trkpt lat="50.375441" lon="8.740249"><ele>149.5</ele></trkpt>
   <trkpt lat="50.37554" lon="8.740133"><ele>149.75</ele></trkpt>
   <trkpt lat="50.375928" lon="8.739696"><ele>150.25</ele></trkpt>
   <trkpt lat="50.375966" lon="8.739653"><ele>150.25</ele></trkpt>
   <trkpt lat="50.376496" lon="8.739123"><ele>151</ele></trkpt>
   <trkpt lat="50.376586" lon="8.739034"><ele>151</ele></trkpt>
   <trkpt lat="50.376716" lon="8.738909"><ele>151</ele></trkpt>
   <trkpt lat="50.376952" lon="8.738676"><ele>151.75</ele></trkpt>
   <trkpt lat="50.377042" lon="8.738568"><ele>152</ele></trkpt>
   <trkpt lat="50.377132" lon="8.73844"><ele>152</ele></trkpt>
   <trkpt lat="50.377234" lon="8.738271"><ele>152</ele></trkpt>
   <trkpt lat="50.377436" lon="8.737927"><ele>152.75</ele></trkpt>
   <trkpt lat="50.377647" lon="8.737547"><ele>153</ele></trkpt>
   <trkpt lat="50.377723" lon="8.737405"><ele>153.25</ele></trkpt>
   <trkpt lat="50.378139" lon="8.736628"><ele>154.25</ele></trkpt>
   <trkpt lat="50.378164" lon="8.736581"><ele>154.25</ele></trkpt>
   <trkpt lat="50.378185" lon="8.736544"><ele>154.25</ele></trkpt>
   <trkpt lat="50.378231" lon="8.736461"><ele>154.5</ele></trkpt>
   <trkpt lat="50.378714" lon="8.735583"><ele>155.75</ele></trkpt>
   <trkpt lat="50.378756" lon="8.735511"><ele>155.75</ele></trkpt>
   <trkpt lat="50.379407" lon="8.734307"><ele>158.25</ele></trkpt>
   <trkpt lat="50.379724" lon="8.733684"><ele>159.25</ele></trkpt>
   <trkpt lat="50.379792" lon="8.733549"><ele>159.25</ele></trkpt>
   <trkpt lat="50.380276" lon="8.732602"><ele>159.75</ele></trkpt>
   <trkpt lat="50.380363" lon="8.732436"><ele>159.75</ele></trkpt>
   <trkpt lat="50.380522" lon="8.732394"><ele>160.75</ele></trkpt>
   <trkpt lat="50.380604" lon="8.732332"><ele>161</ele></trkpt>
   <trkpt lat="50.380801" lon="8.732318"><ele>161.5</ele></trkpt>
   <trkpt lat="50.380825" lon="8.732319"><ele>161.5</ele></trkpt>
   <trkpt lat="50.38093" lon="8.732322"><ele>161.75</ele></trkpt>
   <trkpt lat="50.381496" lon="8.732396"><ele>163.25</ele></trkpt>
   <trkpt lat="50.381965" lon="8.732473"><ele>166</ele></trkpt>
   <trkpt lat="50.382289" lon="8.732529"><ele>167.25</ele></trkpt>
   <trkpt lat="50.382635" lon="8.732576"><ele>169.25</ele></trkpt>
   <trkpt lat="50.382909" lon="8.731815"><ele>170.75</ele></trkpt>
   <trkpt lat="50.383107" lon="8.73126"><ele>172</ele></trkpt>
   <trkpt lat="50.383165" lon="8.73109"><ele>172.25</ele></trkpt>
   <trkpt lat="50.383291" lon="8.730718"><ele>172.75</ele></trkpt>
   <trkpt lat="50.383479" lon="8.730175"><ele>173.5</ele></trkpt>
   <trkpt lat="50.383657" lon="8.729585"><ele>174.5</ele></trkpt>
   <trkpt lat="50.383818" lon="8.728948"><ele>176</ele></trkpt>
   <trkpt lat="50.383897" lon="8.728589"><ele>176</ele></trkpt>
   <trkpt lat="50.383997" lon="8.728128"><ele>176.75</ele></trkpt>
   <trkpt lat="50.384093" lon="8.727666"><ele>177.25</ele></trkpt>
   <trkpt lat="50.384182" lon="8.727274"><ele>178</ele></trkpt>
   <trkpt lat="50.384538" lon="8.725638"><ele>182</ele></trkpt>
   <trkpt lat="50.384945" lon="8.726009"><ele>182.75</ele></trkpt>
   <trkpt lat="50.385005" lon="8.726072"><ele>183</ele></trkpt>
   <trkpt lat="50.386353" lon="8.72733"><ele>181</ele></trkpt>
   <trkpt lat="50.386805" lon="8.727754"><ele>180</ele></trkpt>
   <trkpt lat="50.38689" lon="8.727826"><ele>179.75</ele></trkpt>
   <trkpt lat="50.386924" lon="8.727858"><ele>179.5</ele></trkpt>
   <trkpt lat="50.38731" lon="8.727985"><ele>179</ele></trkpt>
   <trkpt lat="50.387533" lon="8.728051"><ele>178.75</ele></trkpt>
   <trkpt lat="50.387649" lon="8.728108"><ele>178.5</ele></trkpt>
   <trkpt lat="50.387797" lon="8.728219"><ele>177.5</ele></trkpt>
   <trkpt lat="50.388226" lon="8.72854"><ele>176</ele></trkpt>
   <trkpt lat="50.388311" lon="8.72861"><ele>177.5</ele></trkpt>
   <trkpt lat="50.388356" lon="8.728481"><ele>177.25</ele></trkpt>
   <trkpt lat="50.388442" lon="8.727928"><ele>175.25</ele></trkpt>
   <trkpt lat="50.388485" lon="8.727709"><ele>175.25</ele></trkpt>
   <trkpt lat="50.390233" lon="8.721942"><ele>174.25</ele></trkpt>
   <trkpt lat="50.390281" lon="8.721821"><ele>174.25</ele></trkpt>
   <trkpt lat="50.390331" lon="8.721773"><ele>174.5</ele></trkpt>
   <trkpt lat="50.3905" lon="8.721744"><ele>174.75</ele></trkpt>
   <trkpt lat="50.390519" lon="8.721383"><ele>175</ele></trkpt>
   <trkpt lat="50.390544" lon="8.720907"><ele>175</ele></trkpt>
   <trkpt lat="50.390572" lon="8.720761"><ele>175</ele></trkpt>
   <trkpt lat="50.390772" lon="8.720102"><ele>176</ele></trkpt>
   <trkpt lat="50.391211" lon="8.718731"><ele>176.5</ele></trkpt>
   <trkpt lat="50.391343" lon="8.718372"><ele>176</ele></trkpt>
   <trkpt lat="50.391412" lon="8.718264"><ele>176</ele></trkpt>
   <trkpt lat="50.391546" lon="8.718189"><ele>176.5</ele></trkpt>
   <trkpt lat="50.391614" lon="8.718088"><ele>176.75</ele></trkpt>
   <trkpt lat="50.391779" lon="8.717652"><ele>176.75</ele></trkpt>
   <trkpt lat="50.392083" lon="8.716811"><ele>178</ele></trkpt>
   <trkpt lat="50.392138" lon="8.716618"><ele>178</ele></trkpt>
   <trkpt lat="50.392154" lon="8.716494"><ele>178.25</ele></trkpt>
   <trkpt lat="50.392152" lon="8.716403"><ele>178.25</ele></trkpt>
   <trkpt lat="50.392106" lon="8.716264"><ele>178.25</ele></trkpt>
   <trkpt lat="50.392089" lon="8.716183"><ele>178.25</ele></trkpt>
   <trkpt lat="50.392102" lon="8.716095"><ele>178.5</ele></trkpt>
   <trkpt lat="50.392142" lon="8.715968"><ele>178.75</ele></trkpt>
   <trkpt lat="50.392461" lon="8.715255"><ele>180</ele></trkpt>
   <trkpt lat="50.392604" lon="8.714956"><ele>180.75</ele></trkpt>
   <trkpt lat="50.392719" lon="8.714752"><ele>181.75</ele></trkpt>
   <trkpt lat="50.392847" lon="8.714558"><ele>182.25</ele></trkpt>
   <trkpt lat="50.393019" lon="8.714322"><ele>182.75</ele></trkpt>
   <trkpt lat="50.393312" lon="8.713979"><ele>183.75</ele></trkpt>
   <trkpt lat="50.393598" lon="8.713668"><ele>184.75</ele></trkpt>
   <trkpt lat="50.393908" lon="8.713381"><ele>186.25</ele></trkpt>
   <trkpt lat="50.394285" lon="8.7131"><ele>187.25</ele></trkpt>
   <trkpt lat="50.394421" lon="8.713034"><ele>188.5</ele></trkpt>
   <trkpt lat="50.395122" lon="8.71267"><ele>189</ele></trkpt>
   <trkpt lat="50.395899" lon="8.712591"><ele>192.5</ele></trkpt>
   <trkpt lat="50.396466" lon="8.712457"><ele>192.75</ele></trkpt>
   <trkpt lat="50.396961" lon="8.712306"><ele>193.5</ele></trkpt>
   <trkpt lat="50.397083" lon="8.712293"><ele>193.25</ele></trkpt>
   <trkpt lat="50.397273" lon="8.712236"><ele>192.75</ele></trkpt>
   <trkpt lat="50.399392" lon="8.712314"><ele>186.25</ele></trkpt>
   <trkpt lat="50.40146" lon="8.712391"><ele>179.5</ele></trkpt>
   <trkpt lat="50.403605" lon="8.71106"><ele>172</ele></trkpt>
   <trkpt lat="50.403584" lon="8.710897"><ele>172</ele></trkpt>
   <trkpt lat="50.402911" lon="8.708011"><ele>173.5</ele></trkpt>
   <trkpt lat="50.4029" lon="8.707856"><ele>173.5</ele></trkpt>
   <trkpt lat="50.405032" lon="8.706562"><ele>166.75</ele></trkpt>
   <trkpt lat="50.405986" lon="8.705703"><ele>167.5</ele></trkpt>
   <trkpt lat="50.406356" lon="8.705462"><ele>168</ele></trkpt>
   <trkpt lat="50.407775" lon="8.704727"><ele>168.75</ele></trkpt>
   <trkpt lat="50.409559" lon="8.703785"><ele>167.5</ele></trkpt>
   <trkpt lat="50.412155" lon="8.702399"><ele>161</ele></trkpt>
   <trkpt lat="50.412287" lon="8.702366"><ele>161</ele></trkpt>
   <trkpt lat="50.412791" lon="8.702367"><ele>160.25</ele></trkpt>
   <trkpt lat="50.413888" lon="8.702342"><ele>160.25</ele></trkpt>
   <trkpt lat="50.415758" lon="8.702313"><ele>163.25</ele></trkpt>
   <trkpt lat="50.415869" lon="8.702301"><ele>163.5</ele></trkpt>
   <trkpt lat="50.415674" lon="8.699505"><ele>165.75</ele></trkpt>
   <trkpt lat="50.415612" lon="8.698642"><ele>167.25</ele></trkpt>
   <trkpt lat="50.415563" lon="8.697931"><ele>168.75</ele></trkpt>
   <trkpt lat="50.415539" lon="8.697365"><ele>167.75</ele></trkpt>
   <trkpt lat="50.415563" lon="8.69628"><ele>168</ele></trkpt>
   <trkpt lat="50.415573" lon="8.695707"><ele>168.25</ele></trkpt>
   <trkpt lat="50.417702" lon="8.695079"><ele>170.5</ele></trkpt>
   <trkpt lat="50.419975" lon="8.694442"><ele>174</ele></trkpt>
   <trkpt lat="50.422327" lon="8.693721"><ele>175.5</ele></trkpt>
   <trkpt lat="50.424803" lon="8.692893"><ele>177</ele></trkpt>
   <trkpt lat="50.428606" lon="8.691647"><ele>176</ele></trkpt>
   <trkpt lat="50.42864" lon="8.691307"><ele>176.75</ele></trkpt>
   <trkpt lat="50.428675" lon="8.690978"><ele>176.75</ele></trkpt>
   <trkpt lat="50.428738" lon="8.69038"><ele>177</ele></trkpt>
   <trkpt lat="50.428892" lon="8.689106"><ele>177.75</ele></trkpt>
   <trkpt lat="50.42906" lon="8.687607"><ele>179.75</ele></trkpt>
   <trkpt lat="50.429248" lon="8.686583"><ele>181</ele></trkpt>
   <trkpt lat="50.429401" lon="8.685773"><ele>182</ele></trkpt>
   <trkpt lat="50.429438" lon="8.685648"><ele>182.5</ele></trkpt>
   <trkpt lat="50.429465" lon="8.685506"><ele>182.75</ele></trkpt>
   <trkpt lat="50.429484" lon="8.685387"><ele>182.75</ele></trkpt>
   <trkpt lat="50.429555" lon="8.684932"><ele>183.25</ele></trkpt>
   <trkpt lat="50.429592" lon="8.684731"><ele>183.75</ele></trkpt>
   <trkpt lat="50.429604" lon="8.684662"><ele>184</ele></trkpt>
   <trkpt lat="50.429627" lon="8.684615"><ele>184</ele></trkpt>
   <trkpt lat="50.42965" lon="8.684604"><ele>184</ele></trkpt>
   <trkpt lat="50.429694" lon="8.68455"><ele>184</ele></trkpt>
   <trkpt lat="50.42971" lon="8.684507"><ele>184</ele></trkpt>
   <trkpt lat="50.429718" lon="8.684462"><ele>184</ele></trkpt>
   <trkpt lat="50.429718" lon="8.684413"><ele>184</ele></trkpt>
   <trkpt lat="50.429711" lon="8.684369"><ele>184</ele></trkpt>
   <trkpt lat="50.429679" lon="8.684301"><ele>184</ele></trkpt>
   <trkpt lat="50.429678" lon="8.684249"><ele>184</ele></trkpt>
   <trkpt lat="50.429698" lon="8.68414"><ele>184</ele></trkpt>
   <trkpt lat="50.429724" lon="8.683997"><ele>184</ele></trkpt>
   <trkpt lat="50.429748" lon="8.68384"><ele>184.25</ele></trkpt>
   <trkpt lat="50.42977" lon="8.683605"><ele>185</ele></trkpt>
   <trkpt lat="50.429878" lon="8.683073"><ele>185</ele></trkpt>
   <trkpt lat="50.429972" lon="8.682583"><ele>185</ele></trkpt>
   <trkpt lat="50.430074" lon="8.682046"><ele>185</ele></trkpt>
   <trkpt lat="50.430175" lon="8.681487"><ele>185.75</ele></trkpt>
   <trkpt lat="50.430281" lon="8.680931"><ele>186.5</ele></trkpt>
   <trkpt lat="50.430309" lon="8.680774"><ele>187</ele></trkpt>
   <trkpt lat="50.430423" lon="8.680173"><ele>187</ele></trkpt>
   <trkpt lat="50.430443" lon="8.680067"><ele>187.25</ele></trkpt>
   <trkpt lat="50.430556" lon="8.679507"><ele>188.75</ele></trkpt>
   <trkpt lat="50.430772" lon="8.678434"><ele>189.75</ele></trkpt>
   <trkpt lat="50.430869" lon="8.678039"><ele>190</ele></trkpt>
   <trkpt lat="50.430963" lon="8.677693"><ele>190</ele></trkpt>
   <trkpt lat="50.431023" lon="8.677486"><ele>190.5</ele></trkpt>
   <trkpt lat="50.431106" lon="8.677238"><ele>191.75</ele></trkpt>
   <trkpt lat="50.431215" lon="8.67706"><ele>191.75</ele></trkpt>
   <trkpt lat="50.431323" lon="8.676831"><ele>192</ele></trkpt>
   <trkpt lat="50.431445" lon="8.676608"><ele>193</ele></trkpt>
   <trkpt lat="50.431473" lon="8.676567"><ele>193</ele></trkpt>
   <trkpt lat="50.431555" lon="8.676445"><ele>193</ele></trkpt>
   <trkpt lat="50.43166" lon="8.676592"><ele>193</ele></trkpt>
   <trkpt lat="50.431686" lon="8.676628"><ele>192.75</ele></trkpt>
   <trkpt lat="50.431872" lon="8.676869"><ele>192</ele></trkpt>
   <trkpt lat="50.432092" lon="8.677119"><ele>192</ele></trkpt>
   <trkpt lat="50.432125" lon="8.677158"><ele>192</ele></trkpt>
   <trkpt lat="50.432281" lon="8.677307"><ele>192</ele></trkpt>
   <trkpt lat="50.432778" lon="8.677726"><ele>192</ele></trkpt>
   <trkpt lat="50.432929" lon="8.677828"><ele>192</ele></trkpt>
   <trkpt lat="50.433083" lon="8.677887"><ele>192</ele></trkpt>
   <trkpt lat="50.433198" lon="8.677939"><ele>192</ele></trkpt>
   <trkpt lat="50.433298" lon="8.677956"><ele>192</ele></trkpt>
   <trkpt lat="50.433325" lon="8.67796"><ele>192</ele></trkpt>
   <trkpt lat="50.43337" lon="8.677997"><ele>192</ele></trkpt>
   <trkpt lat="50.433395" lon="8.678052"><ele>192</ele></trkpt>
   <trkpt lat="50.433433" lon="8.678087"><ele>191.75</ele></trkpt>
   <trkpt lat="50.433481" lon="8.678093"><ele>191.75</ele></trkpt>
   <trkpt lat="50.433515" lon="8.678074"><ele>191.75</ele></trkpt>
   <trkpt lat="50.433535" lon="8.678052"><ele>192</ele></trkpt>
   <trkpt lat="50.433563" lon="8.677981"><ele>192</ele></trkpt>
   <trkpt lat="50.433624" lon="8.677948"><ele>192</ele></trkpt>
   <trkpt lat="50.433764" lon="8.677908"><ele>192</ele></trkpt>
   <trkpt lat="50.433874" lon="8.677862"><ele>192</ele></trkpt>
   <trkpt lat="50.433892" lon="8.677855"><ele>191.75</ele></trkpt>
   <trkpt lat="50.434312" lon="8.677711"><ele>192</ele></trkpt>
   <trkpt lat="50.434377" lon="8.67768"><ele>192</ele></trkpt>
   <trkpt lat="50.434533" lon="8.677605"><ele>192</ele></trkpt>
   <trkpt lat="50.434845" lon="8.677452"><ele>192</ele></trkpt>
   <trkpt lat="50.435504" lon="8.677105"><ele>192.25</ele></trkpt>
   <trkpt lat="50.43563" lon="8.677014"><ele>192.25</ele></trkpt>
   <trkpt lat="50.435734" lon="8.676967"><ele>192.5</ele></trkpt>
   <trkpt lat="50.435843" lon="8.676916"><ele>193</ele></trkpt>
   <trkpt lat="50.435885" lon="8.676943"><ele>193</ele></trkpt>
   <trkpt lat="50.435941" lon="8.676936"><ele>193</ele></trkpt>
   <trkpt lat="50.435987" lon="8.677041"><ele>192.75</ele></trkpt>
   <trkpt lat="50.436038" lon="8.676984"><ele>192.75</ele></trkpt>
   <trkpt lat="50.436087" lon="8.676927"><ele>193</ele></trkpt>
   <trkpt lat="50.436115" lon="8.676915"><ele>193</ele></trkpt>
   <trkpt lat="50.436128" lon="8.676765"><ele>193.5</ele></trkpt>
   <trkpt lat="50.436151" lon="8.676698"><ele>193.75</ele></trkpt>
   <trkpt lat="50.436361" lon="8.676306"><ele>194.25</ele></trkpt>
   <trkpt lat="50.43652" lon="8.675979"><ele>194.25</ele></trkpt>
   <trkpt lat="50.436645" lon="8.675616"><ele>194.75</ele></trkpt>
   <trkpt lat="50.436763" lon="8.675302"><ele>195.5</ele></trkpt>
   <trkpt lat="50.436816" lon="8.67514"><ele>195.5</ele></trkpt>
   <trkpt lat="50.436935" lon="8.674728"><ele>196.75</ele></trkpt>
   <trkpt lat="50.436986" lon="8.674507"><ele>196.75</ele></trkpt>
   <trkpt lat="50.43706" lon="8.674092"><ele>197.5</ele></trkpt>
   <trkpt lat="50.437108" lon="8.67365"><ele>198.25</ele></trkpt>
   <trkpt lat="50.437122" lon="8.673434"><ele>199</ele></trkpt>
   <trkpt lat="50.437141" lon="8.672772"><ele>200.25</ele></trkpt>
   <trkpt lat="50.437134" lon="8.67205"><ele>201</ele></trkpt>
   <trkpt lat="50.43714" lon="8.671907"><ele>201</ele></trkpt>
   <trkpt lat="50.43711" lon="8.671656"><ele>201.75</ele></trkpt>
   <trkpt lat="50.437066" lon="8.671415"><ele>201.25</ele></trkpt>
   <trkpt lat="50.436982" lon="8.671017"><ele>200.25</ele></trkpt>
   <trkpt lat="50.436868" lon="8.670497"><ele>205</ele></trkpt>
   <trkpt lat="50.436764" lon="8.669851"><ele>202.75</ele></trkpt>
   <trkpt lat="50.436735" lon="8.669589"><ele>202.5</ele></trkpt>
   <trkpt lat="50.436722" lon="8.669176"><ele>201.75</ele></trkpt>
   <trkpt lat="50.436729" lon="8.66893"><ele>202.75</ele></trkpt>
   <trkpt lat="50.436744" lon="8.668669"><ele>203.75</ele></trkpt>
   <trkpt lat="50.436776" lon="8.668366"><ele>205.25</ele></trkpt>
   <trkpt lat="50.436808" lon="8.668146"><ele>206.5</ele></trkpt>
   <trkpt lat="50.436865" lon="8.667925"><ele>207.25</ele></trkpt>
   <trkpt lat="50.436934" lon="8.667705"><ele>207</ele></trkpt>
   <trkpt lat="50.437071" lon="8.667377"><ele>208</ele></trkpt>
   <trkpt lat="50.437309" lon="8.66695"><ele>209.25</ele></trkpt>
   <trkpt lat="50.437547" lon="8.666665"><ele>210</ele></trkpt>
   <trkpt lat="50.437704" lon="8.666525"><ele>210.75</ele></trkpt>
   <trkpt lat="50.437774" lon="8.666519"><ele>210.75</ele></trkpt>
   <trkpt lat="50.437827" lon="8.666487"><ele>210.75</ele></trkpt>
   <trkpt lat="50.437901" lon="8.666446"><ele>210.75</ele></trkpt>
   <trkpt lat="50.438038" lon="8.666356"><ele>211</ele></trkpt>
   <trkpt lat="50.438295" lon="8.666311"><ele>211.25</ele></trkpt>
   <trkpt lat="50.439491" lon="8.666191"><ele>210.25</ele></trkpt>
   <trkpt lat="50.43983" lon="8.666135"><ele>210.25</ele></trkpt>
   <trkpt lat="50.440368" lon="8.665999"><ele>209.25</ele></trkpt>
   <trkpt lat="50.440993" lon="8.665807"><ele>208.25</ele></trkpt>
   <trkpt lat="50.441268" lon="8.665705"><ele>208</ele></trkpt>
   <trkpt lat="50.441348" lon="8.665702"><ele>208</ele></trkpt>
   <trkpt lat="50.441413" lon="8.665656"><ele>207.75</ele></trkpt>
   <trkpt lat="50.441477" lon="8.665616"><ele>207.75</ele></trkpt>
   <trkpt lat="50.441566" lon="8.665562"><ele>207.75</ele></trkpt>
   <trkpt lat="50.441604" lon="8.665474"><ele>208</ele></trkpt>
   <trkpt lat="50.441939" lon="8.665269"><ele>208.75</ele></trkpt>
   <trkpt lat="50.442422" lon="8.664923"><ele>210</ele></trkpt>
   <trkpt lat="50.442916" lon="8.664554"><ele>211.5</ele></trkpt>
   <trkpt lat="50.444679" lon="8.663154"><ele>219.5</ele></trkpt>
   <trkpt lat="50.444839" lon="8.663076"><ele>219.75</ele></trkpt>
   <trkpt lat="50.445106" lon="8.662872"><ele>220.5</ele></trkpt>
   <trkpt lat="50.445181" lon="8.662843"><ele>220.75</ele></trkpt>
   <trkpt lat="50.445263" lon="8.662843"><ele>220.75</ele></trkpt>
   <trkpt lat="50.445277" lon="8.66277"><ele>221</ele></trkpt>
   <trkpt lat="50.445286" lon="8.662696"><ele>221.25</ele></trkpt>
   <trkpt lat="50.445323" lon="8.662667"><ele>221.25</ele></trkpt>
   <trkpt lat="50.445392" lon="8.662626"><ele>221.5</ele></trkpt>
   <trkpt lat="50.445454" lon="8.662568"><ele>221.75</ele></trkpt>
   <trkpt lat="50.445506" lon="8.662471"><ele>222</ele></trkpt>
   <trkpt lat="50.446015" lon="8.662013"><ele>223.25</ele></trkpt>
   <trkpt lat="50.446487" lon="8.661539"><ele>224.5</ele></trkpt>
   <trkpt lat="50.447255" lon="8.660848"><ele>226</ele></trkpt>
   <trkpt lat="50.448387" lon="8.659906"><ele>227</ele></trkpt>
   <trkpt lat="50.44891" lon="8.659529"><ele>227.5</ele></trkpt>
   <trkpt lat="50.449131" lon="8.659395"><ele>228</ele></trkpt>
   <trkpt lat="50.451509" lon="8.657828"><ele>236.75</ele></trkpt>
   <trkpt lat="50.452148" lon="8.657557"><ele>240</ele></trkpt>
   <trkpt lat="50.452191" lon="8.657498"><ele>240.75</ele></trkpt>
   <trkpt lat="50.452252" lon="8.657497"><ele>241</ele></trkpt>
   <trkpt lat="50.452312" lon="8.657484"><ele>241.5</ele></trkpt>
   <trkpt lat="50.452675" lon="8.657342"><ele>243.5</ele></trkpt>
   <trkpt lat="50.452808" lon="8.65728"><ele>243.75</ele></trkpt>
   <trkpt lat="50.452916" lon="8.657196"><ele>244</ele></trkpt>
   <trkpt lat="50.453005" lon="8.657083"><ele>244</ele></trkpt>
   <trkpt lat="50.453084" lon="8.656936"><ele>243.75</ele></trkpt>
   <trkpt lat="50.453278" lon="8.656507"><ele>243</ele></trkpt>
   <trkpt lat="50.453591" lon="8.656359"><ele>242</ele></trkpt>
   <trkpt lat="50.454565" lon="8.655862"><ele>238.5</ele></trkpt>
   <trkpt lat="50.454613" lon="8.655815"><ele>239</ele></trkpt>
   <trkpt lat="50.455098" lon="8.65483"><ele>237.25</ele></trkpt>
   <trkpt lat="50.455317" lon="8.654399"><ele>237</ele></trkpt>
   <trkpt lat="50.455652" lon="8.653813"><ele>238.25</ele></trkpt>
   <trkpt lat="50.456646" lon="8.652105"><ele>242.75</ele></trkpt>
   <trkpt lat="50.457079" lon="8.651322"><ele>244.5</ele></trkpt>
   <trkpt lat="50.457097" lon="8.651247"><ele>244.5</ele></trkpt>
   <trkpt lat="50.457105" lon="8.651184"><ele>244.75</ele></trkpt>
   <trkpt lat="50.457186" lon="8.651187"><ele>244.75</ele></trkpt>
   <trkpt lat="50.457235" lon="8.65119"><ele>244.5</ele></trkpt>
   <trkpt lat="50.457358" lon="8.651207"><ele>244.75</ele></trkpt>
   <trkpt lat="50.457433" lon="8.651216"><ele>245</ele></trkpt>
   <trkpt lat="50.457774" lon="8.651248"><ele>244.5</ele></trkpt>
   <trkpt lat="50.457977" lon="8.651245"><ele>243.75</ele></trkpt>
   <trkpt lat="50.458767" lon="8.651135"><ele>241.25</ele></trkpt>
   <trkpt lat="50.458944" lon="8.651099"><ele>240.75</ele></trkpt>
   <trkpt lat="50.459398" lon="8.650937"><ele>240</ele></trkpt>
   <trkpt lat="50.459906" lon="8.650721"><ele>238.25</ele></trkpt>
   <trkpt lat="50.459963" lon="8.65071"><ele>238</ele></trkpt>
   <trkpt lat="50.459991" lon="8.650714"><ele>238</ele></trkpt>
   <trkpt lat="50.460034" lon="8.650736"><ele>238</ele></trkpt>
   <trkpt lat="50.460056" lon="8.65076"><ele>238</ele></trkpt>
   <trkpt lat="50.460078" lon="8.650802"><ele>238</ele></trkpt>
   <trkpt lat="50.460324" lon="8.651497"><ele>237.5</ele></trkpt>
   <trkpt lat="50.460355" lon="8.651562"><ele>237.25</ele></trkpt>
   <trkpt lat="50.460382" lon="8.651591"><ele>237.25</ele></trkpt>
   <trkpt lat="50.460445" lon="8.651598"><ele>237</ele></trkpt>
   <trkpt lat="50.460614" lon="8.651519"><ele>237.25</ele></trkpt>
   <trkpt lat="50.46073" lon="8.651453"><ele>237.25</ele></trkpt>
   <trkpt lat="50.46094" lon="8.651304"><ele>237</ele></trkpt>
   <trkpt lat="50.461148" lon="8.651125"><ele>236.75</ele></trkpt>
   <trkpt lat="50.461395" lon="8.650846"><ele>237</ele></trkpt>
   <trkpt lat="50.46154" lon="8.650721"><ele>237</ele></trkpt>
   <trkpt lat="50.461586" lon="8.650696"><ele>237</ele></trkpt>
   <trkpt lat="50.461635" lon="8.650686"><ele>237</ele></trkpt>
   <trkpt lat="50.461684" lon="8.650683"><ele>236.75</ele></trkpt>
   <trkpt lat="50.461746" lon="8.650694"><ele>236.75</ele></trkpt>
   <trkpt lat="50.461804" lon="8.650722"><ele>236.5</ele></trkpt>
   <trkpt lat="50.46187" lon="8.650779"><ele>236.25</ele></trkpt>
   <trkpt lat="50.462249" lon="8.651131"><ele>235.75</ele></trkpt>
   <trkpt lat="50.462626" lon="8.651412"><ele>235</ele></trkpt>
   <trkpt lat="50.462783" lon="8.651504"><ele>235</ele></trkpt>
   <trkpt lat="50.462922" lon="8.651574"><ele>235</ele></trkpt>
   <trkpt lat="50.463139" lon="8.651636"><ele>235</ele></trkpt>
   <trkpt lat="50.463691" lon="8.651734"><ele>236</ele></trkpt>
   <trkpt lat="50.463737" lon="8.651743"><ele>236</ele></trkpt>
   <trkpt lat="50.464516" lon="8.65189"><ele>236</ele></trkpt>
   <trkpt lat="50.464738" lon="8.651926"><ele>236</ele></trkpt>
   <trkpt lat="50.46477" lon="8.651932"><ele>236</ele></trkpt>
   <trkpt lat="50.465139" lon="8.651997"><ele>236</ele></trkpt>
   <trkpt lat="50.466046" lon="8.652161"><ele>236</ele></trkpt>
   <trkpt lat="50.466826" lon="8.652308"><ele>235.5</ele></trkpt>
   <trkpt lat="50.466913" lon="8.652324"><ele>235.75</ele></trkpt>
   <trkpt lat="50.466998" lon="8.652339"><ele>236</ele></trkpt>
   <trkpt lat="50.467128" lon="8.652361"><ele>236</ele></trkpt>
   <trkpt lat="50.467713" lon="8.652462"><ele>236</ele></trkpt>
   <trkpt lat="50.467742" lon="8.652468"><ele>236</ele></trkpt>
   <trkpt lat="50.46786" lon="8.652493"><ele>236</ele></trkpt>
   <trkpt lat="50.468417" lon="8.652589"><ele>236</ele></trkpt>
   <trkpt lat="50.468919" lon="8.652677"><ele>236</ele></trkpt>
   <trkpt lat="50.469061" lon="8.652703"><ele>236</ele></trkpt>
   <trkpt lat="50.469499" lon="8.652981"><ele>235.25</ele></trkpt>
   <trkpt lat="50.469861" lon="8.653123"><ele>234.75</ele></trkpt>
   <trkpt lat="50.47044" lon="8.653339"><ele>233</ele></trkpt>
   <trkpt lat="50.470493" lon="8.653361"><ele>233</ele></trkpt>
   <trkpt lat="50.470524" lon="8.653374"><ele>233</ele></trkpt>
   <trkpt lat="50.470552" lon="8.653385"><ele>233</ele></trkpt>
   <trkpt lat="50.470705" lon="8.653447"><ele>232.75</ele></trkpt>
   <trkpt lat="50.471174" lon="8.653601"><ele>231.75</ele></trkpt>
   <trkpt lat="50.471299" lon="8.653621"><ele>231.25</ele></trkpt>
   <trkpt lat="50.471418" lon="8.653629"><ele>230.75</ele></trkpt>
   <trkpt lat="50.471966" lon="8.653642"><ele>230</ele></trkpt>
   <trkpt lat="50.472266" lon="8.653606"><ele>229.75</ele></trkpt>
   <trkpt lat="50.47231" lon="8.65363"><ele>230</ele></trkpt>
   <trkpt lat="50.472341" lon="8.65369"><ele>230</ele></trkpt>
   <trkpt lat="50.472415" lon="8.653917"><ele>229.75</ele></trkpt>
   <trkpt lat="50.472538" lon="8.654287"><ele>229</ele></trkpt>
   <trkpt lat="50.472569" lon="8.654367"><ele>229</ele></trkpt>
   <trkpt lat="50.472636" lon="8.654455"><ele>228.75</ele></trkpt>
   <trkpt lat="50.472918" lon="8.654611"><ele>229.5</ele></trkpt>
   <trkpt lat="50.473437" lon="8.654898"><ele>230.5</ele></trkpt>
   <trkpt lat="50.473876" lon="8.655132"><ele>230.25</ele></trkpt>
   <trkpt lat="50.474038" lon="8.655195"><ele>230.5</ele></trkpt>
   <trkpt lat="50.474459" lon="8.655296"><ele>229</ele></trkpt>
   <trkpt lat="50.474449" lon="8.655437"><ele>229.5</ele></trkpt>
   <trkpt lat="50.47455" lon="8.655484"><ele>229.25</ele></trkpt>
   <trkpt lat="50.474648" lon="8.655517"><ele>229</ele></trkpt>
   <trkpt lat="50.475795" lon="8.655812"><ele>226</ele></trkpt>
   <trkpt lat="50.476201" lon="8.655937"><ele>225.25</ele></trkpt>
   <trkpt lat="50.476716" lon="8.656123"><ele>224</ele></trkpt>
   <trkpt lat="50.477068" lon="8.656241"><ele>223.75</ele></trkpt>
   <trkpt lat="50.477252" lon="8.656287"><ele>223.75</ele></trkpt>
   <trkpt lat="50.477433" lon="8.656301"><ele>224.25</ele></trkpt>
   <trkpt lat="50.477624" lon="8.656275"><ele>224.5</ele></trkpt>
   <trkpt lat="50.477905" lon="8.656204"><ele>224.75</ele></trkpt>
   <trkpt lat="50.478059" lon="8.656193"><ele>224.5</ele></trkpt>
   <trkpt lat="50.478322" lon="8.656252"><ele>225.75</ele></trkpt>
   <trkpt lat="50.478521" lon="8.656319"><ele>226.25</ele></trkpt>
   <trkpt lat="50.478714" lon="8.656402"><ele>226.5</ele></trkpt>
   <trkpt lat="50.478802" lon="8.656475"><ele>226.5</ele></trkpt>
   <trkpt lat="50.478892" lon="8.656509"><ele>226.25</ele></trkpt>
   <trkpt lat="50.47917" lon="8.656672"><ele>226.75</ele></trkpt>
   <trkpt lat="50.479466" lon="8.656825"><ele>226</ele></trkpt>
   <trkpt lat="50.479933" lon="8.656984"><ele>224</ele></trkpt>
   <trkpt lat="50.48023" lon="8.657066"><ele>223.5</ele></trkpt>
   <trkpt lat="50.480834" lon="8.65721"><ele>223.75</ele></trkpt>
   <trkpt lat="50.481457" lon="8.657334"><ele>224.25</ele></trkpt>
   <trkpt lat="50.48202" lon="8.657362"><ele>222.75</ele></trkpt>
   <trkpt lat="50.483855" lon="8.657266"><ele>217.25</ele></trkpt>
   <trkpt lat="50.484658" lon="8.657193"><ele>215</ele></trkpt>
   <trkpt lat="50.485311" lon="8.657108"><ele>214</ele></trkpt>
   <trkpt lat="50.485869" lon="8.657068"><ele>213.25</ele></trkpt>
   <trkpt lat="50.488122" lon="8.657044"><ele>215</ele></trkpt>
   <trkpt lat="50.488594" lon="8.657042"><ele>215.75</ele></trkpt>
   <trkpt lat="50.489388" lon="8.657026"><ele>216.5</ele></trkpt>
   <trkpt lat="50.490154" lon="8.656992"><ele>216</ele></trkpt>
   <trkpt lat="50.491447" lon="8.656944"><ele>212.75</ele></trkpt>
   <trkpt lat="50.491652" lon="8.656947"><ele>212</ele></trkpt>
   <trkpt lat="50.491851" lon="8.657014"><ele>211.5</ele></trkpt>
   <trkpt lat="50.49204" lon="8.657092"><ele>211.25</ele></trkpt>
   <trkpt lat="50.492132" lon="8.657129"><ele>210.75</ele></trkpt>
   <trkpt lat="50.492459" lon="8.657268"><ele>210</ele></trkpt>
   <trkpt lat="50.492507" lon="8.657277"><ele>209.75</ele></trkpt>
   <trkpt lat="50.492549" lon="8.657273"><ele>209.75</ele></trkpt>
   <trkpt lat="50.492605" lon="8.657228"><ele>209.5</ele></trkpt>
   <trkpt lat="50.492637" lon="8.657198"><ele>209.5</ele></trkpt>
   <trkpt lat="50.492691" lon="8.657304"><ele>209.25</ele></trkpt>
   <trkpt lat="50.492746" lon="8.65737"><ele>209</ele></trkpt>
   <trkpt lat="50.492887" lon="8.657445"><ele>208.75</ele></trkpt>
   <trkpt lat="50.49294" lon="8.657507"><ele>208.25</ele></trkpt>
   <trkpt lat="50.492994" lon="8.657487"><ele>208.25</ele></trkpt>
   <trkpt lat="50.49323" lon="8.65746"><ele>208</ele></trkpt>
   <trkpt lat="50.493371" lon="8.657459"><ele>207.75</ele></trkpt>
   <trkpt lat="50.493476" lon="8.657432"><ele>207.25</ele></trkpt>
   <trkpt lat="50.493553" lon="8.657382"><ele>206.75</ele></trkpt>
   <trkpt lat="50.493617" lon="8.657329"><ele>206.25</ele></trkpt>
   <trkpt lat="50.493683" lon="8.657258"><ele>206</ele></trkpt>
   <trkpt lat="50.493761" lon="8.657335"><ele>205.75</ele></trkpt>
   <trkpt lat="50.493855" lon="8.657384"><ele>205.5</ele></trkpt>
   <trkpt lat="50.494033" lon="8.657418"><ele>204.75</ele></trkpt>
   <trkpt lat="50.494404" lon="8.657444"><ele>202.25</ele></trkpt>
   <trkpt lat="50.494636" lon="8.657517"><ele>201.25</ele></trkpt>
   <trkpt lat="50.496112" lon="8.658213"><ele>197</ele></trkpt>
   <trkpt lat="50.496203" lon="8.658271"><ele>197</ele></trkpt>
   <trkpt lat="50.496647" lon="8.658718"><ele>195.25</ele></trkpt>
   <trkpt lat="50.496746" lon="8.658868"><ele>195.5</ele></trkpt>
   <trkpt lat="50.496853" lon="8.659051"><ele>195</ele></trkpt>
   <trkpt lat="50.496962" lon="8.659259"><ele>194.5</ele></trkpt>
   <trkpt lat="50.497045" lon="8.659448"><ele>193.5</ele></trkpt>
   <trkpt lat="50.497235" lon="8.660016"><ele>191.75</ele></trkpt>
   <trkpt lat="50.497929" lon="8.659583"><ele>189.25</ele></trkpt>
   <trkpt lat="50.498606" lon="8.65909"><ele>188</ele></trkpt>
   <trkpt lat="50.498657" lon="8.659185"><ele>188</ele></trkpt>
   <trkpt lat="50.498824" lon="8.65949"><ele>188</ele></trkpt>
   <trkpt lat="50.498868" lon="8.659564"><ele>188</ele></trkpt>
   <trkpt lat="50.498911" lon="8.659635"><ele>187.75</ele></trkpt>
   <trkpt lat="50.498985" lon="8.659519"><ele>188</ele></trkpt>
   <trkpt lat="50.499907" lon="8.658534"><ele>189</ele></trkpt>
   <trkpt lat="50.49995" lon="8.65848"><ele>189.25</ele></trkpt>
   <trkpt lat="50.500618" lon="8.657637"><ele>191</ele></trkpt>
   <trkpt lat="50.500772" lon="8.657479"><ele>191.75</ele></trkpt>
   <trkpt lat="50.50081" lon="8.657345"><ele>191.75</ele></trkpt>
   <trkpt lat="50.501099" lon="8.657171"><ele>193</ele></trkpt>
   <trkpt lat="50.501881" lon="8.656952"><ele>194.75</ele></trkpt>
   <trkpt lat="50.503632" lon="8.656587"><ele>193.75</ele></trkpt>
   <trkpt lat="50.504981" lon="8.656308"><ele>192</ele></trkpt>
   <trkpt lat="50.506309" lon="8.656036"><ele>191</ele></trkpt>
   <trkpt lat="50.508284" lon="8.65563"><ele>191.5</ele></trkpt>
   <trkpt lat="50.508456" lon="8.655579"><ele>191.5</ele></trkpt>
   <trkpt lat="50.508599" lon="8.655518"><ele>191</ele></trkpt>
   <trkpt lat="50.508848" lon="8.655398"><ele>191.5</ele></trkpt>
   <trkpt lat="50.509817" lon="8.654899"><ele>191</ele></trkpt>
   <trkpt lat="50.510205" lon="8.654702"><ele>191</ele></trkpt>
   <trkpt lat="50.511016" lon="8.654291"><ele>191</ele></trkpt>
   <trkpt lat="50.511531" lon="8.654062"><ele>189.75</ele></trkpt>
   <trkpt lat="50.512881" lon="8.65353"><ele>186</ele></trkpt>
   <trkpt lat="50.514177" lon="8.653017"><ele>183</ele></trkpt>
   <trkpt lat="50.514794" lon="8.652774"><ele>182</ele></trkpt>
   <trkpt lat="50.515374" lon="8.65253"><ele>181.75</ele></trkpt>
   <trkpt lat="50.515843" lon="8.652264"><ele>182</ele></trkpt>
   <trkpt lat="50.517004" lon="8.651562"><ele>182.25</ele></trkpt>
   <trkpt lat="50.517891" lon="8.651009"><ele>182.25</ele></trkpt>
   <trkpt lat="50.518647" lon="8.650565"><ele>182</ele></trkpt>
   <trkpt lat="50.520624" lon="8.649375"><ele>179</ele></trkpt>
   <trkpt lat="50.521203" lon="8.649019"><ele>177.5</ele></trkpt>
   <trkpt lat="50.521339" lon="8.648953"><ele>177.25</ele></trkpt>
   <trkpt lat="50.522053" lon="8.648608"><ele>175.75</ele></trkpt>
   <trkpt lat="50.522282" lon="8.648539"><ele>175</ele></trkpt>
   <trkpt lat="50.522707" lon="8.64847"><ele>173.25</ele></trkpt>
   <trkpt lat="50.52347" lon="8.648361"><ele>172</ele></trkpt>
   <trkpt lat="50.523564" lon="8.648374"><ele>171.25</ele></trkpt>
   <trkpt lat="50.523613" lon="8.648368"><ele>171</ele></trkpt>
   <trkpt lat="50.523729" lon="8.648355"><ele>171.75</ele></trkpt>
   <trkpt lat="50.524446" lon="8.648242"><ele>173.5</ele></trkpt>
   <trkpt lat="50.524456" lon="8.648317"><ele>173.75</ele></trkpt>
   <trkpt lat="50.524577" lon="8.648276"><ele>174.25</ele></trkpt>
   <trkpt lat="50.524748" lon="8.64819"><ele>174.5</ele></trkpt>
   <trkpt lat="50.524787" lon="8.648167"><ele>174.25</ele></trkpt>
   <trkpt lat="50.52482" lon="8.648146"><ele>174.25</ele></trkpt>
   <trkpt lat="50.525579" lon="8.647652"><ele>173.75</ele></trkpt>
   <trkpt lat="50.52577" lon="8.64754"><ele>172.5</ele></trkpt>
   <trkpt lat="50.525809" lon="8.647521"><ele>172.25</ele></trkpt>
   <trkpt lat="50.525975" lon="8.647469"><ele>171.25</ele></trkpt>
   <trkpt lat="50.526056" lon="8.647458"><ele>171</ele></trkpt>
   <trkpt lat="50.526131" lon="8.647461"><ele>170.75</ele></trkpt>
   <trkpt lat="50.526216" lon="8.647472"><ele>170.75</ele></trkpt>
   <trkpt lat="50.526462" lon="8.647557"><ele>170.75</ele></trkpt>
   <trkpt lat="50.52663" lon="8.647638"><ele>170.5</ele></trkpt>
   <trkpt lat="50.527151" lon="8.647903"><ele>170</ele></trkpt>
   <trkpt lat="50.527496" lon="8.648061"><ele>169</ele></trkpt>
   <trkpt lat="50.527679" lon="8.648134"><ele>169</ele></trkpt>
   <trkpt lat="50.527905" lon="8.648208"><ele>169</ele></trkpt>
   <trkpt lat="50.528009" lon="8.648232"><ele>169</ele></trkpt>
   <trkpt lat="50.528112" lon="8.64824"><ele>169</ele></trkpt>
   <trkpt lat="50.528159" lon="8.647549"><ele>169</ele></trkpt>
   <trkpt lat="50.528176" lon="8.647382"><ele>169</ele></trkpt>
   <trkpt lat="50.528223" lon="8.647156"><ele>168.75</ele></trkpt>
   <trkpt lat="50.528285" lon="8.646979"><ele>168.25</ele></trkpt>
   <trkpt lat="50.528317" lon="8.646913"><ele>168</ele></trkpt>
   <trkpt lat="50.52894" lon="8.645891"><ele>168</ele></trkpt>
   <trkpt lat="50.528996" lon="8.645809"><ele>168</ele></trkpt>
   <trkpt lat="50.529061" lon="8.645745"><ele>168</ele></trkpt>
   <trkpt lat="50.529147" lon="8.645695"><ele>168</ele></trkpt>
   <trkpt lat="50.529246" lon="8.64567"><ele>168</ele></trkpt>
   <trkpt lat="50.529402" lon="8.64568"><ele>168</ele></trkpt>
   <trkpt lat="50.529638" lon="8.645739"><ele>167.25</ele></trkpt>
   <trkpt lat="50.529717" lon="8.645775"><ele>167</ele></trkpt>
   <trkpt lat="50.52988" lon="8.64517"><ele>167</ele></trkpt>
   <trkpt lat="50.530249" lon="8.643858"><ele>167</ele></trkpt>
   <trkpt lat="50.53028" lon="8.643742"><ele>167</ele></trkpt>
   <trkpt lat="50.530331" lon="8.6435"><ele>167</ele></trkpt>
   <trkpt lat="50.530365" lon="8.643217"><ele>167</ele></trkpt>
   <trkpt lat="50.5304" lon="8.643225"><ele>167</ele></trkpt>
   <trkpt lat="50.530454" lon="8.643215"><ele>167</ele></trkpt>
   <trkpt lat="50.530503" lon="8.64316"><ele>167</ele></trkpt>
   <trkpt lat="50.530846" lon="8.642486"><ele>167</ele></trkpt>
   <trkpt lat="50.531065" lon="8.642084"><ele>167</ele></trkpt>
   <trkpt lat="50.531268" lon="8.641739"><ele>167</ele></trkpt>
   <trkpt lat="50.531783" lon="8.640901"><ele>167</ele></trkpt>
   <trkpt lat="50.531906" lon="8.640655"><ele>167</ele></trkpt>
   <trkpt lat="50.532014" lon="8.640348"><ele>167</ele></trkpt>
   <trkpt lat="50.532404" lon="8.638898"><ele>166</ele></trkpt>
   <trkpt lat="50.532496" lon="8.638616"><ele>166.75</ele></trkpt>
   <trkpt lat="50.532543" lon="8.638494"><ele>166.25</ele></trkpt>
   <trkpt lat="50.533495" lon="8.636437"><ele>166</ele></trkpt>
   <trkpt lat="50.533913" lon="8.635428"><ele>165.75</ele></trkpt>
   <trkpt lat="50.534673" lon="8.633555"><ele>165</ele></trkpt>
   <trkpt lat="50.534784" lon="8.633277"><ele>165</ele></trkpt>
   <trkpt lat="50.534855" lon="8.633065"><ele>165</ele></trkpt>
   <trkpt lat="50.534963" lon="8.632675"><ele>165</ele></trkpt>
   <trkpt lat="50.535468" lon="8.630517"><ele>164.75</ele></trkpt>
   <trkpt lat="50.535476" lon="8.630485"><ele>164.5</ele></trkpt>
   <trkpt lat="50.535529" lon="8.630258"><ele>164</ele></trkpt>
   <trkpt lat="50.535538" lon="8.630219"><ele>164</ele></trkpt>
   <trkpt lat="50.535626" lon="8.62993"><ele>165</ele></trkpt>
   <trkpt lat="50.535696" lon="8.629756"><ele>165</ele></trkpt>
   <trkpt lat="50.535735" lon="8.629676"><ele>165</ele></trkpt>
   <trkpt lat="50.535842" lon="8.629481"><ele>165</ele></trkpt>
   <trkpt lat="50.535898" lon="8.629394"><ele>165</ele></trkpt>
   <trkpt lat="50.535996" lon="8.629259"><ele>165.5</ele></trkpt>
   <trkpt lat="50.536055" lon="8.629192"><ele>165.75</ele></trkpt>
   <trkpt lat="50.536176" lon="8.629073"><ele>165.75</ele></trkpt>
   <trkpt lat="50.536305" lon="8.62897"><ele>165.75</ele></trkpt>
   <trkpt lat="50.536429" lon="8.6289"><ele>165.75</ele></trkpt>
   <trkpt lat="50.536932" lon="8.628663"><ele>165.75</ele></trkpt>
   <trkpt lat="50.537476" lon="8.628366"><ele>165.75</ele></trkpt>
   <trkpt lat="50.537882" lon="8.628103"><ele>165.25</ele></trkpt>
   <trkpt lat="50.538142" lon="8.627913"><ele>165.25</ele></trkpt>
   <trkpt lat="50.539531" lon="8.626853"><ele>167.25</ele></trkpt>
   <trkpt lat="50.539562" lon="8.626816"><ele>167.25</ele></trkpt>
   <trkpt lat="50.539632" lon="8.626963"><ele>166.75</ele></trkpt>
   <trkpt lat="50.539715" lon="8.627106"><ele>166.25</ele></trkpt>
   <trkpt lat="50.539764" lon="8.627177"><ele>166</ele></trkpt>
   <trkpt lat="50.539951" lon="8.627397"><ele>165.25</ele></trkpt>
   <trkpt lat="50.540179" lon="8.62762"><ele>164.75</ele></trkpt>
   <trkpt lat="50.540386" lon="8.627777"><ele>165</ele></trkpt>
   <trkpt lat="50.54058" lon="8.627879"><ele>164.5</ele></trkpt>
   <trkpt lat="50.54071" lon="8.627923"><ele>164.25</ele></trkpt>
   <trkpt lat="50.540912" lon="8.627945"><ele>164.25</ele></trkpt>
   <trkpt lat="50.541258" lon="8.627926"><ele>164.25</ele></trkpt>
   <trkpt lat="50.541391" lon="8.627916"><ele>164.5</ele></trkpt>
   <trkpt lat="50.541806" lon="8.62789"><ele>165</ele></trkpt>
   <trkpt lat="50.542295" lon="8.627896"><ele>166.75</ele></trkpt>
   <trkpt lat="50.542424" lon="8.6279"><ele>167.25</ele></trkpt>
   <trkpt lat="50.542877" lon="8.627955"><ele>167.25</ele></trkpt>
   <trkpt lat="50.543055" lon="8.627979"><ele>167</ele></trkpt>
   <trkpt lat="50.543062" lon="8.627829"><ele>167</ele></trkpt>
   <trkpt lat="50.543084" lon="8.627734"><ele>167.5</ele></trkpt>
   <trkpt lat="50.543132" lon="8.627649"><ele>168.5</ele></trkpt>
   <trkpt lat="50.543203" lon="8.627559"><ele>169.25</ele></trkpt>
   <trkpt lat="50.543269" lon="8.627501"><ele>169.25</ele></trkpt>
   <trkpt lat="50.543449" lon="8.62737"><ele>170.5</ele></trkpt>
   <trkpt lat="50.543565" lon="8.627234"><ele>170.25</ele></trkpt>
   <trkpt lat="50.544127" lon="8.626341"><ele>170</ele></trkpt>
   <trkpt lat="50.544209" lon="8.626212"><ele>169.5</ele></trkpt>
   <trkpt lat="50.54425" lon="8.62615"><ele>169</ele></trkpt>
   <trkpt lat="50.544327" lon="8.626031"><ele>168.25</ele></trkpt>
   <trkpt lat="50.544465" lon="8.625859"><ele>168.5</ele></trkpt>
   <trkpt lat="50.544596" lon="8.625734"><ele>168</ele></trkpt>
   <trkpt lat="50.544743" lon="8.62563"><ele>168.25</ele></trkpt>
   <trkpt lat="50.545454" lon="8.625321"><ele>166.25</ele></trkpt>
   <trkpt lat="50.54568" lon="8.625207"><ele>165.75</ele></trkpt>
   <trkpt lat="50.545809" lon="8.625133"><ele>165.5</ele></trkpt>
   <trkpt lat="50.545886" lon="8.625084"><ele>165.5</ele></trkpt>
   <trkpt lat="50.546067" lon="8.624954"><ele>165</ele></trkpt>
   <trkpt lat="50.546235" lon="8.624816"><ele>164.25</ele></trkpt>
   <trkpt lat="50.546376" lon="8.624662"><ele>164.25</ele></trkpt>
   <trkpt lat="50.546534" lon="8.624474"><ele>163.75</ele></trkpt>
   <trkpt lat="50.546677" lon="8.624261"><ele>163.5</ele></trkpt>
   <trkpt lat="50.546791" lon="8.624067"><ele>163.25</ele></trkpt>
   <trkpt lat="50.546869" lon="8.623911"><ele>163.25</ele></trkpt>
   <trkpt lat="50.546976" lon="8.623674"><ele>163.5</ele></trkpt>
   <trkpt lat="50.547059" lon="8.623466"><ele>163</ele></trkpt>
   <trkpt lat="50.547139" lon="8.623243"><ele>162.75</ele></trkpt>
   <trkpt lat="50.547238" lon="8.622936"><ele>162.75</ele></trkpt>
   <trkpt lat="50.547372" lon="8.622466"><ele>163</ele></trkpt>
   <trkpt lat="50.547631" lon="8.621508"><ele>163.5</ele></trkpt>
   <trkpt lat="50.54776" lon="8.621076"><ele>162.25</ele></trkpt>
   <trkpt lat="50.547791" lon="8.620968"><ele>161.75</ele></trkpt>
   <trkpt lat="50.54784" lon="8.620777"><ele>161.75</ele></trkpt>
   <trkpt lat="50.547873" lon="8.620585"><ele>162.5</ele></trkpt>
   <trkpt lat="50.547919" lon="8.620396"><ele>162.75</ele></trkpt>
   <trkpt lat="50.548019" lon="8.620077"><ele>162</ele></trkpt>
   <trkpt lat="50.548333" lon="8.618947"><ele>162</ele></trkpt>
   <trkpt lat="50.548411" lon="8.6187"><ele>161.5</ele></trkpt>
   <trkpt lat="50.548465" lon="8.618582"><ele>161.5</ele></trkpt>
   <trkpt lat="50.548555" lon="8.618421"><ele>161</ele></trkpt>
   <trkpt lat="50.548652" lon="8.618288"><ele>161</ele></trkpt>
   <trkpt lat="50.548835" lon="8.618101"><ele>161</ele></trkpt>
   <trkpt lat="50.548881" lon="8.618058"><ele>161</ele></trkpt>
   <trkpt lat="50.549" lon="8.617943"><ele>161</ele></trkpt>
   <trkpt lat="50.549163" lon="8.617778"><ele>161</ele></trkpt>
   <trkpt lat="50.549198" lon="8.617749"><ele>161</ele></trkpt>
   <trkpt lat="50.549222" lon="8.617731"><ele>161</ele></trkpt>
   <trkpt lat="50.549499" lon="8.617495"><ele>161</ele></trkpt>
   <trkpt lat="50.549622" lon="8.617365"><ele>161</ele></trkpt>
   <trkpt lat="50.549813" lon="8.617091"><ele>161</ele></trkpt>
   <trkpt lat="50.54987" lon="8.616966"><ele>161</ele></trkpt>
   <trkpt lat="50.549983" lon="8.616706"><ele>161</ele></trkpt>
   <trkpt lat="50.550029" lon="8.616577"><ele>161.25</ele></trkpt>
   <trkpt lat="50.550059" lon="8.616471"><ele>161.5</ele></trkpt>
   <trkpt lat="50.550076" lon="8.616347"><ele>161.5</ele></trkpt>
   <trkpt lat="50.550106" lon="8.615947"><ele>161.75</ele></trkpt>
   <trkpt lat="50.550174" lon="8.615602"><ele>162.25</ele></trkpt>
   <trkpt lat="50.55026" lon="8.615223"><ele>163.25</ele></trkpt>
   <trkpt lat="50.550283" lon="8.615166"><ele>163.75</ele></trkpt>
   <trkpt lat="50.550325" lon="8.615096"><ele>164</ele></trkpt>
   <trkpt lat="50.550374" lon="8.615052"><ele>164.25</ele></trkpt>
   <trkpt lat="50.550427" lon="8.615021"><ele>164.25</ele></trkpt>
   <trkpt lat="50.550501" lon="8.615005"><ele>164</ele></trkpt>
   <trkpt lat="50.550726" lon="8.615061"><ele>164.25</ele></trkpt>
   <trkpt lat="50.551079" lon="8.615172"><ele>164.75</ele></trkpt>
   <trkpt lat="50.551198" lon="8.615188"><ele>164.5</ele></trkpt>
   <trkpt lat="50.551411" lon="8.615196"><ele>164.25</ele></trkpt>
   <trkpt lat="50.551717" lon="8.615173"><ele>164.25</ele></trkpt>
   <trkpt lat="50.551821" lon="8.615156"><ele>164.5</ele></trkpt>
   <trkpt lat="50.55193" lon="8.615122"><ele>164.75</ele></trkpt>
   <trkpt lat="50.552027" lon="8.615073"><ele>164.5</ele></trkpt>
   <trkpt lat="50.552109" lon="8.615019"><ele>164</ele></trkpt>
   <trkpt lat="50.552221" lon="8.614933"><ele>163</ele></trkpt>
   <trkpt lat="50.55255" lon="8.614655"><ele>161.25</ele></trkpt>
   <trkpt lat="50.552631" lon="8.614597"><ele>161.25</ele></trkpt>
   <trkpt lat="50.552759" lon="8.614536"><ele>160.75</ele></trkpt>
   <trkpt lat="50.552918" lon="8.61451"><ele>160.75</ele></trkpt>
   <trkpt lat="50.553052" lon="8.614514"><ele>160.5</ele></trkpt>
   <trkpt lat="50.55319" lon="8.614547"><ele>160.5</ele></trkpt>
   <trkpt lat="50.553624" lon="8.614721"><ele>160</ele></trkpt>
   <trkpt lat="50.553737" lon="8.614751"><ele>160.25</ele></trkpt>
   <trkpt lat="50.553859" lon="8.61477"><ele>160.5</ele></trkpt>
   <trkpt lat="50.553965" lon="8.614769"><ele>160.5</ele></trkpt>
   <trkpt lat="50.554168" lon="8.614743"><ele>159.75</ele></trkpt>
   <trkpt lat="50.554472" lon="8.614674"><ele>160</ele></trkpt>
   <trkpt lat="50.554697" lon="8.614601"><ele>160.25</ele></trkpt>
   <trkpt lat="50.554785" lon="8.614551"><ele>160.25</ele></trkpt>
   <trkpt lat="50.555453" lon="8.614118"><ele>159</ele></trkpt>
   <trkpt lat="50.555542" lon="8.614067"><ele>159</ele></trkpt>
   <trkpt lat="50.555671" lon="8.614011"><ele>159</ele></trkpt>
   <trkpt lat="50.555754" lon="8.613993"><ele>159</ele></trkpt>
   <trkpt lat="50.555833" lon="8.61399"><ele>159</ele></trkpt>
   <trkpt lat="50.556841" lon="8.614022"><ele>158.75</ele></trkpt>
   <trkpt lat="50.557034" lon="8.613997"><ele>158.75</ele></trkpt>
   <trkpt lat="50.557593" lon="8.613854"><ele>159</ele></trkpt>
   <trkpt lat="50.557833" lon="8.613816"><ele>159.75</ele></trkpt>
   <trkpt lat="50.557961" lon="8.613844"><ele>160.25</ele></trkpt>
   <trkpt lat="50.558064" lon="8.613899"><ele>160</ele></trkpt>
   <trkpt lat="50.55819" lon="8.613995"><ele>160.75</ele></trkpt>
   <trkpt lat="50.558263" lon="8.614085"><ele>160.5</ele></trkpt>
   <trkpt lat="50.558482" lon="8.614425"><ele>161.25</ele></trkpt>
   <trkpt lat="50.558677" lon="8.61478"><ele>160.25</ele></trkpt>
   <trkpt lat="50.558828" lon="8.614995"><ele>159.5</ele></trkpt>
   <trkpt lat="50.558974" lon="8.615157"><ele>159.75</ele></trkpt>
   <trkpt lat="50.559249" lon="8.615363"><ele>159.75</ele></trkpt>
   <trkpt lat="50.559409" lon="8.61544"><ele>159.75</ele></trkpt>
   <trkpt lat="50.559618" lon="8.615517"><ele>160.5</ele></trkpt>
   <trkpt lat="50.559757" lon="8.615543"><ele>161</ele></trkpt>
   <trkpt lat="50.559917" lon="8.615559"><ele>161.5</ele></trkpt>
   <trkpt lat="50.560149" lon="8.615556"><ele>162.5</ele></trkpt>
   <trkpt lat="50.56058" lon="8.61549"><ele>164</ele></trkpt>
   <trkpt lat="50.560574" lon="8.615306"><ele>164.75</ele></trkpt>
   <trkpt lat="50.560459" lon="8.612666"><ele>170.25</ele></trkpt>
   <trkpt lat="50.560419" lon="8.6119"><ele>170.75</ele></trkpt>
   <trkpt lat="50.560207" lon="8.609566"><ele>173.25</ele></trkpt>
   <trkpt lat="50.560093" lon="8.608406"><ele>167.75</ele></trkpt>
   <trkpt lat="50.560063" lon="8.607781"><ele>165.75</ele></trkpt>
   <trkpt lat="50.560062" lon="8.607548"><ele>164.5</ele></trkpt>
   <trkpt lat="50.56011" lon="8.606865"><ele>162.25</ele></trkpt>
   <trkpt lat="50.560133" lon="8.606453"><ele>162.25</ele></trkpt>
   <trkpt lat="50.560135" lon="8.606194"><ele>162</ele></trkpt>
   <trkpt lat="50.560166" lon="8.606121"><ele>162</ele></trkpt>
   <trkpt lat="50.56024" lon="8.605991"><ele>163.5</ele></trkpt>
   <trkpt lat="50.560281" lon="8.605935"><ele>164</ele></trkpt>
   <trkpt lat="50.560371" lon="8.605841"><ele>164.25</ele></trkpt>
   <trkpt lat="50.560711" lon="8.60557"><ele>163.75</ele></trkpt>
   <trkpt lat="50.560858" lon="8.605462"><ele>163.5</ele></trkpt>
   <trkpt lat="50.560956" lon="8.605384"><ele>163</ele></trkpt>
   <trkpt lat="50.561096" lon="8.605248"><ele>163</ele></trkpt>
   <trkpt lat="50.561117" lon="8.605227"><ele>162.75</ele></trkpt>
   <trkpt lat="50.561256" lon="8.605088"><ele>162.25</ele></trkpt>
   <trkpt lat="50.561376" lon="8.604955"><ele>162</ele></trkpt>
   <trkpt lat="50.561498" lon="8.604807"><ele>162.25</ele></trkpt>
   <trkpt lat="50.561616" lon="8.60465"><ele>162</ele></trkpt>
   <trkpt lat="50.561832" lon="8.604323"><ele>162</ele></trkpt>
   <trkpt lat="50.561961" lon="8.604105"><ele>161.75</ele></trkpt>
   <trkpt lat="50.562055" lon="8.603922"><ele>161.5</ele></trkpt>
   <trkpt lat="50.562141" lon="8.603729"><ele>161.25</ele></trkpt>
   <trkpt lat="50.562195" lon="8.603595"><ele>161</ele></trkpt>
   <trkpt lat="50.562601" lon="8.602478"><ele>161.5</ele></trkpt>
   <trkpt lat="50.562797" lon="8.60195"><ele>160.75</ele></trkpt>
   <trkpt lat="50.562853" lon="8.601767"><ele>161.25</ele></trkpt>
   <trkpt lat="50.562893" lon="8.60159"><ele>161.5</ele></trkpt>
   <trkpt lat="50.562927" lon="8.601398"><ele>161.25</ele></trkpt>
   <trkpt lat="50.562949" lon="8.601214"><ele>161.25</ele></trkpt>
   <trkpt lat="50.562994" lon="8.600459"><ele>161</ele></trkpt>
   <trkpt lat="50.563005" lon="8.600399"><ele>161</ele></trkpt>
   <trkpt lat="50.563031" lon="8.600366"><ele>161</ele></trkpt>
   <trkpt lat="50.563075" lon="8.600346"><ele>160.75</ele></trkpt>
   <trkpt lat="50.563291" lon="8.600322"><ele>160</ele></trkpt>
   <trkpt lat="50.563376" lon="8.600291"><ele>159.75</ele></trkpt>
   <trkpt lat="50.563519" lon="8.600206"><ele>159.25</ele></trkpt>
   <trkpt lat="50.563548" lon="8.600168"><ele>159</ele></trkpt>
   <trkpt lat="50.563601" lon="8.600102"><ele>159</ele></trkpt>
   <trkpt lat="50.563671" lon="8.599969"><ele>158.75</ele></trkpt>
   <trkpt lat="50.563868" lon="8.599555"><ele>157</ele></trkpt>
   <trkpt lat="50.563939" lon="8.599411"><ele>156.75</ele></trkpt>
   <trkpt lat="50.563968" lon="8.599441"><ele>156.5</ele></trkpt>
   <trkpt lat="50.563994" lon="8.599463"><ele>156.5</ele></trkpt>
   <trkpt lat="50.564074" lon="8.599517"><ele>156.25</ele></trkpt>
   <trkpt lat="50.564162" lon="8.599549"><ele>156</ele></trkpt>
   <trkpt lat="50.564239" lon="8.599569"><ele>155.5</ele></trkpt>
   <trkpt lat="50.564278" lon="8.599578"><ele>155.5</ele></trkpt>
   <trkpt lat="50.564342" lon="8.599572"><ele>155.25</ele></trkpt>
   <trkpt lat="50.564507" lon="8.599501"><ele>155</ele></trkpt>
   <trkpt lat="50.564699" lon="8.599453"><ele>155.75</ele></trkpt>
   <trkpt lat="50.564913" lon="8.599417"><ele>157.5</ele></trkpt>
   <trkpt lat="50.565124" lon="8.599407"><ele>157.5</ele></trkpt>
   <trkpt lat="50.56531" lon="8.599421"><ele>157.75</ele></trkpt>
   <trkpt lat="50.5655" lon="8.599466"><ele>158</ele></trkpt>
   <trkpt lat="50.565663" lon="8.599524"><ele>158</ele></trkpt>
   <trkpt lat="50.565825" lon="8.599621"><ele>157</ele></trkpt>
   <trkpt lat="50.566101" lon="8.599825"><ele>157</ele></trkpt>
   <trkpt lat="50.566144" lon="8.599644"><ele>157</ele></trkpt>
   <trkpt lat="50.566151" lon="8.599523"><ele>156.5</ele></trkpt>
   <trkpt lat="50.56613" lon="8.599416"><ele>156.25</ele></trkpt>
   <trkpt lat="50.566088" lon="8.599352"><ele>156</ele></trkpt>
   <trkpt lat="50.566026" lon="8.599302"><ele>155.25</ele></trkpt>
   <trkpt lat="50.565963" lon="8.59928"><ele>155</ele></trkpt>
   <trkpt lat="50.565821" lon="8.599269"><ele>155</ele></trkpt>
   <trkpt lat="50.565748" lon="8.599247"><ele>155.25</ele></trkpt>
   <trkpt lat="50.56567" lon="8.599196"><ele>155</ele></trkpt>
   <trkpt lat="50.565616" lon="8.599095"><ele>154.5</ele></trkpt>
   <trkpt lat="50.565583" lon="8.598977"><ele>154.25</ele></trkpt>
   <trkpt lat="50.565578" lon="8.598814"><ele>154</ele></trkpt>
   <trkpt lat="50.565754" lon="8.597537"><ele>154.5</ele></trkpt>
   <trkpt lat="50.565899" lon="8.596232"><ele>153.75</ele></trkpt>
   <trkpt lat="50.566023" lon="8.594885"><ele>153.5</ele></trkpt>
   <trkpt lat="50.566164" lon="8.593113"><ele>153.75</ele></trkpt>
   <trkpt lat="50.566248" lon="8.591922"><ele>154</ele></trkpt>
   <trkpt lat="50.566338" lon="8.590991"><ele>153.25</ele></trkpt>
   <trkpt lat="50.56658" lon="8.588826"><ele>153.5</ele></trkpt>
   <trkpt lat="50.566706" lon="8.58786"><ele>153.75</ele></trkpt>
   <trkpt lat="50.566924" lon="8.586625"><ele>153</ele></trkpt>
   <trkpt lat="50.567141" lon="8.585401"><ele>153.5</ele></trkpt>
   <trkpt lat="50.567581" lon="8.583613"><ele>153.5</ele></trkpt>
   <trkpt lat="50.56833" lon="8.580684"><ele>153.5</ele></trkpt>
   <trkpt lat="50.568618" lon="8.579416"><ele>153</ele></trkpt>
   <trkpt lat="50.568776" lon="8.578592"><ele>154.5</ele></trkpt>
   <trkpt lat="50.568925" lon="8.577743"><ele>153.75</ele></trkpt>
   <trkpt lat="50.569051" lon="8.576856"><ele>154.5</ele></trkpt>
   <trkpt lat="50.569158" lon="8.575868"><ele>153.25</ele></trkpt>
   <trkpt lat="50.569188" lon="8.57542"><ele>153.25</ele></trkpt>
   <trkpt lat="50.569205" lon="8.575349"><ele>153.5</ele></trkpt>
   <trkpt lat="50.56924" lon="8.57527"><ele>153.25</ele></trkpt>
   <trkpt lat="50.569331" lon="8.575161"><ele>152.75</ele></trkpt>
   <trkpt lat="50.56936" lon="8.575117"><ele>152.5</ele></trkpt>
   <trkpt lat="50.569388" lon="8.575057"><ele>152.25</ele></trkpt>
   <trkpt lat="50.569414" lon="8.574975"><ele>152</ele></trkpt>
   <trkpt lat="50.569704" lon="8.573868"><ele>152</ele></trkpt>
   <trkpt lat="50.569784" lon="8.573468"><ele>152</ele></trkpt>
   <trkpt lat="50.570501" lon="8.569206"><ele>152</ele></trkpt>
   <trkpt lat="50.570553" lon="8.569175"><ele>152</ele></trkpt>
   <trkpt lat="50.571844" lon="8.569275"><ele>152</ele></trkpt>
   <trkpt lat="50.571892" lon="8.569262"><ele>152.25</ele></trkpt>
   <trkpt lat="50.571937" lon="8.569206"><ele>152</ele></trkpt>
   <trkpt lat="50.572536" lon="8.568025"><ele>152</ele></trkpt>
   <trkpt lat="50.572854" lon="8.5674"><ele>152</ele></trkpt>
   <trkpt lat="50.572912" lon="8.567334"><ele>152.25</ele></trkpt>
   <trkpt lat="50.572968" lon="8.567317"><ele>152.25</ele></trkpt>
   <trkpt lat="50.573014" lon="8.567317"><ele>152.5</ele></trkpt>
   <trkpt lat="50.573056" lon="8.56734"><ele>152.5</ele></trkpt>
   <trkpt lat="50.573082" lon="8.567271"><ele>152.5</ele></trkpt>
   <trkpt lat="50.573484" lon="8.566534"><ele>151.25</ele></trkpt>
   <trkpt lat="50.573857" lon="8.565806"><ele>151</ele></trkpt>
   <trkpt lat="50.574031" lon="8.565416"><ele>151</ele></trkpt>
   <trkpt lat="50.574205" lon="8.564962"><ele>151.75</ele></trkpt>
   <trkpt lat="50.574334" lon="8.564531"><ele>150.75</ele></trkpt>
   <trkpt lat="50.574401" lon="8.564192"><ele>151.75</ele></trkpt>
   <trkpt lat="50.574432" lon="8.56395"><ele>152</ele></trkpt>
   <trkpt lat="50.574442" lon="8.563759"><ele>152</ele></trkpt>
   <trkpt lat="50.574434" lon="8.563313"><ele>151.75</ele></trkpt>
   <trkpt lat="50.574377" lon="8.562249"><ele>151.75</ele></trkpt>
   <trkpt lat="50.574354" lon="8.562083"><ele>151.75</ele></trkpt>
   <trkpt lat="50.574318" lon="8.561902"><ele>151.75</ele></trkpt>
   <trkpt lat="50.574245" lon="8.561631"><ele>153.5</ele></trkpt>
   <trkpt lat="50.574241" lon="8.561497"><ele>154</ele></trkpt>
   <trkpt lat="50.574279" lon="8.561314"><ele>154.5</ele></trkpt>
   <trkpt lat="50.57444" lon="8.56145"><ele>153.5</ele></trkpt>
   <trkpt lat="50.575205" lon="8.562073"><ele>156.5</ele></trkpt>
   <trkpt lat="50.575254" lon="8.56211"><ele>157.75</ele></trkpt>
   <trkpt lat="50.57535" lon="8.562185"><ele>158.75</ele></trkpt>
   <trkpt lat="50.575818" lon="8.562512"><ele>160.75</ele></trkpt>
   <trkpt lat="50.57589" lon="8.56259"><ele>161</ele></trkpt>
   <trkpt lat="50.575938" lon="8.562684"><ele>161.25</ele></trkpt>
   <trkpt lat="50.575987" lon="8.562605"><ele>161.5</ele></trkpt>
   <trkpt lat="50.576018" lon="8.562525"><ele>161.5</ele></trkpt>
   <trkpt lat="50.576095" lon="8.562224"><ele>160</ele></trkpt>
   <trkpt lat="50.576127" lon="8.561983"><ele>160</ele></trkpt>
   <trkpt lat="50.576126" lon="8.561664"><ele>159</ele></trkpt>
   <trkpt lat="50.576126" lon="8.561613"><ele>159</ele></trkpt>
   <trkpt lat="50.576103" lon="8.561371"><ele>158.75</ele></trkpt>
   <trkpt lat="50.576064" lon="8.561125"><ele>158.75</ele></trkpt>
   <trkpt lat="50.575996" lon="8.560988"><ele>158.25</ele></trkpt>
   <trkpt lat="50.576082" lon="8.560843"><ele>158.75</ele></trkpt>
   <trkpt lat="50.576152" lon="8.560674"><ele>159.75</ele></trkpt>
   <trkpt lat="50.576196" lon="8.560495"><ele>160.25</ele></trkpt>
   <trkpt lat="50.576229" lon="8.560199"><ele>160.25</ele></trkpt>
   <trkpt lat="50.576263" lon="8.559659"><ele>159.75</ele></trkpt>
   <trkpt lat="50.57629" lon="8.55935"><ele>159</ele></trkpt>
   <trkpt lat="50.576366" lon="8.558406"><ele>158</ele></trkpt>
   <trkpt lat="50.576567" lon="8.557485"><ele>156.25</ele></trkpt>
   <trkpt lat="50.576611" lon="8.557277"><ele>156.25</ele></trkpt>
   <trkpt lat="50.576805" lon="8.556625"><ele>155.25</ele></trkpt>
   <trkpt lat="50.576949" lon="8.556169"><ele>155.25</ele></trkpt>
   <trkpt lat="50.577104" lon="8.556107"><ele>157.75</ele></trkpt>
   <trkpt lat="50.577214" lon="8.556096"><ele>159.75</ele></trkpt>
   <trkpt lat="50.577354" lon="8.556089"><ele>158.5</ele></trkpt>
   <trkpt lat="50.577428" lon="8.556067"><ele>157.5</ele></trkpt>
   <trkpt lat="50.577492" lon="8.555881"><ele>156.25</ele></trkpt>
   <trkpt lat="50.577557" lon="8.555787"><ele>156</ele></trkpt>
   <trkpt lat="50.578218" lon="8.554841"><ele>155.5</ele></trkpt>
   <trkpt lat="50.578192" lon="8.554734"><ele>155.25</ele></trkpt>
   <trkpt lat="50.578187" lon="8.55457"><ele>154.75</ele></trkpt>
   <trkpt lat="50.578099" lon="8.552014"><ele>153</ele></trkpt>
   <trkpt lat="50.577979" lon="8.548891"><ele>152</ele></trkpt>
   <trkpt lat="50.577965" lon="8.547923"><ele>152</ele></trkpt>
   <trkpt lat="50.577978" lon="8.543997"><ele>151</ele></trkpt>
   <trkpt lat="50.578725" lon="8.543359"><ele>152.75</ele></trkpt>
   <trkpt lat="50.578822" lon="8.543222"><ele>152.75</ele></trkpt>
   <trkpt lat="50.578844" lon="8.543192"><ele>152.5</ele></trkpt>
   <trkpt lat="50.579071" lon="8.542211"><ele>151</ele></trkpt>
   <trkpt lat="50.579097" lon="8.542103"><ele>151.75</ele></trkpt>
   <trkpt lat="50.579187" lon="8.541961"><ele>151.75</ele></trkpt>
   <trkpt lat="50.580954" lon="8.540069"><ele>152.75</ele></trkpt>
   <trkpt lat="50.580966" lon="8.539704"><ele>157.25</ele></trkpt>
   <trkpt lat="50.581049" lon="8.538829"><ele>158.25</ele></trkpt>
   <trkpt lat="50.581049" lon="8.538662"><ele>155.25</ele></trkpt>
   <trkpt lat="50.581026" lon="8.538516"><ele>154.25</ele></trkpt>
   <trkpt lat="50.581115" lon="8.538372"><ele>154</ele></trkpt>
   <trkpt lat="50.581112" lon="8.536308"><ele>151.75</ele></trkpt>
   <trkpt lat="50.581104" lon="8.534674"><ele>151</ele></trkpt>
   <trkpt lat="50.581103" lon="8.532937"><ele>151</ele></trkpt>
   <trkpt lat="50.581103" lon="8.532842"><ele>151</ele></trkpt>
   <trkpt lat="50.581097" lon="8.530638"><ele>150.5</ele></trkpt>
   <trkpt lat="50.581096" lon="8.52866"><ele>150</ele></trkpt>
   <trkpt lat="50.581098" lon="8.528425"><ele>150.5</ele></trkpt>
   <trkpt lat="50.581076" lon="8.528394"><ele>150.75</ele></trkpt>
   <trkpt lat="50.580956" lon="8.528332"><ele>150.75</ele></trkpt>
   <trkpt lat="50.580909" lon="8.528308"><ele>150.75</ele></trkpt>
   <trkpt lat="50.580812" lon="8.528232"><ele>150.75</ele></trkpt>
   <trkpt lat="50.580748" lon="8.528137"><ele>150.5</ele></trkpt>
   <trkpt lat="50.580704" lon="8.528006"><ele>150.5</ele></trkpt>
   <trkpt lat="50.580682" lon="8.527887"><ele>150.75</ele></trkpt>
   <trkpt lat="50.580677" lon="8.527862"><ele>150.75</ele></trkpt>
   <trkpt lat="50.580678" lon="8.527676"><ele>151</ele></trkpt>
   <trkpt lat="50.580679" lon="8.527356"><ele>150.5</ele></trkpt>
   <trkpt lat="50.58068" lon="8.527143"><ele>150.25</ele></trkpt>
   <trkpt lat="50.580681" lon="8.527036"><ele>150.25</ele></trkpt>
   <trkpt lat="50.580734" lon="8.526964"><ele>150.5</ele></trkpt>
   <trkpt lat="50.580763" lon="8.526883"><ele>150.5</ele></trkpt>
   <trkpt lat="50.580784" lon="8.526827"><ele>150.75</ele></trkpt>
   <trkpt lat="50.580817" lon="8.526785"><ele>150.75</ele></trkpt>
   <trkpt lat="50.580967" lon="8.526642"><ele>151</ele></trkpt>
   <trkpt lat="50.580993" lon="8.526609"><ele>151</ele></trkpt>
   <trkpt lat="50.581026" lon="8.52655"><ele>151.25</ele></trkpt>
   <trkpt lat="50.581052" lon="8.526475"><ele>151.5</ele></trkpt>
   <trkpt lat="50.581073" lon="8.526335"><ele>151.75</ele></trkpt>
   <trkpt lat="50.581059" lon="8.526073"><ele>151.75</ele></trkpt>
   <trkpt lat="50.580946" lon="8.524501"><ele>152.25</ele></trkpt>
   <trkpt lat="50.580911" lon="8.523917"><ele>152.25</ele></trkpt>
   <trkpt lat="50.580926" lon="8.523779"><ele>152.25</ele></trkpt>
   <trkpt lat="50.58088" lon="8.522992"><ele>153.75</ele></trkpt>
   <trkpt lat="50.580857" lon="8.522813"><ele>153</ele></trkpt>
   <trkpt lat="50.580922" lon="8.522802"><ele>153.25</ele></trkpt>
   <trkpt lat="50.580843" lon="8.522195"><ele>152.75</ele></trkpt>
   <trkpt lat="50.580724" lon="8.521504"><ele>151.5</ele></trkpt>
   <trkpt lat="50.580555" lon="8.520757"><ele>151.5</ele></trkpt>
   <trkpt lat="50.580436" lon="8.520318"><ele>151</ele></trkpt>
   <trkpt lat="50.580297" lon="8.519849"><ele>151</ele></trkpt>
   <trkpt lat="50.580085" lon="8.519257"><ele>150.75</ele></trkpt>
   <trkpt lat="50.579228" lon="8.517127"><ele>154</ele></trkpt>
   <trkpt lat="50.579315" lon="8.51702"><ele>154.5</ele></trkpt>
   <trkpt lat="50.579355" lon="8.516956"><ele>154.75</ele></trkpt>
   <trkpt lat="50.579374" lon="8.516905"><ele>155</ele></trkpt>
   <trkpt lat="50.579396" lon="8.516901"><ele>155.25</ele></trkpt>
   <trkpt lat="50.579396" lon="8.51679"><ele>156</ele></trkpt>
   <trkpt lat="50.579374" lon="8.516788"><ele>155.75</ele></trkpt>
   <trkpt lat="50.579356" lon="8.516775"><ele>156</ele></trkpt>
   <trkpt lat="50.579301" lon="8.516706"><ele>156.25</ele></trkpt>
   <trkpt lat="50.579069" lon="8.516346"><ele>156.75</ele></trkpt>
   <trkpt lat="50.578954" lon="8.516052"><ele>157.25</ele></trkpt>
   <trkpt lat="50.578545" lon="8.514792"><ele>159.25</ele></trkpt>
   <trkpt lat="50.578161" lon="8.513565"><ele>160</ele></trkpt>
   <trkpt lat="50.578171" lon="8.513486"><ele>160.5</ele></trkpt>
   <trkpt lat="50.578178" lon="8.513307"><ele>161</ele></trkpt>
   <trkpt lat="50.578156" lon="8.513122"><ele>161.25</ele></trkpt>
   <trkpt lat="50.578083" lon="8.512815"><ele>159.75</ele></trkpt>
   <trkpt lat="50.578068" lon="8.512726"><ele>159.5</ele></trkpt>
   <trkpt lat="50.577875" lon="8.512098"><ele>162.5</ele></trkpt>
   <trkpt lat="50.577801" lon="8.511879"><ele>161.75</ele></trkpt>
   <trkpt lat="50.577725" lon="8.511587"><ele>162.25</ele></trkpt>
   <trkpt lat="50.577689" lon="8.511554"><ele>162.25</ele></trkpt>
   <trkpt lat="50.577607" lon="8.511406"><ele>162.25</ele></trkpt>
   <trkpt lat="50.577336" lon="8.510838"><ele>162.75</ele></trkpt>
   <trkpt lat="50.577118" lon="8.510408"><ele>163.5</ele></trkpt>
   <trkpt lat="50.577073" lon="8.510355"><ele>163.5</ele></trkpt>
   <trkpt lat="50.576951" lon="8.509848"><ele>163.5</ele></trkpt>
   <trkpt lat="50.57688" lon="8.509427"><ele>164.75</ele></trkpt>
   <trkpt lat="50.576724" lon="8.508294"><ele>165.5</ele></trkpt>
   <trkpt lat="50.576674" lon="8.507768"><ele>165</ele></trkpt>
   <trkpt lat="50.576574" lon="8.507031"><ele>164.5</ele></trkpt>
   <trkpt lat="50.576499" lon="8.506591"><ele>164.5</ele></trkpt>
   <trkpt lat="50.57639" lon="8.506409"><ele>164</ele></trkpt>
   <trkpt lat="50.576283" lon="8.506048"><ele>164</ele></trkpt>
   <trkpt lat="50.576157" lon="8.505738"><ele>163</ele></trkpt>
   <trkpt lat="50.575792" lon="8.504926"><ele>161</ele></trkpt>
   <trkpt lat="50.57572" lon="8.504766"><ele>161</ele></trkpt>
   <trkpt lat="50.575439" lon="8.504141"><ele>159</ele></trkpt>
   <trkpt lat="50.575207" lon="8.503571"><ele>158</ele></trkpt>
   <trkpt lat="50.575146" lon="8.503407"><ele>158.25</ele></trkpt>
   <trkpt lat="50.575089" lon="8.503248"><ele>158.25</ele></trkpt>
   <trkpt lat="50.575069" lon="8.503098"><ele>158.25</ele></trkpt>
   <trkpt lat="50.575019" lon="8.502146"><ele>159.5</ele></trkpt>
   <trkpt lat="50.57497" lon="8.501843"><ele>160</ele></trkpt>
   <trkpt lat="50.574922" lon="8.50168"><ele>160.25</ele></trkpt>
   <trkpt lat="50.574839" lon="8.501528"><ele>159.75</ele></trkpt>
   <trkpt lat="50.574715" lon="8.501328"><ele>158</ele></trkpt>
   <trkpt lat="50.574311" lon="8.500683"><ele>156.75</ele></trkpt>
   <trkpt lat="50.574288" lon="8.500646"><ele>156.5</ele></trkpt>
   <trkpt lat="50.574268" lon="8.500615"><ele>156.5</ele></trkpt>
   <trkpt lat="50.574241" lon="8.50056"><ele>156.5</ele></trkpt>
   <trkpt lat="50.573943" lon="8.499952"><ele>155</ele></trkpt>
   <trkpt lat="50.573651" lon="8.499375"><ele>155</ele></trkpt>
   <trkpt lat="50.573632" lon="8.499334"><ele>155</ele></trkpt>
   <trkpt lat="50.573602" lon="8.49927"><ele>154.75</ele></trkpt>
   <trkpt lat="50.573574" lon="8.499206"><ele>154.75</ele></trkpt>
   <trkpt lat="50.573418" lon="8.49885"><ele>154.25</ele></trkpt>
   <trkpt lat="50.573323" lon="8.498629"><ele>153.75</ele></trkpt>
   <trkpt lat="50.573246" lon="8.498415"><ele>153.75</ele></trkpt>
   <trkpt lat="50.573192" lon="8.49821"><ele>154</ele></trkpt>
   <trkpt lat="50.573151" lon="8.498019"><ele>154</ele></trkpt>
   <trkpt lat="50.573135" lon="8.497888"><ele>154</ele></trkpt>
   <trkpt lat="50.573117" lon="8.497638"><ele>153.75</ele></trkpt>
   <trkpt lat="50.573078" lon="8.497092"><ele>154</ele></trkpt>
   <trkpt lat="50.573071" lon="8.496993"><ele>154</ele></trkpt>
   <trkpt lat="50.573063" lon="8.496799"><ele>153.75</ele></trkpt>
   <trkpt lat="50.573054" lon="8.49635"><ele>153.75</ele></trkpt>
   <trkpt lat="50.573073" lon="8.496136"><ele>153</ele></trkpt>
   <trkpt lat="50.573113" lon="8.495829"><ele>153</ele></trkpt>
   <trkpt lat="50.573105" lon="8.495739"><ele>153</ele></trkpt>
   <trkpt lat="50.573087" lon="8.495651"><ele>153</ele></trkpt>
   <trkpt lat="50.573062" lon="8.495595"><ele>153</ele></trkpt>
   <trkpt lat="50.573026" lon="8.495535"><ele>153</ele></trkpt>
   <trkpt lat="50.572988" lon="8.495505"><ele>153</ele></trkpt>
   <trkpt lat="50.572855" lon="8.495464"><ele>153</ele></trkpt>
   <trkpt lat="50.572607" lon="8.495457"><ele>152.25</ele></trkpt>
   <trkpt lat="50.572527" lon="8.495455"><ele>152</ele></trkpt>
   <trkpt lat="50.572488" lon="8.495454"><ele>152</ele></trkpt>
   <trkpt lat="50.572404" lon="8.495451"><ele>152</ele></trkpt>
   <trkpt lat="50.572306" lon="8.495353"><ele>152</ele></trkpt>
   <trkpt lat="50.572257" lon="8.49527"><ele>152</ele></trkpt>
   <trkpt lat="50.572241" lon="8.495201"><ele>152</ele></trkpt>
   <trkpt lat="50.572234" lon="8.495122"><ele>152</ele></trkpt>
   <trkpt lat="50.572242" lon="8.494976"><ele>152</ele></trkpt>
   <trkpt lat="50.572357" lon="8.494741"><ele>152</ele></trkpt>
   <trkpt lat="50.572408" lon="8.494637"><ele>152</ele></trkpt>
   <trkpt lat="50.572443" lon="8.494566"><ele>152</ele></trkpt>
   <trkpt lat="50.572578" lon="8.494293"><ele>152</ele></trkpt>
   <trkpt lat="50.572615" lon="8.494216"><ele>152</ele></trkpt>
   <trkpt lat="50.572704" lon="8.494035"><ele>152</ele></trkpt>
   <trkpt lat="50.57291" lon="8.493616"><ele>152</ele></trkpt>
   <trkpt lat="50.573021" lon="8.493386"><ele>152</ele></trkpt>
   <trkpt lat="50.57321" lon="8.492975"><ele>152.5</ele></trkpt>
   <trkpt lat="50.573406" lon="8.492588"><ele>153.75</ele></trkpt>
   <trkpt lat="50.573614" lon="8.492197"><ele>153</ele></trkpt>
   <trkpt lat="50.573658" lon="8.492125"><ele>153.75</ele></trkpt>
   <trkpt lat="50.573711" lon="8.492059"><ele>154</ele></trkpt>
   <trkpt lat="50.573779" lon="8.492"><ele>153.75</ele></trkpt>
   <trkpt lat="50.574188" lon="8.49172"><ele>153.25</ele></trkpt>
   <trkpt lat="50.57466" lon="8.491374"><ele>153</ele></trkpt>
   <trkpt lat="50.574871" lon="8.491223"><ele>154.5</ele></trkpt>
   <trkpt lat="50.574927" lon="8.491182"><ele>154.5</ele></trkpt>
   <trkpt lat="50.575432" lon="8.490842"><ele>154</ele></trkpt>
   <trkpt lat="50.575502" lon="8.490794"><ele>154</ele></trkpt>
   <trkpt lat="50.575646" lon="8.490688"><ele>154</ele></trkpt>
   <trkpt lat="50.575763" lon="8.490603"><ele>154</ele></trkpt>
   <trkpt lat="50.576572" lon="8.49"><ele>154</ele></trkpt>
   <trkpt lat="50.577094" lon="8.489616"><ele>153.75</ele></trkpt>
   <trkpt lat="50.577518" lon="8.48932"><ele>154</ele></trkpt>
   <trkpt lat="50.57801" lon="8.488953"><ele>154.5</ele></trkpt>
   <trkpt lat="50.578059" lon="8.488913"><ele>154.75</ele></trkpt>
   <trkpt lat="50.578097" lon="8.488883"><ele>154.75</ele></trkpt>
   <trkpt lat="50.57828" lon="8.488734"><ele>154</ele></trkpt>
   <trkpt lat="50.578344" lon="8.488684"><ele>153.75</ele></trkpt>
   <trkpt lat="50.578368" lon="8.488665"><ele>153.75</ele></trkpt>
   <trkpt lat="50.578415" lon="8.488632"><ele>153.75</ele></trkpt>
   <trkpt lat="50.578452" lon="8.488602"><ele>154</ele></trkpt>
   <trkpt lat="50.57869" lon="8.488398"><ele>154</ele></trkpt>
   <trkpt lat="50.578844" lon="8.488272"><ele>154</ele></trkpt>
   <trkpt lat="50.578985" lon="8.488153"><ele>153.75</ele></trkpt>
   <trkpt lat="50.579073" lon="8.488063"><ele>153.75</ele></trkpt>
   <trkpt lat="50.57903" lon="8.487952"><ele>154</ele></trkpt>
   <trkpt lat="50.579018" lon="8.487925"><ele>154</ele></trkpt>
   <trkpt lat="50.578962" lon="8.487794"><ele>154</ele></trkpt>
   <trkpt lat="50.578892" lon="8.487627"><ele>154.5</ele></trkpt>
   <trkpt lat="50.578818" lon="8.48744"><ele>154.25</ele></trkpt>
   <trkpt lat="50.578799" lon="8.487393"><ele>153.75</ele></trkpt>
   <trkpt lat="50.578783" lon="8.487351"><ele>153.25</ele></trkpt>
   <trkpt lat="50.578505" lon="8.486633"><ele>152.25</ele></trkpt>
   <trkpt lat="50.578414" lon="8.486437"><ele>154.5</ele></trkpt>
   <trkpt lat="50.57834" lon="8.486281"><ele>155</ele></trkpt>
   <trkpt lat="50.577819" lon="8.485069"><ele>153</ele></trkpt>
   <trkpt lat="50.57766" lon="8.484673"><ele>153.25</ele></trkpt>
   <trkpt lat="50.577299" lon="8.48364"><ele>153</ele></trkpt>
   <trkpt lat="50.576986" lon="8.482445"><ele>153.75</ele></trkpt>
   <trkpt lat="50.576814" lon="8.481669"><ele>154</ele></trkpt>
   <trkpt lat="50.576757" lon="8.481423"><ele>154</ele></trkpt>
   <trkpt lat="50.576734" lon="8.48136"><ele>154</ele></trkpt>
   <trkpt lat="50.576709" lon="8.481323"><ele>154.25</ele></trkpt>
   <trkpt lat="50.576675" lon="8.48129"><ele>154.25</ele></trkpt>
   <trkpt lat="50.576653" lon="8.481272"><ele>154.25</ele></trkpt>
   <trkpt lat="50.576604" lon="8.481254"><ele>154.25</ele></trkpt>
   <trkpt lat="50.576493" lon="8.481252"><ele>154.25</ele></trkpt>
   <trkpt lat="50.576338" lon="8.481272"><ele>154.25</ele></trkpt>
   <trkpt lat="50.576244" lon="8.481268"><ele>154</ele></trkpt>
   <trkpt lat="50.576176" lon="8.481243"><ele>154</ele></trkpt>
   <trkpt lat="50.57615" lon="8.481207"><ele>154</ele></trkpt>
   <trkpt lat="50.576198" lon="8.481135"><ele>154.25</ele></trkpt>
   <trkpt lat="50.576285" lon="8.480947"><ele>154.75</ele></trkpt>
   <trkpt lat="50.57635" lon="8.480828"><ele>155</ele></trkpt>
   <trkpt lat="50.576422" lon="8.480749"><ele>157</ele></trkpt>
   <trkpt lat="50.576512" lon="8.480693"><ele>157.75</ele></trkpt>
   <trkpt lat="50.577184" lon="8.480442"><ele>158.25</ele></trkpt>
   <trkpt lat="50.577238" lon="8.480403"><ele>157.25</ele></trkpt>
   <trkpt lat="50.577281" lon="8.48036"><ele>156.75</ele></trkpt>
   <trkpt lat="50.577348" lon="8.480266"><ele>155.75</ele></trkpt>
   <trkpt lat="50.577399" lon="8.480328"><ele>156.5</ele></trkpt>
   <trkpt lat="50.577482" lon="8.480381"><ele>157.25</ele></trkpt>
   <trkpt lat="50.577532" lon="8.480387"><ele>157.25</ele></trkpt>
   <trkpt lat="50.577568" lon="8.480378"><ele>156.75</ele></trkpt>
   <trkpt lat="50.577618" lon="8.480351"><ele>156</ele></trkpt>
   <trkpt lat="50.57773" lon="8.480248"><ele>155</ele></trkpt>
   <trkpt lat="50.577747" lon="8.480215"><ele>155</ele></trkpt>
   <trkpt lat="50.577756" lon="8.480174"><ele>155</ele></trkpt>
   <trkpt lat="50.577753" lon="8.48008"><ele>155</ele></trkpt>
   <trkpt lat="50.577639" lon="8.479072"><ele>154.75</ele></trkpt>
   <trkpt lat="50.577711" lon="8.479009"><ele>154.75</ele></trkpt>
   <trkpt lat="50.578542" lon="8.478616"><ele>154.5</ele></trkpt>
   <trkpt lat="50.57912" lon="8.478254"><ele>155.75</ele></trkpt>
   <trkpt lat="50.579183" lon="8.478245"><ele>155.25</ele></trkpt>
   <trkpt lat="50.579261" lon="8.477581"><ele>156</ele></trkpt>
   <trkpt lat="50.579487" lon="8.476593"><ele>156</ele></trkpt>
   <trkpt lat="50.579866" lon="8.474644"><ele>157</ele></trkpt>
   <trkpt lat="50.580103" lon="8.474078"><ele>156.25</ele></trkpt>
   <trkpt lat="50.580177" lon="8.474149"><ele>154.75</ele></trkpt>
   <trkpt lat="50.580565" lon="8.474389"><ele>153</ele></trkpt>
   <trkpt lat="50.580902" lon="8.474113"><ele>154.25</ele></trkpt>
   <trkpt lat="50.580924" lon="8.473805"><ele>154.75</ele></trkpt>
   <trkpt lat="50.580955" lon="8.473671"><ele>154.5</ele></trkpt>
   <trkpt lat="50.581305" lon="8.473214"><ele>155</ele></trkpt>
   <trkpt lat="50.581534" lon="8.472737"><ele>155</ele></trkpt>
   <trkpt lat="50.58173" lon="8.472085"><ele>155</ele></trkpt>
   <trkpt lat="50.582048" lon="8.471111"><ele>155.25</ele></trkpt>
   <trkpt lat="50.582059" lon="8.471071"><ele>155.25</ele></trkpt>
   <trkpt lat="50.582443" lon="8.469678"><ele>155.5</ele></trkpt>
   <trkpt lat="50.582688" lon="8.46894"><ele>156</ele></trkpt>
   <trkpt lat="50.582863" lon="8.468341"><ele>156.25</ele></trkpt>
   <trkpt lat="50.582915" lon="8.468137"><ele>156.25</ele></trkpt>
   <trkpt lat="50.583037" lon="8.467583"><ele>156</ele></trkpt>
   <trkpt lat="50.583182" lon="8.466968"><ele>156</ele></trkpt>
   <trkpt lat="50.583287" lon="8.466576"><ele>156</ele></trkpt>
   <trkpt lat="50.583528" lon="8.465947"><ele>156</ele></trkpt>
   <trkpt lat="50.58405" lon="8.465016"><ele>156.5</ele></trkpt>
   <trkpt lat="50.584564" lon="8.464014"><ele>157</ele></trkpt>
   <trkpt lat="50.584866" lon="8.463361"><ele>157.75</ele></trkpt>
   <trkpt lat="50.584978" lon="8.46309"><ele>158</ele></trkpt>
   <trkpt lat="50.585116" lon="8.462637"><ele>158.25</ele></trkpt>
   <trkpt lat="50.58521" lon="8.462414"><ele>158</ele></trkpt>
   <trkpt lat="50.585308" lon="8.462236"><ele>158</ele></trkpt>
   <trkpt lat="50.585358" lon="8.462161"><ele>158</ele></trkpt>
   <trkpt lat="50.585433" lon="8.462091"><ele>158</ele></trkpt>
   <trkpt lat="50.585481" lon="8.462048"><ele>158</ele></trkpt>
   <trkpt lat="50.585504" lon="8.462023"><ele>158</ele></trkpt>
   <trkpt lat="50.585528" lon="8.462062"><ele>158</ele></trkpt>
   <trkpt lat="50.585556" lon="8.462083"><ele>158</ele></trkpt>
   <trkpt lat="50.585586" lon="8.462087"><ele>158</ele></trkpt>
   <trkpt lat="50.585616" lon="8.462075"><ele>158</ele></trkpt>
   <trkpt lat="50.585643" lon="8.462046"><ele>158</ele></trkpt>
   <trkpt lat="50.585658" lon="8.462015"><ele>158</ele></trkpt>
   <trkpt lat="50.585669" lon="8.461966"><ele>158</ele></trkpt>
   <trkpt lat="50.585667" lon="8.461913"><ele>158</ele></trkpt>
   <trkpt lat="50.585693" lon="8.461903"><ele>158</ele></trkpt>
   <trkpt lat="50.585752" lon="8.461875"><ele>158</ele></trkpt>
   <trkpt lat="50.586277" lon="8.461577"><ele>157.75</ele></trkpt>
   <trkpt lat="50.58652" lon="8.461402"><ele>158</ele></trkpt>
   <trkpt lat="50.586767" lon="8.461201"><ele>158</ele></trkpt>
   <trkpt lat="50.587035" lon="8.460947"><ele>158</ele></trkpt>
   <trkpt lat="50.587091" lon="8.460888"><ele>158</ele></trkpt>
   <trkpt lat="50.587314" lon="8.460662"><ele>158.5</ele></trkpt>
   <trkpt lat="50.587814" lon="8.460048"><ele>158.75</ele></trkpt>
   <trkpt lat="50.587948" lon="8.459855"><ele>159</ele></trkpt>
   <trkpt lat="50.588017" lon="8.459754"><ele>159</ele></trkpt>
   <trkpt lat="50.588084" lon="8.459639"><ele>159</ele></trkpt>
   <trkpt lat="50.588172" lon="8.459467"><ele>159</ele></trkpt>
   <trkpt lat="50.588391" lon="8.458987"><ele>159</ele></trkpt>
   <trkpt lat="50.588515" lon="8.458698"><ele>158.75</ele></trkpt>
   <trkpt lat="50.588532" lon="8.458657"><ele>158.75</ele></trkpt>
   <trkpt lat="50.588542" lon="8.458638"><ele>158.75</ele></trkpt>
   <trkpt lat="50.588629" lon="8.45845"><ele>159</ele></trkpt>
   <trkpt lat="50.588679" lon="8.458361"><ele>159</ele></trkpt>
   <trkpt lat="50.588727" lon="8.458297"><ele>158.75</ele></trkpt>
   <trkpt lat="50.588767" lon="8.458249"><ele>158.5</ele></trkpt>
   <trkpt lat="50.588847" lon="8.458181"><ele>158.25</ele></trkpt>
   <trkpt lat="50.588954" lon="8.458127"><ele>158.25</ele></trkpt>
   <trkpt lat="50.589027" lon="8.458115"><ele>158</ele></trkpt>
   <trkpt lat="50.58909" lon="8.45812"><ele>158</ele></trkpt>
   <trkpt lat="50.589142" lon="8.458129"><ele>158.25</ele></trkpt>
   <trkpt lat="50.589201" lon="8.458153"><ele>158.25</ele></trkpt>
   <trkpt lat="50.589314" lon="8.458221"><ele>158</ele></trkpt>
   <trkpt lat="50.589538" lon="8.458398"><ele>158</ele></trkpt>
   <trkpt lat="50.589683" lon="8.458523"><ele>158</ele></trkpt>
   <trkpt lat="50.590366" lon="8.459079"><ele>160</ele></trkpt>
   <trkpt lat="50.590383" lon="8.459021"><ele>160</ele></trkpt>
   <trkpt lat="50.590392" lon="8.458988"><ele>160</ele></trkpt>
   <trkpt lat="50.590511" lon="8.458619"><ele>160</ele></trkpt>
   <trkpt lat="50.590613" lon="8.45831"><ele>160</ele></trkpt>
   <trkpt lat="50.591124" lon="8.456762"><ele>160.25</ele></trkpt>
   <trkpt lat="50.590507" lon="8.45626"><ele>160</ele></trkpt>
   <trkpt lat="50.590468" lon="8.456253"><ele>160</ele></trkpt>
   <trkpt lat="50.590458" lon="8.456199"><ele>160</ele></trkpt>
   <trkpt lat="50.590471" lon="8.456077"><ele>160</ele></trkpt>
   <trkpt lat="50.590572" lon="8.455879"><ele>160.75</ele></trkpt>
   <trkpt lat="50.590696" lon="8.45574"><ele>160</ele></trkpt>
   <trkpt lat="50.590836" lon="8.455622"><ele>160.75</ele></trkpt>
   <trkpt lat="50.591035" lon="8.455499"><ele>159.75</ele></trkpt>
   <trkpt lat="50.591055" lon="8.455458"><ele>159.25</ele></trkpt>
   <trkpt lat="50.591055" lon="8.455423"><ele>159</ele></trkpt>
   <trkpt lat="50.590982" lon="8.455028"><ele>158</ele></trkpt>
   <trkpt lat="50.590917" lon="8.454615"><ele>158.5</ele></trkpt>
   <trkpt lat="50.590914" lon="8.4544"><ele>158.75</ele></trkpt>
   <trkpt lat="50.590931" lon="8.454193"><ele>158.75</ele></trkpt>
   <trkpt lat="50.591117" lon="8.453637"><ele>159</ele></trkpt>
   <trkpt lat="50.591229" lon="8.453356"><ele>159</ele></trkpt>
   <trkpt lat="50.591283" lon="8.453175"><ele>159</ele></trkpt>
   <trkpt lat="50.591326" lon="8.452985"><ele>159</ele></trkpt>
   <trkpt lat="50.591338" lon="8.452861"><ele>159</ele></trkpt>
   <trkpt lat="50.591356" lon="8.452438"><ele>159</ele></trkpt>
   <trkpt lat="50.591375" lon="8.451541"><ele>159</ele></trkpt>
   <trkpt lat="50.591375" lon="8.451341"><ele>159</ele></trkpt>
   <trkpt lat="50.591367" lon="8.45125"><ele>159</ele></trkpt>
   <trkpt lat="50.591346" lon="8.451162"><ele>159</ele></trkpt>
   <trkpt lat="50.591325" lon="8.45111"><ele>159</ele></trkpt>
   <trkpt lat="50.591024" lon="8.450547"><ele>159</ele></trkpt>
   <trkpt lat="50.590952" lon="8.450356"><ele>159</ele></trkpt>
   <trkpt lat="50.590787" lon="8.449473"><ele>159</ele></trkpt>
   <trkpt lat="50.590769" lon="8.449205"><ele>159</ele></trkpt>
   <trkpt lat="50.590847" lon="8.448854"><ele>159</ele></trkpt>
   <trkpt lat="50.590849" lon="8.448739"><ele>159.5</ele></trkpt>
   <trkpt lat="50.590834" lon="8.448676"><ele>159.75</ele></trkpt>
   <trkpt lat="50.59081" lon="8.448617"><ele>159.75</ele></trkpt>
   <trkpt lat="50.590447" lon="8.448063"><ele>159.25</ele></trkpt>
   <trkpt lat="50.590347" lon="8.447823"><ele>159.5</ele></trkpt>
   <trkpt lat="50.59036" lon="8.447751"><ele>159.25</ele></trkpt>
   <trkpt lat="50.590401" lon="8.447694"><ele>159</ele></trkpt>
   <trkpt lat="50.590599" lon="8.447529"><ele>159</ele></trkpt>
   <trkpt lat="50.590695" lon="8.447419"><ele>159.5</ele></trkpt>
   <trkpt lat="50.590845" lon="8.447023"><ele>159.75</ele></trkpt>
   <trkpt lat="50.590885" lon="8.446931"><ele>159.75</ele></trkpt>
   <trkpt lat="50.591432" lon="8.445819"><ele>160</ele></trkpt>
   <trkpt lat="50.591494" lon="8.445738"><ele>160</ele></trkpt>
   <trkpt lat="50.591464" lon="8.445652"><ele>160</ele></trkpt>
   <trkpt lat="50.591424" lon="8.445495"><ele>160</ele></trkpt>
   <trkpt lat="50.591288" lon="8.444772"><ele>160</ele></trkpt>
   <trkpt lat="50.591208" lon="8.444211"><ele>160</ele></trkpt>
   <trkpt lat="50.591188" lon="8.443935"><ele>160</ele></trkpt>
   <trkpt lat="50.591186" lon="8.443702"><ele>160</ele></trkpt>
   <trkpt lat="50.591203" lon="8.443434"><ele>160</ele></trkpt>
   <trkpt lat="50.591269" lon="8.442985"><ele>160</ele></trkpt>
   <trkpt lat="50.591313" lon="8.44231"><ele>159.75</ele></trkpt>
   <trkpt lat="50.591305" lon="8.442057"><ele>160.25</ele></trkpt>
   <trkpt lat="50.591288" lon="8.442008"><ele>160.25</ele></trkpt>
   <trkpt lat="50.591076" lon="8.441838"><ele>160.75</ele></trkpt>
   <trkpt lat="50.591038" lon="8.441789"><ele>161.5</ele></trkpt>
   <trkpt lat="50.591025" lon="8.441717"><ele>162</ele></trkpt>
   <trkpt lat="50.591042" lon="8.441618"><ele>162.25</ele></trkpt>
   <trkpt lat="50.591264" lon="8.440618"><ele>162</ele></trkpt>
   <trkpt lat="50.591268" lon="8.440296"><ele>162.25</ele></trkpt>
   <trkpt lat="50.591873" lon="8.437368"><ele>163.25</ele></trkpt>
   <trkpt lat="50.591945" lon="8.43708"><ele>163.5</ele></trkpt>
   <trkpt lat="50.592104" lon="8.43672"><ele>163.5</ele></trkpt>
   <trkpt lat="50.592166" lon="8.436271"><ele>163.5</ele></trkpt>
   <trkpt lat="50.592208" lon="8.435739"><ele>164.25</ele></trkpt>
   <trkpt lat="50.59225" lon="8.435456"><ele>164.75</ele></trkpt>
   <trkpt lat="50.592351" lon="8.434984"><ele>164</ele></trkpt>
   <trkpt lat="50.592376" lon="8.434863"><ele>163.75</ele></trkpt>
   <trkpt lat="50.592753" lon="8.433308"><ele>166</ele></trkpt>
   <trkpt lat="50.593008" lon="8.431888"><ele>164</ele></trkpt>
   <trkpt lat="50.593189" lon="8.431061"><ele>163.5</ele></trkpt>
   <trkpt lat="50.59331" lon="8.43036"><ele>163.75</ele></trkpt>
   <trkpt lat="50.59345" lon="8.429855"><ele>163.5</ele></trkpt>
   <trkpt lat="50.593544" lon="8.429343"><ele>163.5</ele></trkpt>
   <trkpt lat="50.593619" lon="8.428856"><ele>162</ele></trkpt>
   <trkpt lat="50.59363" lon="8.428119"><ele>163.5</ele></trkpt>
   <trkpt lat="50.593735" lon="8.426873"><ele>164.25</ele></trkpt>
   <trkpt lat="50.593792" lon="8.42518"><ele>163.5</ele></trkpt>
   <trkpt lat="50.593715" lon="8.421913"><ele>165</ele></trkpt>
   <trkpt lat="50.593557" lon="8.420993"><ele>165.25</ele></trkpt>
   <trkpt lat="50.593384" lon="8.419853"><ele>164.75</ele></trkpt>
   <trkpt lat="50.592963" lon="8.417237"><ele>164.5</ele></trkpt>
   <trkpt lat="50.592869" lon="8.416954"><ele>165.25</ele></trkpt>
   <trkpt lat="50.59283" lon="8.41678"><ele>165.5</ele></trkpt>
   <trkpt lat="50.592814" lon="8.416696"><ele>165.5</ele></trkpt>
   <trkpt lat="50.592529" lon="8.415171"><ele>165.25</ele></trkpt>
   <trkpt lat="50.592496" lon="8.414892"><ele>165</ele></trkpt>
   <trkpt lat="50.59255" lon="8.414532"><ele>164.75</ele></trkpt>
   <trkpt lat="50.59267" lon="8.414179"><ele>164.25</ele></trkpt>
   <trkpt lat="50.592789" lon="8.413825"><ele>164.75</ele></trkpt>
   <trkpt lat="50.59284" lon="8.413623"><ele>164.75</ele></trkpt>
   <trkpt lat="50.592984" lon="8.412641"><ele>165</ele></trkpt>
   <trkpt lat="50.592989" lon="8.412202"><ele>165</ele></trkpt>
   <trkpt lat="50.592944" lon="8.411765"><ele>165</ele></trkpt>
   <trkpt lat="50.592664" lon="8.410184"><ele>165</ele></trkpt>
   <trkpt lat="50.592231" lon="8.407622"><ele>166</ele></trkpt>
   <trkpt lat="50.592256" lon="8.40164"><ele>165.75</ele></trkpt>
   <trkpt lat="50.591944" lon="8.399251"><ele>166.5</ele></trkpt>
   <trkpt lat="50.591958" lon="8.399151"><ele>166.75</ele></trkpt>
   <trkpt lat="50.592069" lon="8.398834"><ele>166.5</ele></trkpt>
   <trkpt lat="50.592071" lon="8.398787"><ele>166.5</ele></trkpt>
   <trkpt lat="50.592063" lon="8.398767"><ele>166.5</ele></trkpt>
   <trkpt lat="50.592027" lon="8.398731"><ele>166.5</ele></trkpt>
   <trkpt lat="50.59181" lon="8.398606"><ele>167.25</ele></trkpt>
   <trkpt lat="50.591678" lon="8.398544"><ele>167.75</ele></trkpt>
   <trkpt lat="50.59164" lon="8.3985"><ele>167.75</ele></trkpt>
   <trkpt lat="50.591639" lon="8.398423"><ele>167.75</ele></trkpt>
   <trkpt lat="50.592732" lon="8.393971"><ele>168.75</ele></trkpt>
   <trkpt lat="50.592745" lon="8.393945"><ele>168.75</ele></trkpt>
   <trkpt lat="50.592768" lon="8.393924"><ele>168.75</ele></trkpt>
   <trkpt lat="50.592797" lon="8.393923"><ele>168.75</ele></trkpt>
   <trkpt lat="50.592907" lon="8.393948"><ele>168.75</ele></trkpt>
   <trkpt lat="50.59296" lon="8.393941"><ele>168.75</ele></trkpt>
   <trkpt lat="50.593027" lon="8.393916"><ele>168.75</ele></trkpt>
   <trkpt lat="50.593168" lon="8.393796"><ele>170</ele></trkpt>
   <trkpt lat="50.593243" lon="8.393682"><ele>170.25</ele></trkpt>
   <trkpt lat="50.593315" lon="8.393545"><ele>169</ele></trkpt>
   <trkpt lat="50.593365" lon="8.393338"><ele>169.5</ele></trkpt>
   <trkpt lat="50.593409" lon="8.392998"><ele>171</ele></trkpt>
   <trkpt lat="50.593453" lon="8.392577"><ele>170.75</ele></trkpt>
   <trkpt lat="50.593484" lon="8.391948"><ele>170.25</ele></trkpt>
   <trkpt lat="50.593474" lon="8.391867"><ele>170</ele></trkpt>
   <trkpt lat="50.593463" lon="8.391833"><ele>170</ele></trkpt>
   <trkpt lat="50.593424" lon="8.391782"><ele>170.25</ele></trkpt>
   <trkpt lat="50.593391" lon="8.391765"><ele>170.5</ele></trkpt>
   <trkpt lat="50.593442" lon="8.39151"><ele>170</ele></trkpt>
   <trkpt lat="50.593467" lon="8.391421"><ele>169.75</ele></trkpt>
   <trkpt lat="50.593524" lon="8.391292"><ele>169.75</ele></trkpt>
   <trkpt lat="50.59359" lon="8.391205"><ele>169.75</ele></trkpt>
   <trkpt lat="50.593663" lon="8.391141"><ele>169.5</ele></trkpt>
   <trkpt lat="50.593644" lon="8.391075"><ele>169.75</ele></trkpt>
   <trkpt lat="50.593622" lon="8.390958"><ele>170.25</ele></trkpt>
   <trkpt lat="50.593606" lon="8.390794"><ele>171</ele></trkpt>
   <trkpt lat="50.593613" lon="8.39065"><ele>170.75</ele></trkpt>
   <trkpt lat="50.593626" lon="8.390548"><ele>170.75</ele></trkpt>
   <trkpt lat="50.593837" lon="8.38959"><ele>173</ele></trkpt>
   <trkpt lat="50.593911" lon="8.389268"><ele>173.25</ele></trkpt>
   <trkpt lat="50.594098" lon="8.388469"><ele>173.25</ele></trkpt>
   <trkpt lat="50.594653" lon="8.386095"><ele>173</ele></trkpt>
   <trkpt lat="50.59472" lon="8.385812"><ele>173</ele></trkpt>
   <trkpt lat="50.594794" lon="8.385533"><ele>173</ele></trkpt>
   <trkpt lat="50.594885" lon="8.385326"><ele>173</ele></trkpt>
   <trkpt lat="50.59497" lon="8.385151"><ele>173</ele></trkpt>
   <trkpt lat="50.595155" lon="8.384847"><ele>173</ele></trkpt>
   <trkpt lat="50.595231" lon="8.384707"><ele>173</ele></trkpt>
   <trkpt lat="50.595288" lon="8.384536"><ele>172.75</ele></trkpt>
   <trkpt lat="50.595312" lon="8.384438"><ele>172.75</ele></trkpt>
   <trkpt lat="50.595324" lon="8.384391"><ele>172.5</ele></trkpt>
   <trkpt lat="50.595388" lon="8.384111"><ele>173</ele></trkpt>
   <trkpt lat="50.595461" lon="8.383821"><ele>173</ele></trkpt>
   <trkpt lat="50.595491" lon="8.3837"><ele>173</ele></trkpt>
   <trkpt lat="50.595566" lon="8.383393"><ele>173.5</ele></trkpt>
   <trkpt lat="50.59575" lon="8.382633"><ele>173.25</ele></trkpt>
   <trkpt lat="50.595938" lon="8.381824"><ele>173.25</ele></trkpt>
   <trkpt lat="50.595963" lon="8.381764"><ele>173.25</ele></trkpt>
   <trkpt lat="50.596023" lon="8.381673"><ele>173.25</ele></trkpt>
   <trkpt lat="50.596073" lon="8.381727"><ele>173</ele></trkpt>
   <trkpt lat="50.596126" lon="8.381759"><ele>173</ele></trkpt>
   <trkpt lat="50.596248" lon="8.381803"><ele>173</ele></trkpt>
   <trkpt lat="50.596343" lon="8.381837"><ele>173</ele></trkpt>
   <trkpt lat="50.596492" lon="8.381898"><ele>173.25</ele></trkpt>
   <trkpt lat="50.596834" lon="8.382039"><ele>171</ele></trkpt>
   <trkpt lat="50.596878" lon="8.382056"><ele>170.5</ele></trkpt>
   <trkpt lat="50.597402" lon="8.382256"><ele>172</ele></trkpt>
   <trkpt lat="50.597484" lon="8.382292"><ele>173.25</ele></trkpt>
   <trkpt lat="50.597714" lon="8.382365"><ele>173</ele></trkpt>
   <trkpt lat="50.597884" lon="8.382419"><ele>172.5</ele></trkpt>
   <trkpt lat="50.598188" lon="8.38251"><ele>171.75</ele></trkpt>
   <trkpt lat="50.598251" lon="8.381996"><ele>171</ele></trkpt>
   <trkpt lat="50.598298" lon="8.381539"><ele>171</ele></trkpt>
   <trkpt lat="50.598306" lon="8.381457"><ele>171</ele></trkpt>
   <trkpt lat="50.598309" lon="8.381421"><ele>171</ele></trkpt>
   <trkpt lat="50.598324" lon="8.381285"><ele>171</ele></trkpt>
   <trkpt lat="50.598325" lon="8.381209"><ele>171</ele></trkpt>
   <trkpt lat="50.598316" lon="8.380999"><ele>171</ele></trkpt>
   <trkpt lat="50.598317" lon="8.380894"><ele>171</ele></trkpt>
   <trkpt lat="50.59834" lon="8.380752"><ele>171</ele></trkpt>
   <trkpt lat="50.598373" lon="8.380619"><ele>171</ele></trkpt>
   <trkpt lat="50.598419" lon="8.380504"><ele>171.25</ele></trkpt>
   <trkpt lat="50.598463" lon="8.38044"><ele>171.25</ele></trkpt>
   <trkpt lat="50.598442" lon="8.38038"><ele>171</ele></trkpt>
   <trkpt lat="50.598438" lon="8.380323"><ele>171</ele></trkpt>
   <trkpt lat="50.598458" lon="8.379943"><ele>170.25</ele></trkpt>
   <trkpt lat="50.598499" lon="8.379603"><ele>170</ele></trkpt>
   <trkpt lat="50.598754" lon="8.377778"><ele>170.75</ele></trkpt>
   <trkpt lat="50.598776" lon="8.377574"><ele>171</ele></trkpt>
   <trkpt lat="50.598801" lon="8.377466"><ele>171</ele></trkpt>
   <trkpt lat="50.598944" lon="8.377024"><ele>171</ele></trkpt>
   <trkpt lat="50.599559" lon="8.374941"><ele>172</ele></trkpt>
   <trkpt lat="50.599802" lon="8.374144"><ele>172</ele></trkpt>
   <trkpt lat="50.599855" lon="8.374023"><ele>172</ele></trkpt>
   <trkpt lat="50.5999" lon="8.373947"><ele>172</ele></trkpt>
   <trkpt lat="50.599947" lon="8.373888"><ele>172</ele></trkpt>
   <trkpt lat="50.599997" lon="8.373845"><ele>172</ele></trkpt>
   <trkpt lat="50.600027" lon="8.373832"><ele>171.75</ele></trkpt>
   <trkpt lat="50.600073" lon="8.373838"><ele>171.75</ele></trkpt>
   <trkpt lat="50.600736" lon="8.37428"><ele>172.5</ele></trkpt>
   <trkpt lat="50.600829" lon="8.374312"><ele>172.5</ele></trkpt>
   <trkpt lat="50.600923" lon="8.374318"><ele>172.25</ele></trkpt>
   <trkpt lat="50.601195" lon="8.374306"><ele>172.25</ele></trkpt>
   <trkpt lat="50.601322" lon="8.374284"><ele>172.5</ele></trkpt>
   <trkpt lat="50.601467" lon="8.374226"><ele>173.25</ele></trkpt>
   <trkpt lat="50.601535" lon="8.374193"><ele>173.5</ele></trkpt>
   <trkpt lat="50.601627" lon="8.374115"><ele>173.25</ele></trkpt>
   <trkpt lat="50.602513" lon="8.373679"><ele>173</ele></trkpt>
   <trkpt lat="50.602573" lon="8.373638"><ele>173.25</ele></trkpt>
   <trkpt lat="50.602616" lon="8.3736"><ele>173.25</ele></trkpt>
   <trkpt lat="50.602647" lon="8.373554"><ele>173.25</ele></trkpt>
   <trkpt lat="50.602676" lon="8.373483"><ele>173.25</ele></trkpt>
   <trkpt lat="50.602789" lon="8.373125"><ele>173.25</ele></trkpt>
   <trkpt lat="50.603091" lon="8.372096"><ele>173</ele></trkpt>
   <trkpt lat="50.603197" lon="8.37189"><ele>173.5</ele></trkpt>
   <trkpt lat="50.603787" lon="8.370947"><ele>173.75</ele></trkpt>
   <trkpt lat="50.603815" lon="8.370879"><ele>173.75</ele></trkpt>
   <trkpt lat="50.603811" lon="8.370831"><ele>173.5</ele></trkpt>
   <trkpt lat="50.603794" lon="8.370792"><ele>173.5</ele></trkpt>
   <trkpt lat="50.603527" lon="8.370385"><ele>173</ele></trkpt>
   <trkpt lat="50.603513" lon="8.370325"><ele>173</ele></trkpt>
   <trkpt lat="50.603512" lon="8.370273"><ele>173</ele></trkpt>
   <trkpt lat="50.603537" lon="8.370223"><ele>173</ele></trkpt>
   <trkpt lat="50.603573" lon="8.370183"><ele>173</ele></trkpt>
   <trkpt lat="50.604424" lon="8.369406"><ele>173</ele></trkpt>
   <trkpt lat="50.604896" lon="8.368914"><ele>173</ele></trkpt>
   <trkpt lat="50.605223" lon="8.368554"><ele>174</ele></trkpt>
   <trkpt lat="50.605291" lon="8.368505"><ele>174</ele></trkpt>
   <trkpt lat="50.605494" lon="8.368431"><ele>174.5</ele></trkpt>
   <trkpt lat="50.605529" lon="8.368345"><ele>174.75</ele></trkpt>
   <trkpt lat="50.605593" lon="8.368406"><ele>174.5</ele></trkpt>
   <trkpt lat="50.605714" lon="8.368543"><ele>174.75</ele></trkpt>
   <trkpt lat="50.605814" lon="8.36869"><ele>175.75</ele></trkpt>
   <trkpt lat="50.605894" lon="8.36858"><ele>176</ele></trkpt>
   <trkpt lat="50.606068" lon="8.368385"><ele>175.75</ele></trkpt>
   <trkpt lat="50.606259" lon="8.368226"><ele>175.75</ele></trkpt>
   <trkpt lat="50.606463" lon="8.36811"><ele>176.25</ele></trkpt>
   <trkpt lat="50.606574" lon="8.368067"><ele>176</ele></trkpt>
   <trkpt lat="50.606817" lon="8.368013"><ele>175.5</ele></trkpt>
   <trkpt lat="50.606832" lon="8.368096"><ele>176.5</ele></trkpt>
   <trkpt lat="50.606938" lon="8.368192"><ele>177.25</ele></trkpt>
   <trkpt lat="50.607215" lon="8.368272"><ele>177.5</ele></trkpt>
   <trkpt lat="50.607524" lon="8.368426"><ele>176.75</ele></trkpt>
   <trkpt lat="50.607848" lon="8.368315"><ele>176.75</ele></trkpt>
   <trkpt lat="50.607938" lon="8.368308"><ele>176.75</ele></trkpt>
   <trkpt lat="50.608067" lon="8.368342"><ele>177.25</ele></trkpt>
   <trkpt lat="50.608177" lon="8.368423"><ele>179</ele></trkpt>
   <trkpt lat="50.608274" lon="8.368569"><ele>180.75</ele></trkpt>
   <trkpt lat="50.608388" lon="8.36878"><ele>181.5</ele></trkpt>
   <trkpt lat="50.608439" lon="8.368701"><ele>180.5</ele></trkpt>
   <trkpt lat="50.608609" lon="8.368431"><ele>178.25</ele></trkpt>
   <trkpt lat="50.608927" lon="8.367989"><ele>176.5</ele></trkpt>
   <trkpt lat="50.608993" lon="8.367907"><ele>176</ele></trkpt>
   <trkpt lat="50.609136" lon="8.367752"><ele>175.75</ele></trkpt>
   <trkpt lat="50.609713" lon="8.367249"><ele>175.75</ele></trkpt>
   <trkpt lat="50.609858" lon="8.367143"><ele>175.5</ele></trkpt>
   <trkpt lat="50.610267" lon="8.366875"><ele>175.25</ele></trkpt>
   <trkpt lat="50.610506" lon="8.366668"><ele>175.75</ele></trkpt>
   <trkpt lat="50.610539" lon="8.36665"><ele>175.75</ele></trkpt>
   <trkpt lat="50.610607" lon="8.366636"><ele>175.75</ele></trkpt>
   <trkpt lat="50.610621" lon="8.36675"><ele>175.5</ele></trkpt>
   <trkpt lat="50.610631" lon="8.367403"><ele>177.25</ele></trkpt>
   <trkpt lat="50.610639" lon="8.367569"><ele>178.25</ele></trkpt>
   <trkpt lat="50.610648" lon="8.367615"><ele>178.5</ele></trkpt>
   <trkpt lat="50.611144" lon="8.367616"><ele>179.75</ele></trkpt>
   <trkpt lat="50.612275" lon="8.367456"><ele>183.75</ele></trkpt>
   <trkpt lat="50.612486" lon="8.367352"><ele>183.5</ele></trkpt>
   <trkpt lat="50.613449" lon="8.366605"><ele>183.25</ele></trkpt>
   <trkpt lat="50.614118" lon="8.365756"><ele>182</ele></trkpt>
   <trkpt lat="50.614848" lon="8.364945"><ele>181.5</ele></trkpt>
   <trkpt lat="50.615243" lon="8.363632"><ele>182.5</ele></trkpt>
   <trkpt lat="50.615583" lon="8.36242"><ele>182.25</ele></trkpt>
   <trkpt lat="50.615634" lon="8.362208"><ele>182.75</ele></trkpt>
   <trkpt lat="50.615687" lon="8.361924"><ele>182.25</ele></trkpt>
   <trkpt lat="50.615827" lon="8.361003"><ele>182.75</ele></trkpt>
   <trkpt lat="50.616052" lon="8.359562"><ele>183.5</ele></trkpt>
   <trkpt lat="50.616057" lon="8.35949"><ele>183.5</ele></trkpt>
   <trkpt lat="50.616252" lon="8.359676"><ele>185</ele></trkpt>
   <trkpt lat="50.616327" lon="8.359391"><ele>185.5</ele></trkpt>
   <trkpt lat="50.616514" lon="8.359191"><ele>186.75</ele></trkpt>
   <trkpt lat="50.616752" lon="8.359013"><ele>188.75</ele></trkpt>
   <trkpt lat="50.616817" lon="8.358932"><ele>190</ele></trkpt>
   <trkpt lat="50.616844" lon="8.358859"><ele>190.5</ele></trkpt>
   <trkpt lat="50.616854" lon="8.358798"><ele>190.75</ele></trkpt>
   <trkpt lat="50.616956" lon="8.357679"><ele>195</ele></trkpt>
   <trkpt lat="50.617095" lon="8.355969"><ele>196</ele></trkpt>
   <trkpt lat="50.61709" lon="8.355897"><ele>196</ele></trkpt>
   <trkpt lat="50.617101" lon="8.355822"><ele>196</ele></trkpt>
   <trkpt lat="50.617535" lon="8.354674"><ele>195</ele></trkpt>
   <trkpt lat="50.618128" lon="8.353383"><ele>195.5</ele></trkpt>
   <trkpt lat="50.618244" lon="8.353189"><ele>195.75</ele></trkpt>
   <trkpt lat="50.618268" lon="8.352971"><ele>195</ele></trkpt>
   <trkpt lat="50.618287" lon="8.352719"><ele>194</ele></trkpt>
   <trkpt lat="50.61835" lon="8.352267"><ele>193</ele></trkpt>
   <trkpt lat="50.61837" lon="8.35196"><ele>191.25</ele></trkpt>
   <trkpt lat="50.618386" lon="8.351454"><ele>189.25</ele></trkpt>
   <trkpt lat="50.618391" lon="8.351345"><ele>189</ele></trkpt>
   <trkpt lat="50.618656" lon="8.351499"><ele>189.75</ele></trkpt>
   <trkpt lat="50.618855" lon="8.350712"><ele>189.25</ele></trkpt>
   <trkpt lat="50.619106" lon="8.349546"><ele>187</ele></trkpt>
   <trkpt lat="50.619607" lon="8.348529"><ele>189</ele></trkpt>
   <trkpt lat="50.619281" lon="8.34818"><ele>188</ele></trkpt>
   <trkpt lat="50.619422" lon="8.347811"><ele>188.75</ele></trkpt>
   <trkpt lat="50.619994" lon="8.346912"><ele>189.75</ele></trkpt>
   <trkpt lat="50.621034" lon="8.345305"><ele>195</ele></trkpt>
   <trkpt lat="50.620847" lon="8.345032"><ele>193</ele></trkpt>
   <trkpt lat="50.620314" lon="8.344305"><ele>188.25</ele></trkpt>
   <trkpt lat="50.621261" lon="8.342565"><ele>191</ele></trkpt>
   <trkpt lat="50.621823" lon="8.341619"><ele>192.25</ele></trkpt>
   <trkpt lat="50.62187" lon="8.341529"><ele>192</ele></trkpt>
   <trkpt lat="50.621937" lon="8.341407"><ele>192</ele></trkpt>
   <trkpt lat="50.622485" lon="8.34039"><ele>192.25</ele></trkpt>
   <trkpt lat="50.622582" lon="8.340176"><ele>192</ele></trkpt>
   <trkpt lat="50.622624" lon="8.340105"><ele>192.25</ele></trkpt>
   <trkpt lat="50.622778" lon="8.339935"><ele>193</ele></trkpt>
   <trkpt lat="50.622972" lon="8.339652"><ele>193.5</ele></trkpt>
   <trkpt lat="50.623117" lon="8.339416"><ele>194</ele></trkpt>
   <trkpt lat="50.623428" lon="8.338851"><ele>193.75</ele></trkpt>
   <trkpt lat="50.623611" lon="8.338279"><ele>193.75</ele></trkpt>
   <trkpt lat="50.62368" lon="8.338136"><ele>193.75</ele></trkpt>
   <trkpt lat="50.623749" lon="8.338031"><ele>193.75</ele></trkpt>
   <trkpt lat="50.623817" lon="8.337892"><ele>193.75</ele></trkpt>
   <trkpt lat="50.62385" lon="8.337722"><ele>193.5</ele></trkpt>
   <trkpt lat="50.624741" lon="8.336066"><ele>196.75</ele></trkpt>
   <trkpt lat="50.624783" lon="8.336107"><ele>197</ele></trkpt>
   <trkpt lat="50.624839" lon="8.336095"><ele>197.25</ele></trkpt>
   <trkpt lat="50.624857" lon="8.336078"><ele>197.25</ele></trkpt>
   <trkpt lat="50.624873" lon="8.336047"><ele>197.25</ele></trkpt>
   <trkpt lat="50.624902" lon="8.335858"><ele>197.25</ele></trkpt>
   <trkpt lat="50.624921" lon="8.335798"><ele>197.25</ele></trkpt>
   <trkpt lat="50.625641" lon="8.334442"><ele>194.75</ele></trkpt>
   <trkpt lat="50.625715" lon="8.334308"><ele>194.5</ele></trkpt>
   <trkpt lat="50.625816" lon="8.334145"><ele>192.75</ele></trkpt>
   <trkpt lat="50.625972" lon="8.333931"><ele>191.25</ele></trkpt>
   <trkpt lat="50.626116" lon="8.333792"><ele>189.5</ele></trkpt>
   <trkpt lat="50.626258" lon="8.333656"><ele>190</ele></trkpt>
   <trkpt lat="50.627043" lon="8.332978"><ele>186.75</ele></trkpt>
   <trkpt lat="50.627669" lon="8.332294"><ele>188</ele></trkpt>
   <trkpt lat="50.628037" lon="8.33197"><ele>187.75</ele></trkpt>
   <trkpt lat="50.628745" lon="8.331644"><ele>188.75</ele></trkpt>
   <trkpt lat="50.629511" lon="8.331326"><ele>189.25</ele></trkpt>
   <trkpt lat="50.629874" lon="8.331186"><ele>189.75</ele></trkpt>
   <trkpt lat="50.630174" lon="8.330969"><ele>189.25</ele></trkpt>
   <trkpt lat="50.630353" lon="8.330854"><ele>190</ele></trkpt>
   <trkpt lat="50.630531" lon="8.330701"><ele>190.5</ele></trkpt>
   <trkpt lat="50.630705" lon="8.330528"><ele>190.25</ele></trkpt>
   <trkpt lat="50.631042" lon="8.330135"><ele>189</ele></trkpt>
   <trkpt lat="50.631221" lon="8.329906"><ele>189</ele></trkpt>
   <trkpt lat="50.631676" lon="8.329197"><ele>189.75</ele></trkpt>
   <trkpt lat="50.632536" lon="8.327525"><ele>190.75</ele></trkpt>
   <trkpt lat="50.632865" lon="8.326964"><ele>190.75</ele></trkpt>
   <trkpt lat="50.632961" lon="8.326824"><ele>190.5</ele></trkpt>
   <trkpt lat="50.633062" lon="8.326682"><ele>191</ele></trkpt>
   <trkpt lat="50.633441" lon="8.326222"><ele>191.25</ele></trkpt>
   <trkpt lat="50.633872" lon="8.32575"><ele>190.5</ele></trkpt>
   <trkpt lat="50.633847" lon="8.325692"><ele>190</ele></trkpt>
   <trkpt lat="50.634025" lon="8.325524"><ele>189.75</ele></trkpt>
   <trkpt lat="50.634061" lon="8.325492"><ele>189.5</ele></trkpt>
   <trkpt lat="50.634093" lon="8.325462"><ele>189.5</ele></trkpt>
   <trkpt lat="50.634259" lon="8.325337"><ele>190</ele></trkpt>
   <trkpt lat="50.63437" lon="8.325253"><ele>189.75</ele></trkpt>
   <trkpt lat="50.634608" lon="8.325098"><ele>189.5</ele></trkpt>
   <trkpt lat="50.634689" lon="8.325048"><ele>189.75</ele></trkpt>
   <trkpt lat="50.634968" lon="8.324908"><ele>189.5</ele></trkpt>
   <trkpt lat="50.634992" lon="8.325"><ele>189.75</ele></trkpt>
   <trkpt lat="50.635254" lon="8.324895"><ele>190.75</ele></trkpt>
   <trkpt lat="50.635531" lon="8.324811"><ele>191.5</ele></trkpt>
   <trkpt lat="50.635879" lon="8.324732"><ele>191</ele></trkpt>
   <trkpt lat="50.636039" lon="8.324734"><ele>191</ele></trkpt>
   <trkpt lat="50.636316" lon="8.324765"><ele>191.5</ele></trkpt>
   <trkpt lat="50.636737" lon="8.324894"><ele>193</ele></trkpt>
   <trkpt lat="50.636984" lon="8.324979"><ele>191.75</ele></trkpt>
   <trkpt lat="50.637284" lon="8.325143"><ele>193.25</ele></trkpt>
   <trkpt lat="50.637609" lon="8.325352"><ele>192.75</ele></trkpt>
   <trkpt lat="50.63781" lon="8.325591"><ele>191.75</ele></trkpt>
   <trkpt lat="50.638188" lon="8.326065"><ele>194.75</ele></trkpt>
   <trkpt lat="50.638729" lon="8.326932"><ele>194.75</ele></trkpt>
   <trkpt lat="50.639005" lon="8.327527"><ele>195.5</ele></trkpt>
   <trkpt lat="50.63935" lon="8.32838"><ele>190.75</ele></trkpt>
   <trkpt lat="50.639692" lon="8.329162"><ele>192.5</ele></trkpt>
   <trkpt lat="50.63999" lon="8.32981"><ele>194.75</ele></trkpt>
   <trkpt lat="50.640302" lon="8.330453"><ele>192.5</ele></trkpt>
   <trkpt lat="50.6405" lon="8.330883"><ele>195.75</ele></trkpt>
   <trkpt lat="50.640708" lon="8.331305"><ele>197.25</ele></trkpt>
   <trkpt lat="50.640909" lon="8.33161"><ele>196.25</ele></trkpt>
   <trkpt lat="50.641137" lon="8.331865"><ele>194.75</ele></trkpt>
   <trkpt lat="50.641528" lon="8.332216"><ele>195.25</ele></trkpt>
   <trkpt lat="50.641949" lon="8.332546"><ele>195.75</ele></trkpt>
   <trkpt lat="50.642066" lon="8.332628"><ele>197.25</ele></trkpt>
   <trkpt lat="50.642197" lon="8.332689"><ele>197.75</ele></trkpt>
   <trkpt lat="50.642457" lon="8.332785"><ele>196.5</ele></trkpt>
   <trkpt lat="50.642792" lon="8.332869"><ele>197.75</ele></trkpt>
   <trkpt lat="50.642963" lon="8.3329"><ele>198.75</ele></trkpt>
   <trkpt lat="50.643151" lon="8.332905"><ele>198.75</ele></trkpt>
   <trkpt lat="50.643844" lon="8.332884"><ele>198.5</ele></trkpt>
   <trkpt lat="50.644039" lon="8.332848"><ele>197.75</ele></trkpt>
   <trkpt lat="50.644219" lon="8.332785"><ele>196.5</ele></trkpt>
   <trkpt lat="50.644929" lon="8.332484"><ele>195</ele></trkpt>
   <trkpt lat="50.646369" lon="8.331717"><ele>194</ele></trkpt>
   <trkpt lat="50.646422" lon="8.331657"><ele>193.75</ele></trkpt>
   <trkpt lat="50.646409" lon="8.331613"><ele>193.75</ele></trkpt>
   <trkpt lat="50.646397" lon="8.33157"><ele>193.5</ele></trkpt>
   <trkpt lat="50.646481" lon="8.331525"><ele>193.5</ele></trkpt>
   <trkpt lat="50.646801" lon="8.331358"><ele>193.75</ele></trkpt>
   <trkpt lat="50.64718" lon="8.331161"><ele>193.75</ele></trkpt>
   <trkpt lat="50.647466" lon="8.331009"><ele>193.5</ele></trkpt>
   <trkpt lat="50.647457" lon="8.330963"><ele>193.25</ele></trkpt>
   <trkpt lat="50.647231" lon="8.329986"><ele>191.75</ele></trkpt>
   <trkpt lat="50.647238" lon="8.329897"><ele>191.5</ele></trkpt>
   <trkpt lat="50.647262" lon="8.329825"><ele>191.25</ele></trkpt>
   <trkpt lat="50.647298" lon="8.329777"><ele>191</ele></trkpt>
   <trkpt lat="50.648243" lon="8.329306"><ele>191</ele></trkpt>
   <trkpt lat="50.649067" lon="8.328849"><ele>191.5</ele></trkpt>
   <trkpt lat="50.649484" lon="8.32863"><ele>192</ele></trkpt>
   <trkpt lat="50.650391" lon="8.328232"><ele>193</ele></trkpt>
   <trkpt lat="50.650441" lon="8.328519"><ele>193</ele></trkpt>
   <trkpt lat="50.650547" lon="8.329135"><ele>194.75</ele></trkpt>
   <trkpt lat="50.650556" lon="8.329187"><ele>195</ele></trkpt>
   <trkpt lat="50.65093" lon="8.329005"><ele>194.75</ele></trkpt>
   <trkpt lat="50.651579" lon="8.328684"><ele>195</ele></trkpt>
   <trkpt lat="50.651568" lon="8.328608"><ele>195</ele></trkpt>
   <trkpt lat="50.651526" lon="8.328295"><ele>195</ele></trkpt>
   <trkpt lat="50.651504" lon="8.328162"><ele>195</ele></trkpt>
   <trkpt lat="50.651298" lon="8.32692"><ele>193.25</ele></trkpt>
   <trkpt lat="50.65122" lon="8.326449"><ele>191.5</ele></trkpt>
   <trkpt lat="50.651102" lon="8.325739"><ele>192</ele></trkpt>
   <trkpt lat="50.651031" lon="8.325301"><ele>193.75</ele></trkpt>
   <trkpt lat="50.651013" lon="8.325187"><ele>194</ele></trkpt>
   <trkpt lat="50.650999" lon="8.325076"><ele>194.25</ele></trkpt>
   <trkpt lat="50.650995" lon="8.324974"><ele>194.75</ele></trkpt>
   <trkpt lat="50.651011" lon="8.324861"><ele>195.5</ele></trkpt>
   <trkpt lat="50.651036" lon="8.324779"><ele>195.75</ele></trkpt>
   <trkpt lat="50.651067" lon="8.324722"><ele>196</ele></trkpt>
   <trkpt lat="50.651147" lon="8.324652"><ele>196.5</ele></trkpt>
   <trkpt lat="50.651752" lon="8.324314"><ele>198.25</ele></trkpt>
   <trkpt lat="50.651763" lon="8.324364"><ele>198</ele></trkpt>
   <trkpt lat="50.651778" lon="8.324382"><ele>197.75</ele></trkpt>
   <trkpt lat="50.651797" lon="8.324383"><ele>197.5</ele></trkpt>
   <trkpt lat="50.652247" lon="8.324147"><ele>196</ele></trkpt>
   <trkpt lat="50.65347" lon="8.323472"><ele>195</ele></trkpt>
   <trkpt lat="50.65397" lon="8.323095"><ele>195.75</ele></trkpt>
   <trkpt lat="50.654131" lon="8.323014"><ele>195.75</ele></trkpt>
   <trkpt lat="50.654449" lon="8.322821"><ele>196.5</ele></trkpt>
   <trkpt lat="50.654622" lon="8.322747"><ele>196.75</ele></trkpt>
   <trkpt lat="50.655108" lon="8.322642"><ele>196.5</ele></trkpt>
   <trkpt lat="50.655357" lon="8.32255"><ele>196.25</ele></trkpt>
   <trkpt lat="50.655787" lon="8.322302"><ele>195.75</ele></trkpt>
   <trkpt lat="50.656142" lon="8.322193"><ele>195.25</ele></trkpt>
   <trkpt lat="50.656536" lon="8.322071"><ele>196.5</ele></trkpt>
   <trkpt lat="50.656853" lon="8.321988"><ele>198.5</ele></trkpt>
   <trkpt lat="50.657056" lon="8.321988"><ele>198.5</ele></trkpt>
   <trkpt lat="50.657359" lon="8.322006"><ele>198.75</ele></trkpt>
   <trkpt lat="50.657579" lon="8.322054"><ele>198.5</ele></trkpt>
   <trkpt lat="50.657695" lon="8.322111"><ele>198</ele></trkpt>
   <trkpt lat="50.65804" lon="8.322187"><ele>196.5</ele></trkpt>
   <trkpt lat="50.658156" lon="8.322163"><ele>197.5</ele></trkpt>
   <trkpt lat="50.658424" lon="8.322237"><ele>198.75</ele></trkpt>
   <trkpt lat="50.658579" lon="8.322352"><ele>199.25</ele></trkpt>
   <trkpt lat="50.658677" lon="8.322409"><ele>199.25</ele></trkpt>
   <trkpt lat="50.658917" lon="8.322468"><ele>201</ele></trkpt>
   <trkpt lat="50.659287" lon="8.322524"><ele>203.5</ele></trkpt>
   <trkpt lat="50.659418" lon="8.322522"><ele>204.5</ele></trkpt>
   <trkpt lat="50.659527" lon="8.322501"><ele>205.25</ele></trkpt>
   <trkpt lat="50.659614" lon="8.322438"><ele>204.75</ele></trkpt>
   <trkpt lat="50.659665" lon="8.32239"><ele>204.5</ele></trkpt>
   <trkpt lat="50.659677" lon="8.32237"><ele>204.25</ele></trkpt>
   <trkpt lat="50.659682" lon="8.322313"><ele>203.5</ele></trkpt>
   <trkpt lat="50.659676" lon="8.321975"><ele>206.25</ele></trkpt>
   <trkpt lat="50.659686" lon="8.321866"><ele>207.25</ele></trkpt>
   <trkpt lat="50.659772" lon="8.321883"><ele>206.75</ele></trkpt>
   <trkpt lat="50.660336" lon="8.321862"><ele>203</ele></trkpt>
   <trkpt lat="50.660515" lon="8.321872"><ele>201.75</ele></trkpt>
   <trkpt lat="50.660557" lon="8.321869"><ele>201.5</ele></trkpt>
   <trkpt lat="50.66061" lon="8.32185"><ele>201.5</ele></trkpt>
   <trkpt lat="50.660679" lon="8.321793"><ele>201.5</ele></trkpt>
   <trkpt lat="50.660875" lon="8.32153"><ele>201.25</ele></trkpt>
   <trkpt lat="50.660939" lon="8.321464"><ele>201</ele></trkpt>
   <trkpt lat="50.661228" lon="8.321252"><ele>200</ele></trkpt>
   <trkpt lat="50.66149" lon="8.32105"><ele>199.5</ele></trkpt>
   <trkpt lat="50.661557" lon="8.320978"><ele>199.25</ele></trkpt>
   <trkpt lat="50.66268" lon="8.319583"><ele>197.75</ele></trkpt>
   <trkpt lat="50.662778" lon="8.319472"><ele>197</ele></trkpt>
   <trkpt lat="50.662857" lon="8.319375"><ele>198</ele></trkpt>
   <trkpt lat="50.662957" lon="8.319275"><ele>199.25</ele></trkpt>
   <trkpt lat="50.663093" lon="8.319222"><ele>200</ele></trkpt>
   <trkpt lat="50.663183" lon="8.319209"><ele>199.25</ele></trkpt>
   <trkpt lat="50.663256" lon="8.319167"><ele>198.75</ele></trkpt>
   <trkpt lat="50.663328" lon="8.319029"><ele>199</ele></trkpt>
   <trkpt lat="50.663346" lon="8.318932"><ele>199.5</ele></trkpt>
   <trkpt lat="50.663351" lon="8.318835"><ele>199.75</ele></trkpt>
   <trkpt lat="50.663346" lon="8.318756"><ele>199.75</ele></trkpt>
   <trkpt lat="50.663332" lon="8.318697"><ele>200</ele></trkpt>
   <trkpt lat="50.663271" lon="8.318612"><ele>200.75</ele></trkpt>
   <trkpt lat="50.663198" lon="8.318536"><ele>202.25</ele></trkpt>
   <trkpt lat="50.663229" lon="8.318395"><ele>202.25</ele></trkpt>
   <trkpt lat="50.663629" lon="8.317593"><ele>199</ele></trkpt>
   <trkpt lat="50.663783" lon="8.317154"><ele>200.5</ele></trkpt>
   <trkpt lat="50.663823" lon="8.316878"><ele>199.5</ele></trkpt>
   <trkpt lat="50.663905" lon="8.316043"><ele>199.25</ele></trkpt>
   <trkpt lat="50.663963" lon="8.315761"><ele>200.25</ele></trkpt>
   <trkpt lat="50.664051" lon="8.315509"><ele>199.75</ele></trkpt>
   <trkpt lat="50.664156" lon="8.31529"><ele>199</ele></trkpt>
   <trkpt lat="50.664274" lon="8.315108"><ele>199.75</ele></trkpt>
   <trkpt lat="50.66441" lon="8.314962"><ele>199</ele></trkpt>
   <trkpt lat="50.6647" lon="8.314693"><ele>198.5</ele></trkpt>
   <trkpt lat="50.664883" lon="8.314546"><ele>198.75</ele></trkpt>
   <trkpt lat="50.665092" lon="8.314326"><ele>198.75</ele></trkpt>
   <trkpt lat="50.665298" lon="8.314087"><ele>198.25</ele></trkpt>
   <trkpt lat="50.666192" lon="8.31281"><ele>199</ele></trkpt>
   <trkpt lat="50.666882" lon="8.311757"><ele>199.25</ele></trkpt>
   <trkpt lat="50.66699" lon="8.311599"><ele>198.75</ele></trkpt>
   <trkpt lat="50.667278" lon="8.311279"><ele>198.75</ele></trkpt>
   <trkpt lat="50.667614" lon="8.311042"><ele>198.5</ele></trkpt>
   <trkpt lat="50.667918" lon="8.310855"><ele>198.75</ele></trkpt>
   <trkpt lat="50.668803" lon="8.310378"><ele>199</ele></trkpt>
   <trkpt lat="50.668877" lon="8.310347"><ele>199</ele></trkpt>
   <trkpt lat="50.669149" lon="8.310231"><ele>199</ele></trkpt>
   <trkpt lat="50.669346" lon="8.310171"><ele>199.25</ele></trkpt>
   <trkpt lat="50.669615" lon="8.310127"><ele>199.5</ele></trkpt>
   <trkpt lat="50.670102" lon="8.310103"><ele>199.5</ele></trkpt>
   <trkpt lat="50.67021" lon="8.310078"><ele>199.5</ele></trkpt>
   <trkpt lat="50.671093" lon="8.309672"><ele>200</ele></trkpt>
   <trkpt lat="50.671204" lon="8.309605"><ele>199.75</ele></trkpt>
   <trkpt lat="50.672589" lon="8.308925"><ele>199.75</ele></trkpt>
   <trkpt lat="50.67315" lon="8.308694"><ele>200.5</ele></trkpt>
   <trkpt lat="50.673434" lon="8.308549"><ele>200.5</ele></trkpt>
   <trkpt lat="50.674539" lon="8.308019"><ele>201</ele></trkpt>
   <trkpt lat="50.674546" lon="8.308223"><ele>201</ele></trkpt>
   <trkpt lat="50.674587" lon="8.308507"><ele>200.5</ele></trkpt>
   <trkpt lat="50.674631" lon="8.308614"><ele>200.5</ele></trkpt>
   <trkpt lat="50.674732" lon="8.308693"><ele>200.5</ele></trkpt>
   <trkpt lat="50.6749" lon="8.308709"><ele>200.75</ele></trkpt>
   <trkpt lat="50.675092" lon="8.308674"><ele>201</ele></trkpt>
   <trkpt lat="50.675259" lon="8.308629"><ele>201</ele></trkpt>
   <trkpt lat="50.675412" lon="8.308575"><ele>201</ele></trkpt>
   <trkpt lat="50.675596" lon="8.308479"><ele>201</ele></trkpt>
   <trkpt lat="50.675964" lon="8.308298"><ele>201</ele></trkpt>
   <trkpt lat="50.6767" lon="8.307957"><ele>201</ele></trkpt>
   <trkpt lat="50.677032" lon="8.307728"><ele>201.25</ele></trkpt>
   <trkpt lat="50.677088" lon="8.307686"><ele>201.5</ele></trkpt>
   <trkpt lat="50.677221" lon="8.307593"><ele>201.75</ele></trkpt>
   <trkpt lat="50.677349" lon="8.30748"><ele>201.75</ele></trkpt>
   <trkpt lat="50.677368" lon="8.307463"><ele>201.75</ele></trkpt>
   <trkpt lat="50.67742" lon="8.307583"><ele>202</ele></trkpt>
   <trkpt lat="50.677535" lon="8.307782"><ele>201.75</ele></trkpt>
   <trkpt lat="50.677594" lon="8.307842"><ele>201.75</ele></trkpt>
   <trkpt lat="50.677655" lon="8.307885"><ele>201.5</ele></trkpt>
   <trkpt lat="50.677729" lon="8.307907"><ele>201.5</ele></trkpt>
   <trkpt lat="50.67776" lon="8.307904"><ele>201.5</ele></trkpt>
   <trkpt lat="50.677805" lon="8.30788"><ele>201.5</ele></trkpt>
   <trkpt lat="50.677864" lon="8.307827"><ele>201.5</ele></trkpt>
   <trkpt lat="50.677953" lon="8.30771"><ele>201.5</ele></trkpt>
   <trkpt lat="50.678074" lon="8.307533"><ele>201.75</ele></trkpt>
   <trkpt lat="50.678256" lon="8.307244"><ele>201.25</ele></trkpt>
   <trkpt lat="50.678369" lon="8.306972"><ele>201.5</ele></trkpt>
   <trkpt lat="50.67845" lon="8.306849"><ele>201.5</ele></trkpt>
   <trkpt lat="50.678588" lon="8.306692"><ele>201</ele></trkpt>
   <trkpt lat="50.678763" lon="8.306516"><ele>201.5</ele></trkpt>
   <trkpt lat="50.679042" lon="8.306284"><ele>201.5</ele></trkpt>
   <trkpt lat="50.679246" lon="8.306147"><ele>202</ele></trkpt>
   <trkpt lat="50.679607" lon="8.305979"><ele>201.25</ele></trkpt>
   <trkpt lat="50.679653" lon="8.305949"><ele>201.25</ele></trkpt>
   <trkpt lat="50.679663" lon="8.305919"><ele>201.5</ele></trkpt>
   <trkpt lat="50.680029" lon="8.30588"><ele>201.75</ele></trkpt>
   <trkpt lat="50.680157" lon="8.305876"><ele>202</ele></trkpt>
   <trkpt lat="50.680318" lon="8.305869"><ele>202.25</ele></trkpt>
   <trkpt lat="50.68046" lon="8.305866"><ele>202</ele></trkpt>
   <trkpt lat="50.68112" lon="8.306064"><ele>202</ele></trkpt>
   <trkpt lat="50.681503" lon="8.306195"><ele>202.25</ele></trkpt>
   <trkpt lat="50.681504" lon="8.30604"><ele>203</ele></trkpt>
   <trkpt lat="50.681508" lon="8.305892"><ele>203</ele></trkpt>
   <trkpt lat="50.681508" lon="8.305823"><ele>203</ele></trkpt>
   <trkpt lat="50.681509" lon="8.305771"><ele>203</ele></trkpt>
   <trkpt lat="50.68151" lon="8.305703"><ele>203</ele></trkpt>
   <trkpt lat="50.681528" lon="8.30569"><ele>203</ele></trkpt>
   <trkpt lat="50.681538" lon="8.305675"><ele>203</ele></trkpt>
   <trkpt lat="50.681545" lon="8.30566"><ele>203</ele></trkpt>
   <trkpt lat="50.681549" lon="8.305642"><ele>203</ele></trkpt>
   <trkpt lat="50.681659" lon="8.305671"><ele>203</ele></trkpt>
   <trkpt lat="50.681764" lon="8.305688"><ele>203</ele></trkpt>
   <trkpt lat="50.681888" lon="8.305708"><ele>203</ele></trkpt>
   <trkpt lat="50.68199" lon="8.305724"><ele>203</ele></trkpt>
   <trkpt lat="50.682114" lon="8.305741"><ele>203</ele></trkpt>
   <trkpt lat="50.682218" lon="8.305753"><ele>203</ele></trkpt>
   <trkpt lat="50.682259" lon="8.305758"><ele>203</ele></trkpt>
   <trkpt lat="50.682312" lon="8.305765"><ele>203</ele></trkpt>
   <trkpt lat="50.682448" lon="8.30578"><ele>203</ele></trkpt>
   <trkpt lat="50.682483" lon="8.305777"><ele>203</ele></trkpt>
   <trkpt lat="50.682519" lon="8.305768"><ele>203</ele></trkpt>
   <trkpt lat="50.682673" lon="8.305689"><ele>203</ele></trkpt>
   <trkpt lat="50.682932" lon="8.305519"><ele>203.25</ele></trkpt>
   <trkpt lat="50.683071" lon="8.30542"><ele>203.5</ele></trkpt>
   <trkpt lat="50.683214" lon="8.305322"><ele>203.5</ele></trkpt>
   <trkpt lat="50.68325" lon="8.305298"><ele>203.5</ele></trkpt>
   <trkpt lat="50.683428" lon="8.305183"><ele>204</ele></trkpt>
   <trkpt lat="50.683504" lon="8.305135"><ele>204</ele></trkpt>
   <trkpt lat="50.683595" lon="8.305078"><ele>204</ele></trkpt>
   <trkpt lat="50.683653" lon="8.305051"><ele>204</ele></trkpt>
   <trkpt lat="50.683548" lon="8.304662"><ele>204</ele></trkpt>
   <trkpt lat="50.683471" lon="8.304472"><ele>204</ele></trkpt>
   <trkpt lat="50.683389" lon="8.304176"><ele>203</ele></trkpt>
   <trkpt lat="50.683363" lon="8.304082"><ele>203</ele></trkpt>
   <trkpt lat="50.68341" lon="8.304047"><ele>203</ele></trkpt>
   <trkpt lat="50.683423" lon="8.304037"><ele>203</ele></trkpt>
   <trkpt lat="50.683438" lon="8.304026"><ele>203</ele></trkpt>
   <trkpt lat="50.683536" lon="8.303957"><ele>203</ele></trkpt>
   <trkpt lat="50.683614" lon="8.303896"><ele>203</ele></trkpt>
   <trkpt lat="50.683695" lon="8.30383"><ele>203.25</ele></trkpt>
   <trkpt lat="50.683722" lon="8.303804"><ele>203.25</ele></trkpt>
   <trkpt lat="50.68376" lon="8.303769"><ele>203.5</ele></trkpt>
   <trkpt lat="50.683803" lon="8.303724"><ele>203.25</ele></trkpt>
   <trkpt lat="50.683877" lon="8.303636"><ele>203</ele></trkpt>
   <trkpt lat="50.683897" lon="8.303609"><ele>203</ele></trkpt>
   <trkpt lat="50.684035" lon="8.303436"><ele>203.75</ele></trkpt>
   <trkpt lat="50.684058" lon="8.303405"><ele>203.75</ele></trkpt>
   <trkpt lat="50.684082" lon="8.303378"><ele>203.75</ele></trkpt>
   <trkpt lat="50.684173" lon="8.303257"><ele>204</ele></trkpt>
   <trkpt lat="50.684248" lon="8.303126"><ele>204</ele></trkpt>
   <trkpt lat="50.684268" lon="8.303055"><ele>204</ele></trkpt>
   <trkpt lat="50.684281" lon="8.302933"><ele>204</ele></trkpt>
   <trkpt lat="50.684296" lon="8.302883"><ele>204.25</ele></trkpt>
   <trkpt lat="50.684323" lon="8.302841"><ele>204.25</ele></trkpt>
   <trkpt lat="50.684376" lon="8.302812"><ele>204.5</ele></trkpt>
   <trkpt lat="50.684401" lon="8.3028"><ele>204.75</ele></trkpt>
   <trkpt lat="50.684466" lon="8.302773"><ele>204.75</ele></trkpt>
   <trkpt lat="50.684564" lon="8.302714"><ele>204.25</ele></trkpt>
   <trkpt lat="50.684668" lon="8.302586"><ele>204.5</ele></trkpt>
   <trkpt lat="50.684712" lon="8.302535"><ele>204.75</ele></trkpt>
   <trkpt lat="50.684725" lon="8.302518"><ele>204.75</ele></trkpt>
   <trkpt lat="50.684761" lon="8.302555"><ele>204.25</ele></trkpt>
   <trkpt lat="50.684782" lon="8.302565"><ele>204.25</ele></trkpt>
   <trkpt lat="50.684826" lon="8.302569"><ele>204</ele></trkpt>
   <trkpt lat="50.684866" lon="8.302551"><ele>204</ele></trkpt>
   <trkpt lat="50.684894" lon="8.302523"><ele>204</ele></trkpt>
   <trkpt lat="50.684918" lon="8.302482"><ele>204.25</ele></trkpt>
   <trkpt lat="50.68494" lon="8.302383"><ele>204.5</ele></trkpt>
   <trkpt lat="50.68494" lon="8.302335"><ele>204.5</ele></trkpt>
   <trkpt lat="50.684932" lon="8.302289"><ele>204.75</ele></trkpt>
   <trkpt lat="50.684964" lon="8.30217"><ele>205</ele></trkpt>
   <trkpt lat="50.685048" lon="8.301956"><ele>204.75</ele></trkpt>
   <trkpt lat="50.685105" lon="8.301895"><ele>204.5</ele></trkpt>
   <trkpt lat="50.685187" lon="8.301811"><ele>204.5</ele></trkpt>
   <trkpt lat="50.685361" lon="8.301666"><ele>205</ele></trkpt>
   <trkpt lat="50.685582" lon="8.301527"><ele>205</ele></trkpt>
   <trkpt lat="50.685752" lon="8.301434"><ele>205.5</ele></trkpt>
   <trkpt lat="50.685832" lon="8.301389"><ele>205.75</ele></trkpt>
   <trkpt lat="50.685923" lon="8.301346"><ele>206.25</ele></trkpt>
   <trkpt lat="50.686042" lon="8.30131"><ele>206.75</ele></trkpt>
   <trkpt lat="50.686078" lon="8.301298"><ele>207</ele></trkpt>
   <trkpt lat="50.686166" lon="8.301267"><ele>207.75</ele></trkpt>
   <trkpt lat="50.68632" lon="8.301247"><ele>208.75</ele></trkpt>
   <trkpt lat="50.687225" lon="8.301272"><ele>209.25</ele></trkpt>
   <trkpt lat="50.687313" lon="8.301291"><ele>209.5</ele></trkpt>
   <trkpt lat="50.687364" lon="8.301305"><ele>209.75</ele></trkpt>
   <trkpt lat="50.687516" lon="8.301404"><ele>208</ele></trkpt>
   <trkpt lat="50.687635" lon="8.301483"><ele>209.25</ele></trkpt>
   <trkpt lat="50.687908" lon="8.301699"><ele>208.25</ele></trkpt>
   <trkpt lat="50.688092" lon="8.301862"><ele>208.5</ele></trkpt>
   <trkpt lat="50.688632" lon="8.302308"><ele>208.75</ele></trkpt>
   <trkpt lat="50.688791" lon="8.302405"><ele>209</ele></trkpt>
   <trkpt lat="50.688946" lon="8.302474"><ele>208</ele></trkpt>
   <trkpt lat="50.689073" lon="8.302526"><ele>208</ele></trkpt>
   <trkpt lat="50.689182" lon="8.302552"><ele>208.5</ele></trkpt>
   <trkpt lat="50.689364" lon="8.302552"><ele>208.5</ele></trkpt>
   <trkpt lat="50.689529" lon="8.302541"><ele>208.5</ele></trkpt>
   <trkpt lat="50.689726" lon="8.302488"><ele>209.25</ele></trkpt>
   <trkpt lat="50.691297" lon="8.301851"><ele>211</ele></trkpt>
   <trkpt lat="50.691652" lon="8.301707"><ele>209.75</ele></trkpt>
   <trkpt lat="50.692103" lon="8.301532"><ele>210.75</ele></trkpt>
   <trkpt lat="50.692321" lon="8.301486"><ele>211.25</ele></trkpt>
   <trkpt lat="50.692481" lon="8.301466"><ele>211.25</ele></trkpt>
   <trkpt lat="50.692575" lon="8.301477"><ele>211.25</ele></trkpt>
   <trkpt lat="50.692659" lon="8.301503"><ele>211.25</ele></trkpt>
   <trkpt lat="50.692713" lon="8.301525"><ele>211.25</ele></trkpt>
   <trkpt lat="50.692875" lon="8.30163"><ele>211.5</ele></trkpt>
   <trkpt lat="50.693018" lon="8.301776"><ele>211.75</ele></trkpt>
   <trkpt lat="50.693214" lon="8.302002"><ele>212.25</ele></trkpt>
   <trkpt lat="50.693411" lon="8.302218"><ele>212.5</ele></trkpt>
   <trkpt lat="50.693578" lon="8.302402"><ele>213</ele></trkpt>
   <trkpt lat="50.693717" lon="8.30256"><ele>214.25</ele></trkpt>
   <trkpt lat="50.694109" lon="8.303006"><ele>214.75</ele></trkpt>
   <trkpt lat="50.694189" lon="8.303096"><ele>214.25</ele></trkpt>
   <trkpt lat="50.695527" lon="8.304587"><ele>213.75</ele></trkpt>
   <trkpt lat="50.695746" lon="8.304829"><ele>213.25</ele></trkpt>
   <trkpt lat="50.695916" lon="8.305017"><ele>214</ele></trkpt>
   <trkpt lat="50.695966" lon="8.305072"><ele>214.5</ele></trkpt>
   <trkpt lat="50.695991" lon="8.305099"><ele>214.5</ele></trkpt>
   <trkpt lat="50.696013" lon="8.305132"><ele>214.5</ele></trkpt>
   <trkpt lat="50.696087" lon="8.305236"><ele>214.25</ele></trkpt>
   <trkpt lat="50.696168" lon="8.305371"><ele>214.5</ele></trkpt>
   <trkpt lat="50.696312" lon="8.305408"><ele>216</ele></trkpt>
   <trkpt lat="50.69652" lon="8.305579"><ele>214</ele></trkpt>
   <trkpt lat="50.696682" lon="8.305626"><ele>213.5</ele></trkpt>
   <trkpt lat="50.69673" lon="8.305646"><ele>213</ele></trkpt>
   <trkpt lat="50.696786" lon="8.305699"><ele>212.5</ele></trkpt>
   <trkpt lat="50.696842" lon="8.305731"><ele>212.25</ele></trkpt>
   <trkpt lat="50.697156" lon="8.305829"><ele>211</ele></trkpt>
   <trkpt lat="50.697378" lon="8.305894"><ele>210.5</ele></trkpt>
   <trkpt lat="50.697524" lon="8.305916"><ele>210.5</ele></trkpt>
   <trkpt lat="50.69796" lon="8.305949"><ele>208.75</ele></trkpt>
   <trkpt lat="50.698094" lon="8.305961"><ele>208</ele></trkpt>
   <trkpt lat="50.698174" lon="8.305969"><ele>208.5</ele></trkpt>
   <trkpt lat="50.698288" lon="8.305975"><ele>209</ele></trkpt>
   <trkpt lat="50.698453" lon="8.306008"><ele>209.5</ele></trkpt>
   <trkpt lat="50.698558" lon="8.306057"><ele>209.75</ele></trkpt>
   <trkpt lat="50.698711" lon="8.30614"><ele>210.25</ele></trkpt>
   <trkpt lat="50.698813" lon="8.306217"><ele>210.25</ele></trkpt>
   <trkpt lat="50.69917" lon="8.306517"><ele>210.5</ele></trkpt>
   <trkpt lat="50.699235" lon="8.306564"><ele>210.5</ele></trkpt>
   <trkpt lat="50.699283" lon="8.306563"><ele>210.5</ele></trkpt>
   <trkpt lat="50.699302" lon="8.306539"><ele>210.5</ele></trkpt>
   <trkpt lat="50.699374" lon="8.306482"><ele>210.75</ele></trkpt>
   <trkpt lat="50.699565" lon="8.306447"><ele>210.5</ele></trkpt>
   <trkpt lat="50.6997" lon="8.306408"><ele>210</ele></trkpt>
   <trkpt lat="50.699819" lon="8.306361"><ele>210.25</ele></trkpt>
   <trkpt lat="50.700272" lon="8.306092"><ele>210.25</ele></trkpt>
   <trkpt lat="50.701048" lon="8.305628"><ele>210.25</ele></trkpt>
   <trkpt lat="50.701168" lon="8.305559"><ele>210.5</ele></trkpt>
   <trkpt lat="50.702155" lon="8.304988"><ele>211</ele></trkpt>
   <trkpt lat="50.702339" lon="8.304836"><ele>210.75</ele></trkpt>
   <trkpt lat="50.702539" lon="8.304613"><ele>211.5</ele></trkpt>
   <trkpt lat="50.702873" lon="8.304204"><ele>212</ele></trkpt>
   <trkpt lat="50.703388" lon="8.303538"><ele>212.5</ele></trkpt>
   <trkpt lat="50.704038" lon="8.302664"><ele>212.5</ele></trkpt>
   <trkpt lat="50.704293" lon="8.302374"><ele>213.75</ele></trkpt>
   <trkpt lat="50.704565" lon="8.302176"><ele>213.5</ele></trkpt>
   <trkpt lat="50.704784" lon="8.302073"><ele>213.75</ele></trkpt>
   <trkpt lat="50.705024" lon="8.302028"><ele>213.75</ele></trkpt>
   <trkpt lat="50.705256" lon="8.302022"><ele>214.5</ele></trkpt>
   <trkpt lat="50.7055" lon="8.302055"><ele>213.25</ele></trkpt>
   <trkpt lat="50.705832" lon="8.302171"><ele>213.75</ele></trkpt>
   <trkpt lat="50.707879" lon="8.302968"><ele>215.25</ele></trkpt>
   <trkpt lat="50.709227" lon="8.303508"><ele>217</ele></trkpt>
   <trkpt lat="50.709384" lon="8.303563"><ele>217</ele></trkpt>
   <trkpt lat="50.709712" lon="8.303678"><ele>217</ele></trkpt>
   <trkpt lat="50.709906" lon="8.303726"><ele>217</ele></trkpt>
   <trkpt lat="50.710385" lon="8.303789"><ele>217.25</ele></trkpt>
   <trkpt lat="50.710795" lon="8.303867"><ele>217</ele></trkpt>
   <trkpt lat="50.711067" lon="8.303954"><ele>217.5</ele></trkpt>
   <trkpt lat="50.712789" lon="8.304634"><ele>218.25</ele></trkpt>
   <trkpt lat="50.713151" lon="8.30474"><ele>222</ele></trkpt>
   <trkpt lat="50.713366" lon="8.304791"><ele>222.25</ele></trkpt>
   <trkpt lat="50.713798" lon="8.304867"><ele>225.75</ele></trkpt>
   <trkpt lat="50.714149" lon="8.304895"><ele>227.5</ele></trkpt>
   <trkpt lat="50.714394" lon="8.304885"><ele>225.75</ele></trkpt>
   <trkpt lat="50.714736" lon="8.304816"><ele>225.75</ele></trkpt>
   <trkpt lat="50.714868" lon="8.304773"><ele>225.5</ele></trkpt>
   <trkpt lat="50.715067" lon="8.304667"><ele>227.25</ele></trkpt>
   <trkpt lat="50.715325" lon="8.304509"><ele>228.25</ele></trkpt>
   <trkpt lat="50.715498" lon="8.304392"><ele>227.75</ele></trkpt>
   <trkpt lat="50.716153" lon="8.303821"><ele>228.5</ele></trkpt>
   <trkpt lat="50.716295" lon="8.303676"><ele>229</ele></trkpt>
   <trkpt lat="50.716541" lon="8.303374"><ele>229.25</ele></trkpt>
   <trkpt lat="50.716669" lon="8.303241"><ele>227.25</ele></trkpt>
   <trkpt lat="50.716814" lon="8.303194"><ele>226.75</ele></trkpt>
   <trkpt lat="50.716915" lon="8.303145"><ele>227.5</ele></trkpt>
   <trkpt lat="50.717758" lon="8.302438"><ele>228</ele></trkpt>
   <trkpt lat="50.718328" lon="8.301938"><ele>219.5</ele></trkpt>
   <trkpt lat="50.718579" lon="8.301718"><ele>219.25</ele></trkpt>
   <trkpt lat="50.718624" lon="8.301507"><ele>218.75</ele></trkpt>
   <trkpt lat="50.718737" lon="8.301102"><ele>222.25</ele></trkpt>
   <trkpt lat="50.718793" lon="8.300945"><ele>222.75</ele></trkpt>
   <trkpt lat="50.71892" lon="8.300507"><ele>221.5</ele></trkpt>
   <trkpt lat="50.719051" lon="8.300221"><ele>223.5</ele></trkpt>
   <trkpt lat="50.719118" lon="8.300138"><ele>222.5</ele></trkpt>
   <trkpt lat="50.719193" lon="8.300088"><ele>221</ele></trkpt>
   <trkpt lat="50.719183" lon="8.300022"><ele>221</ele></trkpt>
   <trkpt lat="50.719175" lon="8.299949"><ele>221.5</ele></trkpt>
   <trkpt lat="50.719179" lon="8.299878"><ele>222.5</ele></trkpt>
   <trkpt lat="50.719206" lon="8.299749"><ele>224</ele></trkpt>
   <trkpt lat="50.719294" lon="8.299451"><ele>226.25</ele></trkpt>
   <trkpt lat="50.719384" lon="8.299171"><ele>225.75</ele></trkpt>
   <trkpt lat="50.719514" lon="8.298939"><ele>224.25</ele></trkpt>
   <trkpt lat="50.719614" lon="8.298801"><ele>224.25</ele></trkpt>
   <trkpt lat="50.719674" lon="8.298759"><ele>224.25</ele></trkpt>
   <trkpt lat="50.719739" lon="8.298717"><ele>224</ele></trkpt>
   <trkpt lat="50.719884" lon="8.298676"><ele>224</ele></trkpt>
   <trkpt lat="50.720007" lon="8.298629"><ele>223.75</ele></trkpt>
   <trkpt lat="50.720243" lon="8.298495"><ele>224.5</ele></trkpt>
   <trkpt lat="50.720814" lon="8.297981"><ele>224.75</ele></trkpt>
   <trkpt lat="50.721017" lon="8.297771"><ele>224.75</ele></trkpt>
   <trkpt lat="50.72118" lon="8.297648"><ele>225</ele></trkpt>
   <trkpt lat="50.721386" lon="8.297532"><ele>224.75</ele></trkpt>
   <trkpt lat="50.721755" lon="8.297303"><ele>224.5</ele></trkpt>
   <trkpt lat="50.721894" lon="8.297177"><ele>225.5</ele></trkpt>
   <trkpt lat="50.722025" lon="8.297027"><ele>227.75</ele></trkpt>
   <trkpt lat="50.722096" lon="8.296927"><ele>227.5</ele></trkpt>
   <trkpt lat="50.722195" lon="8.296754"><ele>228</ele></trkpt>
   <trkpt lat="50.722538" lon="8.296098"><ele>229.25</ele></trkpt>
   <trkpt lat="50.722837" lon="8.295413"><ele>230.25</ele></trkpt>
   <trkpt lat="50.723355" lon="8.294507"><ele>228.75</ele></trkpt>
   <trkpt lat="50.723476" lon="8.294257"><ele>230.25</ele></trkpt>
   <trkpt lat="50.723651" lon="8.293809"><ele>225.25</ele></trkpt>
   <trkpt lat="50.723699" lon="8.293846"><ele>224.5</ele></trkpt>
   <trkpt lat="50.723763" lon="8.293868"><ele>224</ele></trkpt>
   <trkpt lat="50.723814" lon="8.293855"><ele>223.5</ele></trkpt>
   <trkpt lat="50.72391" lon="8.29383"><ele>222.75</ele></trkpt>
   <trkpt lat="50.723948" lon="8.293817"><ele>222.75</ele></trkpt>
   <trkpt lat="50.723975" lon="8.293757"><ele>222.75</ele></trkpt>
   <trkpt lat="50.723993" lon="8.293722"><ele>222.75</ele></trkpt>
   <trkpt lat="50.724015" lon="8.293697"><ele>222.75</ele></trkpt>
   <trkpt lat="50.724439" lon="8.293439"><ele>222.5</ele></trkpt>
   <trkpt lat="50.724672" lon="8.293328"><ele>223</ele></trkpt>
   <trkpt lat="50.72487" lon="8.29325"><ele>222.5</ele></trkpt>
   <trkpt lat="50.725175" lon="8.293147"><ele>222.5</ele></trkpt>
   <trkpt lat="50.725535" lon="8.293059"><ele>222.75</ele></trkpt>
   <trkpt lat="50.7259" lon="8.293016"><ele>223</ele></trkpt>
   <trkpt lat="50.726715" lon="8.292964"><ele>223</ele></trkpt>
   <trkpt lat="50.727264" lon="8.292905"><ele>223</ele></trkpt>
   <trkpt lat="50.727937" lon="8.292757"><ele>223</ele></trkpt>
   <trkpt lat="50.728875" lon="8.29248"><ele>224</ele></trkpt>
   <trkpt lat="50.730098" lon="8.292164"><ele>223.75</ele></trkpt>
   <trkpt lat="50.730704" lon="8.291997"><ele>224.25</ele></trkpt>
   <trkpt lat="50.731075" lon="8.291884"><ele>225</ele></trkpt>
   <trkpt lat="50.731464" lon="8.291782"><ele>225</ele></trkpt>
   <trkpt lat="50.732363" lon="8.291467"><ele>225.5</ele></trkpt>
   <trkpt lat="50.732504" lon="8.291385"><ele>226</ele></trkpt>
   <trkpt lat="50.733587" lon="8.291015"><ele>227.5</ele></trkpt>
   <trkpt lat="50.733668" lon="8.290926"><ele>227.5</ele></trkpt>
   <trkpt lat="50.733691" lon="8.290879"><ele>227.5</ele></trkpt>
   <trkpt lat="50.733707" lon="8.290809"><ele>227.5</ele></trkpt>
   <trkpt lat="50.733715" lon="8.290729"><ele>227.5</ele></trkpt>
   <trkpt lat="50.733672" lon="8.29042"><ele>227.5</ele></trkpt>
   <trkpt lat="50.733671" lon="8.290305"><ele>228</ele></trkpt>
   <trkpt lat="50.733705" lon="8.290226"><ele>228.25</ele></trkpt>
   <trkpt lat="50.733754" lon="8.290189"><ele>228.5</ele></trkpt>
   <trkpt lat="50.733771" lon="8.29024"><ele>228.5</ele></trkpt>
   <trkpt lat="50.733773" lon="8.290343"><ele>228.25</ele></trkpt>
   <trkpt lat="50.73381" lon="8.290869"><ele>228.25</ele></trkpt>
   <trkpt lat="50.733827" lon="8.291081"><ele>228.75</ele></trkpt>
   <trkpt lat="50.733843" lon="8.291247"><ele>228.25</ele></trkpt>
   <trkpt lat="50.733847" lon="8.291299"><ele>228</ele></trkpt>
   <trkpt lat="50.733874" lon="8.291553"><ele>227.5</ele></trkpt>
   <trkpt lat="50.733908" lon="8.291742"><ele>227.25</ele></trkpt>
   <trkpt lat="50.733963" lon="8.291954"><ele>227</ele></trkpt>
   <trkpt lat="50.734021" lon="8.291888"><ele>227</ele></trkpt>
   <trkpt lat="50.734079" lon="8.291828"><ele>226.5</ele></trkpt>
   <trkpt lat="50.734105" lon="8.291838"><ele>226.5</ele></trkpt>
   <trkpt lat="50.734179" lon="8.291814"><ele>226.5</ele></trkpt>
   <trkpt lat="50.734605" lon="8.291693"><ele>227</ele></trkpt>
   <trkpt lat="50.735668" lon="8.291334"><ele>227.25</ele></trkpt>
   <trkpt lat="50.73614" lon="8.291184"><ele>227.25</ele></trkpt>
   <trkpt lat="50.736306" lon="8.291131"><ele>227.5</ele></trkpt>
   <trkpt lat="50.736714" lon="8.291002"><ele>227.25</ele></trkpt>
   <trkpt lat="50.737443" lon="8.290759"><ele>227.75</ele></trkpt>
   <trkpt lat="50.737478" lon="8.290748"><ele>227.75</ele></trkpt>
   <trkpt lat="50.737511" lon="8.29074"><ele>228</ele></trkpt>
   <trkpt lat="50.738392" lon="8.290533"><ele>228.5</ele></trkpt>
   <trkpt lat="50.738827" lon="8.290459"><ele>227.75</ele></trkpt>
   <trkpt lat="50.739169" lon="8.290386"><ele>227.75</ele></trkpt>
   <trkpt lat="50.739247" lon="8.29039"><ele>227.75</ele></trkpt>
   <trkpt lat="50.739282" lon="8.290412"><ele>228</ele></trkpt>
   <trkpt lat="50.739312" lon="8.290454"><ele>228.25</ele></trkpt>
   <trkpt lat="50.739398" lon="8.290607"><ele>229</ele></trkpt>
   <trkpt lat="50.739437" lon="8.290676"><ele>229</ele></trkpt>
   <trkpt lat="50.739473" lon="8.290736"><ele>229</ele></trkpt>
   <trkpt lat="50.739575" lon="8.290593"><ele>229</ele></trkpt>
   <trkpt lat="50.739581" lon="8.290584"><ele>229</ele></trkpt>
   <trkpt lat="50.739719" lon="8.29038"><ele>228.75</ele></trkpt>
   <trkpt lat="50.739766" lon="8.290311"><ele>228.75</ele></trkpt>
   <trkpt lat="50.739987" lon="8.29"><ele>229.75</ele></trkpt>
   <trkpt lat="50.740107" lon="8.289824"><ele>228.5</ele></trkpt>
   <trkpt lat="50.740184" lon="8.289711"><ele>228.75</ele></trkpt>
   <trkpt lat="50.740397" lon="8.289389"><ele>229</ele></trkpt>
   <trkpt lat="50.740563" lon="8.289143"><ele>230</ele></trkpt>
   <trkpt lat="50.74063" lon="8.289087"><ele>230.25</ele></trkpt>
   <trkpt lat="50.740654" lon="8.289067"><ele>230.25</ele></trkpt>
   <trkpt lat="50.740687" lon="8.28904"><ele>230.25</ele></trkpt>
   <trkpt lat="50.74085" lon="8.288906"><ele>230.75</ele></trkpt>
   <trkpt lat="50.740926" lon="8.288836"><ele>230.5</ele></trkpt>
   <trkpt lat="50.740971" lon="8.288767"><ele>230.5</ele></trkpt>
   <trkpt lat="50.741031" lon="8.288648"><ele>230.75</ele></trkpt>
   <trkpt lat="50.741144" lon="8.288374"><ele>230.75</ele></trkpt>
   <trkpt lat="50.741279" lon="8.288031"><ele>230.75</ele></trkpt>
   <trkpt lat="50.741322" lon="8.287923"><ele>230.75</ele></trkpt>
   <trkpt lat="50.74135" lon="8.287853"><ele>230.75</ele></trkpt>
   <trkpt lat="50.741475" lon="8.287533"><ele>231</ele></trkpt>
   <trkpt lat="50.741768" lon="8.286797"><ele>232</ele></trkpt>
   <trkpt lat="50.742242" lon="8.285609"><ele>232</ele></trkpt>
   <trkpt lat="50.742272" lon="8.285527"><ele>232.25</ele></trkpt>
   <trkpt lat="50.742306" lon="8.285431"><ele>232.5</ele></trkpt>
   <trkpt lat="50.742468" lon="8.284911"><ele>233</ele></trkpt>
   <trkpt lat="50.742571" lon="8.284515"><ele>233.5</ele></trkpt>
   <trkpt lat="50.74261" lon="8.284332"><ele>233.75</ele></trkpt>
   <trkpt lat="50.74265" lon="8.284071"><ele>233.5</ele></trkpt>
   <trkpt lat="50.7426" lon="8.283952"><ele>233.25</ele></trkpt>
   <trkpt lat="50.742527" lon="8.283871"><ele>233</ele></trkpt>
   <trkpt lat="50.742474" lon="8.283813"><ele>232.75</ele></trkpt>
   <trkpt lat="50.742363" lon="8.283746"><ele>232.5</ele></trkpt>
   <trkpt lat="50.742403" lon="8.28352"><ele>232.5</ele></trkpt>
   <trkpt lat="50.742552" lon="8.282734"><ele>233</ele></trkpt>
   <trkpt lat="50.742605" lon="8.282452"><ele>232.75</ele></trkpt>
   <trkpt lat="50.742642" lon="8.28225"><ele>232.5</ele></trkpt>
   <trkpt lat="50.742674" lon="8.282071"><ele>232.5</ele></trkpt>
   <trkpt lat="50.742692" lon="8.281977"><ele>232.5</ele></trkpt>
   <trkpt lat="50.742868" lon="8.281007"><ele>232.5</ele></trkpt>
   <trkpt lat="50.743216" lon="8.279098"><ele>233</ele></trkpt>
   <trkpt lat="50.743508" lon="8.277591"><ele>233</ele></trkpt>
   <trkpt lat="50.743612" lon="8.277044"><ele>233</ele></trkpt>
   <trkpt lat="50.743694" lon="8.276605"><ele>233.5</ele></trkpt>
   <trkpt lat="50.7437" lon="8.276558"><ele>233.5</ele></trkpt>
   <trkpt lat="50.743698" lon="8.276521"><ele>233.5</ele></trkpt>
   <trkpt lat="50.743689" lon="8.276491"><ele>233.5</ele></trkpt>
   <trkpt lat="50.743668" lon="8.276461"><ele>233.5</ele></trkpt>
   <trkpt lat="50.743624" lon="8.276428"><ele>233.75</ele></trkpt>
   <trkpt lat="50.74345" lon="8.276341"><ele>233.75</ele></trkpt>
   <trkpt lat="50.743386" lon="8.276283"><ele>233.25</ele></trkpt>
   <trkpt lat="50.743341" lon="8.276229"><ele>233.25</ele></trkpt>
   <trkpt lat="50.743306" lon="8.276159"><ele>233.25</ele></trkpt>
   <trkpt lat="50.74329" lon="8.276115"><ele>233.25</ele></trkpt>
   <trkpt lat="50.743275" lon="8.276023"><ele>233.25</ele></trkpt>
   <trkpt lat="50.743277" lon="8.2759"><ele>233.25</ele></trkpt>
   <trkpt lat="50.743289" lon="8.275792"><ele>233.75</ele></trkpt>
   <trkpt lat="50.743313" lon="8.275699"><ele>233.75</ele></trkpt>
   <trkpt lat="50.743395" lon="8.275512"><ele>234</ele></trkpt>
   <trkpt lat="50.743442" lon="8.275441"><ele>233.75</ele></trkpt>
   <trkpt lat="50.743483" lon="8.275403"><ele>234</ele></trkpt>
   <trkpt lat="50.743687" lon="8.275222"><ele>234</ele></trkpt>
   <trkpt lat="50.743609" lon="8.274824"><ele>233.75</ele></trkpt>
   <trkpt lat="50.743606" lon="8.274581"><ele>233.25</ele></trkpt>
   <trkpt lat="50.74361" lon="8.274455"><ele>233</ele></trkpt>
   <trkpt lat="50.743634" lon="8.274326"><ele>232.75</ele></trkpt>
   <trkpt lat="50.744437" lon="8.272452"><ele>234.5</ele></trkpt>
   <trkpt lat="50.745101" lon="8.270663"><ele>236</ele></trkpt>
   <trkpt lat="50.745358" lon="8.270186"><ele>236.5</ele></trkpt>
   <trkpt lat="50.745434" lon="8.269967"><ele>238</ele></trkpt>
   <trkpt lat="50.745469" lon="8.269815"><ele>238.25</ele></trkpt>
   <trkpt lat="50.745483" lon="8.269662"><ele>238</ele></trkpt>
   <trkpt lat="50.745476" lon="8.269499"><ele>237.5</ele></trkpt>
   <trkpt lat="50.745425" lon="8.269239"><ele>236.5</ele></trkpt>
   <trkpt lat="50.745295" lon="8.268799"><ele>236</ele></trkpt>
   <trkpt lat="50.745258" lon="8.268605"><ele>236</ele></trkpt>
   <trkpt lat="50.745257" lon="8.268439"><ele>236</ele></trkpt>
   <trkpt lat="50.745382" lon="8.267341"><ele>236.25</ele></trkpt>
   <trkpt lat="50.745486" lon="8.26613"><ele>237</ele></trkpt>
   <trkpt lat="50.744725" lon="8.265945"><ele>236.75</ele></trkpt>
   <trkpt lat="50.744641" lon="8.265326"><ele>237.25</ele></trkpt>
   <trkpt lat="50.744575" lon="8.264982"><ele>235.75</ele></trkpt>
   <trkpt lat="50.744496" lon="8.264667"><ele>236.25</ele></trkpt>
   <trkpt lat="50.744257" lon="8.264025"><ele>237.25</ele></trkpt>
   <trkpt lat="50.744179" lon="8.26376"><ele>236.5</ele></trkpt>
   <trkpt lat="50.744095" lon="8.263343"><ele>238</ele></trkpt>
   <trkpt lat="50.744006" lon="8.262563"><ele>238</ele></trkpt>
   <trkpt lat="50.743995" lon="8.262307"><ele>238.25</ele></trkpt>
   <trkpt lat="50.744005" lon="8.262072"><ele>238.5</ele></trkpt>
   <trkpt lat="50.744033" lon="8.261857"><ele>239</ele></trkpt>
   <trkpt lat="50.744129" lon="8.26141"><ele>238</ele></trkpt>
   <trkpt lat="50.744279" lon="8.260779"><ele>239.5</ele></trkpt>
   <trkpt lat="50.744483" lon="8.260028"><ele>238.75</ele></trkpt>
   <trkpt lat="50.745192" lon="8.257769"><ele>240.25</ele></trkpt>
   <trkpt lat="50.745338" lon="8.257235"><ele>239.5</ele></trkpt>
   <trkpt lat="50.745462" lon="8.256731"><ele>240.75</ele></trkpt>
   <trkpt lat="50.745499" lon="8.25662"><ele>241.25</ele></trkpt>
   <trkpt lat="50.745551" lon="8.256504"><ele>241.25</ele></trkpt>
   <trkpt lat="50.745605" lon="8.25644"><ele>241.5</ele></trkpt>
   <trkpt lat="50.745746" lon="8.256346"><ele>242</ele></trkpt>
   <trkpt lat="50.745791" lon="8.25629"><ele>242</ele></trkpt>
   <trkpt lat="50.745822" lon="8.256223"><ele>241.75</ele></trkpt>
   <trkpt lat="50.745841" lon="8.256135"><ele>241.25</ele></trkpt>
   <trkpt lat="50.745918" lon="8.255404"><ele>242.75</ele></trkpt>
   <trkpt lat="50.74592" lon="8.254667"><ele>242.5</ele></trkpt>
   <trkpt lat="50.745928" lon="8.254624"><ele>242.5</ele></trkpt>
   <trkpt lat="50.746005" lon="8.25437"><ele>241.75</ele></trkpt>
   <trkpt lat="50.746143" lon="8.253656"><ele>241</ele></trkpt>
   <trkpt lat="50.746181" lon="8.253422"><ele>241</ele></trkpt>
   <trkpt lat="50.746225" lon="8.253175"><ele>241.25</ele></trkpt>
   <trkpt lat="50.746421" lon="8.252585"><ele>241.5</ele></trkpt>
   <trkpt lat="50.746561" lon="8.252337"><ele>241.5</ele></trkpt>
   <trkpt lat="50.746621" lon="8.25203"><ele>241</ele></trkpt>
   <trkpt lat="50.74667" lon="8.251398"><ele>242</ele></trkpt>
   <trkpt lat="50.746662" lon="8.251256"><ele>241.75</ele></trkpt>
   <trkpt lat="50.746618" lon="8.250597"><ele>241.75</ele></trkpt>
   <trkpt lat="50.746469" lon="8.249099"><ele>243.25</ele></trkpt>
   <trkpt lat="50.746383" lon="8.248396"><ele>243.75</ele></trkpt>
   <trkpt lat="50.746361" lon="8.248324"><ele>243.75</ele></trkpt>
   <trkpt lat="50.746336" lon="8.248241"><ele>243.75</ele></trkpt>
   <trkpt lat="50.746104" lon="8.247502"><ele>243</ele></trkpt>
   <trkpt lat="50.746169" lon="8.247325"><ele>243.75</ele></trkpt>
   <trkpt lat="50.745938" lon="8.245815"><ele>247.25</ele></trkpt>
   <trkpt lat="50.745878" lon="8.245228"><ele>246.75</ele></trkpt>
   <trkpt lat="50.745819" lon="8.244721"><ele>246.75</ele></trkpt>
   <trkpt lat="50.74543" lon="8.242667"><ele>255</ele></trkpt>
   <trkpt lat="50.745288" lon="8.242472"><ele>253.5</ele></trkpt>
   <trkpt lat="50.745196" lon="8.242416"><ele>252.75</ele></trkpt>
   <trkpt lat="50.744913" lon="8.242328"><ele>249.75</ele></trkpt>
   <trkpt lat="50.744629" lon="8.242224"><ele>248.5</ele></trkpt>
   <trkpt lat="50.744274" lon="8.2421"><ele>247.25</ele></trkpt>
   <trkpt lat="50.744186" lon="8.242015"><ele>247</ele></trkpt>
   <trkpt lat="50.744138" lon="8.241944"><ele>247</ele></trkpt>
   <trkpt lat="50.744091" lon="8.241854"><ele>247</ele></trkpt>
   <trkpt lat="50.744051" lon="8.241754"><ele>247</ele></trkpt>
   <trkpt lat="50.743808" lon="8.240681"><ele>247.5</ele></trkpt>
   <trkpt lat="50.743706" lon="8.240225"><ele>248</ele></trkpt>
   <trkpt lat="50.743594" lon="8.239771"><ele>248</ele></trkpt>
   <trkpt lat="50.743423" lon="8.239207"><ele>248.75</ele></trkpt>
   <trkpt lat="50.74328" lon="8.23872"><ele>249</ele></trkpt>
   <trkpt lat="50.74306" lon="8.238083"><ele>249</ele></trkpt>
   <trkpt lat="50.742616" lon="8.237071"><ele>252.75</ele></trkpt>
   <trkpt lat="50.742362" lon="8.236533"><ele>252.75</ele></trkpt>
   <trkpt lat="50.742224" lon="8.236277"><ele>250.75</ele></trkpt>
   <trkpt lat="50.741994" lon="8.235931"><ele>252</ele></trkpt>
   <trkpt lat="50.741108" lon="8.234702"><ele>251.25</ele></trkpt>
   <trkpt lat="50.740826" lon="8.234271"><ele>250.75</ele></trkpt>
   <trkpt lat="50.740722" lon="8.234079"><ele>252.25</ele></trkpt>
   <trkpt lat="50.740601" lon="8.233822"><ele>253</ele></trkpt>
   <trkpt lat="50.740411" lon="8.233329"><ele>253.75</ele></trkpt>
   <trkpt lat="50.740296" lon="8.232907"><ele>252.5</ele></trkpt>
   <trkpt lat="50.740193" lon="8.232471"><ele>252</ele></trkpt>
   <trkpt lat="50.740135" lon="8.232292"><ele>252.5</ele></trkpt>
   <trkpt lat="50.740058" lon="8.232155"><ele>253</ele></trkpt>
   <trkpt lat="50.739981" lon="8.232055"><ele>253</ele></trkpt>
   <trkpt lat="50.739878" lon="8.231978"><ele>254</ele></trkpt>
   <trkpt lat="50.739785" lon="8.23194"><ele>255.25</ele></trkpt>
   <trkpt lat="50.739695" lon="8.231923"><ele>255.75</ele></trkpt>
   <trkpt lat="50.739581" lon="8.231943"><ele>256.75</ele></trkpt>
   <trkpt lat="50.73945" lon="8.232005"><ele>256.75</ele></trkpt>
   <trkpt lat="50.738871" lon="8.232389"><ele>260</ele></trkpt>
   <trkpt lat="50.73876" lon="8.23245"><ele>261</ele></trkpt>
   <trkpt lat="50.738757" lon="8.23233"><ele>260.25</ele></trkpt>
   <trkpt lat="50.738618" lon="8.232353"><ele>260.75</ele></trkpt>
   <trkpt lat="50.738518" lon="8.232334"><ele>261.5</ele></trkpt>
   <trkpt lat="50.738495" lon="8.232309"><ele>261.75</ele></trkpt>
   <trkpt lat="50.738477" lon="8.23227"><ele>261.75</ele></trkpt>
   <trkpt lat="50.73847" lon="8.232227"><ele>261.5</ele></trkpt>
   <trkpt lat="50.738489" lon="8.231912"><ele>260</ele></trkpt>
   <trkpt lat="50.738525" lon="8.231602"><ele>259.75</ele></trkpt>
   <trkpt lat="50.738579" lon="8.23126"><ele>260.75</ele></trkpt>
   <trkpt lat="50.738738" lon="8.230497"><ele>258.25</ele></trkpt>
   <trkpt lat="50.738819" lon="8.230162"><ele>259.5</ele></trkpt>
   <trkpt lat="50.738951" lon="8.229711"><ele>260</ele></trkpt>
   <trkpt lat="50.739467" lon="8.228152"><ele>261</ele></trkpt>
   <trkpt lat="50.739655" lon="8.227662"><ele>262.5</ele></trkpt>
   <trkpt lat="50.73986" lon="8.227248"><ele>266.75</ele></trkpt>
   <trkpt lat="50.740004" lon="8.227001"><ele>263.75</ele></trkpt>
   <trkpt lat="50.740174" lon="8.226741"><ele>263</ele></trkpt>
   <trkpt lat="50.740493" lon="8.226285"><ele>262.25</ele></trkpt>
   <trkpt lat="50.740802" lon="8.225821"><ele>262</ele></trkpt>
   <trkpt lat="50.741011" lon="8.225495"><ele>263.25</ele></trkpt>
   <trkpt lat="50.741192" lon="8.225175"><ele>263.25</ele></trkpt>
   <trkpt lat="50.741356" lon="8.224839"><ele>264.25</ele></trkpt>
   <trkpt lat="50.741464" lon="8.224602"><ele>264</ele></trkpt>
   <trkpt lat="50.74159" lon="8.224287"><ele>264.5</ele></trkpt>
   <trkpt lat="50.741676" lon="8.224117"><ele>265</ele></trkpt>
   <trkpt lat="50.741742" lon="8.223936"><ele>265.25</ele></trkpt>
   <trkpt lat="50.741866" lon="8.223513"><ele>265.5</ele></trkpt>
   <trkpt lat="50.741899" lon="8.223459"><ele>265.5</ele></trkpt>
   <trkpt lat="50.741942" lon="8.223425"><ele>265.5</ele></trkpt>
   <trkpt lat="50.741971" lon="8.223414"><ele>265.5</ele></trkpt>
   <trkpt lat="50.742071" lon="8.223409"><ele>265</ele></trkpt>
   <trkpt lat="50.742101" lon="8.223386"><ele>265</ele></trkpt>
   <trkpt lat="50.742163" lon="8.223254"><ele>265.25</ele></trkpt>
   <trkpt lat="50.74219" lon="8.223171"><ele>265.5</ele></trkpt>
   <trkpt lat="50.742194" lon="8.22313"><ele>265.75</ele></trkpt>
   <trkpt lat="50.742188" lon="8.223079"><ele>266</ele></trkpt>
   <trkpt lat="50.74208" lon="8.222841"><ele>266.5</ele></trkpt>
   <trkpt lat="50.742054" lon="8.222755"><ele>266.5</ele></trkpt>
   <trkpt lat="50.742043" lon="8.222662"><ele>266.5</ele></trkpt>
   <trkpt lat="50.742043" lon="8.222554"><ele>266.5</ele></trkpt>
   <trkpt lat="50.742076" lon="8.222312"><ele>267</ele></trkpt>
   <trkpt lat="50.742112" lon="8.222185"><ele>267.25</ele></trkpt>
   <trkpt lat="50.742146" lon="8.222104"><ele>267.5</ele></trkpt>
   <trkpt lat="50.742222" lon="8.221978"><ele>267.75</ele></trkpt>
   <trkpt lat="50.742274" lon="8.221931"><ele>267.75</ele></trkpt>
   <trkpt lat="50.742287" lon="8.221901"><ele>267.75</ele></trkpt>
   <trkpt lat="50.742294" lon="8.221858"><ele>267.75</ele></trkpt>
   <trkpt lat="50.742298" lon="8.221768"><ele>267.75</ele></trkpt>
   <trkpt lat="50.742214" lon="8.221758"><ele>268</ele></trkpt>
   <trkpt lat="50.742208" lon="8.221688"><ele>268</ele></trkpt>
   <trkpt lat="50.742191" lon="8.221637"><ele>268</ele></trkpt>
   <trkpt lat="50.742166" lon="8.221599"><ele>268</ele></trkpt>
   <trkpt lat="50.742128" lon="8.221571"><ele>268</ele></trkpt>
   <trkpt lat="50.742099" lon="8.221566"><ele>268</ele></trkpt>
   <trkpt lat="50.742059" lon="8.221578"><ele>268</ele></trkpt>
   <trkpt lat="50.742014" lon="8.221627"><ele>268</ele></trkpt>
   <trkpt lat="50.741994" lon="8.221681"><ele>268</ele></trkpt>
   <trkpt lat="50.741953" lon="8.221659"><ele>268</ele></trkpt>
   <trkpt lat="50.741913" lon="8.221615"><ele>268.25</ele></trkpt>
   <trkpt lat="50.741885" lon="8.221564"><ele>268.75</ele></trkpt>
   <trkpt lat="50.741865" lon="8.221493"><ele>269.25</ele></trkpt>
   <trkpt lat="50.74186" lon="8.221409"><ele>269.75</ele></trkpt>
   <trkpt lat="50.741871" lon="8.221334"><ele>269.5</ele></trkpt>
   <trkpt lat="50.741896" lon="8.221244"><ele>269</ele></trkpt>
   <trkpt lat="50.742067" lon="8.220834"><ele>270</ele></trkpt>
   <trkpt lat="50.742096" lon="8.220712"><ele>270.5</ele></trkpt>
   <trkpt lat="50.742107" lon="8.220627"><ele>270.75</ele></trkpt>
   <trkpt lat="50.742113" lon="8.220209"><ele>271.75</ele></trkpt>
   <trkpt lat="50.742128" lon="8.219529"><ele>271.75</ele></trkpt>
   <trkpt lat="50.74213" lon="8.219258"><ele>272</ele></trkpt>
   <trkpt lat="50.742131" lon="8.219106"><ele>272.25</ele></trkpt>
   <trkpt lat="50.742132" lon="8.219067"><ele>272.5</ele></trkpt>
   <trkpt lat="50.742134" lon="8.218806"><ele>273.25</ele></trkpt>
   <trkpt lat="50.74214" lon="8.218119"><ele>274.5</ele></trkpt>
   <trkpt lat="50.742147" lon="8.217844"><ele>275</ele></trkpt>
   <trkpt lat="50.742151" lon="8.217727"><ele>275.25</ele></trkpt>
   <trkpt lat="50.742155" lon="8.217567"><ele>275</ele></trkpt>
   <trkpt lat="50.742162" lon="8.217308"><ele>275</ele></trkpt>
   <trkpt lat="50.742163" lon="8.217281"><ele>275</ele></trkpt>
   <trkpt lat="50.74217" lon="8.217032"><ele>275</ele></trkpt>
   <trkpt lat="50.742183" lon="8.216439"><ele>275</ele></trkpt>
   <trkpt lat="50.742193" lon="8.215985"><ele>275</ele></trkpt>
   <trkpt lat="50.742196" lon="8.215868"><ele>275</ele></trkpt>
   <trkpt lat="50.7422" lon="8.215678"><ele>275</ele></trkpt>
   <trkpt lat="50.742205" lon="8.215488"><ele>275</ele></trkpt>
   <trkpt lat="50.742207" lon="8.215335"><ele>275</ele></trkpt>
   <trkpt lat="50.742209" lon="8.215213"><ele>275</ele></trkpt>
   <trkpt lat="50.742212" lon="8.215019"><ele>275</ele></trkpt>
   <trkpt lat="50.742211" lon="8.214914"><ele>275</ele></trkpt>
   <trkpt lat="50.742204" lon="8.214556"><ele>275</ele></trkpt>
   <trkpt lat="50.742189" lon="8.214315"><ele>275</ele></trkpt>
   <trkpt lat="50.742186" lon="8.214263"><ele>275</ele></trkpt>
   <trkpt lat="50.742149" lon="8.213903"><ele>275.75</ele></trkpt>
   <trkpt lat="50.742121" lon="8.213702"><ele>276</ele></trkpt>
   <trkpt lat="50.742065" lon="8.213371"><ele>275.5</ele></trkpt>
   <trkpt lat="50.741999" lon="8.213075"><ele>275.5</ele></trkpt>
   <trkpt lat="50.74191" lon="8.212731"><ele>276</ele></trkpt>
   <trkpt lat="50.741882" lon="8.212622"><ele>276</ele></trkpt>
   <trkpt lat="50.741861" lon="8.212545"><ele>276</ele></trkpt>
   <trkpt lat="50.741638" lon="8.211693"><ele>276</ele></trkpt>
   <trkpt lat="50.741602" lon="8.211554"><ele>276</ele></trkpt>
   <trkpt lat="50.74154" lon="8.211317"><ele>276.25</ele></trkpt>
   <trkpt lat="50.741518" lon="8.211236"><ele>276</ele></trkpt>
   <trkpt lat="50.741497" lon="8.211154"><ele>276</ele></trkpt>
   <trkpt lat="50.741448" lon="8.210968"><ele>276</ele></trkpt>
   <trkpt lat="50.741333" lon="8.210528"><ele>276</ele></trkpt>
   <trkpt lat="50.741232" lon="8.210145"><ele>276.5</ele></trkpt>
   <trkpt lat="50.741014" lon="8.20931"><ele>277</ele></trkpt>
   <trkpt lat="50.74101" lon="8.209167"><ele>277</ele></trkpt>
   <trkpt lat="50.741012" lon="8.209025"><ele>277</ele></trkpt>
   <trkpt lat="50.741035" lon="8.208742"><ele>276.5</ele></trkpt>
   <trkpt lat="50.741023" lon="8.208695"><ele>276.5</ele></trkpt>
   <trkpt lat="50.740999" lon="8.208656"><ele>276.25</ele></trkpt>
   <trkpt lat="50.740971" lon="8.208631"><ele>276.5</ele></trkpt>
   <trkpt lat="50.740879" lon="8.208578"><ele>276.75</ele></trkpt>
   <trkpt lat="50.740836" lon="8.208543"><ele>276.75</ele></trkpt>
   <trkpt lat="50.740794" lon="8.208501"><ele>277</ele></trkpt>
   <trkpt lat="50.740764" lon="8.208406"><ele>277</ele></trkpt>
   <trkpt lat="50.740585" lon="8.207748"><ele>276.75</ele></trkpt>
   <trkpt lat="50.740536" lon="8.207627"><ele>277</ele></trkpt>
   <trkpt lat="50.740507" lon="8.207581"><ele>277</ele></trkpt>
   <trkpt lat="50.740114" lon="8.207078"><ele>280.25</ele></trkpt>
   <trkpt lat="50.740098" lon="8.206921"><ele>280.5</ele></trkpt>
   <trkpt lat="50.740086" lon="8.206748"><ele>280.5</ele></trkpt>
   <trkpt lat="50.740073" lon="8.206305"><ele>279.75</ele></trkpt>
   <trkpt lat="50.74008" lon="8.206206"><ele>279.75</ele></trkpt>
   <trkpt lat="50.740096" lon="8.206128"><ele>279.5</ele></trkpt>
   <trkpt lat="50.740121" lon="8.206061"><ele>279.25</ele></trkpt>
   <trkpt lat="50.740356" lon="8.205603"><ele>276.75</ele></trkpt>
   <trkpt lat="50.74055" lon="8.205216"><ele>275.75</ele></trkpt>
   <trkpt lat="50.740356" lon="8.205603"><ele>276.75</ele></trkpt>
   <trkpt lat="50.740121" lon="8.206061"><ele>279.25</ele></trkpt>
   <trkpt lat="50.740096" lon="8.206128"><ele>279.5</ele></trkpt>
   <trkpt lat="50.74008" lon="8.206206"><ele>279.75</ele></trkpt>
   <trkpt lat="50.740073" lon="8.206305"><ele>279.75</ele></trkpt>
   <trkpt lat="50.740086" lon="8.206748"><ele>280.5</ele></trkpt>
   <trkpt lat="50.740098" lon="8.206921"><ele>280.5</ele></trkpt>
   <trkpt lat="50.740114" lon="8.207078"><ele>280.25</ele></trkpt>
   <trkpt lat="50.740507" lon="8.207581"><ele>277</ele></trkpt>
   <trkpt lat="50.740536" lon="8.207627"><ele>277</ele></trkpt>
   <trkpt lat="50.740585" lon="8.207748"><ele>276.75</ele></trkpt>
   <trkpt lat="50.740764" lon="8.208406"><ele>277</ele></trkpt>
   <trkpt lat="50.740794" lon="8.208501"><ele>277</ele></trkpt>
   <trkpt lat="50.74086" lon="8.208687"><ele>276.75</ele></trkpt>
   <trkpt lat="50.740887" lon="8.208733"><ele>276.75</ele></trkpt>
   <trkpt lat="50.74093" lon="8.208768"><ele>276.75</ele></trkpt>
   <trkpt lat="50.740954" lon="8.208778"><ele>276.75</ele></trkpt>
   <trkpt lat="50.740944" lon="8.208872"><ele>276.75</ele></trkpt>
   <trkpt lat="50.740947" lon="8.209079"><ele>277</ele></trkpt>
   <trkpt lat="50.740976" lon="8.209211"><ele>277</ele></trkpt>
   <trkpt lat="50.741014" lon="8.20931"><ele>277</ele></trkpt>
   <trkpt lat="50.741232" lon="8.210145"><ele>276.5</ele></trkpt>
   <trkpt lat="50.741333" lon="8.210528"><ele>276</ele></trkpt>
   <trkpt lat="50.741448" lon="8.210968"><ele>276</ele></trkpt>
   <trkpt lat="50.741497" lon="8.211154"><ele>276</ele></trkpt>
   <trkpt lat="50.741518" lon="8.211236"><ele>276</ele></trkpt>
   <trkpt lat="50.74154" lon="8.211317"><ele>276.25</ele></trkpt>
   <trkpt lat="50.741602" lon="8.211554"><ele>276</ele></trkpt>
   <trkpt lat="50.741638" lon="8.211693"><ele>276</ele></trkpt>
   <trkpt lat="50.741861" lon="8.212545"><ele>276</ele></trkpt>
   <trkpt lat="50.741882" lon="8.212622"><ele>276</ele></trkpt>
   <trkpt lat="50.74191" lon="8.212731"><ele>276</ele></trkpt>
   <trkpt lat="50.741999" lon="8.213075"><ele>275.5</ele></trkpt>
   <trkpt lat="50.742065" lon="8.213371"><ele>275.5</ele></trkpt>
   <trkpt lat="50.742121" lon="8.213702"><ele>276</ele></trkpt>
   <trkpt lat="50.742149" lon="8.213903"><ele>275.75</ele></trkpt>
   <trkpt lat="50.742186" lon="8.214263"><ele>275</ele></trkpt>
   <trkpt lat="50.742189" lon="8.214315"><ele>275</ele></trkpt>
   <trkpt lat="50.742204" lon="8.214556"><ele>275</ele></trkpt>
   <trkpt lat="50.742211" lon="8.214914"><ele>275</ele></trkpt>
   <trkpt lat="50.742212" lon="8.215019"><ele>275</ele></trkpt>
   <trkpt lat="50.742209" lon="8.215213"><ele>275</ele></trkpt>
   <trkpt lat="50.742207" lon="8.215335"><ele>275</ele></trkpt>
   <trkpt lat="50.742205" lon="8.215488"><ele>275</ele></trkpt>
   <trkpt lat="50.7422" lon="8.215678"><ele>275</ele></trkpt>
   <trkpt lat="50.742196" lon="8.215868"><ele>275</ele></trkpt>
   <trkpt lat="50.742193" lon="8.215985"><ele>275</ele></trkpt>
   <trkpt lat="50.742183" lon="8.216439"><ele>275</ele></trkpt>
   <trkpt lat="50.74217" lon="8.217032"><ele>275</ele></trkpt>
   <trkpt lat="50.742163" lon="8.217281"><ele>275</ele></trkpt>
   <trkpt lat="50.742162" lon="8.217308"><ele>275</ele></trkpt>
   <trkpt lat="50.742155" lon="8.217567"><ele>275</ele></trkpt>
   <trkpt lat="50.742151" lon="8.217727"><ele>275.25</ele></trkpt>
   <trkpt lat="50.742147" lon="8.217844"><ele>275</ele></trkpt>
   <trkpt lat="50.74214" lon="8.218119"><ele>274.5</ele></trkpt>
   <trkpt lat="50.742134" lon="8.218806"><ele>273.25</ele></trkpt>
   <trkpt lat="50.742132" lon="8.219067"><ele>272.5</ele></trkpt>
   <trkpt lat="50.742131" lon="8.219106"><ele>272.25</ele></trkpt>
   <trkpt lat="50.74213" lon="8.219258"><ele>272</ele></trkpt>
   <trkpt lat="50.742128" lon="8.219529"><ele>271.75</ele></trkpt>
   <trkpt lat="50.742113" lon="8.220209"><ele>271.75</ele></trkpt>
   <trkpt lat="50.742107" lon="8.220627"><ele>270.75</ele></trkpt>
   <trkpt lat="50.742096" lon="8.220712"><ele>270.5</ele></trkpt>
   <trkpt lat="50.742067" lon="8.220834"><ele>270</ele></trkpt>
   <trkpt lat="50.741896" lon="8.221244"><ele>269</ele></trkpt>
   <trkpt lat="50.741871" lon="8.221334"><ele>269.5</ele></trkpt>
   <trkpt lat="50.74186" lon="8.221409"><ele>269.75</ele></trkpt>
   <trkpt lat="50.741865" lon="8.221493"><ele>269.25</ele></trkpt>
   <trkpt lat="50.741885" lon="8.221564"><ele>268.75</ele></trkpt>
   <trkpt lat="50.741913" lon="8.221615"><ele>268.25</ele></trkpt>
   <trkpt lat="50.741953" lon="8.221659"><ele>268</ele></trkpt>
   <trkpt lat="50.741994" lon="8.221681"><ele>268</ele></trkpt>
   <trkpt lat="50.741986" lon="8.221746"><ele>268</ele></trkpt>
   <trkpt lat="50.741991" lon="8.221802"><ele>268</ele></trkpt>
   <trkpt lat="50.742006" lon="8.221849"><ele>268</ele></trkpt>
   <trkpt lat="50.742033" lon="8.221892"><ele>268</ele></trkpt>
   <trkpt lat="50.742066" lon="8.221919"><ele>268</ele></trkpt>
   <trkpt lat="50.742101" lon="8.221927"><ele>268</ele></trkpt>
   <trkpt lat="50.742129" lon="8.221921"><ele>268</ele></trkpt>
   <trkpt lat="50.742161" lon="8.221899"><ele>268</ele></trkpt>
   <trkpt lat="50.742187" lon="8.221863"><ele>268</ele></trkpt>
   <trkpt lat="50.742206" lon="8.221813"><ele>268</ele></trkpt>
   <trkpt lat="50.742214" lon="8.221758"><ele>268</ele></trkpt>
   <trkpt lat="50.742298" lon="8.221768"><ele>267.75</ele></trkpt>
   <trkpt lat="50.742294" lon="8.221858"><ele>267.75</ele></trkpt>
   <trkpt lat="50.742287" lon="8.221901"><ele>267.75</ele></trkpt>
   <trkpt lat="50.742274" lon="8.221931"><ele>267.75</ele></trkpt>
   <trkpt lat="50.742222" lon="8.221978"><ele>267.75</ele></trkpt>
   <trkpt lat="50.742146" lon="8.222104"><ele>267.5</ele></trkpt>
   <trkpt lat="50.742112" lon="8.222185"><ele>267.25</ele></trkpt>
   <trkpt lat="50.742076" lon="8.222312"><ele>267</ele></trkpt>
   <trkpt lat="50.742043" lon="8.222554"><ele>266.5</ele></trkpt>
   <trkpt lat="50.742043" lon="8.222662"><ele>266.5</ele></trkpt>
   <trkpt lat="50.742054" lon="8.222755"><ele>266.5</ele></trkpt>
   <trkpt lat="50.74208" lon="8.222841"><ele>266.5</ele></trkpt>
   <trkpt lat="50.742188" lon="8.223079"><ele>266</ele></trkpt>
   <trkpt lat="50.742194" lon="8.22313"><ele>265.75</ele></trkpt>
   <trkpt lat="50.74219" lon="8.223171"><ele>265.5</ele></trkpt>
   <trkpt lat="50.742163" lon="8.223254"><ele>265.25</ele></trkpt>
   <trkpt lat="50.742101" lon="8.223386"><ele>265</ele></trkpt>
   <trkpt lat="50.742071" lon="8.223409"><ele>265</ele></trkpt>
   <trkpt lat="50.741971" lon="8.223414"><ele>265.5</ele></trkpt>
   <trkpt lat="50.741942" lon="8.223425"><ele>265.5</ele></trkpt>
   <trkpt lat="50.741899" lon="8.223459"><ele>265.5</ele></trkpt>
   <trkpt lat="50.741866" lon="8.223513"><ele>265.5</ele></trkpt>
   <trkpt lat="50.741742" lon="8.223936"><ele>265.25</ele></trkpt>
   <trkpt lat="50.741676" lon="8.224117"><ele>265</ele></trkpt>
   <trkpt lat="50.74159" lon="8.224287"><ele>264.5</ele></trkpt>
   <trkpt lat="50.741464" lon="8.224602"><ele>264</ele></trkpt>
   <trkpt lat="50.741356" lon="8.224839"><ele>264.25</ele></trkpt>
   <trkpt lat="50.741192" lon="8.225175"><ele>263.25</ele></trkpt>
   <trkpt lat="50.741011" lon="8.225495"><ele>263.25</ele></trkpt>
   <trkpt lat="50.740802" lon="8.225821"><ele>262</ele></trkpt>
   <trkpt lat="50.740493" lon="8.226285"><ele>262.25</ele></trkpt>
   <trkpt lat="50.740174" lon="8.226741"><ele>263</ele></trkpt>
   <trkpt lat="50.740004" lon="8.227001"><ele>263.75</ele></trkpt>
   <trkpt lat="50.73986" lon="8.227248"><ele>266.75</ele></trkpt>
   <trkpt lat="50.739655" lon="8.227662"><ele>262.5</ele></trkpt>
   <trkpt lat="50.739467" lon="8.228152"><ele>261</ele></trkpt>
   <trkpt lat="50.738951" lon="8.229711"><ele>260</ele></trkpt>
   <trkpt lat="50.738819" lon="8.230162"><ele>259.5</ele></trkpt>
   <trkpt lat="50.738738" lon="8.230497"><ele>258.25</ele></trkpt>
   <trkpt lat="50.738579" lon="8.23126"><ele>260.75</ele></trkpt>
   <trkpt lat="50.738525" lon="8.231602"><ele>259.75</ele></trkpt>
   <trkpt lat="50.738489" lon="8.231912"><ele>260</ele></trkpt>
   <trkpt lat="50.73847" lon="8.232227"><ele>261.5</ele></trkpt>
   <trkpt lat="50.738477" lon="8.23227"><ele>261.75</ele></trkpt>
   <trkpt lat="50.738495" lon="8.232309"><ele>261.75</ele></trkpt>
   <trkpt lat="50.738518" lon="8.232334"><ele>261.5</ele></trkpt>
   <trkpt lat="50.738618" lon="8.232353"><ele>260.75</ele></trkpt>
   <trkpt lat="50.738757" lon="8.23233"><ele>260.25</ele></trkpt>
   <trkpt lat="50.73876" lon="8.23245"><ele>261</ele></trkpt>
   <trkpt lat="50.738763" lon="8.232564"><ele>260.5</ele></trkpt>
   <trkpt lat="50.738741" lon="8.232593"><ele>260.5</ele></trkpt>
   <trkpt lat="50.738618" lon="8.232698"><ele>261.25</ele></trkpt>
   <trkpt lat="50.738557" lon="8.232768"><ele>261.5</ele></trkpt>
   <trkpt lat="50.738506" lon="8.23288"><ele>261.75</ele></trkpt>
   <trkpt lat="50.73848" lon="8.23301"><ele>261.75</ele></trkpt>
   <trkpt lat="50.738472" lon="8.233137"><ele>262</ele></trkpt>
   <trkpt lat="50.738484" lon="8.233415"><ele>261.75</ele></trkpt>
   <trkpt lat="50.738523" lon="8.233875"><ele>262.25</ele></trkpt>
   <trkpt lat="50.738565" lon="8.234207"><ele>263.5</ele></trkpt>
   <trkpt lat="50.738691" lon="8.234782"><ele>263.25</ele></trkpt>
   <trkpt lat="50.738831" lon="8.235261"><ele>261.5</ele></trkpt>
   <trkpt lat="50.738886" lon="8.235423"><ele>262.5</ele></trkpt>
   <trkpt lat="50.738982" lon="8.235601"><ele>262.5</ele></trkpt>
   <trkpt lat="50.739231" lon="8.235842"><ele>260.75</ele></trkpt>
   <trkpt lat="50.739279" lon="8.235914"><ele>260.25</ele></trkpt>
   <trkpt lat="50.739371" lon="8.236076"><ele>260</ele></trkpt>
   <trkpt lat="50.740374" lon="8.238418"><ele>257</ele></trkpt>
   <trkpt lat="50.740495" lon="8.238781"><ele>256.5</ele></trkpt>
   <trkpt lat="50.740834" lon="8.239896"><ele>254</ele></trkpt>
   <trkpt lat="50.741005" lon="8.240409"><ele>255</ele></trkpt>
   <trkpt lat="50.742232" lon="8.243227"><ele>253.25</ele></trkpt>
   <trkpt lat="50.742959" lon="8.244832"><ele>254.25</ele></trkpt>
   <trkpt lat="50.743723" lon="8.246449"><ele>258</ele></trkpt>
   <trkpt lat="50.744055" lon="8.246945"><ele>256</ele></trkpt>
   <trkpt lat="50.744118" lon="8.247156"><ele>256.75</ele></trkpt>
   <trkpt lat="50.744156" lon="8.2472"><ele>256.75</ele></trkpt>
   <trkpt lat="50.745027" lon="8.248223"><ele>249.5</ele></trkpt>
   <trkpt lat="50.7451" lon="8.248318"><ele>248.5</ele></trkpt>
   <trkpt lat="50.745297" lon="8.248706"><ele>247.25</ele></trkpt>
   <trkpt lat="50.745488" lon="8.249111"><ele>246.75</ele></trkpt>
   <trkpt lat="50.74574" lon="8.249615"><ele>247</ele></trkpt>
   <trkpt lat="50.745858" lon="8.250038"><ele>244.25</ele></trkpt>
   <trkpt lat="50.745986" lon="8.250572"><ele>248</ele></trkpt>
   <trkpt lat="50.746051" lon="8.250646"><ele>245.5</ele></trkpt>
   <trkpt lat="50.746124" lon="8.250694"><ele>242.75</ele></trkpt>
   <trkpt lat="50.746177" lon="8.250674"><ele>242.5</ele></trkpt>
   <trkpt lat="50.746434" lon="8.250631"><ele>241.75</ele></trkpt>
   <trkpt lat="50.74648" lon="8.250624"><ele>241.75</ele></trkpt>
   <trkpt lat="50.746618" lon="8.250597"><ele>241.75</ele></trkpt>
   <trkpt lat="50.746662" lon="8.251256"><ele>241.75</ele></trkpt>
   <trkpt lat="50.74667" lon="8.251398"><ele>242</ele></trkpt>
   <trkpt lat="50.746621" lon="8.25203"><ele>241</ele></trkpt>
   <trkpt lat="50.746561" lon="8.252337"><ele>241.5</ele></trkpt>
   <trkpt lat="50.746421" lon="8.252585"><ele>241.5</ele></trkpt>
   <trkpt lat="50.746225" lon="8.253175"><ele>241.25</ele></trkpt>
   <trkpt lat="50.746181" lon="8.253422"><ele>241</ele></trkpt>
   <trkpt lat="50.746143" lon="8.253656"><ele>241</ele></trkpt>
   <trkpt lat="50.746005" lon="8.25437"><ele>241.75</ele></trkpt>
   <trkpt lat="50.745928" lon="8.254624"><ele>242.5</ele></trkpt>
   <trkpt lat="50.74592" lon="8.254667"><ele>242.5</ele></trkpt>
   <trkpt lat="50.745918" lon="8.255404"><ele>242.75</ele></trkpt>
   <trkpt lat="50.745841" lon="8.256135"><ele>241.25</ele></trkpt>
   <trkpt lat="50.745822" lon="8.256223"><ele>241.75</ele></trkpt>
   <trkpt lat="50.745791" lon="8.25629"><ele>242</ele></trkpt>
   <trkpt lat="50.745746" lon="8.256346"><ele>242</ele></trkpt>
   <trkpt lat="50.745605" lon="8.25644"><ele>241.5</ele></trkpt>
   <trkpt lat="50.745551" lon="8.256504"><ele>241.25</ele></trkpt>
   <trkpt lat="50.745499" lon="8.25662"><ele>241.25</ele></trkpt>
   <trkpt lat="50.745462" lon="8.256731"><ele>240.75</ele></trkpt>
   <trkpt lat="50.745338" lon="8.257235"><ele>239.5</ele></trkpt>
   <trkpt lat="50.745192" lon="8.257769"><ele>240.25</ele></trkpt>
   <trkpt lat="50.744483" lon="8.260028"><ele>238.75</ele></trkpt>
   <trkpt lat="50.744279" lon="8.260779"><ele>239.5</ele></trkpt>
   <trkpt lat="50.744129" lon="8.26141"><ele>238</ele></trkpt>
   <trkpt lat="50.744033" lon="8.261857"><ele>239</ele></trkpt>
   <trkpt lat="50.744005" lon="8.262072"><ele>238.5</ele></trkpt>
   <trkpt lat="50.743995" lon="8.262307"><ele>238.25</ele></trkpt>
   <trkpt lat="50.744006" lon="8.262563"><ele>238</ele></trkpt>
   <trkpt lat="50.744095" lon="8.263343"><ele>238</ele></trkpt>
   <trkpt lat="50.744179" lon="8.26376"><ele>236.5</ele></trkpt>
   <trkpt lat="50.744257" lon="8.264025"><ele>237.25</ele></trkpt>
   <trkpt lat="50.744496" lon="8.264667"><ele>236.25</ele></trkpt>
   <trkpt lat="50.744575" lon="8.264982"><ele>235.75</ele></trkpt>
   <trkpt lat="50.744641" lon="8.265326"><ele>237.25</ele></trkpt>
   <trkpt lat="50.744725" lon="8.265945"><ele>236.75</ele></trkpt>
   <trkpt lat="50.745486" lon="8.26613"><ele>237</ele></trkpt>
   <trkpt lat="50.745382" lon="8.267341"><ele>236.25</ele></trkpt>
   <trkpt lat="50.745257" lon="8.268439"><ele>236</ele></trkpt>
   <trkpt lat="50.745258" lon="8.268605"><ele>236</ele></trkpt>
   <trkpt lat="50.745295" lon="8.268799"><ele>236</ele></trkpt>
   <trkpt lat="50.745425" lon="8.269239"><ele>236.5</ele></trkpt>
   <trkpt lat="50.745476" lon="8.269499"><ele>237.5</ele></trkpt>
   <trkpt lat="50.745483" lon="8.269662"><ele>238</ele></trkpt>
   <trkpt lat="50.745469" lon="8.269815"><ele>238.25</ele></trkpt>
   <trkpt lat="50.745434" lon="8.269967"><ele>238</ele></trkpt>
   <trkpt lat="50.745358" lon="8.270186"><ele>236.5</ele></trkpt>
   <trkpt lat="50.745101" lon="8.270663"><ele>236</ele></trkpt>
   <trkpt lat="50.744437" lon="8.272452"><ele>234.5</ele></trkpt>
   <trkpt lat="50.743634" lon="8.274326"><ele>232.75</ele></trkpt>
   <trkpt lat="50.74361" lon="8.274455"><ele>233</ele></trkpt>
   <trkpt lat="50.743606" lon="8.274581"><ele>233.25</ele></trkpt>
   <trkpt lat="50.743609" lon="8.274824"><ele>233.75</ele></trkpt>
   <trkpt lat="50.743687" lon="8.275222"><ele>234</ele></trkpt>
   <trkpt lat="50.743754" lon="8.275213"><ele>234</ele></trkpt>
   <trkpt lat="50.74438" lon="8.275537"><ele>235.5</ele></trkpt>
   <trkpt lat="50.744459" lon="8.275576"><ele>235.75</ele></trkpt>
   <trkpt lat="50.744527" lon="8.275599"><ele>235.25</ele></trkpt>
   <trkpt lat="50.744633" lon="8.2756"><ele>234.5</ele></trkpt>
   <trkpt lat="50.744711" lon="8.275591"><ele>234</ele></trkpt>
   <trkpt lat="50.744796" lon="8.275569"><ele>234.25</ele></trkpt>
   <trkpt lat="50.744813" lon="8.275661"><ele>234.25</ele></trkpt>
   <trkpt lat="50.744865" lon="8.275773"><ele>234.5</ele></trkpt>
   <trkpt lat="50.744914" lon="8.275834"><ele>234.5</ele></trkpt>
   <trkpt lat="50.745024" lon="8.275923"><ele>234.5</ele></trkpt>
   <trkpt lat="50.746135" lon="8.276056"><ele>234.25</ele></trkpt>
   <trkpt lat="50.746209" lon="8.276053"><ele>234.5</ele></trkpt>
   <trkpt lat="50.746247" lon="8.27603"><ele>234.75</ele></trkpt>
   <trkpt lat="50.746285" lon="8.275987"><ele>235</ele></trkpt>
   <trkpt lat="50.74632" lon="8.275909"><ele>235.5</ele></trkpt>
   <trkpt lat="50.746349" lon="8.275828"><ele>236</ele></trkpt>
   <trkpt lat="50.746375" lon="8.275722"><ele>236</ele></trkpt>
   <trkpt lat="50.746589" lon="8.275814"><ele>236.5</ele></trkpt>
   <trkpt lat="50.747666" lon="8.276354"><ele>238.75</ele></trkpt>
   <trkpt lat="50.748062" lon="8.276464"><ele>239.25</ele></trkpt>
   <trkpt lat="50.748148" lon="8.276487"><ele>239.5</ele></trkpt>
   <trkpt lat="50.748199" lon="8.276479"><ele>239.5</ele></trkpt>
   <trkpt lat="50.748147" lon="8.276693"><ele>240</ele></trkpt>
   <trkpt lat="50.748109" lon="8.276829"><ele>239.75</ele></trkpt>
   <trkpt lat="50.748332" lon="8.276839"><ele>240</ele></trkpt>
   <trkpt lat="50.748563" lon="8.276848"><ele>239.75</ele></trkpt>
   <trkpt lat="50.749266" lon="8.276772"><ele>240</ele></trkpt>
   <trkpt lat="50.749409" lon="8.276746"><ele>240</ele></trkpt>
   <trkpt lat="50.749521" lon="8.276728"><ele>240</ele></trkpt>
   <trkpt lat="50.749765" lon="8.276668"><ele>240</ele></trkpt>
   <trkpt lat="50.749893" lon="8.276651"><ele>240</ele></trkpt>
   <trkpt lat="50.750067" lon="8.276642"><ele>240</ele></trkpt>
   <trkpt lat="50.750603" lon="8.276564"><ele>238.5</ele></trkpt>
   <trkpt lat="50.751046" lon="8.276549"><ele>238.5</ele></trkpt>
   <trkpt lat="50.751143" lon="8.276552"><ele>238.75</ele></trkpt>
   <trkpt lat="50.751302" lon="8.276575"><ele>239.5</ele></trkpt>
   <trkpt lat="50.75156" lon="8.276629"><ele>240.5</ele></trkpt>
   <trkpt lat="50.751835" lon="8.276709"><ele>240.75</ele></trkpt>
   <trkpt lat="50.753529" lon="8.27732"><ele>245.5</ele></trkpt>
   <trkpt lat="50.754118" lon="8.27755"><ele>246.75</ele></trkpt>
   <trkpt lat="50.754166" lon="8.277568"><ele>246.75</ele></trkpt>
   <trkpt lat="50.754268" lon="8.277611"><ele>247</ele></trkpt>
   <trkpt lat="50.754363" lon="8.277646"><ele>247.25</ele></trkpt>
   <trkpt lat="50.754393" lon="8.277481"><ele>247.75</ele></trkpt>
   <trkpt lat="50.754419" lon="8.277316"><ele>247.75</ele></trkpt>
   <trkpt lat="50.75446" lon="8.277326"><ele>248</ele></trkpt>
   <trkpt lat="50.754503" lon="8.277336"><ele>248.25</ele></trkpt>
   <trkpt lat="50.754565" lon="8.277452"><ele>248.5</ele></trkpt>
   <trkpt lat="50.754609" lon="8.277479"><ele>248.5</ele></trkpt>
   <trkpt lat="50.755482" lon="8.277888"><ele>248.5</ele></trkpt>
   <trkpt lat="50.756822" lon="8.278462"><ele>249.5</ele></trkpt>
   <trkpt lat="50.757203" lon="8.278647"><ele>252</ele></trkpt>
   <trkpt lat="50.757759" lon="8.278933"><ele>251.25</ele></trkpt>
   <trkpt lat="50.758415" lon="8.279302"><ele>254.25</ele></trkpt>
   <trkpt lat="50.75908" lon="8.279712"><ele>252.25</ele></trkpt>
   <trkpt lat="50.759574" lon="8.280038"><ele>252.75</ele></trkpt>
   <trkpt lat="50.760102" lon="8.280406"><ele>255.75</ele></trkpt>
   <trkpt lat="50.761008" lon="8.281099"><ele>253.75</ele></trkpt>
   <trkpt lat="50.762121" lon="8.281997"><ele>254.5</ele></trkpt>
   <trkpt lat="50.762937" lon="8.282636"><ele>256</ele></trkpt>
   <trkpt lat="50.763663" lon="8.283169"><ele>258.5</ele></trkpt>
   <trkpt lat="50.764145" lon="8.283492"><ele>258.25</ele></trkpt>
   <trkpt lat="50.764735" lon="8.283904"><ele>257</ele></trkpt>
   <trkpt lat="50.765111" lon="8.284183"><ele>257.75</ele></trkpt>
   <trkpt lat="50.76541" lon="8.284438"><ele>259.25</ele></trkpt>
   <trkpt lat="50.765611" lon="8.284623"><ele>259.75</ele></trkpt>
   <trkpt lat="50.765698" lon="8.284626"><ele>260.5</ele></trkpt>
   <trkpt lat="50.765778" lon="8.284641"><ele>261</ele></trkpt>
   <trkpt lat="50.765987" lon="8.284789"><ele>261.75</ele></trkpt>
   <trkpt lat="50.766161" lon="8.284941"><ele>262</ele></trkpt>
   <trkpt lat="50.766315" lon="8.285107"><ele>262.5</ele></trkpt>
   <trkpt lat="50.766496" lon="8.285332"><ele>262.5</ele></trkpt>
   <trkpt lat="50.766742" lon="8.285727"><ele>262.25</ele></trkpt>
   <trkpt lat="50.767018" lon="8.286451"><ele>262.5</ele></trkpt>
   <trkpt lat="50.767168" lon="8.286868"><ele>262</ele></trkpt>
   <trkpt lat="50.767529" lon="8.287704"><ele>261.5</ele></trkpt>
   <trkpt lat="50.767878" lon="8.288601"><ele>261.75</ele></trkpt>
   <trkpt lat="50.768087" lon="8.289236"><ele>263.75</ele></trkpt>
   <trkpt lat="50.768135" lon="8.289364"><ele>264</ele></trkpt>
   <trkpt lat="50.768162" lon="8.289399"><ele>264.25</ele></trkpt>
   <trkpt lat="50.768193" lon="8.289406"><ele>264.25</ele></trkpt>
   <trkpt lat="50.768236" lon="8.289402"><ele>264.25</ele></trkpt>
   <trkpt lat="50.768338" lon="8.289325"><ele>264</ele></trkpt>
   <trkpt lat="50.768371" lon="8.289414"><ele>264.5</ele></trkpt>
   <trkpt lat="50.768417" lon="8.289512"><ele>264.5</ele></trkpt>
   <trkpt lat="50.768346" lon="8.289624"><ele>264.75</ele></trkpt>
   <trkpt lat="50.768319" lon="8.289737"><ele>265</ele></trkpt>
   <trkpt lat="50.768326" lon="8.289845"><ele>265</ele></trkpt>
   <trkpt lat="50.768347" lon="8.289954"><ele>264.75</ele></trkpt>
   <trkpt lat="50.768383" lon="8.2901"><ele>265.25</ele></trkpt>
   <trkpt lat="50.768447" lon="8.290317"><ele>265.5</ele></trkpt>
   <trkpt lat="50.768724" lon="8.29111"><ele>267.75</ele></trkpt>
   <trkpt lat="50.768972" lon="8.291861"><ele>268.75</ele></trkpt>
   <trkpt lat="50.769222" lon="8.29255"><ele>269.5</ele></trkpt>
   <trkpt lat="50.769633" lon="8.293566"><ele>268.75</ele></trkpt>
   <trkpt lat="50.769699" lon="8.293725"><ele>268.75</ele></trkpt>
   <trkpt lat="50.76981" lon="8.293994"><ele>268.5</ele></trkpt>
   <trkpt lat="50.770084" lon="8.294615"><ele>268.5</ele></trkpt>
   <trkpt lat="50.770405" lon="8.295306"><ele>268.25</ele></trkpt>
   <trkpt lat="50.770815" lon="8.294873"><ele>269.75</ele></trkpt>
   <trkpt lat="50.770855" lon="8.29496"><ele>270</ele></trkpt>
   <trkpt lat="50.771143" lon="8.295495"><ele>272.75</ele></trkpt>
   <trkpt lat="50.771329" lon="8.295814"><ele>273.75</ele></trkpt>
   <trkpt lat="50.771458" lon="8.296033"><ele>274</ele></trkpt>
   <trkpt lat="50.771838" lon="8.29672"><ele>271.75</ele></trkpt>
   <trkpt lat="50.772943" lon="8.29873"><ele>269</ele></trkpt>
   <trkpt lat="50.773246" lon="8.299282"><ele>269.5</ele></trkpt>
   <trkpt lat="50.773948" lon="8.300557"><ele>270</ele></trkpt>
   <trkpt lat="50.774187" lon="8.300984"><ele>270</ele></trkpt>
   <trkpt lat="50.774667" lon="8.301832"><ele>273.5</ele></trkpt>
   <trkpt lat="50.775302" lon="8.303021"><ele>274.25</ele></trkpt>
   <trkpt lat="50.77583" lon="8.304016"><ele>276.5</ele></trkpt>
   <trkpt lat="50.777304" lon="8.30603"><ele>275.5</ele></trkpt>
   <trkpt lat="50.777122" lon="8.306317"><ele>274.25</ele></trkpt>
   <trkpt lat="50.778647" lon="8.308152"><ele>275</ele></trkpt>
   <trkpt lat="50.778497" lon="8.308589"><ele>274</ele></trkpt>
   <trkpt lat="50.778507" lon="8.30869"><ele>274</ele></trkpt>
   <trkpt lat="50.778555" lon="8.308796"><ele>274</ele></trkpt>
   <trkpt lat="50.778613" lon="8.308864"><ele>273.75</ele></trkpt>
   <trkpt lat="50.778943" lon="8.309271"><ele>274</ele></trkpt>
   <trkpt lat="50.77954" lon="8.310027"><ele>275.25</ele></trkpt>
   <trkpt lat="50.780494" lon="8.311124"><ele>278.75</ele></trkpt>
   <trkpt lat="50.780643" lon="8.311309"><ele>278</ele></trkpt>
   <trkpt lat="50.781027" lon="8.31187"><ele>278.25</ele></trkpt>
   <trkpt lat="50.781342" lon="8.312337"><ele>276.75</ele></trkpt>
   <trkpt lat="50.781648" lon="8.312783"><ele>275.75</ele></trkpt>
   <trkpt lat="50.782269" lon="8.313667"><ele>276.25</ele></trkpt>
   <trkpt lat="50.782642" lon="8.314212"><ele>277.75</ele></trkpt>
   <trkpt lat="50.78347" lon="8.315496"><ele>277.5</ele></trkpt>
   <trkpt lat="50.785082" lon="8.317865"><ele>279.75</ele></trkpt>
   <trkpt lat="50.785475" lon="8.318417"><ele>280</ele></trkpt>
   <trkpt lat="50.785894" lon="8.319029"><ele>280.75</ele></trkpt>
   <trkpt lat="50.787093" lon="8.320817"><ele>281.5</ele></trkpt>
   <trkpt lat="50.787198" lon="8.320888"><ele>281.75</ele></trkpt>
   <trkpt lat="50.787237" lon="8.3209"><ele>282</ele></trkpt>
   <trkpt lat="50.787229" lon="8.320785"><ele>282</ele></trkpt>
   <trkpt lat="50.787322" lon="8.320411"><ele>283.5</ele></trkpt>
   <trkpt lat="50.787468" lon="8.3205"><ele>284.75</ele></trkpt>
   <trkpt lat="50.787519" lon="8.320549"><ele>284.75</ele></trkpt>
   <trkpt lat="50.78766" lon="8.320752"><ele>284.5</ele></trkpt>
   <trkpt lat="50.787771" lon="8.320913"><ele>284.5</ele></trkpt>
   <trkpt lat="50.787886" lon="8.321078"><ele>284.25</ele></trkpt>
   <trkpt lat="50.788007" lon="8.321247"><ele>284.25</ele></trkpt>
   <trkpt lat="50.788161" lon="8.321563"><ele>285.25</ele></trkpt>
   <trkpt lat="50.788214" lon="8.321624"><ele>285.5</ele></trkpt>
   <trkpt lat="50.788305" lon="8.32169"><ele>285.75</ele></trkpt>
   <trkpt lat="50.788427" lon="8.321829"><ele>287.25</ele></trkpt>
   <trkpt lat="50.788536" lon="8.322025"><ele>288</ele></trkpt>
   <trkpt lat="50.788785" lon="8.322603"><ele>289.5</ele></trkpt>
   <trkpt lat="50.789169" lon="8.323501"><ele>291.25</ele></trkpt>
   <trkpt lat="50.789348" lon="8.323794"><ele>292.5</ele></trkpt>
   <trkpt lat="50.789834" lon="8.324419"><ele>291</ele></trkpt>
   <trkpt lat="50.790025" lon="8.324644"><ele>291.25</ele></trkpt>
   <trkpt lat="50.790554" lon="8.325221"><ele>287</ele></trkpt>
   <trkpt lat="50.790673" lon="8.324998"><ele>288</ele></trkpt>
   <trkpt lat="50.790998" lon="8.325074"><ele>288.5</ele></trkpt>
   <trkpt lat="50.791012" lon="8.325201"><ele>288.5</ele></trkpt>
   <trkpt lat="50.791079" lon="8.325541"><ele>288</ele></trkpt>
   <trkpt lat="50.791262" lon="8.326012"><ele>288</ele></trkpt>
   <trkpt lat="50.7913" lon="8.326114"><ele>288.25</ele></trkpt>
   <trkpt lat="50.791457" lon="8.326817"><ele>288</ele></trkpt>
   <trkpt lat="50.791487" lon="8.326952"><ele>287.5</ele></trkpt>
   <trkpt lat="50.791513" lon="8.327065"><ele>287.5</ele></trkpt>
   <trkpt lat="50.791588" lon="8.327414"><ele>287</ele></trkpt>
   <trkpt lat="50.79158" lon="8.327504"><ele>286.75</ele></trkpt>
   <trkpt lat="50.791563" lon="8.327563"><ele>286.75</ele></trkpt>
   <trkpt lat="50.791769" lon="8.327777"><ele>287.25</ele></trkpt>
   <trkpt lat="50.791856" lon="8.327872"><ele>287</ele></trkpt>
   <trkpt lat="50.792326" lon="8.328352"><ele>287.5</ele></trkpt>
   <trkpt lat="50.792715" lon="8.328732"><ele>287.5</ele></trkpt>
   <trkpt lat="50.792746" lon="8.328665"><ele>288.25</ele></trkpt>
   <trkpt lat="50.792797" lon="8.328645"><ele>289.5</ele></trkpt>
   <trkpt lat="50.792835" lon="8.328651"><ele>291.25</ele></trkpt>
   <trkpt lat="50.792869" lon="8.328674"><ele>292.5</ele></trkpt>
   <trkpt lat="50.792923" lon="8.328769"><ele>292.25</ele></trkpt>
   <trkpt lat="50.792973" lon="8.328834"><ele>291.5</ele></trkpt>
   <trkpt lat="50.793478" lon="8.329225"><ele>291</ele></trkpt>
   <trkpt lat="50.793876" lon="8.329578"><ele>291.75</ele></trkpt>
   <trkpt lat="50.794427" lon="8.330066"><ele>294</ele></trkpt>
   <trkpt lat="50.794969" lon="8.330589"><ele>293.5</ele></trkpt>
   <trkpt lat="50.796894" lon="8.332363"><ele>295.75</ele></trkpt>
   <trkpt lat="50.797014" lon="8.332527"><ele>296.5</ele></trkpt>
   <trkpt lat="50.797041" lon="8.3326"><ele>296.5</ele></trkpt>
   <trkpt lat="50.798818" lon="8.334201"><ele>302.75</ele></trkpt>
   <trkpt lat="50.79937" lon="8.334657"><ele>303</ele></trkpt>
   <trkpt lat="50.799737" lon="8.334944"><ele>303.75</ele></trkpt>
   <trkpt lat="50.800061" lon="8.335174"><ele>305.5</ele></trkpt>
   <trkpt lat="50.800607" lon="8.335496"><ele>306</ele></trkpt>
   <trkpt lat="50.801004" lon="8.335709"><ele>307.75</ele></trkpt>
   <trkpt lat="50.801617" lon="8.335993"><ele>306.75</ele></trkpt>
   <trkpt lat="50.801775" lon="8.336057"><ele>306.75</ele></trkpt>
   <trkpt lat="50.802364" lon="8.336266"><ele>310</ele></trkpt>
   <trkpt lat="50.802646" lon="8.336348"><ele>308.5</ele></trkpt>
   <trkpt lat="50.802982" lon="8.336429"><ele>308.25</ele></trkpt>
   <trkpt lat="50.803258" lon="8.336484"><ele>309</ele></trkpt>
   <trkpt lat="50.804615" lon="8.336696"><ele>305.5</ele></trkpt>
   <trkpt lat="50.805549" lon="8.336891"><ele>304</ele></trkpt>
   <trkpt lat="50.806208" lon="8.337097"><ele>303.5</ele></trkpt>
   <trkpt lat="50.807145" lon="8.337454"><ele>303.25</ele></trkpt>
   <trkpt lat="50.807153" lon="8.337548"><ele>302.5</ele></trkpt>
   <trkpt lat="50.807511" lon="8.337666"><ele>302.75</ele></trkpt>
   <trkpt lat="50.808376" lon="8.337917"><ele>303.25</ele></trkpt>
   <trkpt lat="50.80853" lon="8.337954"><ele>303</ele></trkpt>
   <trkpt lat="50.808737" lon="8.338004"><ele>303</ele></trkpt>
   <trkpt lat="50.808853" lon="8.338033"><ele>303</ele></trkpt>
   <trkpt lat="50.80921" lon="8.338108"><ele>302.5</ele></trkpt>
   <trkpt lat="50.809472" lon="8.338157"><ele>302.25</ele></trkpt>
   <trkpt lat="50.809674" lon="8.338181"><ele>302.75</ele></trkpt>
   <trkpt lat="50.810832" lon="8.338111"><ele>302.75</ele></trkpt>
   <trkpt lat="50.810926" lon="8.338105"><ele>302.75</ele></trkpt>
   <trkpt lat="50.810959" lon="8.338103"><ele>302.75</ele></trkpt>
   <trkpt lat="50.81099" lon="8.338102"><ele>302.75</ele></trkpt>
   <trkpt lat="50.811362" lon="8.338079"><ele>302.75</ele></trkpt>
   <trkpt lat="50.812578" lon="8.337984"><ele>303.25</ele></trkpt>
   <trkpt lat="50.81267" lon="8.337973"><ele>303.5</ele></trkpt>
   <trkpt lat="50.81274" lon="8.337965"><ele>303.75</ele></trkpt>
   <trkpt lat="50.812798" lon="8.337962"><ele>304</ele></trkpt>
   <trkpt lat="50.81303" lon="8.337951"><ele>304.25</ele></trkpt>
   <trkpt lat="50.813781" lon="8.337914"><ele>304.25</ele></trkpt>
   <trkpt lat="50.813824" lon="8.337911"><ele>304.25</ele></trkpt>
   <trkpt lat="50.813851" lon="8.337908"><ele>304.25</ele></trkpt>
   <trkpt lat="50.813857" lon="8.337948"><ele>304.25</ele></trkpt>
   <trkpt lat="50.813889" lon="8.338012"><ele>304</ele></trkpt>
   <trkpt lat="50.813912" lon="8.338031"><ele>304</ele></trkpt>
   <trkpt lat="50.813938" lon="8.338039"><ele>303.75</ele></trkpt>
   <trkpt lat="50.813967" lon="8.338034"><ele>303.75</ele></trkpt>
   <trkpt lat="50.813972" lon="8.33806"><ele>303.5</ele></trkpt>
   <trkpt lat="50.813975" lon="8.338113"><ele>303.5</ele></trkpt>
   <trkpt lat="50.813967" lon="8.338284"><ele>303.25</ele></trkpt>
   <trkpt lat="50.813963" lon="8.338354"><ele>303.5</ele></trkpt>
   <trkpt lat="50.813922" lon="8.338928"><ele>304.75</ele></trkpt>
   <trkpt lat="50.813912" lon="8.339262"><ele>304.75</ele></trkpt>
   <trkpt lat="50.813919" lon="8.339474"><ele>304.75</ele></trkpt>
   <trkpt lat="50.813938" lon="8.339586"><ele>304.75</ele></trkpt>
   <trkpt lat="50.813979" lon="8.339685"><ele>304.5</ele></trkpt>
   <trkpt lat="50.814006" lon="8.339732"><ele>304.5</ele></trkpt>
   <trkpt lat="50.814056" lon="8.339792"><ele>304.25</ele></trkpt>
   <trkpt lat="50.814123" lon="8.339843"><ele>304.25</ele></trkpt>
   <trkpt lat="50.814232" lon="8.339887"><ele>304.5</ele></trkpt>
   <trkpt lat="50.815638" lon="8.340285"><ele>309.75</ele></trkpt>
   <trkpt lat="50.816419" lon="8.340519"><ele>312.5</ele></trkpt>
   <trkpt lat="50.816495" lon="8.340558"><ele>312.5</ele></trkpt>
   <trkpt lat="50.816549" lon="8.340602"><ele>312.25</ele></trkpt>
   <trkpt lat="50.816631" lon="8.340695"><ele>312.5</ele></trkpt>
   <trkpt lat="50.816682" lon="8.340788"><ele>312.75</ele></trkpt>
   <trkpt lat="50.816706" lon="8.340857"><ele>313</ele></trkpt>
   <trkpt lat="50.816756" lon="8.341038"><ele>313.25</ele></trkpt>
   <trkpt lat="50.816788" lon="8.341025"><ele>313</ele></trkpt>
   <trkpt lat="50.816932" lon="8.340956"><ele>312.5</ele></trkpt>
   <trkpt lat="50.817422" lon="8.340686"><ele>313</ele></trkpt>
   <trkpt lat="50.817554" lon="8.340735"><ele>313</ele></trkpt>
   <trkpt lat="50.817707" lon="8.340811"><ele>313.5</ele></trkpt>
   <trkpt lat="50.817781" lon="8.34083"><ele>314</ele></trkpt>
   <trkpt lat="50.817865" lon="8.340821"><ele>314.5</ele></trkpt>
   <trkpt lat="50.817988" lon="8.340775"><ele>315</ele></trkpt>
   <trkpt lat="50.818451" lon="8.340562"><ele>316.75</ele></trkpt>
   <trkpt lat="50.81916" lon="8.340195"><ele>318.25</ele></trkpt>
   <trkpt lat="50.819439" lon="8.34006"><ele>319.25</ele></trkpt>
   <trkpt lat="50.819906" lon="8.339797"><ele>320</ele></trkpt>
   <trkpt lat="50.820214" lon="8.339609"><ele>320</ele></trkpt>
   <trkpt lat="50.820473" lon="8.339423"><ele>320.5</ele></trkpt>
   <trkpt lat="50.820908" lon="8.339087"><ele>320.75</ele></trkpt>
   <trkpt lat="50.821332" lon="8.338824"><ele>320.5</ele></trkpt>
   <trkpt lat="50.821995" lon="8.338479"><ele>322</ele></trkpt>
   <trkpt lat="50.822109" lon="8.338451"><ele>322.5</ele></trkpt>
   <trkpt lat="50.822246" lon="8.338486"><ele>323</ele></trkpt>
   <trkpt lat="50.822319" lon="8.338533"><ele>323.5</ele></trkpt>
   <trkpt lat="50.822394" lon="8.338619"><ele>324.25</ele></trkpt>
   <trkpt lat="50.822436" lon="8.338693"><ele>325</ele></trkpt>
   <trkpt lat="50.822578" lon="8.338653"><ele>325</ele></trkpt>
   <trkpt lat="50.823417" lon="8.338559"><ele>323.5</ele></trkpt>
   <trkpt lat="50.823908" lon="8.338532"><ele>323.75</ele></trkpt>
   <trkpt lat="50.824598" lon="8.338448"><ele>323.75</ele></trkpt>
   <trkpt lat="50.825218" lon="8.338455"><ele>324.5</ele></trkpt>
   <trkpt lat="50.825848" lon="8.338248"><ele>325</ele></trkpt>
   <trkpt lat="50.826008" lon="8.338229"><ele>324.75</ele></trkpt>
   <trkpt lat="50.82782" lon="8.338157"><ele>325</ele></trkpt>
   <trkpt lat="50.827964" lon="8.338173"><ele>325.5</ele></trkpt>
   <trkpt lat="50.828919" lon="8.338167"><ele>328</ele></trkpt>
   <trkpt lat="50.82903" lon="8.338187"><ele>328</ele></trkpt>
   <trkpt lat="50.829124" lon="8.338226"><ele>328.5</ele></trkpt>
   <trkpt lat="50.829361" lon="8.338377"><ele>330</ele></trkpt>
   <trkpt lat="50.829566" lon="8.338459"><ele>329.75</ele></trkpt>
   <trkpt lat="50.830044" lon="8.338577"><ele>328</ele></trkpt>
   <trkpt lat="50.830828" lon="8.338942"><ele>328</ele></trkpt>
   <trkpt lat="50.83101" lon="8.339031"><ele>327.5</ele></trkpt>
   <trkpt lat="50.831335" lon="8.339226"><ele>328.25</ele></trkpt>
   <trkpt lat="50.831486" lon="8.339295"><ele>329.5</ele></trkpt>
   <trkpt lat="50.831773" lon="8.339388"><ele>330</ele></trkpt>
   <trkpt lat="50.832155" lon="8.339485"><ele>331.75</ele></trkpt>
   <trkpt lat="50.832334" lon="8.339517"><ele>332.75</ele></trkpt>
   <trkpt lat="50.832625" lon="8.339475"><ele>331.5</ele></trkpt>
   <trkpt lat="50.832819" lon="8.339468"><ele>331</ele></trkpt>
   <trkpt lat="50.833004" lon="8.339481"><ele>330.5</ele></trkpt>
   <trkpt lat="50.833162" lon="8.3395"><ele>330</ele></trkpt>
   <trkpt lat="50.833285" lon="8.339542"><ele>329.75</ele></trkpt>
   <trkpt lat="50.83343" lon="8.339618"><ele>329.75</ele></trkpt>
   <trkpt lat="50.833525" lon="8.339653"><ele>329.25</ele></trkpt>
   <trkpt lat="50.833625" lon="8.339661"><ele>329</ele></trkpt>
   <trkpt lat="50.833691" lon="8.339646"><ele>329</ele></trkpt>
   <trkpt lat="50.833761" lon="8.339613"><ele>329.25</ele></trkpt>
   <trkpt lat="50.833827" lon="8.339556"><ele>329.25</ele></trkpt>
   <trkpt lat="50.833901" lon="8.339455"><ele>329</ele></trkpt>
   <trkpt lat="50.834055" lon="8.339177"><ele>329.75</ele></trkpt>
   <trkpt lat="50.834174" lon="8.339002"><ele>330.25</ele></trkpt>
   <trkpt lat="50.834258" lon="8.338901"><ele>330.25</ele></trkpt>
   <trkpt lat="50.834352" lon="8.338819"><ele>330.25</ele></trkpt>
   <trkpt lat="50.83458" lon="8.338703"><ele>331</ele></trkpt>
   <trkpt lat="50.834652" lon="8.338383"><ele>329</ele></trkpt>
   <trkpt lat="50.834769" lon="8.337984"><ele>328.5</ele></trkpt>
   <trkpt lat="50.835039" lon="8.337151"><ele>328.25</ele></trkpt>
   <trkpt lat="50.835181" lon="8.336716"><ele>328</ele></trkpt>
   <trkpt lat="50.835266" lon="8.336437"><ele>329.5</ele></trkpt>
   <trkpt lat="50.835281" lon="8.336378"><ele>329.75</ele></trkpt>
   <trkpt lat="50.835556" lon="8.336507"><ele>330</ele></trkpt>
   <trkpt lat="50.835876" lon="8.336547"><ele>330.5</ele></trkpt>
   <trkpt lat="50.835876" lon="8.336419"><ele>331</ele></trkpt>
   <trkpt lat="50.835877" lon="8.336317"><ele>330.75</ele></trkpt>
   <trkpt lat="50.836005" lon="8.336164"><ele>331.25</ele></trkpt>
   <trkpt lat="50.836068" lon="8.33611"><ele>331.5</ele></trkpt>
   <trkpt lat="50.836084" lon="8.336178"><ele>331.75</ele></trkpt>
   <trkpt lat="50.836116" lon="8.33626"><ele>332</ele></trkpt>
   <trkpt lat="50.836158" lon="8.336293"><ele>332</ele></trkpt>
   <trkpt lat="50.836201" lon="8.33631"><ele>332.25</ele></trkpt>
   <trkpt lat="50.83629" lon="8.336323"><ele>332.5</ele></trkpt>
   <trkpt lat="50.836561" lon="8.336337"><ele>333.5</ele></trkpt>
   <trkpt lat="50.836687" lon="8.336358"><ele>334</ele></trkpt>
   <trkpt lat="50.836827" lon="8.33639"><ele>333.75</ele></trkpt>
   <trkpt lat="50.837158" lon="8.336487"><ele>336.25</ele></trkpt>
   <trkpt lat="50.838073" lon="8.336775"><ele>337.75</ele></trkpt>
   <trkpt lat="50.838277" lon="8.336861"><ele>338</ele></trkpt>
   <trkpt lat="50.838469" lon="8.336965"><ele>338.25</ele></trkpt>
   <trkpt lat="50.839263" lon="8.337443"><ele>341.75</ele></trkpt>
   <trkpt lat="50.839646" lon="8.337679"><ele>343.75</ele></trkpt>
   <trkpt lat="50.839984" lon="8.337914"><ele>345.25</ele></trkpt>
   <trkpt lat="50.840157" lon="8.338044"><ele>346</ele></trkpt>
   <trkpt lat="50.840324" lon="8.338186"><ele>346.75</ele></trkpt>
   <trkpt lat="50.840711" lon="8.338538"><ele>347.75</ele></trkpt>
   <trkpt lat="50.84112" lon="8.338872"><ele>349</ele></trkpt>
   <trkpt lat="50.841424" lon="8.33908"><ele>349.25</ele></trkpt>
   <trkpt lat="50.841954" lon="8.339402"><ele>349</ele></trkpt>
   <trkpt lat="50.843024" lon="8.340061"><ele>351.25</ele></trkpt>
   <trkpt lat="50.843693" lon="8.340466"><ele>351.25</ele></trkpt>
   <trkpt lat="50.843885" lon="8.340571"><ele>350.75</ele></trkpt>
   <trkpt lat="50.84401" lon="8.340627"><ele>352</ele></trkpt>
   <trkpt lat="50.844097" lon="8.340656"><ele>352.5</ele></trkpt>
   <trkpt lat="50.844197" lon="8.340672"><ele>353</ele></trkpt>
   <trkpt lat="50.844297" lon="8.340668"><ele>353</ele></trkpt>
   <trkpt lat="50.845156" lon="8.340511"><ele>352.5</ele></trkpt>
   <trkpt lat="50.846154" lon="8.340348"><ele>353.5</ele></trkpt>
   <trkpt lat="50.846356" lon="8.340329"><ele>353.5</ele></trkpt>
   <trkpt lat="50.846645" lon="8.340342"><ele>352.75</ele></trkpt>
   <trkpt lat="50.847418" lon="8.34044"><ele>354.25</ele></trkpt>
   <trkpt lat="50.847499" lon="8.340468"><ele>354.75</ele></trkpt>
   <trkpt lat="50.847529" lon="8.340554"><ele>355</ele></trkpt>
   <trkpt lat="50.84833" lon="8.340655"><ele>358.5</ele></trkpt>
   <trkpt lat="50.84856" lon="8.340674"><ele>359.25</ele></trkpt>
   <trkpt lat="50.848927" lon="8.340659"><ele>359.5</ele></trkpt>
   <trkpt lat="50.849127" lon="8.34061"><ele>359.75</ele></trkpt>
   <trkpt lat="50.849239" lon="8.340559"><ele>359.75</ele></trkpt>
   <trkpt lat="50.849383" lon="8.340462"><ele>360.25</ele></trkpt>
   <trkpt lat="50.849505" lon="8.340355"><ele>360.5</ele></trkpt>
   <trkpt lat="50.849655" lon="8.340189"><ele>360.5</ele></trkpt>
   <trkpt lat="50.850006" lon="8.339772"><ele>359.75</ele></trkpt>
   <trkpt lat="50.850259" lon="8.339463"><ele>359.75</ele></trkpt>
   <trkpt lat="50.85043" lon="8.339299"><ele>360.5</ele></trkpt>
   <trkpt lat="50.850608" lon="8.339161"><ele>361</ele></trkpt>
   <trkpt lat="50.851054" lon="8.338904"><ele>361.75</ele></trkpt>
   <trkpt lat="50.851146" lon="8.338843"><ele>362.25</ele></trkpt>
   <trkpt lat="50.85132" lon="8.338702"><ele>363</ele></trkpt>
   <trkpt lat="50.851425" lon="8.338601"><ele>363</ele></trkpt>
   <trkpt lat="50.851507" lon="8.338503"><ele>363.75</ele></trkpt>
   <trkpt lat="50.851621" lon="8.338342"><ele>364</ele></trkpt>
   <trkpt lat="50.85198" lon="8.337762"><ele>365</ele></trkpt>
   <trkpt lat="50.852034" lon="8.337704"><ele>365.5</ele></trkpt>
   <trkpt lat="50.852122" lon="8.337651"><ele>365.75</ele></trkpt>
   <trkpt lat="50.852181" lon="8.337645"><ele>365.75</ele></trkpt>
   <trkpt lat="50.85224" lon="8.337652"><ele>366</ele></trkpt>
   <trkpt lat="50.852299" lon="8.337687"><ele>366</ele></trkpt>
   <trkpt lat="50.85235" lon="8.337743"><ele>366</ele></trkpt>
   <trkpt lat="50.852398" lon="8.337823"><ele>365.75</ele></trkpt>
   <trkpt lat="50.852682" lon="8.338368"><ele>366.5</ele></trkpt>
   <trkpt lat="50.852716" lon="8.338433"><ele>367</ele></trkpt>
   <trkpt lat="50.852752" lon="8.338501"><ele>367.25</ele></trkpt>
   <trkpt lat="50.85284" lon="8.338679"><ele>368.5</ele></trkpt>
   <trkpt lat="50.852895" lon="8.33881"><ele>369.25</ele></trkpt>
   <trkpt lat="50.852933" lon="8.338929"><ele>370</ele></trkpt>
   <trkpt lat="50.852958" lon="8.339049"><ele>370.5</ele></trkpt>
   <trkpt lat="50.853003" lon="8.339577"><ele>370</ele></trkpt>
   <trkpt lat="50.853026" lon="8.339728"><ele>369.75</ele></trkpt>
   <trkpt lat="50.853061" lon="8.339868"><ele>370</ele></trkpt>
   <trkpt lat="50.853119" lon="8.340024"><ele>370</ele></trkpt>
   <trkpt lat="50.853188" lon="8.340139"><ele>369.5</ele></trkpt>
   <trkpt lat="50.853279" lon="8.340253"><ele>369.5</ele></trkpt>
   <trkpt lat="50.853517" lon="8.340489"><ele>370.5</ele></trkpt>
   <trkpt lat="50.85468" lon="8.34163"><ele>374</ele></trkpt>
   <trkpt lat="50.854862" lon="8.341845"><ele>374.75</ele></trkpt>
   <trkpt lat="50.85498" lon="8.342016"><ele>374.75</ele></trkpt>
   <trkpt lat="50.855463" lon="8.342762"><ele>375.5</ele></trkpt>
   <trkpt lat="50.855818" lon="8.343311"><ele>375.75</ele></trkpt>
   <trkpt lat="50.856052" lon="8.343674"><ele>376</ele></trkpt>
   <trkpt lat="50.856498" lon="8.344351"><ele>377.25</ele></trkpt>
   <trkpt lat="50.856664" lon="8.344606"><ele>377.25</ele></trkpt>
   <trkpt lat="50.856853" lon="8.344906"><ele>378.25</ele></trkpt>
   <trkpt lat="50.856931" lon="8.345034"><ele>378.5</ele></trkpt>
   <trkpt lat="50.857023" lon="8.345211"><ele>378.75</ele></trkpt>
   <trkpt lat="50.85708" lon="8.345366"><ele>378.5</ele></trkpt>
   <trkpt lat="50.857122" lon="8.345533"><ele>378.25</ele></trkpt>
   <trkpt lat="50.857151" lon="8.345716"><ele>378.25</ele></trkpt>
   <trkpt lat="50.857159" lon="8.345883"><ele>378</ele></trkpt>
   <trkpt lat="50.857154" lon="8.34607"><ele>377.5</ele></trkpt>
   <trkpt lat="50.857136" lon="8.346231"><ele>377</ele></trkpt>
   <trkpt lat="50.857094" lon="8.346416"><ele>376.5</ele></trkpt>
   <trkpt lat="50.85704" lon="8.346605"><ele>377.5</ele></trkpt>
   <trkpt lat="50.856756" lon="8.347391"><ele>379.75</ele></trkpt>
   <trkpt lat="50.855992" lon="8.349454"><ele>387.25</ele></trkpt>
   <trkpt lat="50.85558" lon="8.350584"><ele>393</ele></trkpt>
   <trkpt lat="50.855478" lon="8.350825"><ele>394.75</ele></trkpt>
   <trkpt lat="50.855425" lon="8.350933"><ele>395</ele></trkpt>
   <trkpt lat="50.85532" lon="8.351093"><ele>395.25</ele></trkpt>
   <trkpt lat="50.855238" lon="8.351173"><ele>395</ele></trkpt>
   <trkpt lat="50.855135" lon="8.351248"><ele>395</ele></trkpt>
   <trkpt lat="50.855024" lon="8.351303"><ele>395.75</ele></trkpt>
   <trkpt lat="50.854928" lon="8.351325"><ele>396.5</ele></trkpt>
   <trkpt lat="50.854552" lon="8.351351"><ele>398.75</ele></trkpt>
   <trkpt lat="50.854461" lon="8.351375"><ele>399.5</ele></trkpt>
   <trkpt lat="50.854383" lon="8.351408"><ele>399.75</ele></trkpt>
   <trkpt lat="50.854303" lon="8.351471"><ele>400</ele></trkpt>
   <trkpt lat="50.854233" lon="8.351541"><ele>400.5</ele></trkpt>
   <trkpt lat="50.854169" lon="8.351636"><ele>401.5</ele></trkpt>
   <trkpt lat="50.854116" lon="8.351752"><ele>401</ele></trkpt>
   <trkpt lat="50.854068" lon="8.351891"><ele>400.75</ele></trkpt>
   <trkpt lat="50.854036" lon="8.352049"><ele>401.75</ele></trkpt>
   <trkpt lat="50.854022" lon="8.352195"><ele>403.25</ele></trkpt>
   <trkpt lat="50.854018" lon="8.352335"><ele>403.75</ele></trkpt>
   <trkpt lat="50.854023" lon="8.352495"><ele>404.25</ele></trkpt>
   <trkpt lat="50.85405" lon="8.35271"><ele>405</ele></trkpt>
   <trkpt lat="50.854131" lon="8.353251"><ele>407</ele></trkpt>
   <trkpt lat="50.854165" lon="8.353432"><ele>408.25</ele></trkpt>
   <trkpt lat="50.854221" lon="8.353616"><ele>409.5</ele></trkpt>
   <trkpt lat="50.854285" lon="8.353768"><ele>409.25</ele></trkpt>
   <trkpt lat="50.854367" lon="8.353912"><ele>409.75</ele></trkpt>
   <trkpt lat="50.85445" lon="8.354013"><ele>410.5</ele></trkpt>
   <trkpt lat="50.854554" lon="8.35411"><ele>411.25</ele></trkpt>
   <trkpt lat="50.854638" lon="8.354171"><ele>412</ele></trkpt>
   <trkpt lat="50.854801" lon="8.354256"><ele>412.75</ele></trkpt>
   <trkpt lat="50.855177" lon="8.35441"><ele>415</ele></trkpt>
   <trkpt lat="50.855369" lon="8.354509"><ele>416</ele></trkpt>
   <trkpt lat="50.855528" lon="8.354608"><ele>416.75</ele></trkpt>
   <trkpt lat="50.855677" lon="8.354717"><ele>418.25</ele></trkpt>
   <trkpt lat="50.855786" lon="8.354819"><ele>419</ele></trkpt>
   <trkpt lat="50.855861" lon="8.354914"><ele>419.5</ele></trkpt>
   <trkpt lat="50.855928" lon="8.355024"><ele>420.25</ele></trkpt>
   <trkpt lat="50.855974" lon="8.355126"><ele>420.5</ele></trkpt>
   <trkpt lat="50.856357" lon="8.356128"><ele>423.25</ele></trkpt>
   <trkpt lat="50.856883" lon="8.357381"><ele>428</ele></trkpt>
   <trkpt lat="50.856945" lon="8.357538"><ele>428</ele></trkpt>
   <trkpt lat="50.856984" lon="8.357658"><ele>428.75</ele></trkpt>
   <trkpt lat="50.857093" lon="8.35814"><ele>431</ele></trkpt>
   <trkpt lat="50.857164" lon="8.358543"><ele>432</ele></trkpt>
   <trkpt lat="50.857202" lon="8.359225"><ele>432.75</ele></trkpt>
   <trkpt lat="50.857208" lon="8.359594"><ele>434.25</ele></trkpt>
   <trkpt lat="50.857204" lon="8.359751"><ele>434.75</ele></trkpt>
   <trkpt lat="50.857192" lon="8.359914"><ele>435</ele></trkpt>
   <trkpt lat="50.857135" lon="8.360357"><ele>435</ele></trkpt>
   <trkpt lat="50.857094" lon="8.360746"><ele>436.25</ele></trkpt>
   <trkpt lat="50.857087" lon="8.360915"><ele>437</ele></trkpt>
   <trkpt lat="50.857091" lon="8.361069"><ele>437.75</ele></trkpt>
   <trkpt lat="50.857104" lon="8.361218"><ele>438.25</ele></trkpt>
   <trkpt lat="50.857126" lon="8.36135"><ele>438.5</ele></trkpt>
   <trkpt lat="50.857156" lon="8.361486"><ele>439</ele></trkpt>
   <trkpt lat="50.857207" lon="8.361662"><ele>439.75</ele></trkpt>
   <trkpt lat="50.858227" lon="8.364476"><ele>449.5</ele></trkpt>
   <trkpt lat="50.858369" lon="8.364905"><ele>450.25</ele></trkpt>
   <trkpt lat="50.858742" lon="8.366235"><ele>452.5</ele></trkpt>
   <trkpt lat="50.858983" lon="8.367127"><ele>454.75</ele></trkpt>
   <trkpt lat="50.859517" lon="8.369143"><ele>457.5</ele></trkpt>
   <trkpt lat="50.85961" lon="8.369468"><ele>457.75</ele></trkpt>
   <trkpt lat="50.859673" lon="8.369655"><ele>458.25</ele></trkpt>
   <trkpt lat="50.860753" lon="8.37238"><ele>461.25</ele></trkpt>
   <trkpt lat="50.860906" lon="8.372743"><ele>462.25</ele></trkpt>
   <trkpt lat="50.861027" lon="8.373005"><ele>462</ele></trkpt>
   <trkpt lat="50.861158" lon="8.373252"><ele>463</ele></trkpt>
   <trkpt lat="50.861325" lon="8.37353"><ele>463.5</ele></trkpt>
   <trkpt lat="50.861543" lon="8.373825"><ele>463.75</ele></trkpt>
   <trkpt lat="50.862201" lon="8.374634"><ele>465.5</ele></trkpt>
   <trkpt lat="50.862294" lon="8.374732"><ele>465.5</ele></trkpt>
   <trkpt lat="50.862389" lon="8.374814"><ele>465.75</ele></trkpt>
   <trkpt lat="50.86248" lon="8.374865"><ele>466</ele></trkpt>
   <trkpt lat="50.8626" lon="8.374882"><ele>466.25</ele></trkpt>
   <trkpt lat="50.862749" lon="8.374859"><ele>466.75</ele></trkpt>
   <trkpt lat="50.862876" lon="8.374806"><ele>466.75</ele></trkpt>
   <trkpt lat="50.863375" lon="8.374523"><ele>467.75</ele></trkpt>
   <trkpt lat="50.863492" lon="8.374472"><ele>468</ele></trkpt>
   <trkpt lat="50.863577" lon="8.374451"><ele>468</ele></trkpt>
   <trkpt lat="50.863677" lon="8.374432"><ele>468</ele></trkpt>
   <trkpt lat="50.863797" lon="8.37443"><ele>468</ele></trkpt>
   <trkpt lat="50.864153" lon="8.37449"><ele>469</ele></trkpt>
   <trkpt lat="50.864287" lon="8.374471"><ele>469</ele></trkpt>
   <trkpt lat="50.864351" lon="8.374446"><ele>469.25</ele></trkpt>
   <trkpt lat="50.864418" lon="8.374404"><ele>469.25</ele></trkpt>
   <trkpt lat="50.864498" lon="8.374317"><ele>469</ele></trkpt>
   <trkpt lat="50.864533" lon="8.374267"><ele>469</ele></trkpt>
   <trkpt lat="50.864614" lon="8.374103"><ele>469</ele></trkpt>
   <trkpt lat="50.864654" lon="8.374"><ele>469.25</ele></trkpt>
   <trkpt lat="50.864717" lon="8.373804"><ele>470.25</ele></trkpt>
   <trkpt lat="50.864805" lon="8.373495"><ele>469.5</ele></trkpt>
   <trkpt lat="50.865001" lon="8.372684"><ele>471.5</ele></trkpt>
   <trkpt lat="50.865062" lon="8.372361"><ele>471.25</ele></trkpt>
   <trkpt lat="50.865125" lon="8.371933"><ele>470.75</ele></trkpt>
   <trkpt lat="50.865175" lon="8.371692"><ele>471.75</ele></trkpt>
   <trkpt lat="50.865295" lon="8.371317"><ele>471.75</ele></trkpt>
   <trkpt lat="50.865345" lon="8.371137"><ele>471.25</ele></trkpt>
   <trkpt lat="50.865374" lon="8.371"><ele>471.25</ele></trkpt>
   <trkpt lat="50.865391" lon="8.370859"><ele>472</ele></trkpt>
   <trkpt lat="50.865391" lon="8.370074"><ele>472.5</ele></trkpt>
   <trkpt lat="50.865412" lon="8.369733"><ele>472.5</ele></trkpt>
   <trkpt lat="50.865467" lon="8.369199"><ele>473.25</ele></trkpt>
   <trkpt lat="50.865521" lon="8.368872"><ele>473.5</ele></trkpt>
   <trkpt lat="50.865597" lon="8.368543"><ele>474.25</ele></trkpt>
   <trkpt lat="50.865955" lon="8.36739"><ele>473.25</ele></trkpt>
   <trkpt lat="50.86604" lon="8.367082"><ele>474.5</ele></trkpt>
   <trkpt lat="50.866097" lon="8.366763"><ele>475</ele></trkpt>
   <trkpt lat="50.866128" lon="8.366522"><ele>474.25</ele></trkpt>
   <trkpt lat="50.866146" lon="8.366302"><ele>473.5</ele></trkpt>
   <trkpt lat="50.866172" lon="8.365311"><ele>471.25</ele></trkpt>
   <trkpt lat="50.8662" lon="8.36502"><ele>470.75</ele></trkpt>
   <trkpt lat="50.866257" lon="8.364706"><ele>470.5</ele></trkpt>
   <trkpt lat="50.866319" lon="8.364451"><ele>469.25</ele></trkpt>
   <trkpt lat="50.866385" lon="8.364234"><ele>468.25</ele></trkpt>
   <trkpt lat="50.866512" lon="8.363928"><ele>467.5</ele></trkpt>
   <trkpt lat="50.866622" lon="8.363718"><ele>465.75</ele></trkpt>
   <trkpt lat="50.86679" lon="8.363455"><ele>463</ele></trkpt>
   <trkpt lat="50.867084" lon="8.363116"><ele>460.75</ele></trkpt>
   <trkpt lat="50.867578" lon="8.362633"><ele>458.75</ele></trkpt>
   <trkpt lat="50.868048" lon="8.362144"><ele>454.5</ele></trkpt>
   <trkpt lat="50.868461" lon="8.361678"><ele>451.75</ele></trkpt>
   <trkpt lat="50.868774" lon="8.361299"><ele>448.25</ele></trkpt>
   <trkpt lat="50.869039" lon="8.36096"><ele>445.75</ele></trkpt>
   <trkpt lat="50.86936" lon="8.360522"><ele>443.75</ele></trkpt>
   <trkpt lat="50.869729" lon="8.359979"><ele>440.75</ele></trkpt>
   <trkpt lat="50.870913" lon="8.358129"><ele>433.5</ele></trkpt>
   <trkpt lat="50.871203" lon="8.357731"><ele>430.75</ele></trkpt>
   <trkpt lat="50.871343" lon="8.357573"><ele>430.25</ele></trkpt>
   <trkpt lat="50.87149" lon="8.357423"><ele>429.5</ele></trkpt>
   <trkpt lat="50.871605" lon="8.357323"><ele>429</ele></trkpt>
   <trkpt lat="50.872022" lon="8.356969"><ele>428</ele></trkpt>
   <trkpt lat="50.872416" lon="8.356623"><ele>426.25</ele></trkpt>
   <trkpt lat="50.872714" lon="8.356258"><ele>425.5</ele></trkpt>
   <trkpt lat="50.873222" lon="8.355534"><ele>422.75</ele></trkpt>
   <trkpt lat="50.873768" lon="8.354683"><ele>422.25</ele></trkpt>
   <trkpt lat="50.873868" lon="8.354498"><ele>422</ele></trkpt>
   <trkpt lat="50.873941" lon="8.354347"><ele>421.25</ele></trkpt>
   <trkpt lat="50.87398" lon="8.35424"><ele>420.75</ele></trkpt>
   <trkpt lat="50.874045" lon="8.354055"><ele>421.25</ele></trkpt>
   <trkpt lat="50.874083" lon="8.353923"><ele>422.5</ele></trkpt>
   <trkpt lat="50.874142" lon="8.353674"><ele>423</ele></trkpt>
   <trkpt lat="50.874215" lon="8.353171"><ele>423.5</ele></trkpt>
   <trkpt lat="50.874308" lon="8.352432"><ele>425.5</ele></trkpt>
   <trkpt lat="50.874347" lon="8.352164"><ele>425</ele></trkpt>
   <trkpt lat="50.874412" lon="8.351874"><ele>423.75</ele></trkpt>
   <trkpt lat="50.874439" lon="8.351765"><ele>423</ele></trkpt>
   <trkpt lat="50.874522" lon="8.351466"><ele>423.5</ele></trkpt>
   <trkpt lat="50.874604" lon="8.351229"><ele>424.25</ele></trkpt>
   <trkpt lat="50.874686" lon="8.351025"><ele>424</ele></trkpt>
   <trkpt lat="50.874962" lon="8.351329"><ele>420.25</ele></trkpt>
   <trkpt lat="50.875269" lon="8.351659"><ele>419</ele></trkpt>
   <trkpt lat="50.875315" lon="8.351704"><ele>419</ele></trkpt>
   <trkpt lat="50.875411" lon="8.351798"><ele>419.25</ele></trkpt>
   <trkpt lat="50.875512" lon="8.351881"><ele>420.25</ele></trkpt>
   <trkpt lat="50.875574" lon="8.35176"><ele>420.25</ele></trkpt>
   <trkpt lat="50.875781" lon="8.351434"><ele>420</ele></trkpt>
   <trkpt lat="50.875843" lon="8.351368"><ele>418.75</ele></trkpt>
   <trkpt lat="50.876105" lon="8.351211"><ele>418.25</ele></trkpt>
   <trkpt lat="50.876199" lon="8.35114"><ele>417.5</ele></trkpt>
   <trkpt lat="50.876362" lon="8.35098"><ele>417.25</ele></trkpt>
   <trkpt lat="50.876488" lon="8.350829"><ele>418</ele></trkpt>
   <trkpt lat="50.876592" lon="8.350739"><ele>418</ele></trkpt>
   <trkpt lat="50.876729" lon="8.350654"><ele>417.5</ele></trkpt>
   <trkpt lat="50.876796" lon="8.350624"><ele>417.25</ele></trkpt>
   <trkpt lat="50.877004" lon="8.350594"><ele>417.25</ele></trkpt>
   <trkpt lat="50.877056" lon="8.350573"><ele>416.75</ele></trkpt>
   <trkpt lat="50.877112" lon="8.350527"><ele>416.25</ele></trkpt>
   <trkpt lat="50.877419" lon="8.350139"><ele>416.25</ele></trkpt>
   <trkpt lat="50.877737" lon="8.349821"><ele>416.25</ele></trkpt>
   <trkpt lat="50.877869" lon="8.349696"><ele>416.25</ele></trkpt>
   <trkpt lat="50.87799" lon="8.3496"><ele>416.5</ele></trkpt>
   <trkpt lat="50.878148" lon="8.349514"><ele>415.75</ele></trkpt>
   <trkpt lat="50.878232" lon="8.349489"><ele>415.25</ele></trkpt>
   <trkpt lat="50.87833" lon="8.349473"><ele>415</ele></trkpt>
   <trkpt lat="50.878852" lon="8.349427"><ele>413.75</ele></trkpt>
   <trkpt lat="50.879055" lon="8.349417"><ele>413.75</ele></trkpt>
   <trkpt lat="50.87935" lon="8.349418"><ele>413</ele></trkpt>
   <trkpt lat="50.879424" lon="8.34941"><ele>412.75</ele></trkpt>
   <trkpt lat="50.879726" lon="8.349236"><ele>411</ele></trkpt>
   <trkpt lat="50.879879" lon="8.349118"><ele>410.25</ele></trkpt>
   <trkpt lat="50.880008" lon="8.348959"><ele>409.75</ele></trkpt>
   <trkpt lat="50.880075" lon="8.348861"><ele>409.75</ele></trkpt>
   <trkpt lat="50.880157" lon="8.34872"><ele>409.75</ele></trkpt>
   <trkpt lat="50.880286" lon="8.348475"><ele>409.25</ele></trkpt>
   <trkpt lat="50.880309" lon="8.348419"><ele>409.25</ele></trkpt>
   <trkpt lat="50.880336" lon="8.348333"><ele>409</ele></trkpt>
   <trkpt lat="50.880382" lon="8.34821"><ele>409.5</ele></trkpt>
   <trkpt lat="50.880409" lon="8.348183"><ele>409.75</ele></trkpt>
   <trkpt lat="50.880437" lon="8.348168"><ele>409.75</ele></trkpt>
   <trkpt lat="50.88128" lon="8.347986"><ele>408.75</ele></trkpt>
   <trkpt lat="50.88143" lon="8.347959"><ele>408.5</ele></trkpt>
   <trkpt lat="50.881513" lon="8.34796"><ele>408.5</ele></trkpt>
   <trkpt lat="50.881582" lon="8.347984"><ele>408.5</ele></trkpt>
   <trkpt lat="50.881633" lon="8.347984"><ele>408.5</ele></trkpt>
   <trkpt lat="50.881712" lon="8.34794"><ele>408.75</ele></trkpt>
   <trkpt lat="50.881758" lon="8.347886"><ele>409</ele></trkpt>
   <trkpt lat="50.88181" lon="8.347855"><ele>409.25</ele></trkpt>
   <trkpt lat="50.881943" lon="8.347819"><ele>409.5</ele></trkpt>
   <trkpt lat="50.881983" lon="8.347824"><ele>409.5</ele></trkpt>
   <trkpt lat="50.88202" lon="8.347842"><ele>409.25</ele></trkpt>
   <trkpt lat="50.882113" lon="8.347914"><ele>408.25</ele></trkpt>
   <trkpt lat="50.88216" lon="8.34794"><ele>408</ele></trkpt>
   <trkpt lat="50.882208" lon="8.347954"><ele>407.75</ele></trkpt>
   <trkpt lat="50.882325" lon="8.347915"><ele>407.5</ele></trkpt>
   <trkpt lat="50.882392" lon="8.347869"><ele>407.5</ele></trkpt>
   <trkpt lat="50.882461" lon="8.347784"><ele>408</ele></trkpt>
   <trkpt lat="50.882516" lon="8.347732"><ele>408.25</ele></trkpt>
   <trkpt lat="50.882785" lon="8.347561"><ele>408.25</ele></trkpt>
   <trkpt lat="50.882944" lon="8.347429"><ele>407.75</ele></trkpt>
   <trkpt lat="50.883075" lon="8.347283"><ele>408</ele></trkpt>
   <trkpt lat="50.883218" lon="8.347104"><ele>407.25</ele></trkpt>
   <trkpt lat="50.88335" lon="8.346913"><ele>407</ele></trkpt>
   <trkpt lat="50.883759" lon="8.346237"><ele>406.75</ele></trkpt>
   <trkpt lat="50.883912" lon="8.34604"><ele>406.5</ele></trkpt>
   <trkpt lat="50.884063" lon="8.345894"><ele>406.5</ele></trkpt>
   <trkpt lat="50.884279" lon="8.34573"><ele>406.25</ele></trkpt>
   <trkpt lat="50.884398" lon="8.345672"><ele>406.5</ele></trkpt>
   <trkpt lat="50.884561" lon="8.345628"><ele>406.25</ele></trkpt>
   <trkpt lat="50.884776" lon="8.345513"><ele>406.25</ele></trkpt>
   <trkpt lat="50.884831" lon="8.345455"><ele>406.75</ele></trkpt>
   <trkpt lat="50.884849" lon="8.345386"><ele>407.5</ele></trkpt>
   <trkpt lat="50.88527" lon="8.345304"><ele>406.75</ele></trkpt>
   <trkpt lat="50.885648" lon="8.345226"><ele>407.25</ele></trkpt>
   <trkpt lat="50.885847" lon="8.345162"><ele>407</ele></trkpt>
   <trkpt lat="50.886042" lon="8.345085"><ele>405.75</ele></trkpt>
   <trkpt lat="50.886234" lon="8.344987"><ele>405.25</ele></trkpt>
   <trkpt lat="50.886546" lon="8.344766"><ele>405</ele></trkpt>
   <trkpt lat="50.886697" lon="8.344632"><ele>405.5</ele></trkpt>
   <trkpt lat="50.886814" lon="8.344503"><ele>405.75</ele></trkpt>
   <trkpt lat="50.886901" lon="8.344392"><ele>405.5</ele></trkpt>
   <trkpt lat="50.886999" lon="8.344254"><ele>404</ele></trkpt>
   <trkpt lat="50.887148" lon="8.343985"><ele>404.75</ele></trkpt>
   <trkpt lat="50.887283" lon="8.343682"><ele>403.75</ele></trkpt>
   <trkpt lat="50.887619" lon="8.342806"><ele>403.25</ele></trkpt>
   <trkpt lat="50.887833" lon="8.342337"><ele>402.25</ele></trkpt>
   <trkpt lat="50.887975" lon="8.342094"><ele>401.25</ele></trkpt>
   <trkpt lat="50.888154" lon="8.341817"><ele>401.5</ele></trkpt>
   <trkpt lat="50.888326" lon="8.341581"><ele>401.25</ele></trkpt>
   <trkpt lat="50.888676" lon="8.341192"><ele>400.75</ele></trkpt>
   <trkpt lat="50.888826" lon="8.34105"><ele>400.5</ele></trkpt>
   <trkpt lat="50.889013" lon="8.340903"><ele>399.75</ele></trkpt>
   <trkpt lat="50.889304" lon="8.340738"><ele>398.5</ele></trkpt>
   <trkpt lat="50.889569" lon="8.340642"><ele>398</ele></trkpt>
   <trkpt lat="50.889785" lon="8.340596"><ele>397.5</ele></trkpt>
   <trkpt lat="50.889942" lon="8.3406"><ele>397.5</ele></trkpt>
   <trkpt lat="50.890326" lon="8.340657"><ele>397.75</ele></trkpt>
   <trkpt lat="50.890553" lon="8.340664"><ele>398</ele></trkpt>
   <trkpt lat="50.890745" lon="8.34064"><ele>397.5</ele></trkpt>
   <trkpt lat="50.89085" lon="8.340616"><ele>397.25</ele></trkpt>
   <trkpt lat="50.891174" lon="8.340488"><ele>397.25</ele></trkpt>
   <trkpt lat="50.892179" lon="8.33997"><ele>396.25</ele></trkpt>
   <trkpt lat="50.892669" lon="8.339833"><ele>395.5</ele></trkpt>
   <trkpt lat="50.893087" lon="8.339761"><ele>395.25</ele></trkpt>
   <trkpt lat="50.893625" lon="8.339791"><ele>394.25</ele></trkpt>
   <trkpt lat="50.893964" lon="8.339862"><ele>395.5</ele></trkpt>
   <trkpt lat="50.894372" lon="8.340005"><ele>394.5</ele></trkpt>
   <trkpt lat="50.894563" lon="8.340086"><ele>394.75</ele></trkpt>
   <trkpt lat="50.894855" lon="8.340256"><ele>393</ele></trkpt>
   <trkpt lat="50.895043" lon="8.340358"><ele>392.5</ele></trkpt>
   <trkpt lat="50.895453" lon="8.340674"><ele>393.25</ele></trkpt>
   <trkpt lat="50.895754" lon="8.340984"><ele>393</ele></trkpt>
   <trkpt lat="50.896008" lon="8.341282"><ele>392.75</ele></trkpt>
   <trkpt lat="50.896234" lon="8.341564"><ele>392.25</ele></trkpt>
   <trkpt lat="50.896811" lon="8.34236"><ele>390.25</ele></trkpt>
   <trkpt lat="50.897191" lon="8.342913"><ele>390</ele></trkpt>
   <trkpt lat="50.897652" lon="8.343654"><ele>389.75</ele></trkpt>
   <trkpt lat="50.89804" lon="8.344381"><ele>388.5</ele></trkpt>
   <trkpt lat="50.898229" lon="8.344752"><ele>387.5</ele></trkpt>
   <trkpt lat="50.898365" lon="8.345005"><ele>387.5</ele></trkpt>
   <trkpt lat="50.898514" lon="8.345243"><ele>387.25</ele></trkpt>
   <trkpt lat="50.898613" lon="8.345374"><ele>386.75</ele></trkpt>
   <trkpt lat="50.898743" lon="8.345515"><ele>386.5</ele></trkpt>
   <trkpt lat="50.898876" lon="8.345612"><ele>386.5</ele></trkpt>
   <trkpt lat="50.899035" lon="8.34571"><ele>386</ele></trkpt>
   <trkpt lat="50.899142" lon="8.345743"><ele>385.75</ele></trkpt>
   <trkpt lat="50.899323" lon="8.345759"><ele>385.25</ele></trkpt>
   <trkpt lat="50.899499" lon="8.34573"><ele>385</ele></trkpt>
   <trkpt lat="50.899681" lon="8.345646"><ele>385.25</ele></trkpt>
   <trkpt lat="50.899927" lon="8.345466"><ele>385.25</ele></trkpt>
   <trkpt lat="50.900366" lon="8.345037"><ele>384</ele></trkpt>
   <trkpt lat="50.900499" lon="8.344928"><ele>384.25</ele></trkpt>
   <trkpt lat="50.900649" lon="8.34483"><ele>384</ele></trkpt>
   <trkpt lat="50.900792" lon="8.344766"><ele>383</ele></trkpt>
   <trkpt lat="50.900953" lon="8.344709"><ele>382.75</ele></trkpt>
   <trkpt lat="50.901136" lon="8.344675"><ele>382.25</ele></trkpt>
   <trkpt lat="50.901281" lon="8.344679"><ele>382</ele></trkpt>
   <trkpt lat="50.901404" lon="8.344681"><ele>382</ele></trkpt>
   <trkpt lat="50.901624" lon="8.344691"><ele>382</ele></trkpt>
   <trkpt lat="50.901862" lon="8.344702"><ele>382.25</ele></trkpt>
   <trkpt lat="50.90204" lon="8.344672"><ele>383</ele></trkpt>
   <trkpt lat="50.90226" lon="8.344608"><ele>382.75</ele></trkpt>
   <trkpt lat="50.902387" lon="8.344537"><ele>382</ele></trkpt>
   <trkpt lat="50.90272" lon="8.344284"><ele>382</ele></trkpt>
   <trkpt lat="50.902932" lon="8.344105"><ele>382.75</ele></trkpt>
   <trkpt lat="50.903241" lon="8.343931"><ele>381.25</ele></trkpt>
   <trkpt lat="50.903441" lon="8.343837"><ele>381.75</ele></trkpt>
   <trkpt lat="50.903604" lon="8.343789"><ele>381.75</ele></trkpt>
   <trkpt lat="50.903732" lon="8.343773"><ele>381.5</ele></trkpt>
   <trkpt lat="50.904072" lon="8.343741"><ele>381.5</ele></trkpt>
   <trkpt lat="50.905176" lon="8.343668"><ele>379.75</ele></trkpt>
   <trkpt lat="50.905496" lon="8.343662"><ele>379.5</ele></trkpt>
   <trkpt lat="50.905916" lon="8.343688"><ele>379.25</ele></trkpt>
   <trkpt lat="50.90617" lon="8.343758"><ele>379.25</ele></trkpt>
   <trkpt lat="50.906402" lon="8.343842"><ele>379</ele></trkpt>
   <trkpt lat="50.906608" lon="8.343941"><ele>379</ele></trkpt>
   <trkpt lat="50.90678" lon="8.344036"><ele>379.75</ele></trkpt>
   <trkpt lat="50.906985" lon="8.344178"><ele>379.5</ele></trkpt>
   <trkpt lat="50.907243" lon="8.344393"><ele>379.5</ele></trkpt>
   <trkpt lat="50.90751" lon="8.344634"><ele>379</ele></trkpt>
   <trkpt lat="50.908346" lon="8.3455"><ele>377.5</ele></trkpt>
   <trkpt lat="50.908763" lon="8.345962"><ele>377.5</ele></trkpt>
   <trkpt lat="50.909445" lon="8.34669"><ele>376.75</ele></trkpt>
   <trkpt lat="50.909895" lon="8.347229"><ele>376</ele></trkpt>
   <trkpt lat="50.910813" lon="8.348451"><ele>376</ele></trkpt>
   <trkpt lat="50.911303" lon="8.349094"><ele>374.75</ele></trkpt>
   <trkpt lat="50.911375" lon="8.34918"><ele>373.75</ele></trkpt>
   <trkpt lat="50.911532" lon="8.349366"><ele>374</ele></trkpt>
   <trkpt lat="50.91179" lon="8.349634"><ele>372.75</ele></trkpt>
   <trkpt lat="50.912155" lon="8.349984"><ele>372</ele></trkpt>
   <trkpt lat="50.912613" lon="8.35033"><ele>372.25</ele></trkpt>
   <trkpt lat="50.912892" lon="8.350507"><ele>372.75</ele></trkpt>
   <trkpt lat="50.912969" lon="8.350572"><ele>372.25</ele></trkpt>
   <trkpt lat="50.913143" lon="8.350755"><ele>372.75</ele></trkpt>
   <trkpt lat="50.913332" lon="8.350985"><ele>371.25</ele></trkpt>
   <trkpt lat="50.9135" lon="8.351206"><ele>371</ele></trkpt>
   <trkpt lat="50.91362" lon="8.351354"><ele>370.5</ele></trkpt>
   <trkpt lat="50.913879" lon="8.351637"><ele>370.5</ele></trkpt>
   <trkpt lat="50.914391" lon="8.352036"><ele>369.5</ele></trkpt>
   <trkpt lat="50.914468" lon="8.352111"><ele>369.25</ele></trkpt>
   <trkpt lat="50.914539" lon="8.352198"><ele>369</ele></trkpt>
   <trkpt lat="50.914606" lon="8.352295"><ele>369</ele></trkpt>
   <trkpt lat="50.914661" lon="8.352395"><ele>369</ele></trkpt>
   <trkpt lat="50.914708" lon="8.352498"><ele>369</ele></trkpt>
   <trkpt lat="50.914786" lon="8.352715"><ele>369</ele></trkpt>
   <trkpt lat="50.914818" lon="8.352848"><ele>369</ele></trkpt>
   <trkpt lat="50.914876" lon="8.353252"><ele>369</ele></trkpt>
   <trkpt lat="50.914894" lon="8.353366"><ele>369</ele></trkpt>
   <trkpt lat="50.914697" lon="8.353585"><ele>368.75</ele></trkpt>
   <trkpt lat="50.914329" lon="8.35389"><ele>367.75</ele></trkpt>
   <trkpt lat="50.91472" lon="8.3555"><ele>367</ele></trkpt>
   <trkpt lat="50.915131" lon="8.356349"><ele>366.5</ele></trkpt>
   <trkpt lat="50.915584" lon="8.357013"><ele>365</ele></trkpt>
   <trkpt lat="50.91576" lon="8.357248"><ele>365</ele></trkpt>
   <trkpt lat="50.916006" lon="8.357483"><ele>365</ele></trkpt>
   <trkpt lat="50.916219" lon="8.357672"><ele>365.5</ele></trkpt>
   <trkpt lat="50.91626" lon="8.35772"><ele>365.75</ele></trkpt>
   <trkpt lat="50.916449" lon="8.358126"><ele>365</ele></trkpt>
   <trkpt lat="50.916506" lon="8.358223"><ele>365.25</ele></trkpt>
   <trkpt lat="50.916605" lon="8.358348"><ele>366</ele></trkpt>
   <trkpt lat="50.916755" lon="8.358428"><ele>365.75</ele></trkpt>
   <trkpt lat="50.916864" lon="8.358517"><ele>364.75</ele></trkpt>
   <trkpt lat="50.917254" lon="8.358761"><ele>363.75</ele></trkpt>
   <trkpt lat="50.917333" lon="8.358796"><ele>363.5</ele></trkpt>
   <trkpt lat="50.917399" lon="8.358803"><ele>363.5</ele></trkpt>
   <trkpt lat="50.917984" lon="8.358778"><ele>363</ele></trkpt>
   <trkpt lat="50.918366" lon="8.358773"><ele>362.75</ele></trkpt>
   <trkpt lat="50.91863" lon="8.35878"><ele>362.25</ele></trkpt>
   <trkpt lat="50.918695" lon="8.358797"><ele>362.25</ele></trkpt>
   <trkpt lat="50.918722" lon="8.358843"><ele>362</ele></trkpt>
   <trkpt lat="50.918726" lon="8.358871"><ele>362</ele></trkpt>
   <trkpt lat="50.918726" lon="8.358932"><ele>361.75</ele></trkpt>
   <trkpt lat="50.918709" lon="8.359086"><ele>361.25</ele></trkpt>
   <trkpt lat="50.918711" lon="8.35912"><ele>361</ele></trkpt>
   <trkpt lat="50.918719" lon="8.359156"><ele>361</ele></trkpt>
   <trkpt lat="50.918752" lon="8.359201"><ele>361</ele></trkpt>
   <trkpt lat="50.91894" lon="8.359275"><ele>360.75</ele></trkpt>
   <trkpt lat="50.919301" lon="8.359384"><ele>360</ele></trkpt>
   <trkpt lat="50.919384" lon="8.359391"><ele>360</ele></trkpt>
   <trkpt lat="50.91946" lon="8.359375"><ele>360</ele></trkpt>
   <trkpt lat="50.919575" lon="8.359402"><ele>360</ele></trkpt>
   <trkpt lat="50.919866" lon="8.359507"><ele>360</ele></trkpt>
   <trkpt lat="50.920163" lon="8.359595"><ele>360</ele></trkpt>
   <trkpt lat="50.920515" lon="8.359717"><ele>359</ele></trkpt>
   <trkpt lat="50.920969" lon="8.359856"><ele>359</ele></trkpt>
   <trkpt lat="50.921153" lon="8.359904"><ele>359</ele></trkpt>
   <trkpt lat="50.921214" lon="8.359933"><ele>359</ele></trkpt>
   <trkpt lat="50.921279" lon="8.359983"><ele>359</ele></trkpt>
   <trkpt lat="50.921584" lon="8.360369"><ele>358.75</ele></trkpt>
   <trkpt lat="50.921811" lon="8.360674"><ele>359</ele></trkpt>
   <trkpt lat="50.921879" lon="8.360752"><ele>359</ele></trkpt>
   <trkpt lat="50.921904" lon="8.360793"><ele>359</ele></trkpt>
   <trkpt lat="50.921961" lon="8.360955"><ele>359</ele></trkpt>
   <trkpt lat="50.922402" lon="8.361729"><ele>358.5</ele></trkpt>
   <trkpt lat="50.922448" lon="8.361832"><ele>358.75</ele></trkpt>
   <trkpt lat="50.922486" lon="8.361941"><ele>358.75</ele></trkpt>
   <trkpt lat="50.922544" lon="8.362171"><ele>358</ele></trkpt>
   <trkpt lat="50.922576" lon="8.362255"><ele>357.75</ele></trkpt>
   <trkpt lat="50.922621" lon="8.362308"><ele>357.75</ele></trkpt>
   <trkpt lat="50.922755" lon="8.36237"><ele>357.75</ele></trkpt>
   <trkpt lat="50.922885" lon="8.36241"><ele>357.75</ele></trkpt>
   <trkpt lat="50.923506" lon="8.364838"><ele>356.25</ele></trkpt>
   <trkpt lat="50.923841" lon="8.366203"><ele>355.25</ele></trkpt>
   <trkpt lat="50.923882" lon="8.366398"><ele>354.75</ele></trkpt>
   <trkpt lat="50.92392" lon="8.366662"><ele>355</ele></trkpt>
   <trkpt lat="50.92394" lon="8.367001"><ele>355</ele></trkpt>
   <trkpt lat="50.923937" lon="8.36765"><ele>354.25</ele></trkpt>
   <trkpt lat="50.92391" lon="8.367995"><ele>354</ele></trkpt>
   <trkpt lat="50.923829" lon="8.368504"><ele>354.5</ele></trkpt>
   <trkpt lat="50.923766" lon="8.369059"><ele>354</ele></trkpt>
   <trkpt lat="50.923667" lon="8.369583"><ele>354</ele></trkpt>
   <trkpt lat="50.923513" lon="8.37018"><ele>353.5</ele></trkpt>
   <trkpt lat="50.923353" lon="8.370747"><ele>353.25</ele></trkpt>
   <trkpt lat="50.923299" lon="8.37099"><ele>353</ele></trkpt>
   <trkpt lat="50.923253" lon="8.371241"><ele>353</ele></trkpt>
   <trkpt lat="50.923215" lon="8.371666"><ele>353.25</ele></trkpt>
   <trkpt lat="50.923215" lon="8.372262"><ele>353</ele></trkpt>
   <trkpt lat="50.923253" lon="8.372743"><ele>352.75</ele></trkpt>
   <trkpt lat="50.923426" lon="8.374091"><ele>352</ele></trkpt>
   <trkpt lat="50.923524" lon="8.374753"><ele>351.5</ele></trkpt>
   <trkpt lat="50.923619" lon="8.375244"><ele>351.25</ele></trkpt>
   <trkpt lat="50.923705" lon="8.375632"><ele>351.5</ele></trkpt>
   <trkpt lat="50.923767" lon="8.375841"><ele>351.5</ele></trkpt>
   <trkpt lat="50.923842" lon="8.376001"><ele>351.75</ele></trkpt>
   <trkpt lat="50.923871" lon="8.376185"><ele>351.75</ele></trkpt>
   <trkpt lat="50.923889" lon="8.376349"><ele>352</ele></trkpt>
   <trkpt lat="50.923891" lon="8.376519"><ele>352</ele></trkpt>
   <trkpt lat="50.923882" lon="8.376679"><ele>351.75</ele></trkpt>
   <trkpt lat="50.923855" lon="8.376861"><ele>351</ele></trkpt>
   <trkpt lat="50.923767" lon="8.3772"><ele>350.5</ele></trkpt>
   <trkpt lat="50.923366" lon="8.378574"><ele>350.5</ele></trkpt>
   <trkpt lat="50.923181" lon="8.379261"><ele>351.5</ele></trkpt>
   <trkpt lat="50.923061" lon="8.379679"><ele>351</ele></trkpt>
   <trkpt lat="50.922977" lon="8.379912"><ele>351.75</ele></trkpt>
   <trkpt lat="50.922902" lon="8.380066"><ele>352</ele></trkpt>
   <trkpt lat="50.922779" lon="8.380243"><ele>351</ele></trkpt>
   <trkpt lat="50.922687" lon="8.380357"><ele>351</ele></trkpt>
   <trkpt lat="50.922601" lon="8.380441"><ele>350.75</ele></trkpt>
   <trkpt lat="50.922468" lon="8.380551"><ele>349.75</ele></trkpt>
   <trkpt lat="50.922221" lon="8.380723"><ele>349.5</ele></trkpt>
   <trkpt lat="50.922046" lon="8.380818"><ele>348.5</ele></trkpt>
   <trkpt lat="50.921902" lon="8.380857"><ele>348.25</ele></trkpt>
   <trkpt lat="50.921823" lon="8.380862"><ele>348</ele></trkpt>
   <trkpt lat="50.921689" lon="8.380852"><ele>347.5</ele></trkpt>
   <trkpt lat="50.921527" lon="8.38083"><ele>347.75</ele></trkpt>
   <trkpt lat="50.921371" lon="8.38078"><ele>348.25</ele></trkpt>
   <trkpt lat="50.921284" lon="8.38076"><ele>348</ele></trkpt>
   <trkpt lat="50.921202" lon="8.380753"><ele>348</ele></trkpt>
   <trkpt lat="50.921183" lon="8.380652"><ele>347</ele></trkpt>
   <trkpt lat="50.921114" lon="8.380275"><ele>344.75</ele></trkpt>
   <trkpt lat="50.921059" lon="8.380046"><ele>344.75</ele></trkpt>
   <trkpt lat="50.921033" lon="8.379954"><ele>344.75</ele></trkpt>
   <trkpt lat="50.921005" lon="8.379906"><ele>345</ele></trkpt>
   <trkpt lat="50.92092" lon="8.37987"><ele>345.25</ele></trkpt>
   <trkpt lat="50.920867" lon="8.379862"><ele>345.25</ele></trkpt>
   <trkpt lat="50.920718" lon="8.379895"><ele>346</ele></trkpt>
   <trkpt lat="50.920654" lon="8.379923"><ele>346.25</ele></trkpt>
   <trkpt lat="50.920546" lon="8.379997"><ele>346</ele></trkpt>
   <trkpt lat="50.920433" lon="8.380101"><ele>346.25</ele></trkpt>
   <trkpt lat="50.920288" lon="8.380278"><ele>344.75</ele></trkpt>
   <trkpt lat="50.920162" lon="8.380446"><ele>345.75</ele></trkpt>
   <trkpt lat="50.919936" lon="8.380786"><ele>345.5</ele></trkpt>
   <trkpt lat="50.919749" lon="8.381243"><ele>344.25</ele></trkpt>
   <trkpt lat="50.919643" lon="8.381608"><ele>344.5</ele></trkpt>
   <trkpt lat="50.919562" lon="8.382002"><ele>344.75</ele></trkpt>
   <trkpt lat="50.919548" lon="8.382139"><ele>344.5</ele></trkpt>
   <trkpt lat="50.919551" lon="8.38228"><ele>344.25</ele></trkpt>
   <trkpt lat="50.919647" lon="8.38312"><ele>343.75</ele></trkpt>
   <trkpt lat="50.919663" lon="8.383482"><ele>342.75</ele></trkpt>
   <trkpt lat="50.919658" lon="8.383667"><ele>342.75</ele></trkpt>
   <trkpt lat="50.919622" lon="8.383963"><ele>342.75</ele></trkpt>
   <trkpt lat="50.91954" lon="8.384541"><ele>342.5</ele></trkpt>
   <trkpt lat="50.91952" lon="8.384797"><ele>342.25</ele></trkpt>
   <trkpt lat="50.919499" lon="8.385263"><ele>342.5</ele></trkpt>
   <trkpt lat="50.919485" lon="8.38543"><ele>342</ele></trkpt>
   <trkpt lat="50.919448" lon="8.385653"><ele>341.5</ele></trkpt>
   <trkpt lat="50.9194" lon="8.385893"><ele>341.25</ele></trkpt>
   <trkpt lat="50.919252" lon="8.3865"><ele>341.75</ele></trkpt>
   <trkpt lat="50.919108" lon="8.386956"><ele>341.75</ele></trkpt>
   <trkpt lat="50.91891" lon="8.387395"><ele>341.5</ele></trkpt>
   <trkpt lat="50.918706" lon="8.387805"><ele>343</ele></trkpt>
   <trkpt lat="50.918642" lon="8.38798"><ele>342.25</ele></trkpt>
   <trkpt lat="50.918569" lon="8.388401"><ele>342.25</ele></trkpt>
   <trkpt lat="50.918541" lon="8.38862"><ele>342.5</ele></trkpt>
   <trkpt lat="50.918521" lon="8.388843"><ele>342.5</ele></trkpt>
   <trkpt lat="50.918518" lon="8.389056"><ele>343</ele></trkpt>
   <trkpt lat="50.918541" lon="8.389194"><ele>342.75</ele></trkpt>
   <trkpt lat="50.918666" lon="8.389511"><ele>341.5</ele></trkpt>
   <trkpt lat="50.918783" lon="8.389895"><ele>341.5</ele></trkpt>
   <trkpt lat="50.918876" lon="8.390297"><ele>341</ele></trkpt>
   <trkpt lat="50.918996" lon="8.391035"><ele>341</ele></trkpt>
   <trkpt lat="50.91905" lon="8.391215"><ele>341</ele></trkpt>
   <trkpt lat="50.919287" lon="8.39179"><ele>340.25</ele></trkpt>
   <trkpt lat="50.91954" lon="8.392323"><ele>340</ele></trkpt>
   <trkpt lat="50.91958" lon="8.392502"><ele>340</ele></trkpt>
   <trkpt lat="50.919647" lon="8.393139"><ele>339.5</ele></trkpt>
   <trkpt lat="50.919663" lon="8.393279"><ele>339.25</ele></trkpt>
   <trkpt lat="50.919757" lon="8.393901"><ele>337.5</ele></trkpt>
   <trkpt lat="50.919787" lon="8.394232"><ele>337</ele></trkpt>
   <trkpt lat="50.919772" lon="8.394525"><ele>336</ele></trkpt>
   <trkpt lat="50.919734" lon="8.394823"><ele>335.5</ele></trkpt>
   <trkpt lat="50.919726" lon="8.394963"><ele>335</ele></trkpt>
   <trkpt lat="50.919725" lon="8.395106"><ele>334.75</ele></trkpt>
   <trkpt lat="50.919741" lon="8.395407"><ele>334.75</ele></trkpt>
   <trkpt lat="50.919719" lon="8.395651"><ele>335</ele></trkpt>
   <trkpt lat="50.919658" lon="8.396109"><ele>333.75</ele></trkpt>
   <trkpt lat="50.919604" lon="8.396814"><ele>333</ele></trkpt>
   <trkpt lat="50.919564" lon="8.396928"><ele>333</ele></trkpt>
   <trkpt lat="50.919529" lon="8.396977"><ele>333.25</ele></trkpt>
   <trkpt lat="50.919419" lon="8.397064"><ele>333.75</ele></trkpt>
   <trkpt lat="50.919251" lon="8.397563"><ele>333</ele></trkpt>
   <trkpt lat="50.919187" lon="8.397779"><ele>332.75</ele></trkpt>
   <trkpt lat="50.919088" lon="8.398251"><ele>333.75</ele></trkpt>
   <trkpt lat="50.919014" lon="8.39882"><ele>333.5</ele></trkpt>
   <trkpt lat="50.918958" lon="8.399343"><ele>333.25</ele></trkpt>
   <trkpt lat="50.918956" lon="8.399438"><ele>333</ele></trkpt>
   <trkpt lat="50.918999" lon="8.399789"><ele>332.25</ele></trkpt>
   <trkpt lat="50.919041" lon="8.400218"><ele>332.5</ele></trkpt>
   <trkpt lat="50.919109" lon="8.400724"><ele>331.75</ele></trkpt>
   <trkpt lat="50.91914" lon="8.400999"><ele>331.75</ele></trkpt>
   <trkpt lat="50.919192" lon="8.40132"><ele>331</ele></trkpt>
   <trkpt lat="50.919484" lon="8.402687"><ele>330.25</ele></trkpt>
   <trkpt lat="50.919678" lon="8.403649"><ele>332.25</ele></trkpt>
   <trkpt lat="50.919774" lon="8.404292"><ele>332.5</ele></trkpt>
   <trkpt lat="50.919825" lon="8.404706"><ele>332</ele></trkpt>
   <trkpt lat="50.919863" lon="8.4054"><ele>332.75</ele></trkpt>
   <trkpt lat="50.919828" lon="8.406789"><ele>332.75</ele></trkpt>
   <trkpt lat="50.920178" lon="8.407397"><ele>329.5</ele></trkpt>
   <trkpt lat="50.920326" lon="8.407563"><ele>328.75</ele></trkpt>
   <trkpt lat="50.920509" lon="8.407683"><ele>328</ele></trkpt>
   <trkpt lat="50.920619" lon="8.40778"><ele>328</ele></trkpt>
   <trkpt lat="50.920721" lon="8.407928"><ele>327.75</ele></trkpt>
   <trkpt lat="50.920922" lon="8.408297"><ele>328.5</ele></trkpt>
   <trkpt lat="50.921052" lon="8.408716"><ele>326.75</ele></trkpt>
   <trkpt lat="50.921301" lon="8.408754"><ele>326.25</ele></trkpt>
   <trkpt lat="50.921589" lon="8.40878"><ele>326</ele></trkpt>
   <trkpt lat="50.921583" lon="8.410113"><ele>326.5</ele></trkpt>
   <trkpt lat="50.922203" lon="8.410103"><ele>326</ele></trkpt>
   <trkpt lat="50.922357" lon="8.410033"><ele>325</ele></trkpt>
   <trkpt lat="50.922527" lon="8.410729"><ele>325.75</ele></trkpt>
   <trkpt lat="50.922601" lon="8.41093"><ele>326</ele></trkpt>
   <trkpt lat="50.922687" lon="8.411241"><ele>325.75</ele></trkpt>
   <trkpt lat="50.922515" lon="8.411052"><ele>328.25</ele></trkpt>
   <trkpt lat="50.922424" lon="8.411025"><ele>328</ele></trkpt>
   <trkpt lat="50.922375" lon="8.411034"><ele>327.75</ele></trkpt>
   <trkpt lat="50.922332" lon="8.411085"><ele>328</ele></trkpt>
   <trkpt lat="50.922316" lon="8.411231"><ele>328.5</ele></trkpt>
   <trkpt lat="50.922316" lon="8.41154"><ele>329</ele></trkpt>
   <trkpt lat="50.922326" lon="8.411746"><ele>329.25</ele></trkpt>
   <trkpt lat="50.922355" lon="8.411975"><ele>330</ele></trkpt>
   <trkpt lat="50.92241" lon="8.412203"><ele>331.75</ele></trkpt>
   <trkpt lat="50.922551" lon="8.412516"><ele>333</ele></trkpt>
   <trkpt lat="50.922604" lon="8.412685"><ele>333</ele></trkpt>
   <trkpt lat="50.922629" lon="8.412815"><ele>334.25</ele></trkpt>
   <trkpt lat="50.92264" lon="8.412954"><ele>337.25</ele></trkpt>
   <trkpt lat="50.922614" lon="8.413023"><ele>339</ele></trkpt>
   <trkpt lat="50.92257" lon="8.413045"><ele>340.25</ele></trkpt>
   <trkpt lat="50.922488" lon="8.413028"><ele>341.25</ele></trkpt>
   <trkpt lat="50.922438" lon="8.413001"><ele>341.5</ele></trkpt>
   <trkpt lat="50.922389" lon="8.413005"><ele>342.5</ele></trkpt>
   <trkpt lat="50.922363" lon="8.413027"><ele>343.5</ele></trkpt>
   <trkpt lat="50.922354" lon="8.413138"><ele>345.25</ele></trkpt>
   <trkpt lat="50.922456" lon="8.413557"><ele>347.75</ele></trkpt>
   <trkpt lat="50.9225" lon="8.413672"><ele>348.5</ele></trkpt>
   <trkpt lat="50.922607" lon="8.413795"><ele>348.25</ele></trkpt>
   <trkpt lat="50.922746" lon="8.413976"><ele>348.75</ele></trkpt>
   <trkpt lat="50.922954" lon="8.4142"><ele>350</ele></trkpt>
   <trkpt lat="50.923259" lon="8.4145"><ele>351</ele></trkpt>
   <trkpt lat="50.923488" lon="8.414695"><ele>351.5</ele></trkpt>
   <trkpt lat="50.923744" lon="8.414826"><ele>350.25</ele></trkpt>
   <trkpt lat="50.923943" lon="8.414967"><ele>350.75</ele></trkpt>
   <trkpt lat="50.92421" lon="8.415213"><ele>352</ele></trkpt>
   <trkpt lat="50.924608" lon="8.415618"><ele>354</ele></trkpt>
   <trkpt lat="50.924874" lon="8.415836"><ele>354.75</ele></trkpt>
   <trkpt lat="50.924892" lon="8.415853"><ele>354.75</ele></trkpt>
   <trkpt lat="50.92497" lon="8.415882"><ele>353.75</ele></trkpt>
   <trkpt lat="50.925396" lon="8.415757"><ele>351.25</ele></trkpt>
   <trkpt lat="50.925468" lon="8.415765"><ele>350.75</ele></trkpt>
   <trkpt lat="50.925526" lon="8.415843"><ele>351</ele></trkpt>
   <trkpt lat="50.925624" lon="8.416141"><ele>349.75</ele></trkpt>
   <trkpt lat="50.925702" lon="8.416389"><ele>348.25</ele></trkpt>
   <trkpt lat="50.925808" lon="8.416636"><ele>347.25</ele></trkpt>
   <trkpt lat="50.926006" lon="8.416957"><ele>345</ele></trkpt>
   <trkpt lat="50.926193" lon="8.417138"><ele>342.5</ele></trkpt>
   <trkpt lat="50.926372" lon="8.417278"><ele>339.75</ele></trkpt>
   <trkpt lat="50.926319" lon="8.417372"><ele>339.75</ele></trkpt>
   <trkpt lat="50.926174" lon="8.417594"><ele>340.75</ele></trkpt>
   <trkpt lat="50.92594" lon="8.417926"><ele>342.25</ele></trkpt>
   <trkpt lat="50.925847" lon="8.418086"><ele>342.5</ele></trkpt>
   <trkpt lat="50.925734" lon="8.418434"><ele>343.75</ele></trkpt>
   <trkpt lat="50.925679" lon="8.418672"><ele>345.25</ele></trkpt>
   <trkpt lat="50.925653" lon="8.419"><ele>346</ele></trkpt>
   <trkpt lat="50.925661" lon="8.419353"><ele>346</ele></trkpt>
   <trkpt lat="50.925851" lon="8.420447"><ele>346.25</ele></trkpt>
   <trkpt lat="50.925865" lon="8.420605"><ele>346.5</ele></trkpt>
   <trkpt lat="50.925861" lon="8.420777"><ele>346.5</ele></trkpt>
   <trkpt lat="50.925845" lon="8.420978"><ele>346.75</ele></trkpt>
   <trkpt lat="50.925845" lon="8.421044"><ele>346.75</ele></trkpt>
   <trkpt lat="50.92543" lon="8.421763"><ele>349.25</ele></trkpt>
   <trkpt lat="50.92532" lon="8.421974"><ele>350</ele></trkpt>
   <trkpt lat="50.925334" lon="8.42224"><ele>350</ele></trkpt>
   <trkpt lat="50.925349" lon="8.422403"><ele>350.25</ele></trkpt>
   <trkpt lat="50.925388" lon="8.422542"><ele>350.5</ele></trkpt>
   <trkpt lat="50.925453" lon="8.422626"><ele>350.25</ele></trkpt>
   <trkpt lat="50.925772" lon="8.4227"><ele>349</ele></trkpt>
   <trkpt lat="50.92621" lon="8.422819"><ele>351</ele></trkpt>
   <trkpt lat="50.926277" lon="8.422848"><ele>351.5</ele></trkpt>
   <trkpt lat="50.926345" lon="8.422894"><ele>351.75</ele></trkpt>
   <trkpt lat="50.926382" lon="8.422971"><ele>352</ele></trkpt>
   <trkpt lat="50.92643" lon="8.423127"><ele>352.5</ele></trkpt>
   <trkpt lat="50.926468" lon="8.423453"><ele>353.75</ele></trkpt>
   <trkpt lat="50.926498" lon="8.423956"><ele>356</ele></trkpt>
   <trkpt lat="50.926521" lon="8.424139"><ele>357.25</ele></trkpt>
   <trkpt lat="50.926597" lon="8.42446"><ele>358.75</ele></trkpt>
   <trkpt lat="50.926611" lon="8.424586"><ele>359.5</ele></trkpt>
   <trkpt lat="50.926612" lon="8.424784"><ele>360.75</ele></trkpt>
   <trkpt lat="50.926496" lon="8.425589"><ele>363.5</ele></trkpt>
   <trkpt lat="50.926407" lon="8.42616"><ele>365.5</ele></trkpt>
   <trkpt lat="50.926351" lon="8.426385"><ele>366.5</ele></trkpt>
   <trkpt lat="50.926087" lon="8.426763"><ele>368.5</ele></trkpt>
   <trkpt lat="50.925891" lon="8.426743"><ele>370.25</ele></trkpt>
   <trkpt lat="50.92547" lon="8.426325"><ele>372.5</ele></trkpt>
   <trkpt lat="50.925494" lon="8.425699"><ele>378.25</ele></trkpt>
   <trkpt lat="50.925218" lon="8.425524"><ele>381.5</ele></trkpt>
   <trkpt lat="50.925213" lon="8.425443"><ele>382.25</ele></trkpt>
   <trkpt lat="50.92521" lon="8.425409"><ele>382.5</ele></trkpt>
   <trkpt lat="50.925213" lon="8.425443"><ele>382.25</ele></trkpt>
   <trkpt lat="50.925218" lon="8.425524"><ele>381.5</ele></trkpt>
   <trkpt lat="50.925494" lon="8.425699"><ele>378.25</ele></trkpt>
   <trkpt lat="50.92547" lon="8.426325"><ele>372.5</ele></trkpt>
   <trkpt lat="50.925891" lon="8.426743"><ele>370.25</ele></trkpt>
   <trkpt lat="50.926087" lon="8.426763"><ele>368.5</ele></trkpt>
   <trkpt lat="50.926122" lon="8.427059"><ele>366</ele></trkpt>
   <trkpt lat="50.926133" lon="8.427476"><ele>361.75</ele></trkpt>
   <trkpt lat="50.926107" lon="8.427887"><ele>357.25</ele></trkpt>
   <trkpt lat="50.92601" lon="8.427969"><ele>353.75</ele></trkpt>
   <trkpt lat="50.925624" lon="8.427827"><ele>349.25</ele></trkpt>
   <trkpt lat="50.925402" lon="8.427722"><ele>347.75</ele></trkpt>
   <trkpt lat="50.925299" lon="8.427705"><ele>346.25</ele></trkpt>
   <trkpt lat="50.925226" lon="8.427845"><ele>345.25</ele></trkpt>
   <trkpt lat="50.925265" lon="8.428216"><ele>341</ele></trkpt>
   <trkpt lat="50.925399" lon="8.428733"><ele>335.5</ele></trkpt>
   <trkpt lat="50.92563" lon="8.429573"><ele>329</ele></trkpt>
   <trkpt lat="50.92581" lon="8.430127"><ele>323.25</ele></trkpt>
   <trkpt lat="50.925819" lon="8.430621"><ele>320</ele></trkpt>
   <trkpt lat="50.926161" lon="8.430255"><ele>318.5</ele></trkpt>
   <trkpt lat="50.92629" lon="8.430021"><ele>318</ele></trkpt>
   <trkpt lat="50.926726" lon="8.428774"><ele>318.25</ele></trkpt>
   <trkpt lat="50.926914" lon="8.428086"><ele>316.25</ele></trkpt>
   <trkpt lat="50.927012" lon="8.42799"><ele>315.25</ele></trkpt>
   <trkpt lat="50.927604" lon="8.427946"><ele>314</ele></trkpt>
   <trkpt lat="50.927769" lon="8.427941"><ele>314</ele></trkpt>
   <trkpt lat="50.927783" lon="8.428391"><ele>313.75</ele></trkpt>
   <trkpt lat="50.927852" lon="8.430488"><ele>312</ele></trkpt>
   <trkpt lat="50.927961" lon="8.433191"><ele>312</ele></trkpt>
   <trkpt lat="50.92802" lon="8.435033"><ele>310.75</ele></trkpt>
   <trkpt lat="50.927993" lon="8.435293"><ele>310.5</ele></trkpt>
   <trkpt lat="50.927937" lon="8.435577"><ele>310.25</ele></trkpt>
   <trkpt lat="50.927873" lon="8.435795"><ele>310.25</ele></trkpt>
   <trkpt lat="50.927782" lon="8.436015"><ele>310.25</ele></trkpt>
   <trkpt lat="50.927659" lon="8.436227"><ele>309.75</ele></trkpt>
   <trkpt lat="50.927519" lon="8.43639"><ele>309.75</ele></trkpt>
   <trkpt lat="50.927413" lon="8.436489"><ele>309.25</ele></trkpt>
   <trkpt lat="50.927169" lon="8.436654"><ele>309</ele></trkpt>
   <trkpt lat="50.926426" lon="8.437099"><ele>308.25</ele></trkpt>
   <trkpt lat="50.926341" lon="8.437136"><ele>308.25</ele></trkpt>
   <trkpt lat="50.926181" lon="8.437136"><ele>308.75</ele></trkpt>
   <trkpt lat="50.926176" lon="8.437095"><ele>308.75</ele></trkpt>
   <trkpt lat="50.926158" lon="8.437047"><ele>308.75</ele></trkpt>
   <trkpt lat="50.926134" lon="8.437019"><ele>308.75</ele></trkpt>
   <trkpt lat="50.926092" lon="8.437003"><ele>309</ele></trkpt>
   <trkpt lat="50.926061" lon="8.437013"><ele>309</ele></trkpt>
   <trkpt lat="50.926033" lon="8.437043"><ele>309</ele></trkpt>
   <trkpt lat="50.92601" lon="8.437099"><ele>309</ele></trkpt>
   <trkpt lat="50.926007" lon="8.43716"><ele>309</ele></trkpt>
   <trkpt lat="50.926011" lon="8.437189"><ele>309</ele></trkpt>
   <trkpt lat="50.925959" lon="8.437199"><ele>309</ele></trkpt>
   <trkpt lat="50.925479" lon="8.437122"><ele>308.75</ele></trkpt>
   <trkpt lat="50.925422" lon="8.437109"><ele>308.5</ele></trkpt>
   <trkpt lat="50.925377" lon="8.437082"><ele>308.5</ele></trkpt>
   <trkpt lat="50.925306" lon="8.437015"><ele>308.75</ele></trkpt>
   <trkpt lat="50.925236" lon="8.436931"><ele>309</ele></trkpt>
   <trkpt lat="50.925141" lon="8.436776"><ele>309.25</ele></trkpt>
   <trkpt lat="50.925077" lon="8.436622"><ele>309.75</ele></trkpt>
   <trkpt lat="50.925048" lon="8.436521"><ele>309.75</ele></trkpt>
   <trkpt lat="50.925029" lon="8.436416"><ele>309.75</ele></trkpt>
   <trkpt lat="50.924988" lon="8.436431"><ele>310</ele></trkpt>
   <trkpt lat="50.924952" lon="8.436457"><ele>310</ele></trkpt>
   <trkpt lat="50.924421" lon="8.437292"><ele>308.75</ele></trkpt>
   <trkpt lat="50.923269" lon="8.439079"><ele>307</ele></trkpt>
   <trkpt lat="50.923108" lon="8.439342"><ele>306.75</ele></trkpt>
   <trkpt lat="50.922648" lon="8.439786"><ele>307</ele></trkpt>
   <trkpt lat="50.922126" lon="8.440334"><ele>305.5</ele></trkpt>
   <trkpt lat="50.922059" lon="8.440509"><ele>304.75</ele></trkpt>
   <trkpt lat="50.922103" lon="8.440575"><ele>304.25</ele></trkpt>
   <trkpt lat="50.922285" lon="8.44075"><ele>304</ele></trkpt>
   <trkpt lat="50.92248" lon="8.440887"><ele>304.75</ele></trkpt>
   <trkpt lat="50.922543" lon="8.440955"><ele>305</ele></trkpt>
   <trkpt lat="50.922818" lon="8.441401"><ele>305</ele></trkpt>
   <trkpt lat="50.922897" lon="8.441529"><ele>305</ele></trkpt>
   <trkpt lat="50.923009" lon="8.441655"><ele>305</ele></trkpt>
   <trkpt lat="50.922997" lon="8.441671"><ele>305</ele></trkpt>
   <trkpt lat="50.922944" lon="8.441754"><ele>305</ele></trkpt>
   <trkpt lat="50.922724" lon="8.44209"><ele>304.75</ele></trkpt>
   <trkpt lat="50.92249" lon="8.442476"><ele>304.75</ele></trkpt>
   <trkpt lat="50.922165" lon="8.443091"><ele>304</ele></trkpt>
   <trkpt lat="50.921741" lon="8.443805"><ele>303.75</ele></trkpt>
   <trkpt lat="50.921433" lon="8.444211"><ele>303.5</ele></trkpt>
   <trkpt lat="50.920852" lon="8.444578"><ele>303</ele></trkpt>
   <trkpt lat="50.920418" lon="8.444804"><ele>303</ele></trkpt>
   <trkpt lat="50.920227" lon="8.444893"><ele>302.75</ele></trkpt>
   <trkpt lat="50.920011" lon="8.445126"><ele>303</ele></trkpt>
   <trkpt lat="50.919829" lon="8.445422"><ele>302</ele></trkpt>
   <trkpt lat="50.919629" lon="8.445788"><ele>302</ele></trkpt>
   <trkpt lat="50.91928" lon="8.446332"><ele>302</ele></trkpt>
   <trkpt lat="50.918953" lon="8.446698"><ele>301.75</ele></trkpt>
   <trkpt lat="50.918854" lon="8.446844"><ele>301.75</ele></trkpt>
   <trkpt lat="50.918502" lon="8.447581"><ele>301</ele></trkpt>
   <trkpt lat="50.917741" lon="8.449409"><ele>300</ele></trkpt>
   <trkpt lat="50.917664" lon="8.449719"><ele>300</ele></trkpt>
   <trkpt lat="50.917653" lon="8.449997"><ele>300</ele></trkpt>
   <trkpt lat="50.917661" lon="8.450055"><ele>300</ele></trkpt>
   <trkpt lat="50.917685" lon="8.450117"><ele>300</ele></trkpt>
   <trkpt lat="50.917717" lon="8.45016"><ele>300</ele></trkpt>
   <trkpt lat="50.917779" lon="8.450209"><ele>300</ele></trkpt>
   <trkpt lat="50.918011" lon="8.450351"><ele>300</ele></trkpt>
   <trkpt lat="50.918205" lon="8.450463"><ele>300.25</ele></trkpt>
   <trkpt lat="50.918265" lon="8.450508"><ele>300.5</ele></trkpt>
   <trkpt lat="50.91831" lon="8.450537"><ele>300.75</ele></trkpt>
   <trkpt lat="50.918354" lon="8.450547"><ele>300.75</ele></trkpt>
   <trkpt lat="50.918407" lon="8.450526"><ele>300.75</ele></trkpt>
   <trkpt lat="50.91847" lon="8.45046"><ele>300.75</ele></trkpt>
   <trkpt lat="50.918846" lon="8.44999"><ele>300.75</ele></trkpt>
   <trkpt lat="50.918938" lon="8.449903"><ele>300.75</ele></trkpt>
   <trkpt lat="50.918968" lon="8.4499"><ele>300.75</ele></trkpt>
   <trkpt lat="50.91904" lon="8.449929"><ele>301.25</ele></trkpt>
   <trkpt lat="50.919123" lon="8.449999"><ele>301.75</ele></trkpt>
   <trkpt lat="50.919178" lon="8.45004"><ele>302</ele></trkpt>
   <trkpt lat="50.919255" lon="8.450087"><ele>302</ele></trkpt>
   <trkpt lat="50.919291" lon="8.450113"><ele>302</ele></trkpt>
   <trkpt lat="50.919332" lon="8.450153"><ele>302</ele></trkpt>
   <trkpt lat="50.919551" lon="8.450381"><ele>302.75</ele></trkpt>
   <trkpt lat="50.919688" lon="8.450546"><ele>303.75</ele></trkpt>
   <trkpt lat="50.920608" lon="8.451729"><ele>304.75</ele></trkpt>
   <trkpt lat="50.920723" lon="8.451882"><ele>305</ele></trkpt>
   <trkpt lat="50.92075" lon="8.451918"><ele>305.25</ele></trkpt>
   <trkpt lat="50.920656" lon="8.452097"><ele>305.25</ele></trkpt>
   <trkpt lat="50.920399" lon="8.4526"><ele>304.75</ele></trkpt>
   <trkpt lat="50.920293" lon="8.452877"><ele>304.5</ele></trkpt>
   <trkpt lat="50.920247" lon="8.45305"><ele>304.75</ele></trkpt>
   <trkpt lat="50.920203" lon="8.453288"><ele>305.75</ele></trkpt>
   <trkpt lat="50.920189" lon="8.453439"><ele>306.5</ele></trkpt>
   <trkpt lat="50.920181" lon="8.453612"><ele>307</ele></trkpt>
   <trkpt lat="50.920187" lon="8.454556"><ele>303.25</ele></trkpt>
   <trkpt lat="50.920174" lon="8.455133"><ele>303.25</ele></trkpt>
   <trkpt lat="50.920156" lon="8.455516"><ele>303.5</ele></trkpt>
   <trkpt lat="50.920087" lon="8.456174"><ele>303.75</ele></trkpt>
   <trkpt lat="50.919998" lon="8.456694"><ele>303</ele></trkpt>
   <trkpt lat="50.919906" lon="8.457177"><ele>302.75</ele></trkpt>
   <trkpt lat="50.9197" lon="8.458093"><ele>302.5</ele></trkpt>
   <trkpt lat="50.919608" lon="8.458561"><ele>302.25</ele></trkpt>
   <trkpt lat="50.919555" lon="8.459014"><ele>302.75</ele></trkpt>
   <trkpt lat="50.919528" lon="8.459399"><ele>302.25</ele></trkpt>
   <trkpt lat="50.919523" lon="8.459703"><ele>303.5</ele></trkpt>
   <trkpt lat="50.919439" lon="8.459774"><ele>301.75</ele></trkpt>
   <trkpt lat="50.919386" lon="8.45986"><ele>300.75</ele></trkpt>
   <trkpt lat="50.919366" lon="8.460041"><ele>300.25</ele></trkpt>
   <trkpt lat="50.919365" lon="8.460184"><ele>300</ele></trkpt>
   <trkpt lat="50.91939" lon="8.460748"><ele>298.75</ele></trkpt>
   <trkpt lat="50.919369" lon="8.460926"><ele>298.25</ele></trkpt>
   <trkpt lat="50.919624" lon="8.462533"><ele>299.75</ele></trkpt>
   <trkpt lat="50.919734" lon="8.463434"><ele>302.5</ele></trkpt>
   <trkpt lat="50.919764" lon="8.463525"><ele>302.25</ele></trkpt>
   <trkpt lat="50.919859" lon="8.463659"><ele>302.25</ele></trkpt>
   <trkpt lat="50.919919" lon="8.463728"><ele>302.25</ele></trkpt>
   <trkpt lat="50.919885" lon="8.463909"><ele>301.5</ele></trkpt>
   <trkpt lat="50.919869" lon="8.464082"><ele>300.75</ele></trkpt>
   <trkpt lat="50.919865" lon="8.464294"><ele>299.75</ele></trkpt>
   <trkpt lat="50.9199" lon="8.46467"><ele>298.75</ele></trkpt>
   <trkpt lat="50.919967" lon="8.465111"><ele>298.75</ele></trkpt>
   <trkpt lat="50.920104" lon="8.46573"><ele>299</ele></trkpt>
   <trkpt lat="50.920292" lon="8.466305"><ele>298</ele></trkpt>
   <trkpt lat="50.920407" lon="8.466571"><ele>298.25</ele></trkpt>
   <trkpt lat="50.920518" lon="8.466797"><ele>297.75</ele></trkpt>
   <trkpt lat="50.920695" lon="8.467109"><ele>298</ele></trkpt>
   <trkpt lat="50.920742" lon="8.467181"><ele>297.5</ele></trkpt>
   <trkpt lat="50.920918" lon="8.467414"><ele>297.25</ele></trkpt>
   <trkpt lat="50.921149" lon="8.467675"><ele>297.5</ele></trkpt>
   <trkpt lat="50.921251" lon="8.467758"><ele>297.5</ele></trkpt>
   <trkpt lat="50.922053" lon="8.468358"><ele>297</ele></trkpt>
   <trkpt lat="50.922256" lon="8.468502"><ele>297</ele></trkpt>
   <trkpt lat="50.92284" lon="8.468919"><ele>296.75</ele></trkpt>
   <trkpt lat="50.922967" lon="8.469012"><ele>296.5</ele></trkpt>
   <trkpt lat="50.923083" lon="8.469101"><ele>296</ele></trkpt>
   <trkpt lat="50.923204" lon="8.469198"><ele>295.75</ele></trkpt>
   <trkpt lat="50.923306" lon="8.469271"><ele>295.75</ele></trkpt>
   <trkpt lat="50.923248" lon="8.469499"><ele>295.25</ele></trkpt>
   <trkpt lat="50.923222" lon="8.469653"><ele>294.75</ele></trkpt>
   <trkpt lat="50.923223" lon="8.469807"><ele>294.25</ele></trkpt>
   <trkpt lat="50.923256" lon="8.469935"><ele>294</ele></trkpt>
   <trkpt lat="50.923301" lon="8.470055"><ele>294</ele></trkpt>
   <trkpt lat="50.923371" lon="8.470164"><ele>293.75</ele></trkpt>
   <trkpt lat="50.923652" lon="8.470467"><ele>294</ele></trkpt>
   <trkpt lat="50.924173" lon="8.471033"><ele>294</ele></trkpt>
   <trkpt lat="50.924435" lon="8.471143"><ele>294</ele></trkpt>
   <trkpt lat="50.924519" lon="8.471198"><ele>294</ele></trkpt>
   <trkpt lat="50.925463" lon="8.471879"><ele>294</ele></trkpt>
   <trkpt lat="50.925703" lon="8.472068"><ele>294.25</ele></trkpt>
   <trkpt lat="50.926195" lon="8.472455"><ele>294.25</ele></trkpt>
   <trkpt lat="50.926381" lon="8.472507"><ele>294.75</ele></trkpt>
   <trkpt lat="50.926577" lon="8.472517"><ele>294.75</ele></trkpt>
   <trkpt lat="50.927025" lon="8.472459"><ele>296</ele></trkpt>
   <trkpt lat="50.927005" lon="8.472492"><ele>296</ele></trkpt>
   <trkpt lat="50.926976" lon="8.472568"><ele>295.75</ele></trkpt>
   <trkpt lat="50.926949" lon="8.472699"><ele>295.25</ele></trkpt>
   <trkpt lat="50.926934" lon="8.472857"><ele>294.5</ele></trkpt>
   <trkpt lat="50.926894" lon="8.473245"><ele>293.25</ele></trkpt>
   <trkpt lat="50.926862" lon="8.473625"><ele>291.75</ele></trkpt>
   <trkpt lat="50.926889" lon="8.473834"><ele>291</ele></trkpt>
   <trkpt lat="50.926971" lon="8.474605"><ele>289</ele></trkpt>
   <trkpt lat="50.92705" lon="8.475379"><ele>289.5</ele></trkpt>
   <trkpt lat="50.926934" lon="8.475489"><ele>289</ele></trkpt>
   <trkpt lat="50.926466" lon="8.475983"><ele>287.5</ele></trkpt>
   <trkpt lat="50.926217" lon="8.476264"><ele>288.25</ele></trkpt>
   <trkpt lat="50.926022" lon="8.47647"><ele>289.25</ele></trkpt>
   <trkpt lat="50.926004" lon="8.476489"><ele>289.25</ele></trkpt>
   <trkpt lat="50.925769" lon="8.476962"><ele>290.5</ele></trkpt>
   <trkpt lat="50.925795" lon="8.477022"><ele>290.5</ele></trkpt>
   <trkpt lat="50.925812" lon="8.477092"><ele>290.5</ele></trkpt>
   <trkpt lat="50.92582" lon="8.477213"><ele>290</ele></trkpt>
   <trkpt lat="50.92608" lon="8.482348"><ele>287</ele></trkpt>
   <trkpt lat="50.926081" lon="8.482548"><ele>287</ele></trkpt>
   <trkpt lat="50.925985" lon="8.484764"><ele>286</ele></trkpt>
   <trkpt lat="50.925946" lon="8.485631"><ele>285.75</ele></trkpt>
   <trkpt lat="50.925951" lon="8.485705"><ele>285.75</ele></trkpt>
   <trkpt lat="50.925973" lon="8.485758"><ele>285.5</ele></trkpt>
   <trkpt lat="50.926012" lon="8.485816"><ele>285.25</ele></trkpt>
   <trkpt lat="50.926247" lon="8.486067"><ele>285</ele></trkpt>
   <trkpt lat="50.926271" lon="8.486147"><ele>285</ele></trkpt>
   <trkpt lat="50.926282" lon="8.486242"><ele>285</ele></trkpt>
   <trkpt lat="50.926272" lon="8.486344"><ele>285</ele></trkpt>
   <trkpt lat="50.92623" lon="8.486497"><ele>285</ele></trkpt>
   <trkpt lat="50.926087" lon="8.486897"><ele>285</ele></trkpt>
   <trkpt lat="50.925767" lon="8.487704"><ele>285</ele></trkpt>
   <trkpt lat="50.925035" lon="8.489687"><ele>284.75</ele></trkpt>
   <trkpt lat="50.925017" lon="8.489858"><ele>284.25</ele></trkpt>
   <trkpt lat="50.924941" lon="8.491816"><ele>283</ele></trkpt>
   <trkpt lat="50.924919" lon="8.492552"><ele>282.75</ele></trkpt>
   <trkpt lat="50.924929" lon="8.493302"><ele>282</ele></trkpt>
   <trkpt lat="50.924963" lon="8.493677"><ele>282</ele></trkpt>
   <trkpt lat="50.925003" lon="8.49398"><ele>282</ele></trkpt>
   <trkpt lat="50.925048" lon="8.494242"><ele>282</ele></trkpt>
   <trkpt lat="50.925059" lon="8.494449"><ele>282.75</ele></trkpt>
   <trkpt lat="50.92524" lon="8.495705"><ele>282.25</ele></trkpt>
   <trkpt lat="50.925259" lon="8.496007"><ele>282.25</ele></trkpt>
   <trkpt lat="50.925261" lon="8.496369"><ele>282</ele></trkpt>
   <trkpt lat="50.925249" lon="8.496748"><ele>282</ele></trkpt>
   <trkpt lat="50.925201" lon="8.497255"><ele>281.75</ele></trkpt>
   <trkpt lat="50.925133" lon="8.497624"><ele>281.75</ele></trkpt>
   <trkpt lat="50.924937" lon="8.498407"><ele>282</ele></trkpt>
   <trkpt lat="50.924744" lon="8.498896"><ele>281.75</ele></trkpt>
   <trkpt lat="50.924656" lon="8.499103"><ele>282.25</ele></trkpt>
   <trkpt lat="50.924493" lon="8.499389"><ele>282</ele></trkpt>
   <trkpt lat="50.924349" lon="8.499617"><ele>282</ele></trkpt>
   <trkpt lat="50.923732" lon="8.500605"><ele>282</ele></trkpt>
   <trkpt lat="50.923364" lon="8.501258"><ele>282</ele></trkpt>
   <trkpt lat="50.923314" lon="8.50139"><ele>281.75</ele></trkpt>
   <trkpt lat="50.923278" lon="8.501539"><ele>281.5</ele></trkpt>
   <trkpt lat="50.923281" lon="8.501559"><ele>281.5</ele></trkpt>
   <trkpt lat="50.923296" lon="8.501654"><ele>281</ele></trkpt>
   <trkpt lat="50.923295" lon="8.501748"><ele>281</ele></trkpt>
   <trkpt lat="50.923283" lon="8.501856"><ele>281</ele></trkpt>
   <trkpt lat="50.92325" lon="8.501975"><ele>281</ele></trkpt>
   <trkpt lat="50.923148" lon="8.502139"><ele>281</ele></trkpt>
   <trkpt lat="50.923073" lon="8.502242"><ele>280.75</ele></trkpt>
   <trkpt lat="50.922866" lon="8.502505"><ele>280.75</ele></trkpt>
   <trkpt lat="50.922594" lon="8.502868"><ele>280</ele></trkpt>
   <trkpt lat="50.922314" lon="8.503255"><ele>280</ele></trkpt>
   <trkpt lat="50.922057" lon="8.503578"><ele>279.75</ele></trkpt>
   <trkpt lat="50.921558" lon="8.504181"><ele>279.75</ele></trkpt>
   <trkpt lat="50.921413" lon="8.504343"><ele>280.75</ele></trkpt>
   <trkpt lat="50.921325" lon="8.504526"><ele>280.25</ele></trkpt>
   <trkpt lat="50.921222" lon="8.504679"><ele>279.75</ele></trkpt>
   <trkpt lat="50.921127" lon="8.504867"><ele>280.75</ele></trkpt>
   <trkpt lat="50.921086" lon="8.50491"><ele>281</ele></trkpt>
   <trkpt lat="50.921024" lon="8.504943"><ele>281</ele></trkpt>
   <trkpt lat="50.920876" lon="8.504927"><ele>281</ele></trkpt>
   <trkpt lat="50.920818" lon="8.504945"><ele>281</ele></trkpt>
   <trkpt lat="50.920736" lon="8.505018"><ele>281</ele></trkpt>
   <trkpt lat="50.920331" lon="8.505468"><ele>280.25</ele></trkpt>
   <trkpt lat="50.920206" lon="8.505623"><ele>280</ele></trkpt>
   <trkpt lat="50.920154" lon="8.505671"><ele>280.25</ele></trkpt>
   <trkpt lat="50.920094" lon="8.505682"><ele>280.25</ele></trkpt>
   <trkpt lat="50.920041" lon="8.50564"><ele>280.5</ele></trkpt>
   <trkpt lat="50.91997" lon="8.505572"><ele>280.75</ele></trkpt>
   <trkpt lat="50.919876" lon="8.505634"><ele>280.25</ele></trkpt>
   <trkpt lat="50.919741" lon="8.50578"><ele>280</ele></trkpt>
   <trkpt lat="50.919683" lon="8.505839"><ele>280</ele></trkpt>
   <trkpt lat="50.91955" lon="8.506003"><ele>280</ele></trkpt>
   <trkpt lat="50.919226" lon="8.505995"><ele>280.25</ele></trkpt>
   <trkpt lat="50.919019" lon="8.505956"><ele>280.25</ele></trkpt>
   <trkpt lat="50.918849" lon="8.505859"><ele>280.75</ele></trkpt>
   <trkpt lat="50.918702" lon="8.505663"><ele>281</ele></trkpt>
   <trkpt lat="50.918613" lon="8.505594"><ele>281</ele></trkpt>
   <trkpt lat="50.918554" lon="8.5056"><ele>282</ele></trkpt>
   <trkpt lat="50.918331" lon="8.505763"><ele>282.5</ele></trkpt>
   <trkpt lat="50.918227" lon="8.505786"><ele>283.25</ele></trkpt>
   <trkpt lat="50.917999" lon="8.505945"><ele>284.25</ele></trkpt>
   <trkpt lat="50.917845" lon="8.506132"><ele>283.5</ele></trkpt>
   <trkpt lat="50.91773" lon="8.506304"><ele>282.25</ele></trkpt>
   <trkpt lat="50.917481" lon="8.506542"><ele>283.5</ele></trkpt>
   <trkpt lat="50.916197" lon="8.507333"><ele>285</ele></trkpt>
   <trkpt lat="50.916009" lon="8.507456"><ele>286</ele></trkpt>
   <trkpt lat="50.91584" lon="8.507589"><ele>285</ele></trkpt>
   <trkpt lat="50.915504" lon="8.507787"><ele>284.75</ele></trkpt>
   <trkpt lat="50.915364" lon="8.507809"><ele>284.5</ele></trkpt>
   <trkpt lat="50.915239" lon="8.507796"><ele>284.75</ele></trkpt>
   <trkpt lat="50.915161" lon="8.507808"><ele>285</ele></trkpt>
   <trkpt lat="50.914986" lon="8.507924"><ele>283.75</ele></trkpt>
   <trkpt lat="50.914243" lon="8.508473"><ele>281.75</ele></trkpt>
   <trkpt lat="50.913973" lon="8.508667"><ele>281.5</ele></trkpt>
   <trkpt lat="50.91372" lon="8.509071"><ele>281.25</ele></trkpt>
   <trkpt lat="50.913663" lon="8.509048"><ele>282</ele></trkpt>
   <trkpt lat="50.913587" lon="8.509053"><ele>282.25</ele></trkpt>
   <trkpt lat="50.913481" lon="8.5091"><ele>281.75</ele></trkpt>
   <trkpt lat="50.913117" lon="8.509313"><ele>280.25</ele></trkpt>
   <trkpt lat="50.912752" lon="8.509596"><ele>279.5</ele></trkpt>
   <trkpt lat="50.912267" lon="8.510085"><ele>278.5</ele></trkpt>
   <trkpt lat="50.911905" lon="8.510469"><ele>278.5</ele></trkpt>
   <trkpt lat="50.911617" lon="8.510869"><ele>278</ele></trkpt>
   <trkpt lat="50.911421" lon="8.511165"><ele>277.5</ele></trkpt>
   <trkpt lat="50.911196" lon="8.511588"><ele>277.5</ele></trkpt>
   <trkpt lat="50.910913" lon="8.512215"><ele>278</ele></trkpt>
   <trkpt lat="50.910894" lon="8.512268"><ele>278</ele></trkpt>
   <trkpt lat="50.910851" lon="8.512382"><ele>277.5</ele></trkpt>
   <trkpt lat="50.910659" lon="8.51299"><ele>277.5</ele></trkpt>
   <trkpt lat="50.910515" lon="8.513562"><ele>277.25</ele></trkpt>
   <trkpt lat="50.910508" lon="8.513682"><ele>277.25</ele></trkpt>
   <trkpt lat="50.910526" lon="8.513883"><ele>277.5</ele></trkpt>
   <trkpt lat="50.910617" lon="8.514372"><ele>278.75</ele></trkpt>
   <trkpt lat="50.910632" lon="8.514543"><ele>278.5</ele></trkpt>
   <trkpt lat="50.910594" lon="8.514992"><ele>275.75</ele></trkpt>
   <trkpt lat="50.910571" lon="8.515231"><ele>276.5</ele></trkpt>
   <trkpt lat="50.910488" lon="8.515594"><ele>277.75</ele></trkpt>
   <trkpt lat="50.910464" lon="8.515837"><ele>278.5</ele></trkpt>
   <trkpt lat="50.91051" lon="8.516073"><ele>277.5</ele></trkpt>
   <trkpt lat="50.910631" lon="8.516235"><ele>276.75</ele></trkpt>
   <trkpt lat="50.910678" lon="8.516385"><ele>277.25</ele></trkpt>
   <trkpt lat="50.910704" lon="8.516556"><ele>277.25</ele></trkpt>
   <trkpt lat="50.910765" lon="8.517057"><ele>276</ele></trkpt>
   <trkpt lat="50.9108" lon="8.517457"><ele>275.75</ele></trkpt>
   <trkpt lat="50.910884" lon="8.518005"><ele>275.75</ele></trkpt>
   <trkpt lat="50.911008" lon="8.518664"><ele>275.25</ele></trkpt>
   <trkpt lat="50.911195" lon="8.519799"><ele>275</ele></trkpt>
   <trkpt lat="50.911257" lon="8.52003"><ele>275.5</ele></trkpt>
   <trkpt lat="50.911372" lon="8.520341"><ele>274.75</ele></trkpt>
   <trkpt lat="50.911477" lon="8.52068"><ele>274.5</ele></trkpt>
   <trkpt lat="50.911558" lon="8.521007"><ele>275.5</ele></trkpt>
   <trkpt lat="50.911569" lon="8.521132"><ele>276.25</ele></trkpt>
   <trkpt lat="50.911557" lon="8.52135"><ele>275.75</ele></trkpt>
   <trkpt lat="50.911535" lon="8.521487"><ele>275.75</ele></trkpt>
   <trkpt lat="50.911495" lon="8.521675"><ele>275.25</ele></trkpt>
   <trkpt lat="50.911465" lon="8.521868"><ele>274.75</ele></trkpt>
   <trkpt lat="50.911466" lon="8.521959"><ele>274.25</ele></trkpt>
   <trkpt lat="50.911427" lon="8.521958"><ele>274.5</ele></trkpt>
   <trkpt lat="50.911331" lon="8.521928"><ele>274.75</ele></trkpt>
   <trkpt lat="50.911095" lon="8.521818"><ele>276.25</ele></trkpt>
   <trkpt lat="50.910989" lon="8.521876"><ele>276.25</ele></trkpt>
   <trkpt lat="50.910583" lon="8.522364"><ele>275</ele></trkpt>
   <trkpt lat="50.910525" lon="8.522399"><ele>275</ele></trkpt>
   <trkpt lat="50.910295" lon="8.522384"><ele>276.75</ele></trkpt>
   <trkpt lat="50.90998" lon="8.522553"><ele>274.75</ele></trkpt>
   <trkpt lat="50.909253" lon="8.522986"><ele>274.5</ele></trkpt>
   <trkpt lat="50.90913" lon="8.523129"><ele>274.25</ele></trkpt>
   <trkpt lat="50.909044" lon="8.523294"><ele>276</ele></trkpt>
   <trkpt lat="50.908987" lon="8.523476"><ele>276</ele></trkpt>
   <trkpt lat="50.90866" lon="8.524424"><ele>273.75</ele></trkpt>
   <trkpt lat="50.908525" lon="8.524725"><ele>273</ele></trkpt>
   <trkpt lat="50.908323" lon="8.525157"><ele>273</ele></trkpt>
   <trkpt lat="50.908236" lon="8.525335"><ele>272.75</ele></trkpt>
   <trkpt lat="50.908133" lon="8.525549"><ele>273.25</ele></trkpt>
   <trkpt lat="50.908062" lon="8.525696"><ele>272.75</ele></trkpt>
   <trkpt lat="50.907857" lon="8.526124"><ele>272.25</ele></trkpt>
   <trkpt lat="50.907705" lon="8.526359"><ele>273.75</ele></trkpt>
   <trkpt lat="50.90765" lon="8.526502"><ele>273</ele></trkpt>
   <trkpt lat="50.907637" lon="8.526579"><ele>272.75</ele></trkpt>
   <trkpt lat="50.907636" lon="8.52663"><ele>272.5</ele></trkpt>
   <trkpt lat="50.907643" lon="8.526686"><ele>272.25</ele></trkpt>
   <trkpt lat="50.907674" lon="8.526757"><ele>272.25</ele></trkpt>
   <trkpt lat="50.907785" lon="8.526862"><ele>271.75</ele></trkpt>
   <trkpt lat="50.907968" lon="8.526948"><ele>270.5</ele></trkpt>
   <trkpt lat="50.907941" lon="8.527108"><ele>270</ele></trkpt>
   <trkpt lat="50.907899" lon="8.527225"><ele>270.25</ele></trkpt>
   <trkpt lat="50.907865" lon="8.527335"><ele>270.75</ele></trkpt>
   <trkpt lat="50.907662" lon="8.528029"><ele>270.75</ele></trkpt>
   <trkpt lat="50.907564" lon="8.528356"><ele>270.25</ele></trkpt>
   <trkpt lat="50.907481" lon="8.528629"><ele>270</ele></trkpt>
   <trkpt lat="50.907402" lon="8.52884"><ele>270</ele></trkpt>
   <trkpt lat="50.907348" lon="8.528954"><ele>270</ele></trkpt>
   <trkpt lat="50.907092" lon="8.529162"><ele>270</ele></trkpt>
   <trkpt lat="50.906911" lon="8.529242"><ele>270</ele></trkpt>
   <trkpt lat="50.906818" lon="8.529276"><ele>270</ele></trkpt>
   <trkpt lat="50.906693" lon="8.529308"><ele>270</ele></trkpt>
   <trkpt lat="50.906504" lon="8.529338"><ele>270</ele></trkpt>
   <trkpt lat="50.906354" lon="8.529348"><ele>270</ele></trkpt>
   <trkpt lat="50.906109" lon="8.529296"><ele>270.5</ele></trkpt>
   <trkpt lat="50.905833" lon="8.529189"><ele>270.75</ele></trkpt>
   <trkpt lat="50.905741" lon="8.529193"><ele>272.75</ele></trkpt>
   <trkpt lat="50.905699" lon="8.529218"><ele>273.25</ele></trkpt>
   <trkpt lat="50.905539" lon="8.529394"><ele>274</ele></trkpt>
   <trkpt lat="50.905432" lon="8.529477"><ele>274.25</ele></trkpt>
   <trkpt lat="50.905343" lon="8.529502"><ele>274.75</ele></trkpt>
   <trkpt lat="50.905023" lon="8.529624"><ele>276.75</ele></trkpt>
   <trkpt lat="50.904878" lon="8.529762"><ele>277.75</ele></trkpt>
   <trkpt lat="50.904696" lon="8.529999"><ele>278.25</ele></trkpt>
   <trkpt lat="50.904593" lon="8.530081"><ele>278.5</ele></trkpt>
   <trkpt lat="50.904485" lon="8.530133"><ele>279.75</ele></trkpt>
   <trkpt lat="50.9042" lon="8.530171"><ele>282.5</ele></trkpt>
   <trkpt lat="50.904018" lon="8.530315"><ele>282</ele></trkpt>
   <trkpt lat="50.903754" lon="8.530453"><ele>284.5</ele></trkpt>
   <trkpt lat="50.903735" lon="8.530461"><ele>284.75</ele></trkpt>
   <trkpt lat="50.903678" lon="8.530521"><ele>284.5</ele></trkpt>
   <trkpt lat="50.903175" lon="8.5309"><ele>282.25</ele></trkpt>
   <trkpt lat="50.90273" lon="8.530926"><ele>289</ele></trkpt>
   <trkpt lat="50.902475" lon="8.531134"><ele>288.25</ele></trkpt>
   <trkpt lat="50.901977" lon="8.531449"><ele>289.25</ele></trkpt>
   <trkpt lat="50.901711" lon="8.531767"><ele>288</ele></trkpt>
   <trkpt lat="50.900956" lon="8.532335"><ele>290.75</ele></trkpt>
   <trkpt lat="50.900402" lon="8.532773"><ele>293.25</ele></trkpt>
   <trkpt lat="50.900166" lon="8.532897"><ele>294.5</ele></trkpt>
   <trkpt lat="50.899906" lon="8.533239"><ele>291.5</ele></trkpt>
   <trkpt lat="50.899743" lon="8.533474"><ele>291.5</ele></trkpt>
   <trkpt lat="50.899336" lon="8.534157"><ele>287.25</ele></trkpt>
   <trkpt lat="50.899256" lon="8.534349"><ele>286.5</ele></trkpt>
   <trkpt lat="50.89918" lon="8.534617"><ele>284.5</ele></trkpt>
   <trkpt lat="50.899092" lon="8.534945"><ele>281.5</ele></trkpt>
   <trkpt lat="50.898962" lon="8.535386"><ele>279.25</ele></trkpt>
   <trkpt lat="50.89883" lon="8.535674"><ele>277</ele></trkpt>
   <trkpt lat="50.898771" lon="8.535732"><ele>276.25</ele></trkpt>
   <trkpt lat="50.898659" lon="8.53581"><ele>275.75</ele></trkpt>
   <trkpt lat="50.898599" lon="8.535912"><ele>275</ele></trkpt>
   <trkpt lat="50.89838" lon="8.536442"><ele>271.75</ele></trkpt>
   <trkpt lat="50.89831" lon="8.536534"><ele>271.5</ele></trkpt>
   <trkpt lat="50.89822" lon="8.536601"><ele>271.75</ele></trkpt>
   <trkpt lat="50.898107" lon="8.536659"><ele>272.5</ele></trkpt>
   <trkpt lat="50.898007" lon="8.53669"><ele>272.75</ele></trkpt>
   <trkpt lat="50.897898" lon="8.536699"><ele>272.75</ele></trkpt>
   <trkpt lat="50.897756" lon="8.536676"><ele>273</ele></trkpt>
   <trkpt lat="50.897349" lon="8.536601"><ele>273</ele></trkpt>
   <trkpt lat="50.897312" lon="8.536614"><ele>273</ele></trkpt>
   <trkpt lat="50.897291" lon="8.536629"><ele>273</ele></trkpt>
   <trkpt lat="50.897036" lon="8.536835"><ele>272.5</ele></trkpt>
   <trkpt lat="50.896463" lon="8.537374"><ele>270.25</ele></trkpt>
   <trkpt lat="50.89632" lon="8.537484"><ele>270</ele></trkpt>
   <trkpt lat="50.896101" lon="8.537616"><ele>269.5</ele></trkpt>
   <trkpt lat="50.895595" lon="8.538029"><ele>268</ele></trkpt>
   <trkpt lat="50.895348" lon="8.538189"><ele>267.5</ele></trkpt>
   <trkpt lat="50.895047" lon="8.538362"><ele>267.5</ele></trkpt>
   <trkpt lat="50.894938" lon="8.538435"><ele>267.75</ele></trkpt>
   <trkpt lat="50.894816" lon="8.538528"><ele>268</ele></trkpt>
   <trkpt lat="50.894358" lon="8.538973"><ele>267</ele></trkpt>
   <trkpt lat="50.894033" lon="8.539214"><ele>266</ele></trkpt>
   <trkpt lat="50.893869" lon="8.539316"><ele>265.75</ele></trkpt>
   <trkpt lat="50.893663" lon="8.539338"><ele>265.75</ele></trkpt>
   <trkpt lat="50.893254" lon="8.539329"><ele>265</ele></trkpt>
   <trkpt lat="50.893203" lon="8.539347"><ele>264.5</ele></trkpt>
   <trkpt lat="50.893128" lon="8.53944"><ele>264.25</ele></trkpt>
   <trkpt lat="50.893109" lon="8.539708"><ele>263</ele></trkpt>
   <trkpt lat="50.893053" lon="8.539814"><ele>263</ele></trkpt>
   <trkpt lat="50.89279" lon="8.5401"><ele>263</ele></trkpt>
   <trkpt lat="50.892554" lon="8.540294"><ele>263</ele></trkpt>
   <trkpt lat="50.892491" lon="8.540405"><ele>262.75</ele></trkpt>
   <trkpt lat="50.892453" lon="8.540436"><ele>262.75</ele></trkpt>
   <trkpt lat="50.892352" lon="8.540452"><ele>262.75</ele></trkpt>
   <trkpt lat="50.892108" lon="8.540455"><ele>262.5</ele></trkpt>
   <trkpt lat="50.891269" lon="8.540387"><ele>262.25</ele></trkpt>
   <trkpt lat="50.888432" lon="8.540165"><ele>262.25</ele></trkpt>
   <trkpt lat="50.887391" lon="8.540107"><ele>262.5</ele></trkpt>
   <trkpt lat="50.887052" lon="8.540079"><ele>261.75</ele></trkpt>
   <trkpt lat="50.886669" lon="8.540031"><ele>261.75</ele></trkpt>
   <trkpt lat="50.886565" lon="8.54002"><ele>261.75</ele></trkpt>
   <trkpt lat="50.886071" lon="8.540008"><ele>260.75</ele></trkpt>
   <trkpt lat="50.885368" lon="8.539951"><ele>260</ele></trkpt>
   <trkpt lat="50.88422" lon="8.539873"><ele>259.5</ele></trkpt>
   <trkpt lat="50.884164" lon="8.539869"><ele>259.25</ele></trkpt>
   <trkpt lat="50.883173" lon="8.539806"><ele>259</ele></trkpt>
   <trkpt lat="50.882945" lon="8.539799"><ele>258.75</ele></trkpt>
   <trkpt lat="50.882667" lon="8.539838"><ele>258.5</ele></trkpt>
   <trkpt lat="50.882402" lon="8.539931"><ele>259</ele></trkpt>
   <trkpt lat="50.882313" lon="8.539975"><ele>259</ele></trkpt>
   <trkpt lat="50.881909" lon="8.540252"><ele>260.25</ele></trkpt>
   <trkpt lat="50.881731" lon="8.540449"><ele>260.25</ele></trkpt>
   <trkpt lat="50.881579" lon="8.540603"><ele>260.25</ele></trkpt>
   <trkpt lat="50.881342" lon="8.540865"><ele>260.25</ele></trkpt>
   <trkpt lat="50.881039" lon="8.541182"><ele>260.25</ele></trkpt>
   <trkpt lat="50.880967" lon="8.541267"><ele>260.5</ele></trkpt>
   <trkpt lat="50.880922" lon="8.541306"><ele>260.75</ele></trkpt>
   <trkpt lat="50.880801" lon="8.541372"><ele>261.25</ele></trkpt>
   <trkpt lat="50.880712" lon="8.541445"><ele>261.25</ele></trkpt>
   <trkpt lat="50.88069" lon="8.541471"><ele>261.25</ele></trkpt>
   <trkpt lat="50.880635" lon="8.541585"><ele>260.5</ele></trkpt>
   <trkpt lat="50.880691" lon="8.541597"><ele>260.5</ele></trkpt>
   <trkpt lat="50.880726" lon="8.541616"><ele>260.25</ele></trkpt>
   <trkpt lat="50.880755" lon="8.541649"><ele>260</ele></trkpt>
   <trkpt lat="50.880781" lon="8.541683"><ele>259.75</ele></trkpt>
   <trkpt lat="50.880864" lon="8.541739"><ele>258.5</ele></trkpt>
   <trkpt lat="50.881231" lon="8.542017"><ele>257.25</ele></trkpt>
   <trkpt lat="50.881339" lon="8.542096"><ele>258.5</ele></trkpt>
   <trkpt lat="50.881416" lon="8.542115"><ele>259</ele></trkpt>
   <trkpt lat="50.881715" lon="8.54234"><ele>259.25</ele></trkpt>
   <trkpt lat="50.881836" lon="8.542417"><ele>259.75</ele></trkpt>
   <trkpt lat="50.881909" lon="8.542453"><ele>260.25</ele></trkpt>
   <trkpt lat="50.881966" lon="8.54247"><ele>260.5</ele></trkpt>
   <trkpt lat="50.882069" lon="8.542481"><ele>260.25</ele></trkpt>
   <trkpt lat="50.882181" lon="8.542458"><ele>259.5</ele></trkpt>
   <trkpt lat="50.882442" lon="8.542315"><ele>258.75</ele></trkpt>
   <trkpt lat="50.882519" lon="8.542291"><ele>259</ele></trkpt>
   <trkpt lat="50.882602" lon="8.542281"><ele>259.25</ele></trkpt>
   <trkpt lat="50.882676" lon="8.542287"><ele>259.25</ele></trkpt>
   <trkpt lat="50.882746" lon="8.542305"><ele>259.5</ele></trkpt>
   <trkpt lat="50.883276" lon="8.542527"><ele>258.75</ele></trkpt>
   <trkpt lat="50.883257" lon="8.542611"><ele>258.75</ele></trkpt>
   <trkpt lat="50.883245" lon="8.542692"><ele>258.75</ele></trkpt>
   <trkpt lat="50.883544" lon="8.542824"><ele>258.75</ele></trkpt>
   <trkpt lat="50.883561" lon="8.542957"><ele>258.75</ele></trkpt>
   <trkpt lat="50.883568" lon="8.543016"><ele>258.75</ele></trkpt>
   <trkpt lat="50.883607" lon="8.543315"><ele>258</ele></trkpt>
   <trkpt lat="50.88341" lon="8.543414"><ele>258</ele></trkpt>
   <trkpt lat="50.88284" lon="8.543708"><ele>257.5</ele></trkpt>
   <trkpt lat="50.882621" lon="8.543807"><ele>257.25</ele></trkpt>
   <trkpt lat="50.882288" lon="8.543991"><ele>257.25</ele></trkpt>
   <trkpt lat="50.88205" lon="8.544133"><ele>257</ele></trkpt>
   <trkpt lat="50.881918" lon="8.544197"><ele>257</ele></trkpt>
   <trkpt lat="50.881745" lon="8.544243"><ele>257</ele></trkpt>
   <trkpt lat="50.881715" lon="8.544261"><ele>257</ele></trkpt>
   <trkpt lat="50.88167" lon="8.544298"><ele>257</ele></trkpt>
   <trkpt lat="50.881642" lon="8.544332"><ele>257</ele></trkpt>
   <trkpt lat="50.881615" lon="8.544369"><ele>257</ele></trkpt>
   <trkpt lat="50.881592" lon="8.544421"><ele>257</ele></trkpt>
   <trkpt lat="50.881573" lon="8.544472"><ele>256.75</ele></trkpt>
   <trkpt lat="50.881542" lon="8.544635"><ele>256.5</ele></trkpt>
   <trkpt lat="50.881528" lon="8.544772"><ele>256.5</ele></trkpt>
   <trkpt lat="50.881471" lon="8.545575"><ele>256.5</ele></trkpt>
   <trkpt lat="50.881448" lon="8.54573"><ele>256.75</ele></trkpt>
   <trkpt lat="50.881401" lon="8.545796"><ele>256.75</ele></trkpt>
   <trkpt lat="50.880651" lon="8.546514"><ele>256.25</ele></trkpt>
   <trkpt lat="50.880534" lon="8.546652"><ele>256</ele></trkpt>
   <trkpt lat="50.880171" lon="8.547255"><ele>255.75</ele></trkpt>
   <trkpt lat="50.879822" lon="8.547809"><ele>255.25</ele></trkpt>
   <trkpt lat="50.879725" lon="8.547947"><ele>255</ele></trkpt>
   <trkpt lat="50.879347" lon="8.548348"><ele>255</ele></trkpt>
   <trkpt lat="50.878289" lon="8.549468"><ele>254.75</ele></trkpt>
   <trkpt lat="50.874951" lon="8.553053"><ele>253</ele></trkpt>
   <trkpt lat="50.874155" lon="8.553897"><ele>252.75</ele></trkpt>
   <trkpt lat="50.874105" lon="8.553941"><ele>252.75</ele></trkpt>
   <trkpt lat="50.873426" lon="8.554421"><ele>252</ele></trkpt>
   <trkpt lat="50.870485" lon="8.556553"><ele>251</ele></trkpt>
   <trkpt lat="50.86913" lon="8.557546"><ele>250.75</ele></trkpt>
   <trkpt lat="50.865682" lon="8.560054"><ele>248.5</ele></trkpt>
   <trkpt lat="50.864327" lon="8.561066"><ele>248</ele></trkpt>
   <trkpt lat="50.864305" lon="8.56109"><ele>248</ele></trkpt>
   <trkpt lat="50.862944" lon="8.562563"><ele>247.5</ele></trkpt>
   <trkpt lat="50.862382" lon="8.563182"><ele>247</ele></trkpt>
   <trkpt lat="50.861587" lon="8.564057"><ele>246</ele></trkpt>
   <trkpt lat="50.861483" lon="8.564144"><ele>246</ele></trkpt>
   <trkpt lat="50.859223" lon="8.565683"><ele>245</ele></trkpt>
   <trkpt lat="50.859153" lon="8.565697"><ele>244.75</ele></trkpt>
   <trkpt lat="50.859101" lon="8.565685"><ele>244.75</ele></trkpt>
   <trkpt lat="50.858557" lon="8.565136"><ele>244.25</ele></trkpt>
   <trkpt lat="50.858455" lon="8.565016"><ele>245</ele></trkpt>
   <trkpt lat="50.85836" lon="8.564905"><ele>245.5</ele></trkpt>
   <trkpt lat="50.858204" lon="8.564499"><ele>245.5</ele></trkpt>
   <trkpt lat="50.858145" lon="8.56445"><ele>246.25</ele></trkpt>
   <trkpt lat="50.858113" lon="8.564291"><ele>246</ele></trkpt>
   <trkpt lat="50.858101" lon="8.564235"><ele>246</ele></trkpt>
   <trkpt lat="50.857926" lon="8.56343"><ele>245.25</ele></trkpt>
   <trkpt lat="50.857849" lon="8.563163"><ele>246</ele></trkpt>
   <trkpt lat="50.85778" lon="8.562978"><ele>246.75</ele></trkpt>
   <trkpt lat="50.857707" lon="8.562844"><ele>246.5</ele></trkpt>
   <trkpt lat="50.857633" lon="8.562729"><ele>246.25</ele></trkpt>
   <trkpt lat="50.85757" lon="8.562647"><ele>246.25</ele></trkpt>
   <trkpt lat="50.857511" lon="8.562589"><ele>246.5</ele></trkpt>
   <trkpt lat="50.857392" lon="8.562488"><ele>246.75</ele></trkpt>
   <trkpt lat="50.857288" lon="8.5624"><ele>246.75</ele></trkpt>
   <trkpt lat="50.85706" lon="8.562203"><ele>247</ele></trkpt>
   <trkpt lat="50.856882" lon="8.562542"><ele>246.5</ele></trkpt>
   <trkpt lat="50.856797" lon="8.562713"><ele>246.5</ele></trkpt>
   <trkpt lat="50.856727" lon="8.562894"><ele>246.25</ele></trkpt>
   <trkpt lat="50.856632" lon="8.563182"><ele>246</ele></trkpt>
   <trkpt lat="50.85655" lon="8.563502"><ele>246</ele></trkpt>
   <trkpt lat="50.856457" lon="8.564"><ele>246.25</ele></trkpt>
   <trkpt lat="50.856341" lon="8.564958"><ele>245</ele></trkpt>
   <trkpt lat="50.856295" lon="8.565517"><ele>245</ele></trkpt>
   <trkpt lat="50.856287" lon="8.565636"><ele>245</ele></trkpt>
   <trkpt lat="50.856275" lon="8.565848"><ele>245.25</ele></trkpt>
   <trkpt lat="50.856269" lon="8.565917"><ele>245.5</ele></trkpt>
   <trkpt lat="50.856535" lon="8.566238"><ele>245.25</ele></trkpt>
   <trkpt lat="50.85676" lon="8.566548"><ele>244.5</ele></trkpt>
   <trkpt lat="50.856811" lon="8.566644"><ele>244.25</ele></trkpt>
   <trkpt lat="50.85683" lon="8.566789"><ele>244.5</ele></trkpt>
   <trkpt lat="50.856746" lon="8.567952"><ele>244.5</ele></trkpt>
   <trkpt lat="50.856682" lon="8.56899"><ele>244</ele></trkpt>
   <trkpt lat="50.856726" lon="8.569447"><ele>244</ele></trkpt>
   <trkpt lat="50.856754" lon="8.569917"><ele>244</ele></trkpt>
   <trkpt lat="50.856766" lon="8.570202"><ele>243.75</ele></trkpt>
   <trkpt lat="50.856764" lon="8.570424"><ele>244</ele></trkpt>
   <trkpt lat="50.856756" lon="8.57051"><ele>244</ele></trkpt>
   <trkpt lat="50.85673" lon="8.570681"><ele>244</ele></trkpt>
   <trkpt lat="50.85671" lon="8.570752"><ele>244</ele></trkpt>
   <trkpt lat="50.856676" lon="8.570814"><ele>244</ele></trkpt>
   <trkpt lat="50.856624" lon="8.570854"><ele>244</ele></trkpt>
   <trkpt lat="50.856475" lon="8.571039"><ele>244</ele></trkpt>
   <trkpt lat="50.856086" lon="8.571524"><ele>244</ele></trkpt>
   <trkpt lat="50.856023" lon="8.571575"><ele>244.25</ele></trkpt>
   <trkpt lat="50.855979" lon="8.571591"><ele>244.25</ele></trkpt>
   <trkpt lat="50.855945" lon="8.571604"><ele>244.5</ele></trkpt>
   <trkpt lat="50.855969" lon="8.571672"><ele>244.5</ele></trkpt>
   <trkpt lat="50.856122" lon="8.572573"><ele>243.75</ele></trkpt>
   <trkpt lat="50.856303" lon="8.5734"><ele>243.75</ele></trkpt>
   <trkpt lat="50.856594" lon="8.574397"><ele>243</ele></trkpt>
   <trkpt lat="50.856875" lon="8.575037"><ele>243</ele></trkpt>
   <trkpt lat="50.857145" lon="8.575596"><ele>243</ele></trkpt>
   <trkpt lat="50.858662" lon="8.578297"><ele>242</ele></trkpt>
   <trkpt lat="50.858988" lon="8.57891"><ele>242</ele></trkpt>
   <trkpt lat="50.859074" lon="8.5789"><ele>242</ele></trkpt>
   <trkpt lat="50.859744" lon="8.578656"><ele>241.75</ele></trkpt>
   <trkpt lat="50.859936" lon="8.578583"><ele>242</ele></trkpt>
   <trkpt lat="50.860071" lon="8.578545"><ele>241.5</ele></trkpt>
   <trkpt lat="50.860201" lon="8.578473"><ele>241.25</ele></trkpt>
   <trkpt lat="50.860437" lon="8.57827"><ele>241</ele></trkpt>
   <trkpt lat="50.860527" lon="8.578207"><ele>241</ele></trkpt>
   <trkpt lat="50.860618" lon="8.578198"><ele>241</ele></trkpt>
   <trkpt lat="50.860664" lon="8.578233"><ele>241</ele></trkpt>
   <trkpt lat="50.860715" lon="8.578296"><ele>241</ele></trkpt>
   <trkpt lat="50.86077" lon="8.578431"><ele>241</ele></trkpt>
   <trkpt lat="50.860956" lon="8.578965"><ele>241</ele></trkpt>
   <trkpt lat="50.861394" lon="8.579999"><ele>240.75</ele></trkpt>
   <trkpt lat="50.861476" lon="8.580236"><ele>240</ele></trkpt>
   <trkpt lat="50.86176" lon="8.581225"><ele>240</ele></trkpt>
   <trkpt lat="50.861969" lon="8.581956"><ele>240</ele></trkpt>
   <trkpt lat="50.862045" lon="8.582435"><ele>240.25</ele></trkpt>
   <trkpt lat="50.862038" lon="8.582633"><ele>239.75</ele></trkpt>
   <trkpt lat="50.862145" lon="8.582766"><ele>239.5</ele></trkpt>
   <trkpt lat="50.862244" lon="8.582913"><ele>239.75</ele></trkpt>
   <trkpt lat="50.862638" lon="8.583593"><ele>239</ele></trkpt>
   <trkpt lat="50.863046" lon="8.584322"><ele>240</ele></trkpt>
   <trkpt lat="50.863134" lon="8.584466"><ele>240.25</ele></trkpt>
   <trkpt lat="50.862913" lon="8.584901"><ele>240.25</ele></trkpt>
   <trkpt lat="50.862851" lon="8.584967"><ele>240.25</ele></trkpt>
   <trkpt lat="50.862764" lon="8.585197"><ele>240</ele></trkpt>
   <trkpt lat="50.862748" lon="8.585443"><ele>240</ele></trkpt>
   <trkpt lat="50.862773" lon="8.585668"><ele>240</ele></trkpt>
   <trkpt lat="50.863044" lon="8.586356"><ele>240</ele></trkpt>
   <trkpt lat="50.863477" lon="8.587121"><ele>239</ele></trkpt>
   <trkpt lat="50.863629" lon="8.587382"><ele>239</ele></trkpt>
   <trkpt lat="50.863764" lon="8.5875"><ele>238.75</ele></trkpt>
   <trkpt lat="50.863954" lon="8.587629"><ele>238.75</ele></trkpt>
   <trkpt lat="50.86404" lon="8.587711"><ele>238.25</ele></trkpt>
   <trkpt lat="50.864117" lon="8.587844"><ele>238.25</ele></trkpt>
   <trkpt lat="50.864977" lon="8.589482"><ele>238</ele></trkpt>
   <trkpt lat="50.865157" lon="8.589679"><ele>237.5</ele></trkpt>
   <trkpt lat="50.865202" lon="8.589717"><ele>237.25</ele></trkpt>
   <trkpt lat="50.865273" lon="8.589846"><ele>237.25</ele></trkpt>
   <trkpt lat="50.865761" lon="8.590791"><ele>237.25</ele></trkpt>
   <trkpt lat="50.866128" lon="8.591534"><ele>237.5</ele></trkpt>
   <trkpt lat="50.866205" lon="8.59165"><ele>237.75</ele></trkpt>
   <trkpt lat="50.866277" lon="8.591737"><ele>238</ele></trkpt>
   <trkpt lat="50.866824" lon="8.592335"><ele>238</ele></trkpt>
   <trkpt lat="50.867014" lon="8.592512"><ele>238</ele></trkpt>
   <trkpt lat="50.868088" lon="8.593362"><ele>237</ele></trkpt>
   <trkpt lat="50.868424" lon="8.593606"><ele>237</ele></trkpt>
   <trkpt lat="50.869117" lon="8.594114"><ele>236</ele></trkpt>
   <trkpt lat="50.869177" lon="8.594182"><ele>236</ele></trkpt>
   <trkpt lat="50.869208" lon="8.594235"><ele>236</ele></trkpt>
   <trkpt lat="50.869237" lon="8.594283"><ele>236</ele></trkpt>
   <trkpt lat="50.869272" lon="8.594403"><ele>236.25</ele></trkpt>
   <trkpt lat="50.869351" lon="8.594919"><ele>237</ele></trkpt>
   <trkpt lat="50.869552" lon="8.595626"><ele>238</ele></trkpt>
   <trkpt lat="50.869617" lon="8.595713"><ele>239</ele></trkpt>
   <trkpt lat="50.869805" lon="8.595806"><ele>239.75</ele></trkpt>
   <trkpt lat="50.870162" lon="8.595877"><ele>242</ele></trkpt>
   <trkpt lat="50.870594" lon="8.596109"><ele>242.75</ele></trkpt>
   <trkpt lat="50.870679" lon="8.596194"><ele>242.5</ele></trkpt>
   <trkpt lat="50.87086" lon="8.596471"><ele>241</ele></trkpt>
   <trkpt lat="50.870958" lon="8.59684"><ele>242.25</ele></trkpt>
   <trkpt lat="50.871055" lon="8.597329"><ele>239</ele></trkpt>
   <trkpt lat="50.871081" lon="8.597493"><ele>238</ele></trkpt>
   <trkpt lat="50.871083" lon="8.597591"><ele>237.75</ele></trkpt>
   <trkpt lat="50.871067" lon="8.597721"><ele>237.75</ele></trkpt>
   <trkpt lat="50.871086" lon="8.598156"><ele>235.5</ele></trkpt>
   <trkpt lat="50.871082" lon="8.598376"><ele>235</ele></trkpt>
   <trkpt lat="50.871072" lon="8.598547"><ele>235</ele></trkpt>
   <trkpt lat="50.871031" lon="8.598975"><ele>235.5</ele></trkpt>
   <trkpt lat="50.870991" lon="8.599301"><ele>235.5</ele></trkpt>
   <trkpt lat="50.870955" lon="8.599472"><ele>235.25</ele></trkpt>
   <trkpt lat="50.870868" lon="8.599795"><ele>235.25</ele></trkpt>
   <trkpt lat="50.870824" lon="8.599924"><ele>235.5</ele></trkpt>
   <trkpt lat="50.87072" lon="8.600246"><ele>235.5</ele></trkpt>
   <trkpt lat="50.870352" lon="8.601464"><ele>235.25</ele></trkpt>
   <trkpt lat="50.870193" lon="8.601933"><ele>234.75</ele></trkpt>
   <trkpt lat="50.869971" lon="8.602642"><ele>235</ele></trkpt>
   <trkpt lat="50.869842" lon="8.603034"><ele>235</ele></trkpt>
   <trkpt lat="50.869763" lon="8.603245"><ele>235</ele></trkpt>
   <trkpt lat="50.869708" lon="8.603353"><ele>235</ele></trkpt>
   <trkpt lat="50.868934" lon="8.604555"><ele>234</ele></trkpt>
   <trkpt lat="50.868701" lon="8.604903"><ele>233.75</ele></trkpt>
   <trkpt lat="50.868678" lon="8.604963"><ele>234</ele></trkpt>
   <trkpt lat="50.868616" lon="8.60498"><ele>234</ele></trkpt>
   <trkpt lat="50.868567" lon="8.605005"><ele>233.75</ele></trkpt>
   <trkpt lat="50.868528" lon="8.605037"><ele>233.75</ele></trkpt>
   <trkpt lat="50.867915" lon="8.605717"><ele>233</ele></trkpt>
   <trkpt lat="50.867877" lon="8.605762"><ele>233</ele></trkpt>
   <trkpt lat="50.867581" lon="8.606114"><ele>233</ele></trkpt>
   <trkpt lat="50.867284" lon="8.606451"><ele>233</ele></trkpt>
   <trkpt lat="50.866313" lon="8.607569"><ele>232</ele></trkpt>
   <trkpt lat="50.866071" lon="8.607819"><ele>232</ele></trkpt>
   <trkpt lat="50.865911" lon="8.60795"><ele>232</ele></trkpt>
   <trkpt lat="50.865747" lon="8.608056"><ele>232</ele></trkpt>
   <trkpt lat="50.865367" lon="8.608297"><ele>232</ele></trkpt>
   <trkpt lat="50.865175" lon="8.608406"><ele>231.75</ele></trkpt>
   <trkpt lat="50.864988" lon="8.608494"><ele>232</ele></trkpt>
   <trkpt lat="50.864878" lon="8.608526"><ele>232</ele></trkpt>
   <trkpt lat="50.864791" lon="8.60854"><ele>232</ele></trkpt>
   <trkpt lat="50.864316" lon="8.608583"><ele>232</ele></trkpt>
   <trkpt lat="50.863989" lon="8.608625"><ele>231.75</ele></trkpt>
   <trkpt lat="50.863873" lon="8.608654"><ele>231.75</ele></trkpt>
   <trkpt lat="50.863645" lon="8.608763"><ele>231.75</ele></trkpt>
   <trkpt lat="50.863142" lon="8.609152"><ele>231.5</ele></trkpt>
   <trkpt lat="50.863116" lon="8.609174"><ele>231.75</ele></trkpt>
   <trkpt lat="50.862439" lon="8.60971"><ele>232</ele></trkpt>
   <trkpt lat="50.862266" lon="8.609871"><ele>231.75</ele></trkpt>
   <trkpt lat="50.861892" lon="8.610348"><ele>232.5</ele></trkpt>
   <trkpt lat="50.861704" lon="8.610547"><ele>232</ele></trkpt>
   <trkpt lat="50.861533" lon="8.610676"><ele>232</ele></trkpt>
   <trkpt lat="50.861545" lon="8.61072"><ele>232</ele></trkpt>
   <trkpt lat="50.861683" lon="8.61106"><ele>231.75</ele></trkpt>
   <trkpt lat="50.861969" lon="8.611662"><ele>231</ele></trkpt>
   <trkpt lat="50.862117" lon="8.612003"><ele>231</ele></trkpt>
   <trkpt lat="50.862483" lon="8.612776"><ele>231</ele></trkpt>
   <trkpt lat="50.862869" lon="8.613617"><ele>231.25</ele></trkpt>
   <trkpt lat="50.862917" lon="8.613579"><ele>231.25</ele></trkpt>
   <trkpt lat="50.862969" lon="8.61357"><ele>231.5</ele></trkpt>
   <trkpt lat="50.863039" lon="8.613577"><ele>231.75</ele></trkpt>
   <trkpt lat="50.863079" lon="8.613594"><ele>231.75</ele></trkpt>
   <trkpt lat="50.863577" lon="8.61393"><ele>231</ele></trkpt>
   <trkpt lat="50.863726" lon="8.614027"><ele>230.5</ele></trkpt>
   <trkpt lat="50.863693" lon="8.614208"><ele>230.5</ele></trkpt>
   <trkpt lat="50.8637" lon="8.614484"><ele>230.25</ele></trkpt>
   <trkpt lat="50.863724" lon="8.614654"><ele>230</ele></trkpt>
   <trkpt lat="50.86375" lon="8.614782"><ele>230</ele></trkpt>
   <trkpt lat="50.863913" lon="8.615435"><ele>230.25</ele></trkpt>
   <trkpt lat="50.863952" lon="8.615543"><ele>230</ele></trkpt>
   <trkpt lat="50.864002" lon="8.615613"><ele>230.25</ele></trkpt>
   <trkpt lat="50.864275" lon="8.615808"><ele>230</ele></trkpt>
   <trkpt lat="50.864303" lon="8.615835"><ele>230</ele></trkpt>
   <trkpt lat="50.864359" lon="8.615946"><ele>230</ele></trkpt>
   <trkpt lat="50.864537" lon="8.617265"><ele>230</ele></trkpt>
   <trkpt lat="50.8646" lon="8.61785"><ele>229.5</ele></trkpt>
   <trkpt lat="50.86476" lon="8.619736"><ele>229</ele></trkpt>
   <trkpt lat="50.864759" lon="8.619902"><ele>229</ele></trkpt>
   <trkpt lat="50.864643" lon="8.620422"><ele>229</ele></trkpt>
   <trkpt lat="50.86462" lon="8.620541"><ele>229</ele></trkpt>
   <trkpt lat="50.864588" lon="8.620635"><ele>229</ele></trkpt>
   <trkpt lat="50.864565" lon="8.620667"><ele>229</ele></trkpt>
   <trkpt lat="50.864464" lon="8.620752"><ele>229</ele></trkpt>
   <trkpt lat="50.86443" lon="8.620793"><ele>229</ele></trkpt>
   <trkpt lat="50.864408" lon="8.620846"><ele>228.75</ele></trkpt>
   <trkpt lat="50.864395" lon="8.620921"><ele>228.75</ele></trkpt>
   <trkpt lat="50.864361" lon="8.621716"><ele>228.5</ele></trkpt>
   <trkpt lat="50.864313" lon="8.622572"><ele>228.5</ele></trkpt>
   <trkpt lat="50.864362" lon="8.622638"><ele>228.5</ele></trkpt>
   <trkpt lat="50.864388" lon="8.622648"><ele>228.75</ele></trkpt>
   <trkpt lat="50.864706" lon="8.622693"><ele>229</ele></trkpt>
   <trkpt lat="50.864733" lon="8.62269"><ele>228.75</ele></trkpt>
   <trkpt lat="50.864763" lon="8.62267"><ele>228.75</ele></trkpt>
   <trkpt lat="50.864857" lon="8.622579"><ele>228.75</ele></trkpt>
   <trkpt lat="50.86491" lon="8.622554"><ele>228.75</ele></trkpt>
   <trkpt lat="50.86493" lon="8.622557"><ele>228.75</ele></trkpt>
   <trkpt lat="50.864946" lon="8.622564"><ele>228.75</ele></trkpt>
   <trkpt lat="50.864975" lon="8.622606"><ele>228.5</ele></trkpt>
   <trkpt lat="50.865153" lon="8.622983"><ele>228.5</ele></trkpt>
   <trkpt lat="50.865191" lon="8.623076"><ele>228.5</ele></trkpt>
   <trkpt lat="50.865196" lon="8.623188"><ele>228.75</ele></trkpt>
   <trkpt lat="50.865115" lon="8.623385"><ele>229</ele></trkpt>
   <trkpt lat="50.865096" lon="8.623463"><ele>229</ele></trkpt>
   <trkpt lat="50.865092" lon="8.623567"><ele>229</ele></trkpt>
   <trkpt lat="50.865185" lon="8.623974"><ele>228.75</ele></trkpt>
   <trkpt lat="50.865199" lon="8.624171"><ele>229.25</ele></trkpt>
   <trkpt lat="50.865173" lon="8.624363"><ele>229.75</ele></trkpt>
   <trkpt lat="50.864827" lon="8.627124"><ele>228.5</ele></trkpt>
   <trkpt lat="50.864579" lon="8.628898"><ele>228.25</ele></trkpt>
   <trkpt lat="50.864296" lon="8.631071"><ele>227</ele></trkpt>
   <trkpt lat="50.864105" lon="8.632596"><ele>227.5</ele></trkpt>
   <trkpt lat="50.864016" lon="8.633258"><ele>227</ele></trkpt>
   <trkpt lat="50.863938" lon="8.633692"><ele>227</ele></trkpt>
   <trkpt lat="50.863787" lon="8.634304"><ele>227.25</ele></trkpt>
   <trkpt lat="50.86361" lon="8.63472"><ele>227.75</ele></trkpt>
   <trkpt lat="50.863551" lon="8.634862"><ele>227.75</ele></trkpt>
   <trkpt lat="50.862693" lon="8.63682"><ele>226.25</ele></trkpt>
   <trkpt lat="50.862528" lon="8.637182"><ele>226</ele></trkpt>
   <trkpt lat="50.862287" lon="8.637566"><ele>226</ele></trkpt>
   <trkpt lat="50.862098" lon="8.638136"><ele>226.25</ele></trkpt>
   <trkpt lat="50.861809" lon="8.638805"><ele>225.75</ele></trkpt>
   <trkpt lat="50.86159" lon="8.63928"><ele>225.5</ele></trkpt>
   <trkpt lat="50.861544" lon="8.639341"><ele>225.5</ele></trkpt>
   <trkpt lat="50.861407" lon="8.639383"><ele>225</ele></trkpt>
   <trkpt lat="50.860917" lon="8.639444"><ele>225</ele></trkpt>
   <trkpt lat="50.860815" lon="8.639537"><ele>225</ele></trkpt>
   <trkpt lat="50.860698" lon="8.639713"><ele>225</ele></trkpt>
   <trkpt lat="50.860144" lon="8.640705"><ele>224.25</ele></trkpt>
   <trkpt lat="50.859944" lon="8.64098"><ele>224</ele></trkpt>
   <trkpt lat="50.85934" lon="8.641446"><ele>224</ele></trkpt>
   <trkpt lat="50.859246" lon="8.641628"><ele>224.5</ele></trkpt>
   <trkpt lat="50.859319" lon="8.641733"><ele>224.25</ele></trkpt>
   <trkpt lat="50.859359" lon="8.641837"><ele>224.5</ele></trkpt>
   <trkpt lat="50.859384" lon="8.641942"><ele>224.75</ele></trkpt>
   <trkpt lat="50.85939" lon="8.642071"><ele>224.25</ele></trkpt>
   <trkpt lat="50.859382" lon="8.642197"><ele>224</ele></trkpt>
   <trkpt lat="50.859347" lon="8.642309"><ele>224</ele></trkpt>
   <trkpt lat="50.859298" lon="8.642426"><ele>224</ele></trkpt>
   <trkpt lat="50.859219" lon="8.642575"><ele>224</ele></trkpt>
   <trkpt lat="50.859066" lon="8.642776"><ele>223.5</ele></trkpt>
   <trkpt lat="50.858914" lon="8.64302"><ele>223.75</ele></trkpt>
   <trkpt lat="50.858796" lon="8.643309"><ele>223.5</ele></trkpt>
   <trkpt lat="50.858686" lon="8.643638"><ele>223.75</ele></trkpt>
   <trkpt lat="50.858538" lon="8.644008"><ele>223.25</ele></trkpt>
   <trkpt lat="50.858419" lon="8.644266"><ele>223</ele></trkpt>
   <trkpt lat="50.858293" lon="8.644479"><ele>223.5</ele></trkpt>
   <trkpt lat="50.857982" lon="8.64492"><ele>222.75</ele></trkpt>
   <trkpt lat="50.8579" lon="8.645055"><ele>223</ele></trkpt>
   <trkpt lat="50.857833" lon="8.645197"><ele>223.5</ele></trkpt>
   <trkpt lat="50.857784" lon="8.645335"><ele>223.75</ele></trkpt>
   <trkpt lat="50.857748" lon="8.645489"><ele>223.75</ele></trkpt>
   <trkpt lat="50.857727" lon="8.64568"><ele>223.75</ele></trkpt>
   <trkpt lat="50.857726" lon="8.645916"><ele>223.75</ele></trkpt>
   <trkpt lat="50.857739" lon="8.646052"><ele>223.75</ele></trkpt>
   <trkpt lat="50.85776" lon="8.646172"><ele>223.75</ele></trkpt>
   <trkpt lat="50.857872" lon="8.646584"><ele>224</ele></trkpt>
   <trkpt lat="50.85793" lon="8.646855"><ele>224.25</ele></trkpt>
   <trkpt lat="50.857953" lon="8.646999"><ele>224.75</ele></trkpt>
   <trkpt lat="50.857955" lon="8.647084"><ele>224.75</ele></trkpt>
   <trkpt lat="50.857953" lon="8.647297"><ele>225.5</ele></trkpt>
   <trkpt lat="50.857941" lon="8.647431"><ele>225.75</ele></trkpt>
   <trkpt lat="50.857884" lon="8.647704"><ele>227.5</ele></trkpt>
   <trkpt lat="50.857852" lon="8.647795"><ele>227.75</ele></trkpt>
   <trkpt lat="50.857776" lon="8.647968"><ele>229</ele></trkpt>
   <trkpt lat="50.857527" lon="8.648476"><ele>232</ele></trkpt>
   <trkpt lat="50.857477" lon="8.648611"><ele>233.25</ele></trkpt>
   <trkpt lat="50.857445" lon="8.648754"><ele>233</ele></trkpt>
   <trkpt lat="50.857431" lon="8.648945"><ele>233.25</ele></trkpt>
   <trkpt lat="50.857414" lon="8.649108"><ele>233.5</ele></trkpt>
   <trkpt lat="50.857466" lon="8.649336"><ele>235.25</ele></trkpt>
   <trkpt lat="50.857572" lon="8.649551"><ele>235.75</ele></trkpt>
   <trkpt lat="50.857685" lon="8.649596"><ele>236.25</ele></trkpt>
   <trkpt lat="50.857214" lon="8.650703"><ele>236.75</ele></trkpt>
   <trkpt lat="50.856889" lon="8.651508"><ele>236.75</ele></trkpt>
   <trkpt lat="50.856486" lon="8.652492"><ele>236.5</ele></trkpt>
   <trkpt lat="50.856398" lon="8.652697"><ele>236</ele></trkpt>
   <trkpt lat="50.856106" lon="8.653437"><ele>235.75</ele></trkpt>
   <trkpt lat="50.855912" lon="8.654044"><ele>235.5</ele></trkpt>
   <trkpt lat="50.855807" lon="8.654414"><ele>234.5</ele></trkpt>
   <trkpt lat="50.855684" lon="8.654908"><ele>234</ele></trkpt>
   <trkpt lat="50.855562" lon="8.655483"><ele>234</ele></trkpt>
   <trkpt lat="50.855473" lon="8.656004"><ele>233.5</ele></trkpt>
   <trkpt lat="50.85537" lon="8.656622"><ele>233.75</ele></trkpt>
   <trkpt lat="50.854692" lon="8.660888"><ele>231.75</ele></trkpt>
   <trkpt lat="50.854645" lon="8.661237"><ele>232.25</ele></trkpt>
   <trkpt lat="50.854196" lon="8.666052"><ele>224.25</ele></trkpt>
   <trkpt lat="50.854077" lon="8.667378"><ele>224.25</ele></trkpt>
   <trkpt lat="50.854" lon="8.668398"><ele>223.75</ele></trkpt>
   <trkpt lat="50.853967" lon="8.669017"><ele>222.75</ele></trkpt>
   <trkpt lat="50.853903" lon="8.67028"><ele>222.75</ele></trkpt>
   <trkpt lat="50.853841" lon="8.671367"><ele>222.75</ele></trkpt>
   <trkpt lat="50.853834" lon="8.671507"><ele>222.75</ele></trkpt>
   <trkpt lat="50.853751" lon="8.671724"><ele>222.5</ele></trkpt>
   <trkpt lat="50.853692" lon="8.671837"><ele>222.25</ele></trkpt>
   <trkpt lat="50.853625" lon="8.671897"><ele>222</ele></trkpt>
   <trkpt lat="50.853534" lon="8.671918"><ele>221.5</ele></trkpt>
   <trkpt lat="50.853456" lon="8.67195"><ele>221.25</ele></trkpt>
   <trkpt lat="50.85334" lon="8.671902"><ele>221</ele></trkpt>
   <trkpt lat="50.853118" lon="8.671803"><ele>220.5</ele></trkpt>
   <trkpt lat="50.852972" lon="8.671722"><ele>220</ele></trkpt>
   <trkpt lat="50.852871" lon="8.671664"><ele>220</ele></trkpt>
   <trkpt lat="50.852719" lon="8.671564"><ele>219.75</ele></trkpt>
   <trkpt lat="50.85245" lon="8.671405"><ele>218.75</ele></trkpt>
   <trkpt lat="50.852297" lon="8.671298"><ele>218.5</ele></trkpt>
   <trkpt lat="50.852151" lon="8.671198"><ele>218.5</ele></trkpt>
   <trkpt lat="50.851958" lon="8.671063"><ele>218</ele></trkpt>
   <trkpt lat="50.851568" lon="8.670792"><ele>217</ele></trkpt>
   <trkpt lat="50.851465" lon="8.670724"><ele>217</ele></trkpt>
   <trkpt lat="50.850946" lon="8.670366"><ele>217</ele></trkpt>
   <trkpt lat="50.8507" lon="8.670238"><ele>217</ele></trkpt>
   <trkpt lat="50.850404" lon="8.670171"><ele>217</ele></trkpt>
   <trkpt lat="50.850255" lon="8.670168"><ele>217</ele></trkpt>
   <trkpt lat="50.850059" lon="8.670183"><ele>217</ele></trkpt>
   <trkpt lat="50.850058" lon="8.670235"><ele>217</ele></trkpt>
   <trkpt lat="50.849986" lon="8.672026"><ele>216</ele></trkpt>
   <trkpt lat="50.849923" lon="8.673663"><ele>215.5</ele></trkpt>
   <trkpt lat="50.849893" lon="8.674128"><ele>215.5</ele></trkpt>
   <trkpt lat="50.849665" lon="8.678745"><ele>215</ele></trkpt>
   <trkpt lat="50.849679" lon="8.678962"><ele>214.75</ele></trkpt>
   <trkpt lat="50.849754" lon="8.679127"><ele>215</ele></trkpt>
   <trkpt lat="50.849886" lon="8.679527"><ele>215</ele></trkpt>
   <trkpt lat="50.850159" lon="8.680394"><ele>214.5</ele></trkpt>
   <trkpt lat="50.851602" lon="8.684802"><ele>212.5</ele></trkpt>
   <trkpt lat="50.851879" lon="8.685655"><ele>212.5</ele></trkpt>
   <trkpt lat="50.852743" lon="8.688304"><ele>211.75</ele></trkpt>
   <trkpt lat="50.853787" lon="8.691539"><ele>211</ele></trkpt>
   <trkpt lat="50.854239" lon="8.692938"><ele>210.5</ele></trkpt>
   <trkpt lat="50.854887" lon="8.694871"><ele>210</ele></trkpt>
   <trkpt lat="50.855012" lon="8.694959"><ele>210</ele></trkpt>
   <trkpt lat="50.855093" lon="8.695027"><ele>209.75</ele></trkpt>
   <trkpt lat="50.855135" lon="8.695129"><ele>209.75</ele></trkpt>
   <trkpt lat="50.855182" lon="8.695308"><ele>209</ele></trkpt>
   <trkpt lat="50.855199" lon="8.695445"><ele>208.25</ele></trkpt>
   <trkpt lat="50.855221" lon="8.695529"><ele>207.75</ele></trkpt>
   <trkpt lat="50.855279" lon="8.695612"><ele>206.75</ele></trkpt>
   <trkpt lat="50.855383" lon="8.695672"><ele>206.5</ele></trkpt>
   <trkpt lat="50.855431" lon="8.695713"><ele>206.5</ele></trkpt>
   <trkpt lat="50.855469" lon="8.695771"><ele>206.75</ele></trkpt>
   <trkpt lat="50.855496" lon="8.695847"><ele>206.75</ele></trkpt>
   <trkpt lat="50.855507" lon="8.695933"><ele>207.5</ele></trkpt>
   <trkpt lat="50.855503" lon="8.696015"><ele>208.25</ele></trkpt>
   <trkpt lat="50.855477" lon="8.696367"><ele>208.5</ele></trkpt>
   <trkpt lat="50.855468" lon="8.696654"><ele>207.25</ele></trkpt>
   <trkpt lat="50.855565" lon="8.697117"><ele>207</ele></trkpt>
   <trkpt lat="50.855574" lon="8.697179"><ele>207</ele></trkpt>
   <trkpt lat="50.855583" lon="8.697365"><ele>207</ele></trkpt>
   <trkpt lat="50.855569" lon="8.6975"><ele>207</ele></trkpt>
   <trkpt lat="50.855525" lon="8.697744"><ele>207.5</ele></trkpt>
   <trkpt lat="50.855503" lon="8.697913"><ele>207.5</ele></trkpt>
   <trkpt lat="50.855498" lon="8.69805"><ele>207.5</ele></trkpt>
   <trkpt lat="50.855507" lon="8.698174"><ele>208</ele></trkpt>
   <trkpt lat="50.855527" lon="8.698262"><ele>208.25</ele></trkpt>
   <trkpt lat="50.855577" lon="8.698345"><ele>208.75</ele></trkpt>
   <trkpt lat="50.855681" lon="8.698396"><ele>208.25</ele></trkpt>
   <trkpt lat="50.855804" lon="8.698686"><ele>208.75</ele></trkpt>
   <trkpt lat="50.856223" lon="8.699307"><ele>208.25</ele></trkpt>
   <trkpt lat="50.856329" lon="8.699436"><ele>208</ele></trkpt>
   <trkpt lat="50.856599" lon="8.699853"><ele>208</ele></trkpt>
   <trkpt lat="50.856661" lon="8.699984"><ele>208</ele></trkpt>
   <trkpt lat="50.856881" lon="8.700334"><ele>208.25</ele></trkpt>
   <trkpt lat="50.857281" lon="8.700907"><ele>207.75</ele></trkpt>
   <trkpt lat="50.85749" lon="8.701214"><ele>207.75</ele></trkpt>
   <trkpt lat="50.857565" lon="8.701335"><ele>207.75</ele></trkpt>
   <trkpt lat="50.857719" lon="8.701588"><ele>207.5</ele></trkpt>
   <trkpt lat="50.857813" lon="8.701722"><ele>208</ele></trkpt>
   <trkpt lat="50.857935" lon="8.701836"><ele>208</ele></trkpt>
   <trkpt lat="50.858205" lon="8.701997"><ele>208</ele></trkpt>
   <trkpt lat="50.858555" lon="8.702142"><ele>208.5</ele></trkpt>
   <trkpt lat="50.858663" lon="8.702196"><ele>208.5</ele></trkpt>
   <trkpt lat="50.858756" lon="8.702235"><ele>208.25</ele></trkpt>
   <trkpt lat="50.859137" lon="8.702438"><ele>208</ele></trkpt>
   <trkpt lat="50.859318" lon="8.702519"><ele>208</ele></trkpt>
   <trkpt lat="50.85949" lon="8.702557"><ele>208</ele></trkpt>
   <trkpt lat="50.859555" lon="8.70257"><ele>208</ele></trkpt>
   <trkpt lat="50.859679" lon="8.702598"><ele>208</ele></trkpt>
   <trkpt lat="50.8598" lon="8.702664"><ele>208</ele></trkpt>
   <trkpt lat="50.859836" lon="8.702702"><ele>208</ele></trkpt>
   <trkpt lat="50.859959" lon="8.702832"><ele>208</ele></trkpt>
   <trkpt lat="50.860228" lon="8.703163"><ele>208</ele></trkpt>
   <trkpt lat="50.860475" lon="8.70354"><ele>207.25</ele></trkpt>
   <trkpt lat="50.860595" lon="8.703721"><ele>207</ele></trkpt>
   <trkpt lat="50.860765" lon="8.70403"><ele>207.25</ele></trkpt>
   <trkpt lat="50.860968" lon="8.704501"><ele>207</ele></trkpt>
   <trkpt lat="50.861022" lon="8.704661"><ele>207.25</ele></trkpt>
   <trkpt lat="50.860917" lon="8.704803"><ele>207.5</ele></trkpt>
   <trkpt lat="50.860564" lon="8.706231"><ele>207</ele></trkpt>
   <trkpt lat="50.860606" lon="8.706306"><ele>207</ele></trkpt>
   <trkpt lat="50.861227" lon="8.707646"><ele>207</ele></trkpt>
   <trkpt lat="50.861265" lon="8.707698"><ele>207</ele></trkpt>
   <trkpt lat="50.861535" lon="8.708016"><ele>207</ele></trkpt>
   <trkpt lat="50.861673" lon="8.708277"><ele>207</ele></trkpt>
   <trkpt lat="50.861808" lon="8.70862"><ele>207</ele></trkpt>
   <trkpt lat="50.861905" lon="8.708781"><ele>207</ele></trkpt>
   <trkpt lat="50.861992" lon="8.70886"><ele>206.75</ele></trkpt>
   <trkpt lat="50.862107" lon="8.709055"><ele>206.75</ele></trkpt>
   <trkpt lat="50.862927" lon="8.710881"><ele>206.75</ele></trkpt>
   <trkpt lat="50.862955" lon="8.710958"><ele>206.5</ele></trkpt>
   <trkpt lat="50.863011" lon="8.711151"><ele>206.25</ele></trkpt>
   <trkpt lat="50.863073" lon="8.711443"><ele>205.75</ele></trkpt>
   <trkpt lat="50.863128" lon="8.711775"><ele>206</ele></trkpt>
   <trkpt lat="50.86322" lon="8.712077"><ele>206</ele></trkpt>
   <trkpt lat="50.863263" lon="8.712177"><ele>206</ele></trkpt>
   <trkpt lat="50.863307" lon="8.712207"><ele>206</ele></trkpt>
   <trkpt lat="50.863315" lon="8.712277"><ele>206</ele></trkpt>
   <trkpt lat="50.863313" lon="8.712333"><ele>206.25</ele></trkpt>
   <trkpt lat="50.863268" lon="8.71247"><ele>206.5</ele></trkpt>
   <trkpt lat="50.863257" lon="8.712501"><ele>206.5</ele></trkpt>
   <trkpt lat="50.863245" lon="8.712523"><ele>206.5</ele></trkpt>
   <trkpt lat="50.863423" lon="8.713008"><ele>206</ele></trkpt>
   <trkpt lat="50.86352" lon="8.713249"><ele>206.25</ele></trkpt>
   <trkpt lat="50.863609" lon="8.713548"><ele>206</ele></trkpt>
   <trkpt lat="50.863725" lon="8.714006"><ele>206</ele></trkpt>
   <trkpt lat="50.864026" lon="8.715721"><ele>205</ele></trkpt>
   <trkpt lat="50.864091" lon="8.716094"><ele>205</ele></trkpt>
   <trkpt lat="50.864369" lon="8.717573"><ele>204.5</ele></trkpt>
   <trkpt lat="50.865291" lon="8.722518"><ele>203.75</ele></trkpt>
   <trkpt lat="50.86535" lon="8.722806"><ele>202.5</ele></trkpt>
   <trkpt lat="50.865926" lon="8.725894"><ele>202</ele></trkpt>
   <trkpt lat="50.866631" lon="8.729653"><ele>202</ele></trkpt>
   <trkpt lat="50.867326" lon="8.733458"><ele>200.25</ele></trkpt>
   <trkpt lat="50.867665" lon="8.735279"><ele>200.5</ele></trkpt>
   <trkpt lat="50.867644" lon="8.735395"><ele>200.5</ele></trkpt>
   <trkpt lat="50.867552" lon="8.73546"><ele>200.5</ele></trkpt>
   <trkpt lat="50.867173" lon="8.73564"><ele>200.5</ele></trkpt>
   <trkpt lat="50.867136" lon="8.735685"><ele>200.5</ele></trkpt>
   <trkpt lat="50.867119" lon="8.73573"><ele>200.25</ele></trkpt>
   <trkpt lat="50.867109" lon="8.73579"><ele>200.5</ele></trkpt>
   <trkpt lat="50.867114" lon="8.73585"><ele>200.5</ele></trkpt>
   <trkpt lat="50.867135" lon="8.735964"><ele>200.75</ele></trkpt>
   <trkpt lat="50.867167" lon="8.736121"><ele>200.75</ele></trkpt>
   <trkpt lat="50.867355" lon="8.737028"><ele>201</ele></trkpt>
   <trkpt lat="50.867501" lon="8.737731"><ele>201</ele></trkpt>
   <trkpt lat="50.867567" lon="8.738004"><ele>200.75</ele></trkpt>
   <trkpt lat="50.866962" lon="8.739191"><ele>200</ele></trkpt>
   <trkpt lat="50.866651" lon="8.739919"><ele>201</ele></trkpt>
   <trkpt lat="50.866737" lon="8.739937"><ele>200.75</ele></trkpt>
   <trkpt lat="50.866797" lon="8.739945"><ele>200.75</ele></trkpt>
   <trkpt lat="50.866982" lon="8.739999"><ele>200.75</ele></trkpt>
   <trkpt lat="50.86717" lon="8.740072"><ele>200</ele></trkpt>
   <trkpt lat="50.867351" lon="8.740101"><ele>200</ele></trkpt>
   <trkpt lat="50.867443" lon="8.740116"><ele>200</ele></trkpt>
   <trkpt lat="50.867575" lon="8.740117"><ele>200</ele></trkpt>
   <trkpt lat="50.867739" lon="8.740093"><ele>200</ele></trkpt>
   <trkpt lat="50.867859" lon="8.740057"><ele>200</ele></trkpt>
   <trkpt lat="50.868311" lon="8.739863"><ele>200.25</ele></trkpt>
   <trkpt lat="50.868422" lon="8.739816"><ele>200.75</ele></trkpt>
   <trkpt lat="50.868526" lon="8.739788"><ele>200.75</ele></trkpt>
   <trkpt lat="50.868565" lon="8.739961"><ele>200.75</ele></trkpt>
   <trkpt lat="50.868842" lon="8.741454"><ele>200</ele></trkpt>
   <trkpt lat="50.869305" lon="8.743949"><ele>199.25</ele></trkpt>
   <trkpt lat="50.869361" lon="8.744302"><ele>199.25</ele></trkpt>
   <trkpt lat="50.86976" lon="8.746978"><ele>198.75</ele></trkpt>
   <trkpt lat="50.869766" lon="8.74707"><ele>198.5</ele></trkpt>
   <trkpt lat="50.869809" lon="8.747464"><ele>198.25</ele></trkpt>
   <trkpt lat="50.869913" lon="8.748536"><ele>198</ele></trkpt>
   <trkpt lat="50.870154" lon="8.750159"><ele>198</ele></trkpt>
   <trkpt lat="50.870161" lon="8.750474"><ele>198</ele></trkpt>
   <trkpt lat="50.870149" lon="8.750868"><ele>198</ele></trkpt>
   <trkpt lat="50.870138" lon="8.751072"><ele>198</ele></trkpt>
   <trkpt lat="50.870105" lon="8.751189"><ele>198</ele></trkpt>
   <trkpt lat="50.870053" lon="8.751265"><ele>198</ele></trkpt>
   <trkpt lat="50.869863" lon="8.751432"><ele>197.75</ele></trkpt>
   <trkpt lat="50.869673" lon="8.751663"><ele>197.75</ele></trkpt>
   <trkpt lat="50.869529" lon="8.751905"><ele>198.5</ele></trkpt>
   <trkpt lat="50.869411" lon="8.75219"><ele>197.75</ele></trkpt>
   <trkpt lat="50.869094" lon="8.752983"><ele>197.25</ele></trkpt>
   <trkpt lat="50.868973" lon="8.753236"><ele>197.5</ele></trkpt>
   <trkpt lat="50.868639" lon="8.753766"><ele>197.75</ele></trkpt>
   <trkpt lat="50.868745" lon="8.75444"><ele>197</ele></trkpt>
   <trkpt lat="50.868949" lon="8.755696"><ele>197</ele></trkpt>
   <trkpt lat="50.869017" lon="8.756068"><ele>197</ele></trkpt>
   <trkpt lat="50.869206" lon="8.757284"><ele>196.75</ele></trkpt>
   <trkpt lat="50.869764" lon="8.757273"><ele>197</ele></trkpt>
   <trkpt lat="50.8701" lon="8.75723"><ele>196.75</ele></trkpt>
   <trkpt lat="50.870277" lon="8.757208"><ele>197</ele></trkpt>
   <trkpt lat="50.870304" lon="8.75728"><ele>196.75</ele></trkpt>
   <trkpt lat="50.870559" lon="8.757723"><ele>196</ele></trkpt>
   <trkpt lat="50.870644" lon="8.757824"><ele>196</ele></trkpt>
   <trkpt lat="50.870855" lon="8.758039"><ele>196</ele></trkpt>
   <trkpt lat="50.870971" lon="8.758178"><ele>196</ele></trkpt>
   <trkpt lat="50.871075" lon="8.758333"><ele>196</ele></trkpt>
   <trkpt lat="50.871291" lon="8.758736"><ele>196</ele></trkpt>
   <trkpt lat="50.871401" lon="8.758965"><ele>196</ele></trkpt>
   <trkpt lat="50.871639" lon="8.759559"><ele>196</ele></trkpt>
   <trkpt lat="50.871682" lon="8.759699"><ele>195.75</ele></trkpt>
   <trkpt lat="50.871834" lon="8.760315"><ele>196</ele></trkpt>
   <trkpt lat="50.871951" lon="8.760681"><ele>196</ele></trkpt>
   <trkpt lat="50.872141" lon="8.761126"><ele>196</ele></trkpt>
   <trkpt lat="50.87222" lon="8.761358"><ele>196</ele></trkpt>
   <trkpt lat="50.872244" lon="8.761449"><ele>196</ele></trkpt>
   <trkpt lat="50.872249" lon="8.761503"><ele>196</ele></trkpt>
   <trkpt lat="50.872468" lon="8.761434"><ele>196</ele></trkpt>
   <trkpt lat="50.872501" lon="8.761605"><ele>196</ele></trkpt>
   <trkpt lat="50.872516" lon="8.761629"><ele>196</ele></trkpt>
   <trkpt lat="50.872563" lon="8.761613"><ele>196</ele></trkpt>
   <trkpt lat="50.872599" lon="8.761594"><ele>196</ele></trkpt>
   <trkpt lat="50.872628" lon="8.761578"><ele>196</ele></trkpt>
   <trkpt lat="50.872762" lon="8.762063"><ele>196.5</ele></trkpt>
   <trkpt lat="50.872793" lon="8.762248"><ele>196</ele></trkpt>
   <trkpt lat="50.872803" lon="8.762358"><ele>196</ele></trkpt>
   <trkpt lat="50.872807" lon="8.762504"><ele>196</ele></trkpt>
   <trkpt lat="50.872801" lon="8.762644"><ele>196</ele></trkpt>
   <trkpt lat="50.872788" lon="8.762768"><ele>195.75</ele></trkpt>
   <trkpt lat="50.872785" lon="8.762937"><ele>196</ele></trkpt>
   <trkpt lat="50.872789" lon="8.763058"><ele>196</ele></trkpt>
   <trkpt lat="50.872829" lon="8.763368"><ele>196</ele></trkpt>
   <trkpt lat="50.872846" lon="8.763424"><ele>196</ele></trkpt>
   <trkpt lat="50.872923" lon="8.763604"><ele>196</ele></trkpt>
   <trkpt lat="50.872939" lon="8.763667"><ele>196</ele></trkpt>
   <trkpt lat="50.872946" lon="8.763778"><ele>196</ele></trkpt>
   <trkpt lat="50.872973" lon="8.763881"><ele>196</ele></trkpt>
   <trkpt lat="50.87301" lon="8.763943"><ele>196</ele></trkpt>
   <trkpt lat="50.873053" lon="8.763998"><ele>196</ele></trkpt>
   <trkpt lat="50.873101" lon="8.764098"><ele>196</ele></trkpt>
   <trkpt lat="50.873122" lon="8.764181"><ele>195.75</ele></trkpt>
   <trkpt lat="50.873135" lon="8.764278"><ele>195.5</ele></trkpt>
   <trkpt lat="50.873135" lon="8.764391"><ele>195</ele></trkpt>
   <trkpt lat="50.873118" lon="8.764598"><ele>195</ele></trkpt>
   <trkpt lat="50.873094" lon="8.764719"><ele>195</ele></trkpt>
   <trkpt lat="50.873026" lon="8.764973"><ele>195</ele></trkpt>
   <trkpt lat="50.872988" lon="8.765153"><ele>195</ele></trkpt>
   <trkpt lat="50.872967" lon="8.765337"><ele>195.25</ele></trkpt>
   <trkpt lat="50.872961" lon="8.765505"><ele>195.25</ele></trkpt>
   <trkpt lat="50.872972" lon="8.765783"><ele>195.25</ele></trkpt>
   <trkpt lat="50.87304" lon="8.766841"><ele>196</ele></trkpt>
   <trkpt lat="50.873048" lon="8.767063"><ele>195.5</ele></trkpt>
   <trkpt lat="50.873048" lon="8.767285"><ele>195</ele></trkpt>
   <trkpt lat="50.87304" lon="8.767507"><ele>195</ele></trkpt>
   <trkpt lat="50.873026" lon="8.767705"><ele>195</ele></trkpt>
   <trkpt lat="50.873007" lon="8.767902"><ele>195</ele></trkpt>
   <trkpt lat="50.872949" lon="8.768289"><ele>195.25</ele></trkpt>
   <trkpt lat="50.872701" lon="8.769624"><ele>195.25</ele></trkpt>
   <trkpt lat="50.872678" lon="8.769689"><ele>195.25</ele></trkpt>
   <trkpt lat="50.872619" lon="8.769812"><ele>195.25</ele></trkpt>
   <trkpt lat="50.872604" lon="8.769875"><ele>195.25</ele></trkpt>
   <trkpt lat="50.872568" lon="8.770253"><ele>195.5</ele></trkpt>
   <trkpt lat="50.87249" lon="8.770834"><ele>195</ele></trkpt>
   <trkpt lat="50.872477" lon="8.770894"><ele>195</ele></trkpt>
   <trkpt lat="50.872395" lon="8.771428"><ele>195.25</ele></trkpt>
   <trkpt lat="50.872294" lon="8.771874"><ele>194.75</ele></trkpt>
   <trkpt lat="50.872222" lon="8.772142"><ele>194.75</ele></trkpt>
   <trkpt lat="50.871747" lon="8.773724"><ele>194.25</ele></trkpt>
   <trkpt lat="50.871726" lon="8.773824"><ele>194.5</ele></trkpt>
   <trkpt lat="50.871724" lon="8.774015"><ele>194.25</ele></trkpt>
   <trkpt lat="50.871716" lon="8.774097"><ele>194</ele></trkpt>
   <trkpt lat="50.87169" lon="8.774208"><ele>194</ele></trkpt>
   <trkpt lat="50.87167" lon="8.774261"><ele>194</ele></trkpt>
   <trkpt lat="50.871632" lon="8.774349"><ele>193.75</ele></trkpt>
   <trkpt lat="50.87155" lon="8.774477"><ele>194</ele></trkpt>
   <trkpt lat="50.871524" lon="8.774533"><ele>194</ele></trkpt>
   <trkpt lat="50.87144" lon="8.774779"><ele>193.75</ele></trkpt>
   <trkpt lat="50.871352" lon="8.775066"><ele>193</ele></trkpt>
   <trkpt lat="50.871094" lon="8.775978"><ele>193.5</ele></trkpt>
   <trkpt lat="50.870827" lon="8.77689"><ele>193</ele></trkpt>
   <trkpt lat="50.870361" lon="8.778438"><ele>193.25</ele></trkpt>
   <trkpt lat="50.870235" lon="8.778801"><ele>192.75</ele></trkpt>
   <trkpt lat="50.870168" lon="8.778967"><ele>192.75</ele></trkpt>
   <trkpt lat="50.870046" lon="8.779241"><ele>192.75</ele></trkpt>
   <trkpt lat="50.869983" lon="8.779358"><ele>193</ele></trkpt>
   <trkpt lat="50.869872" lon="8.779537"><ele>192.75</ele></trkpt>
   <trkpt lat="50.869647" lon="8.779859"><ele>192.75</ele></trkpt>
   <trkpt lat="50.869341" lon="8.780342"><ele>192</ele></trkpt>
   <trkpt lat="50.869323" lon="8.780372"><ele>192</ele></trkpt>
   <trkpt lat="50.868731" lon="8.781271"><ele>192.5</ele></trkpt>
   <trkpt lat="50.868661" lon="8.78138"><ele>193.25</ele></trkpt>
   <trkpt lat="50.868597" lon="8.781506"><ele>193.75</ele></trkpt>
   <trkpt lat="50.868287" lon="8.782289"><ele>194</ele></trkpt>
   <trkpt lat="50.868124" lon="8.782787"><ele>193.25</ele></trkpt>
   <trkpt lat="50.867988" lon="8.78323"><ele>193.75</ele></trkpt>
   <trkpt lat="50.867835" lon="8.783674"><ele>193</ele></trkpt>
   <trkpt lat="50.867666" lon="8.78414"><ele>192.75</ele></trkpt>
   <trkpt lat="50.867577" lon="8.784343"><ele>192.5</ele></trkpt>
   <trkpt lat="50.867458" lon="8.784559"><ele>192.25</ele></trkpt>
   <trkpt lat="50.867182" lon="8.784999"><ele>193</ele></trkpt>
   <trkpt lat="50.866896" lon="8.785365"><ele>192.25</ele></trkpt>
   <trkpt lat="50.866622" lon="8.785685"><ele>192.25</ele></trkpt>
   <trkpt lat="50.866608" lon="8.785768"><ele>192</ele></trkpt>
   <trkpt lat="50.866614" lon="8.785807"><ele>192</ele></trkpt>
   <trkpt lat="50.867023" lon="8.786785"><ele>191.25</ele></trkpt>
   <trkpt lat="50.865292" lon="8.787961"><ele>191</ele></trkpt>
   <trkpt lat="50.86518" lon="8.788023"><ele>191</ele></trkpt>
   <trkpt lat="50.864531" lon="8.788079"><ele>191</ele></trkpt>
   <trkpt lat="50.863169" lon="8.788173"><ele>190.5</ele></trkpt>
   <trkpt lat="50.863104" lon="8.78817"><ele>190.5</ele></trkpt>
   <trkpt lat="50.86145" lon="8.787988"><ele>190</ele></trkpt>
   <trkpt lat="50.859833" lon="8.787802"><ele>190</ele></trkpt>
   <trkpt lat="50.856536" lon="8.787421"><ele>189</ele></trkpt>
   <trkpt lat="50.856764" lon="8.788697"><ele>190</ele></trkpt>
   <trkpt lat="50.856779" lon="8.788861"><ele>190</ele></trkpt>
   <trkpt lat="50.856444" lon="8.78899"><ele>189.5</ele></trkpt>
   <trkpt lat="50.855617" lon="8.789121"><ele>189.75</ele></trkpt>
   <trkpt lat="50.854796" lon="8.789397"><ele>189</ele></trkpt>
   <trkpt lat="50.854624" lon="8.78944"><ele>189</ele></trkpt>
   <trkpt lat="50.854385" lon="8.789467"><ele>188.75</ele></trkpt>
   <trkpt lat="50.852699" lon="8.789729"><ele>189</ele></trkpt>
   <trkpt lat="50.852396" lon="8.789666"><ele>189.25</ele></trkpt>
   <trkpt lat="50.852185" lon="8.789573"><ele>189.5</ele></trkpt>
   <trkpt lat="50.852019" lon="8.789457"><ele>189.5</ele></trkpt>
   <trkpt lat="50.851923" lon="8.789414"><ele>189.75</ele></trkpt>
   <trkpt lat="50.851578" lon="8.789474"><ele>191.25</ele></trkpt>
   <trkpt lat="50.85154" lon="8.789511"><ele>191.5</ele></trkpt>
   <trkpt lat="50.851697" lon="8.789829"><ele>191.75</ele></trkpt>
   <trkpt lat="50.851821" lon="8.790045"><ele>191.5</ele></trkpt>
   <trkpt lat="50.852013" lon="8.790339"><ele>192.25</ele></trkpt>
   <trkpt lat="50.852133" lon="8.790496"><ele>192.5</ele></trkpt>
   <trkpt lat="50.852366" lon="8.79074"><ele>192</ele></trkpt>
   <trkpt lat="50.852542" lon="8.790876"><ele>191</ele></trkpt>
   <trkpt lat="50.85281" lon="8.791064"><ele>190.5</ele></trkpt>
   <trkpt lat="50.853002" lon="8.791185"><ele>192.5</ele></trkpt>
   <trkpt lat="50.853332" lon="8.791402"><ele>192.75</ele></trkpt>
   <trkpt lat="50.853783" lon="8.791671"><ele>192.75</ele></trkpt>
   <trkpt lat="50.854174" lon="8.791926"><ele>192.5</ele></trkpt>
   <trkpt lat="50.854744" lon="8.792285"><ele>191.5</ele></trkpt>
   <trkpt lat="50.855145" lon="8.79255"><ele>193</ele></trkpt>
   <trkpt lat="50.855302" lon="8.792674"><ele>192.75</ele></trkpt>
   <trkpt lat="50.855327" lon="8.792604"><ele>192.75</ele></trkpt>
   <trkpt lat="50.855362" lon="8.792511"><ele>192.75</ele></trkpt>
   <trkpt lat="50.855454" lon="8.792224"><ele>193.5</ele></trkpt>
   <trkpt lat="50.855553" lon="8.791944"><ele>192</ele></trkpt>
   <trkpt lat="50.855637" lon="8.79176"><ele>194</ele></trkpt>
   <trkpt lat="50.855746" lon="8.791587"><ele>193.25</ele></trkpt>
   <trkpt lat="50.855707" lon="8.791494"><ele>192.25</ele></trkpt>
   <trkpt lat="50.855628" lon="8.791366"><ele>191.5</ele></trkpt>
   <trkpt lat="50.855586" lon="8.791348"><ele>191.25</ele></trkpt>
   <trkpt lat="50.855545" lon="8.79133"><ele>191.25</ele></trkpt>
   <trkpt lat="50.855437" lon="8.791319"><ele>190.75</ele></trkpt>
   <trkpt lat="50.855355" lon="8.791345"><ele>190.75</ele></trkpt>
   <trkpt lat="50.855276" lon="8.791399"><ele>191</ele></trkpt>
   <trkpt lat="50.855234" lon="8.791441"><ele>190.5</ele></trkpt>
   <trkpt lat="50.854967" lon="8.791893"><ele>190.25</ele></trkpt>
   <trkpt lat="50.85492" lon="8.791944"><ele>190</ele></trkpt>
   <trkpt lat="50.854869" lon="8.791973"><ele>189.75</ele></trkpt>
   <trkpt lat="50.854749" lon="8.792004"><ele>188.75</ele></trkpt>
   <trkpt lat="50.854677" lon="8.792048"><ele>188.75</ele></trkpt>
   <trkpt lat="50.854544" lon="8.792426"><ele>188.75</ele></trkpt>
   <trkpt lat="50.854535" lon="8.792463"><ele>188.75</ele></trkpt>
   <trkpt lat="50.854536" lon="8.792517"><ele>188.75</ele></trkpt>
   <trkpt lat="50.854583" lon="8.792655"><ele>189.25</ele></trkpt>
   <trkpt lat="50.854604" lon="8.792678"><ele>189.5</ele></trkpt>
   <trkpt lat="50.854643" lon="8.792715"><ele>189.75</ele></trkpt>
   <trkpt lat="50.854959" lon="8.792902"><ele>190.75</ele></trkpt>
   <trkpt lat="50.855427" lon="8.793284"><ele>189.5</ele></trkpt>
   <trkpt lat="50.855564" lon="8.79341"><ele>189.75</ele></trkpt>
   <trkpt lat="50.855796" lon="8.793626"><ele>189.75</ele></trkpt>
   <trkpt lat="50.856087" lon="8.793981"><ele>189.25</ele></trkpt>
   <trkpt lat="50.85628" lon="8.794262"><ele>189.25</ele></trkpt>
   <trkpt lat="50.856374" lon="8.794421"><ele>189</ele></trkpt>
   <trkpt lat="50.856428" lon="8.794468"><ele>189</ele></trkpt>
   <trkpt lat="50.856488" lon="8.79456"><ele>189</ele></trkpt>
   <trkpt lat="50.85669" lon="8.794756"><ele>188.75</ele></trkpt>
   <trkpt lat="50.857008" lon="8.795229"><ele>188.75</ele></trkpt>
   <trkpt lat="50.857373" lon="8.795849"><ele>189.5</ele></trkpt>
   <trkpt lat="50.857635" lon="8.796353"><ele>189.25</ele></trkpt>
   <trkpt lat="50.857779" lon="8.796663"><ele>189</ele></trkpt>
   <trkpt lat="50.858237" lon="8.79782"><ele>189.5</ele></trkpt>
   <trkpt lat="50.858395" lon="8.798375"><ele>189</ele></trkpt>
   <trkpt lat="50.858561" lon="8.799021"><ele>189</ele></trkpt>
   <trkpt lat="50.858772" lon="8.799797"><ele>189.75</ele></trkpt>
   <trkpt lat="50.858911" lon="8.800581"><ele>189</ele></trkpt>
   <trkpt lat="50.859036" lon="8.801482"><ele>190</ele></trkpt>
   <trkpt lat="50.859103" lon="8.802296"><ele>189.75</ele></trkpt>
   <trkpt lat="50.859106" lon="8.802497"><ele>189.75</ele></trkpt>
   <trkpt lat="50.859131" lon="8.80376"><ele>189.75</ele></trkpt>
   <trkpt lat="50.859134" lon="8.804486"><ele>189.75</ele></trkpt>
   <trkpt lat="50.859095" lon="8.805178"><ele>190.25</ele></trkpt>
   <trkpt lat="50.859067" lon="8.805503"><ele>190.25</ele></trkpt>
   <trkpt lat="50.859028" lon="8.805914"><ele>189.75</ele></trkpt>
   <trkpt lat="50.858976" lon="8.806328"><ele>189.25</ele></trkpt>
   <trkpt lat="50.858882" lon="8.806913"><ele>189.75</ele></trkpt>
   <trkpt lat="50.858705" lon="8.807753"><ele>192.5</ele></trkpt>
   <trkpt lat="50.858619" lon="8.808219"><ele>192.25</ele></trkpt>
   <trkpt lat="50.858452" lon="8.80883"><ele>193.75</ele></trkpt>
   <trkpt lat="50.85825" lon="8.809446"><ele>193.25</ele></trkpt>
   <trkpt lat="50.858148" lon="8.80973"><ele>194.75</ele></trkpt>
   <trkpt lat="50.858027" lon="8.810022"><ele>191.5</ele></trkpt>
   <trkpt lat="50.857921" lon="8.810237"><ele>192.5</ele></trkpt>
   <trkpt lat="50.857651" lon="8.810809"><ele>190.5</ele></trkpt>
   <trkpt lat="50.857434" lon="8.811226"><ele>190.25</ele></trkpt>
   <trkpt lat="50.857322" lon="8.811469"><ele>190.25</ele></trkpt>
   <trkpt lat="50.857164" lon="8.811761"><ele>190.25</ele></trkpt>
   <trkpt lat="50.856622" lon="8.812621"><ele>190.25</ele></trkpt>
   <trkpt lat="50.85534" lon="8.814477"><ele>190</ele></trkpt>
   <trkpt lat="50.854899" lon="8.815105"><ele>189.75</ele></trkpt>
   <trkpt lat="50.854842" lon="8.815196"><ele>189.75</ele></trkpt>
   <trkpt lat="50.854468" lon="8.815769"><ele>191.25</ele></trkpt>
   <trkpt lat="50.854038" lon="8.81639"><ele>190</ele></trkpt>
   <trkpt lat="50.853651" lon="8.816913"><ele>190.75</ele></trkpt>
   <trkpt lat="50.853596" lon="8.816955"><ele>190.75</ele></trkpt>
   <trkpt lat="50.853556" lon="8.816969"><ele>190.75</ele></trkpt>
   <trkpt lat="50.853498" lon="8.81692"><ele>190.5</ele></trkpt>
   <trkpt lat="50.853438" lon="8.816837"><ele>190.25</ele></trkpt>
   <trkpt lat="50.853384" lon="8.816778"><ele>190.25</ele></trkpt>
   <trkpt lat="50.85335" lon="8.81676"><ele>190.5</ele></trkpt>
   <trkpt lat="50.853321" lon="8.816765"><ele>190.5</ele></trkpt>
   <trkpt lat="50.853257" lon="8.8168"><ele>190.5</ele></trkpt>
   <trkpt lat="50.853191" lon="8.816897"><ele>190.5</ele></trkpt>
   <trkpt lat="50.853173" lon="8.816932"><ele>190.5</ele></trkpt>
   <trkpt lat="50.853163" lon="8.816973"><ele>190.25</ele></trkpt>
   <trkpt lat="50.85314" lon="8.817441"><ele>189.25</ele></trkpt>
   <trkpt lat="50.853128" lon="8.817558"><ele>189.25</ele></trkpt>
   <trkpt lat="50.853099" lon="8.817677"><ele>189.25</ele></trkpt>
   <trkpt lat="50.852536" lon="8.818625"><ele>189.25</ele></trkpt>
   <trkpt lat="50.852009" lon="8.819711"><ele>190.25</ele></trkpt>
   <trkpt lat="50.851846" lon="8.820112"><ele>190.75</ele></trkpt>
   <trkpt lat="50.851436" lon="8.821267"><ele>190.25</ele></trkpt>
   <trkpt lat="50.851393" lon="8.821469"><ele>190.25</ele></trkpt>
   <trkpt lat="50.85131" lon="8.821906"><ele>191.75</ele></trkpt>
   <trkpt lat="50.851168" lon="8.822458"><ele>190.75</ele></trkpt>
   <trkpt lat="50.850951" lon="8.823582"><ele>193.5</ele></trkpt>
   <trkpt lat="50.850774" lon="8.823376"><ele>192</ele></trkpt>
   <trkpt lat="50.850716" lon="8.823329"><ele>191.75</ele></trkpt>
   <trkpt lat="50.850644" lon="8.823332"><ele>191.75</ele></trkpt>
   <trkpt lat="50.850568" lon="8.823351"><ele>192</ele></trkpt>
   <trkpt lat="50.850498" lon="8.823414"><ele>191.75</ele></trkpt>
   <trkpt lat="50.850401" lon="8.823571"><ele>191.25</ele></trkpt>
   <trkpt lat="50.850137" lon="8.824057"><ele>191.25</ele></trkpt>
   <trkpt lat="50.850015" lon="8.824331"><ele>191.5</ele></trkpt>
   <trkpt lat="50.849978" lon="8.824484"><ele>191.75</ele></trkpt>
   <trkpt lat="50.849957" lon="8.824643"><ele>191.75</ele></trkpt>
   <trkpt lat="50.84993" lon="8.82497"><ele>191.5</ele></trkpt>
   <trkpt lat="50.849921" lon="8.825367"><ele>191.5</ele></trkpt>
   <trkpt lat="50.84995" lon="8.826101"><ele>192.75</ele></trkpt>
   <trkpt lat="50.84981" lon="8.826941"><ele>192.25</ele></trkpt>
   <trkpt lat="50.849683" lon="8.827818"><ele>190.5</ele></trkpt>
   <trkpt lat="50.849688" lon="8.827862"><ele>190.5</ele></trkpt>
   <trkpt lat="50.849699" lon="8.827888"><ele>190.75</ele></trkpt>
   <trkpt lat="50.850154" lon="8.828904"><ele>192</ele></trkpt>
   <trkpt lat="50.850203" lon="8.829076"><ele>192.25</ele></trkpt>
   <trkpt lat="50.850217" lon="8.829195"><ele>192.5</ele></trkpt>
   <trkpt lat="50.850192" lon="8.829495"><ele>192</ele></trkpt>
   <trkpt lat="50.85014" lon="8.829989"><ele>192.5</ele></trkpt>
   <trkpt lat="50.850047" lon="8.830774"><ele>190.25</ele></trkpt>
   <trkpt lat="50.849875" lon="8.832373"><ele>192.25</ele></trkpt>
   <trkpt lat="50.849719" lon="8.833718"><ele>190.75</ele></trkpt>
   <trkpt lat="50.849669" lon="8.834312"><ele>192</ele></trkpt>
   <trkpt lat="50.849525" lon="8.835566"><ele>191.5</ele></trkpt>
   <trkpt lat="50.849518" lon="8.835675"><ele>192.25</ele></trkpt>
   <trkpt lat="50.849468" lon="8.835877"><ele>193</ele></trkpt>
   <trkpt lat="50.84946" lon="8.836018"><ele>193.5</ele></trkpt>
   <trkpt lat="50.849406" lon="8.836068"><ele>193.25</ele></trkpt>
   <trkpt lat="50.849367" lon="8.836157"><ele>193.25</ele></trkpt>
   <trkpt lat="50.849327" lon="8.836346"><ele>193</ele></trkpt>
   <trkpt lat="50.849271" lon="8.836703"><ele>192.5</ele></trkpt>
   <trkpt lat="50.849254" lon="8.836776"><ele>192.5</ele></trkpt>
   <trkpt lat="50.849233" lon="8.836829"><ele>192.25</ele></trkpt>
   <trkpt lat="50.849209" lon="8.836843"><ele>192</ele></trkpt>
   <trkpt lat="50.849121" lon="8.836868"><ele>191</ele></trkpt>
   <trkpt lat="50.848787" lon="8.836902"><ele>189.75</ele></trkpt>
   <trkpt lat="50.848713" lon="8.836912"><ele>190.75</ele></trkpt>
   <trkpt lat="50.848668" lon="8.836922"><ele>191.25</ele></trkpt>
   <trkpt lat="50.848345" lon="8.836952"><ele>191</ele></trkpt>
   <trkpt lat="50.84714" lon="8.837165"><ele>191.25</ele></trkpt>
   <trkpt lat="50.847041" lon="8.837185"><ele>191.75</ele></trkpt>
   <trkpt lat="50.847067" lon="8.837903"><ele>193.25</ele></trkpt>
   <trkpt lat="50.847079" lon="8.839617"><ele>193.5</ele></trkpt>
   <trkpt lat="50.847084" lon="8.841452"><ele>193.5</ele></trkpt>
   <trkpt lat="50.847191" lon="8.842604"><ele>192.25</ele></trkpt>
   <trkpt lat="50.846899" lon="8.843903"><ele>192.75</ele></trkpt>
   <trkpt lat="50.846923" lon="8.844731"><ele>191</ele></trkpt>
   <trkpt lat="50.846977" lon="8.845645"><ele>190.75</ele></trkpt>
   <trkpt lat="50.84719" lon="8.846617"><ele>190.75</ele></trkpt>
   <trkpt lat="50.847262" lon="8.847211"><ele>190.75</ele></trkpt>
   <trkpt lat="50.847332" lon="8.848422"><ele>190.5</ele></trkpt>
   <trkpt lat="50.847318" lon="8.849014"><ele>190.5</ele></trkpt>
   <trkpt lat="50.847294" lon="8.849568"><ele>190.5</ele></trkpt>
   <trkpt lat="50.847222" lon="8.850178"><ele>191</ele></trkpt>
   <trkpt lat="50.847089" lon="8.850977"><ele>190.25</ele></trkpt>
   <trkpt lat="50.846926" lon="8.851539"><ele>190.25</ele></trkpt>
   <trkpt lat="50.846752" lon="8.852048"><ele>190.5</ele></trkpt>
   <trkpt lat="50.846294" lon="8.852247"><ele>191</ele></trkpt>
   <trkpt lat="50.846201" lon="8.852318"><ele>191</ele></trkpt>
   <trkpt lat="50.843753" lon="8.857625"><ele>192</ele></trkpt>
   <trkpt lat="50.840654" lon="8.862666"><ele>193</ele></trkpt>
   <trkpt lat="50.840633" lon="8.862804"><ele>194</ele></trkpt>
   <trkpt lat="50.841081" lon="8.863867"><ele>192.75</ele></trkpt>
   <trkpt lat="50.841021" lon="8.863981"><ele>192</ele></trkpt>
   <trkpt lat="50.840999" lon="8.864014"><ele>191.75</ele></trkpt>
   <trkpt lat="50.841014" lon="8.864065"><ele>191.75</ele></trkpt>
   <trkpt lat="50.841088" lon="8.864329"><ele>191.75</ele></trkpt>
   <trkpt lat="50.84115" lon="8.864579"><ele>192</ele></trkpt>
   <trkpt lat="50.841225" lon="8.865032"><ele>192</ele></trkpt>
   <trkpt lat="50.841276" lon="8.865425"><ele>192</ele></trkpt>
   <trkpt lat="50.841322" lon="8.865801"><ele>192.5</ele></trkpt>
   <trkpt lat="50.841399" lon="8.866456"><ele>195</ele></trkpt>
   <trkpt lat="50.841445" lon="8.866785"><ele>195.5</ele></trkpt>
   <trkpt lat="50.841555" lon="8.866741"><ele>194.5</ele></trkpt>
   <trkpt lat="50.841656" lon="8.866752"><ele>193.75</ele></trkpt>
   <trkpt lat="50.841725" lon="8.866786"><ele>193.25</ele></trkpt>
   <trkpt lat="50.841965" lon="8.867019"><ele>193</ele></trkpt>
   <trkpt lat="50.842029" lon="8.867088"><ele>192.75</ele></trkpt>
   <trkpt lat="50.842107" lon="8.867147"><ele>193</ele></trkpt>
   <trkpt lat="50.842562" lon="8.867274"><ele>194</ele></trkpt>
   <trkpt lat="50.842602" lon="8.867359"><ele>194.25</ele></trkpt>
   <trkpt lat="50.842616" lon="8.86744"><ele>194.25</ele></trkpt>
   <trkpt lat="50.842609" lon="8.867514"><ele>194.25</ele></trkpt>
   <trkpt lat="50.84258" lon="8.867621"><ele>194</ele></trkpt>
   <trkpt lat="50.842397" lon="8.868152"><ele>195.75</ele></trkpt>
   <trkpt lat="50.842073" lon="8.869117"><ele>194</ele></trkpt>
   <trkpt lat="50.841973" lon="8.869337"><ele>194</ele></trkpt>
   <trkpt lat="50.840366" lon="8.873688"><ele>192.75</ele></trkpt>
   <trkpt lat="50.839568" lon="8.875878"><ele>192.25</ele></trkpt>
   <trkpt lat="50.838763" lon="8.878121"><ele>192.75</ele></trkpt>
   <trkpt lat="50.83867" lon="8.878343"><ele>192</ele></trkpt>
   <trkpt lat="50.838513" lon="8.878629"><ele>192.5</ele></trkpt>
   <trkpt lat="50.838362" lon="8.878947"><ele>193</ele></trkpt>
   <trkpt lat="50.838291" lon="8.879117"><ele>192.75</ele></trkpt>
   <trkpt lat="50.838249" lon="8.879194"><ele>192.5</ele></trkpt>
   <trkpt lat="50.838231" lon="8.879264"><ele>192.5</ele></trkpt>
   <trkpt lat="50.838189" lon="8.879582"><ele>192.25</ele></trkpt>
   <trkpt lat="50.838159" lon="8.87972"><ele>192.25</ele></trkpt>
   <trkpt lat="50.838124" lon="8.87984"><ele>192</ele></trkpt>
   <trkpt lat="50.83647" lon="8.884347"><ele>193</ele></trkpt>
   <trkpt lat="50.834534" lon="8.889667"><ele>194.25</ele></trkpt>
   <trkpt lat="50.833889" lon="8.891457"><ele>194.75</ele></trkpt>
   <trkpt lat="50.833784" lon="8.891686"><ele>195</ele></trkpt>
   <trkpt lat="50.833467" lon="8.892594"><ele>195.25</ele></trkpt>
   <trkpt lat="50.832607" lon="8.894951"><ele>195.25</ele></trkpt>
   <trkpt lat="50.830451" lon="8.900874"><ele>198.25</ele></trkpt>
   <trkpt lat="50.830408" lon="8.901072"><ele>200.25</ele></trkpt>
   <trkpt lat="50.830386" lon="8.901144"><ele>200.75</ele></trkpt>
   <trkpt lat="50.830296" lon="8.901288"><ele>199.5</ele></trkpt>
   <trkpt lat="50.830261" lon="8.901356"><ele>197.5</ele></trkpt>
   <trkpt lat="50.829748" lon="8.902779"><ele>196</ele></trkpt>
   <trkpt lat="50.829476" lon="8.903476"><ele>196.5</ele></trkpt>
   <trkpt lat="50.829198" lon="8.904118"><ele>196.75</ele></trkpt>
   <trkpt lat="50.829146" lon="8.904311"><ele>196.75</ele></trkpt>
   <trkpt lat="50.828617" lon="8.905811"><ele>197</ele></trkpt>
   <trkpt lat="50.828535" lon="8.906066"><ele>198</ele></trkpt>
   <trkpt lat="50.828471" lon="8.906225"><ele>197.75</ele></trkpt>
   <trkpt lat="50.828375" lon="8.906389"><ele>197.25</ele></trkpt>
   <trkpt lat="50.828292" lon="8.906564"><ele>197.5</ele></trkpt>
   <trkpt lat="50.82727" lon="8.90932"><ele>196.5</ele></trkpt>
   <trkpt lat="50.826786" lon="8.909137"><ele>196</ele></trkpt>
   <trkpt lat="50.826751" lon="8.909191"><ele>196</ele></trkpt>
   <trkpt lat="50.826727" lon="8.909374"><ele>196</ele></trkpt>
   <trkpt lat="50.82669" lon="8.909437"><ele>196</ele></trkpt>
   <trkpt lat="50.826598" lon="8.909549"><ele>196</ele></trkpt>
   <trkpt lat="50.826454" lon="8.90981"><ele>196.25</ele></trkpt>
   <trkpt lat="50.826204" lon="8.910378"><ele>198</ele></trkpt>
   <trkpt lat="50.826077" lon="8.910738"><ele>198.5</ele></trkpt>
   <trkpt lat="50.825791" lon="8.911729"><ele>198.75</ele></trkpt>
   <trkpt lat="50.825579" lon="8.912725"><ele>197</ele></trkpt>
   <trkpt lat="50.825544" lon="8.912862"><ele>197</ele></trkpt>
   <trkpt lat="50.825491" lon="8.913179"><ele>198</ele></trkpt>
   <trkpt lat="50.825431" lon="8.913436"><ele>199</ele></trkpt>
   <trkpt lat="50.825297" lon="8.914103"><ele>196.5</ele></trkpt>
   <trkpt lat="50.825271" lon="8.914182"><ele>196</ele></trkpt>
   <trkpt lat="50.825102" lon="8.914473"><ele>197.25</ele></trkpt>
   <trkpt lat="50.825064" lon="8.914547"><ele>197</ele></trkpt>
   <trkpt lat="50.825017" lon="8.914672"><ele>196.25</ele></trkpt>
   <trkpt lat="50.824745" lon="8.915599"><ele>196.75</ele></trkpt>
   <trkpt lat="50.824662" lon="8.915833"><ele>196.75</ele></trkpt>
   <trkpt lat="50.824615" lon="8.915927"><ele>197.25</ele></trkpt>
   <trkpt lat="50.824551" lon="8.915969"><ele>197</ele></trkpt>
   <trkpt lat="50.824454" lon="8.916466"><ele>197.25</ele></trkpt>
   <trkpt lat="50.824219" lon="8.917428"><ele>200</ele></trkpt>
   <trkpt lat="50.8242" lon="8.91751"><ele>200.25</ele></trkpt>
   <trkpt lat="50.824145" lon="8.917491"><ele>199.75</ele></trkpt>
   <trkpt lat="50.823992" lon="8.917471"><ele>199.75</ele></trkpt>
   <trkpt lat="50.823842" lon="8.917463"><ele>199.75</ele></trkpt>
   <trkpt lat="50.823707" lon="8.917475"><ele>199.75</ele></trkpt>
   <trkpt lat="50.823447" lon="8.917535"><ele>200.5</ele></trkpt>
   <trkpt lat="50.823434" lon="8.917508"><ele>200.5</ele></trkpt>
   <trkpt lat="50.823395" lon="8.917482"><ele>200.5</ele></trkpt>
   <trkpt lat="50.823373" lon="8.917486"><ele>200.75</ele></trkpt>
   <trkpt lat="50.823354" lon="8.917501"><ele>200.75</ele></trkpt>
   <trkpt lat="50.823338" lon="8.917525"><ele>200.75</ele></trkpt>
   <trkpt lat="50.823329" lon="8.917556"><ele>201</ele></trkpt>
   <trkpt lat="50.823329" lon="8.917614"><ele>201</ele></trkpt>
   <trkpt lat="50.823349" lon="8.917662"><ele>200.75</ele></trkpt>
   <trkpt lat="50.823383" lon="8.917686"><ele>200.75</ele></trkpt>
   <trkpt lat="50.823377" lon="8.917797"><ele>201</ele></trkpt>
   <trkpt lat="50.823354" lon="8.918209"><ele>202.5</ele></trkpt>
   <trkpt lat="50.823361" lon="8.918355"><ele>203</ele></trkpt>
   <trkpt lat="50.823393" lon="8.918484"><ele>203.75</ele></trkpt>
   <trkpt lat="50.82344" lon="8.918577"><ele>204.25</ele></trkpt>
   <trkpt lat="50.823627" lon="8.918835"><ele>205.5</ele></trkpt>
   <trkpt lat="50.823708" lon="8.918965"><ele>206.5</ele></trkpt>
   <trkpt lat="50.823728" lon="8.918997"><ele>206.5</ele></trkpt>
   <trkpt lat="50.82374" lon="8.919036"><ele>206.5</ele></trkpt>
   <trkpt lat="50.823743" lon="8.919102"><ele>206.75</ele></trkpt>
   <trkpt lat="50.823564" lon="8.920493"><ele>207.5</ele></trkpt>
   <trkpt lat="50.823498" lon="8.921004"><ele>207.5</ele></trkpt>
   <trkpt lat="50.823458" lon="8.921133"><ele>207</ele></trkpt>
   <trkpt lat="50.823338" lon="8.921415"><ele>207</ele></trkpt>
   <trkpt lat="50.823315" lon="8.921486"><ele>207.25</ele></trkpt>
   <trkpt lat="50.823302" lon="8.921544"><ele>207.25</ele></trkpt>
   <trkpt lat="50.823266" lon="8.92154"><ele>207.25</ele></trkpt>
   <trkpt lat="50.823233" lon="8.921565"><ele>207.25</ele></trkpt>
   <trkpt lat="50.823213" lon="8.921612"><ele>207.25</ele></trkpt>
   <trkpt lat="50.82321" lon="8.921669"><ele>207.5</ele></trkpt>
   <trkpt lat="50.823224" lon="8.921721"><ele>207.5</ele></trkpt>
   <trkpt lat="50.823239" lon="8.921742"><ele>207.5</ele></trkpt>
   <trkpt lat="50.823253" lon="8.921755"><ele>207.5</ele></trkpt>
   <trkpt lat="50.823289" lon="8.921762"><ele>207.75</ele></trkpt>
   <trkpt lat="50.823289" lon="8.921804"><ele>207.75</ele></trkpt>
   <trkpt lat="50.823296" lon="8.921881"><ele>207.75</ele></trkpt>
   <trkpt lat="50.823349" lon="8.922278"><ele>208</ele></trkpt>
   <trkpt lat="50.823472" lon="8.923084"><ele>208.5</ele></trkpt>
   <trkpt lat="50.823561" lon="8.923741"><ele>208.25</ele></trkpt>
   <trkpt lat="50.82357" lon="8.923944"><ele>207.5</ele></trkpt>
   <trkpt lat="50.823666" lon="8.924409"><ele>207</ele></trkpt>
   <trkpt lat="50.823693" lon="8.924536"><ele>207</ele></trkpt>
   <trkpt lat="50.823722" lon="8.924667"><ele>207</ele></trkpt>
   <trkpt lat="50.82375" lon="8.924798"><ele>206.75</ele></trkpt>
   <trkpt lat="50.82378" lon="8.924937"><ele>206.5</ele></trkpt>
   <trkpt lat="50.823809" lon="8.925071"><ele>206.5</ele></trkpt>
   <trkpt lat="50.823857" lon="8.92532"><ele>206.75</ele></trkpt>
   <trkpt lat="50.823892" lon="8.925594"><ele>207</ele></trkpt>
   <trkpt lat="50.823898" lon="8.926135"><ele>207</ele></trkpt>
   <trkpt lat="50.823898" lon="8.927028"><ele>206</ele></trkpt>
   <trkpt lat="50.823881" lon="8.927432"><ele>205.75</ele></trkpt>
   <trkpt lat="50.823849" lon="8.927782"><ele>205.75</ele></trkpt>
   <trkpt lat="50.823792" lon="8.927908"><ele>205.5</ele></trkpt>
   <trkpt lat="50.82372" lon="8.928014"><ele>205.25</ele></trkpt>
   <trkpt lat="50.823695" lon="8.928061"><ele>205.25</ele></trkpt>
   <trkpt lat="50.824024" lon="8.928603"><ele>205.25</ele></trkpt>
   <trkpt lat="50.824101" lon="8.92873"><ele>205.25</ele></trkpt>
   <trkpt lat="50.824253" lon="8.928999"><ele>205.25</ele></trkpt>
   <trkpt lat="50.824305" lon="8.929095"><ele>205.25</ele></trkpt>
   <trkpt lat="50.824383" lon="8.92924"><ele>205.5</ele></trkpt>
   <trkpt lat="50.824542" lon="8.929592"><ele>205.5</ele></trkpt>
   <trkpt lat="50.82463" lon="8.929804"><ele>205.5</ele></trkpt>
   <trkpt lat="50.824701" lon="8.929996"><ele>205.75</ele></trkpt>
   <trkpt lat="50.824815" lon="8.930326"><ele>205.25</ele></trkpt>
   <trkpt lat="50.824952" lon="8.930805"><ele>205.75</ele></trkpt>
   <trkpt lat="50.825083" lon="8.931364"><ele>205.25</ele></trkpt>
   <trkpt lat="50.825186" lon="8.931924"><ele>205.5</ele></trkpt>
   <trkpt lat="50.825212" lon="8.932141"><ele>205.75</ele></trkpt>
   <trkpt lat="50.825241" lon="8.932426"><ele>205.75</ele></trkpt>
   <trkpt lat="50.825272" lon="8.932799"><ele>205.75</ele></trkpt>
   <trkpt lat="50.825299" lon="8.933179"><ele>205.75</ele></trkpt>
   <trkpt lat="50.825314" lon="8.933454"><ele>206</ele></trkpt>
   <trkpt lat="50.825321" lon="8.933911"><ele>206</ele></trkpt>
   <trkpt lat="50.825321" lon="8.934469"><ele>207</ele></trkpt>
   <trkpt lat="50.825312" lon="8.934815"><ele>207.25</ele></trkpt>
   <trkpt lat="50.825283" lon="8.935346"><ele>208</ele></trkpt>
   <trkpt lat="50.825208" lon="8.93635"><ele>209.5</ele></trkpt>
   <trkpt lat="50.824891" lon="8.940147"><ele>212.5</ele></trkpt>
   <trkpt lat="50.824781" lon="8.941437"><ele>214</ele></trkpt>
   <trkpt lat="50.824771" lon="8.941563"><ele>214.25</ele></trkpt>
   <trkpt lat="50.824705" lon="8.942351"><ele>214.75</ele></trkpt>
   <trkpt lat="50.824541" lon="8.944304"><ele>214.25</ele></trkpt>
   <trkpt lat="50.824409" lon="8.945712"><ele>215.5</ele></trkpt>
   <trkpt lat="50.824276" lon="8.947489"><ele>215.5</ele></trkpt>
   <trkpt lat="50.824236" lon="8.948081"><ele>216.5</ele></trkpt>
   <trkpt lat="50.824199" lon="8.948861"><ele>217</ele></trkpt>
   <trkpt lat="50.824185" lon="8.949614"><ele>216.75</ele></trkpt>
   <trkpt lat="50.824195" lon="8.950468"><ele>217.5</ele></trkpt>
   <trkpt lat="50.824213" lon="8.950975"><ele>217.75</ele></trkpt>
   <trkpt lat="50.824239" lon="8.951487"><ele>217.5</ele></trkpt>
   <trkpt lat="50.824272" lon="8.951959"><ele>217.5</ele></trkpt>
   <trkpt lat="50.82444" lon="8.954005"><ele>217</ele></trkpt>
   <trkpt lat="50.824592" lon="8.955854"><ele>214.25</ele></trkpt>
   <trkpt lat="50.82472" lon="8.95741"><ele>215.25</ele></trkpt>
   <trkpt lat="50.824848" lon="8.958967"><ele>214.5</ele></trkpt>
   <trkpt lat="50.824858" lon="8.959087"><ele>214.75</ele></trkpt>
   <trkpt lat="50.825306" lon="8.964499"><ele>213</ele></trkpt>
   <trkpt lat="50.825354" lon="8.964849"><ele>212.75</ele></trkpt>
   <trkpt lat="50.825387" lon="8.965013"><ele>213</ele></trkpt>
   <trkpt lat="50.825532" lon="8.965619"><ele>211.75</ele></trkpt>
   <trkpt lat="50.825553" lon="8.965723"><ele>211.75</ele></trkpt>
   <trkpt lat="50.825576" lon="8.965892"><ele>211.75</ele></trkpt>
   <trkpt lat="50.825581" lon="8.966058"><ele>211.25</ele></trkpt>
   <trkpt lat="50.825558" lon="8.966306"><ele>211</ele></trkpt>
   <trkpt lat="50.825536" lon="8.966416"><ele>210.75</ele></trkpt>
   <trkpt lat="50.82547" lon="8.966621"><ele>210.5</ele></trkpt>
   <trkpt lat="50.825636" lon="8.966752"><ele>211</ele></trkpt>
   <trkpt lat="50.825514" lon="8.967202"><ele>210</ele></trkpt>
   <trkpt lat="50.825514" lon="8.96728"><ele>210</ele></trkpt>
   <trkpt lat="50.825569" lon="8.967905"><ele>209.5</ele></trkpt>
   <trkpt lat="50.825623" lon="8.968242"><ele>208.75</ele></trkpt>
   <trkpt lat="50.825696" lon="8.968669"><ele>207.75</ele></trkpt>
   <trkpt lat="50.825793" lon="8.969548"><ele>207.75</ele></trkpt>
   <trkpt lat="50.8258" lon="8.970852"><ele>206.75</ele></trkpt>
   <trkpt lat="50.825796" lon="8.971276"><ele>206.75</ele></trkpt>
   <trkpt lat="50.825755" lon="8.971855"><ele>206.25</ele></trkpt>
   <trkpt lat="50.825711" lon="8.972256"><ele>206.25</ele></trkpt>
   <trkpt lat="50.825633" lon="8.972785"><ele>206</ele></trkpt>
   <trkpt lat="50.825522" lon="8.973289"><ele>206</ele></trkpt>
   <trkpt lat="50.825409" lon="8.973683"><ele>206</ele></trkpt>
   <trkpt lat="50.825281" lon="8.974072"><ele>206</ele></trkpt>
   <trkpt lat="50.825045" lon="8.974637"><ele>207</ele></trkpt>
   <trkpt lat="50.824897" lon="8.974938"><ele>207</ele></trkpt>
   <trkpt lat="50.824639" lon="8.975409"><ele>207</ele></trkpt>
   <trkpt lat="50.824768" lon="8.975636"><ele>207.5</ele></trkpt>
   <trkpt lat="50.824783" lon="8.975757"><ele>208</ele></trkpt>
   <trkpt lat="50.824759" lon="8.975871"><ele>208.25</ele></trkpt>
   <trkpt lat="50.82471" lon="8.975964"><ele>208.25</ele></trkpt>
   <trkpt lat="50.824545" lon="8.976079"><ele>207.5</ele></trkpt>
   <trkpt lat="50.824467" lon="8.976159"><ele>207.25</ele></trkpt>
   <trkpt lat="50.824316" lon="8.976401"><ele>208</ele></trkpt>
   <trkpt lat="50.824244" lon="8.976556"><ele>208</ele></trkpt>
   <trkpt lat="50.824041" lon="8.977083"><ele>208.75</ele></trkpt>
   <trkpt lat="50.823922" lon="8.977551"><ele>208.25</ele></trkpt>
   <trkpt lat="50.823729" lon="8.978373"><ele>209.75</ele></trkpt>
   <trkpt lat="50.823698" lon="8.978608"><ele>209.75</ele></trkpt>
   <trkpt lat="50.823594" lon="8.97973"><ele>209.75</ele></trkpt>
   <trkpt lat="50.823577" lon="8.98002"><ele>209.75</ele></trkpt>
   <trkpt lat="50.823583" lon="8.980551"><ele>209.75</ele></trkpt>
   <trkpt lat="50.823606" lon="8.981115"><ele>210.75</ele></trkpt>
   <trkpt lat="50.823652" lon="8.981603"><ele>211.5</ele></trkpt>
   <trkpt lat="50.823727" lon="8.982357"><ele>212.5</ele></trkpt>
   <trkpt lat="50.823861" lon="8.983057"><ele>212.75</ele></trkpt>
   <trkpt lat="50.82404" lon="8.983809"><ele>213.5</ele></trkpt>
   <trkpt lat="50.824165" lon="8.984212"><ele>212.75</ele></trkpt>
   <trkpt lat="50.824567" lon="8.985254"><ele>214.25</ele></trkpt>
   <trkpt lat="50.82554" lon="8.987574"><ele>215.5</ele></trkpt>
   <trkpt lat="50.825658" lon="8.987806"><ele>216</ele></trkpt>
   <trkpt lat="50.825693" lon="8.987925"><ele>216.25</ele></trkpt>
   <trkpt lat="50.826045" lon="8.989172"><ele>216</ele></trkpt>
   <trkpt lat="50.826072" lon="8.989272"><ele>215.75</ele></trkpt>
   <trkpt lat="50.826097" lon="8.989516"><ele>215.75</ele></trkpt>
   <trkpt lat="50.826433" lon="8.990846"><ele>218.5</ele></trkpt>
   <trkpt lat="50.827102" lon="8.993412"><ele>221.5</ele></trkpt>
   <trkpt lat="50.827477" lon="8.994965"><ele>220.75</ele></trkpt>
   <trkpt lat="50.827774" lon="8.996388"><ele>222.75</ele></trkpt>
   <trkpt lat="50.828054" lon="8.997979"><ele>224.75</ele></trkpt>
   <trkpt lat="50.828108" lon="8.998467"><ele>226.25</ele></trkpt>
   <trkpt lat="50.828138" lon="8.998559"><ele>226.75</ele></trkpt>
   <trkpt lat="50.828228" lon="8.998755"><ele>227.5</ele></trkpt>
   <trkpt lat="50.828283" lon="8.998898"><ele>228</ele></trkpt>
   <trkpt lat="50.828298" lon="8.999007"><ele>228</ele></trkpt>
   <trkpt lat="50.82829" lon="8.999113"><ele>228</ele></trkpt>
   <trkpt lat="50.828246" lon="8.999223"><ele>228</ele></trkpt>
   <trkpt lat="50.828212" lon="8.99928"><ele>228.25</ele></trkpt>
   <trkpt lat="50.82822" lon="8.999414"><ele>228.75</ele></trkpt>
   <trkpt lat="50.828189" lon="8.999591"><ele>229.25</ele></trkpt>
   <trkpt lat="50.828223" lon="8.999618"><ele>229.25</ele></trkpt>
   <trkpt lat="50.828236" lon="8.999676"><ele>229.5</ele></trkpt>
   <trkpt lat="50.828209" lon="9.000084"><ele>232.25</ele></trkpt>
   <trkpt lat="50.828209" lon="9.000273"><ele>233</ele></trkpt>
   <trkpt lat="50.828285" lon="9.000726"><ele>234.75</ele></trkpt>
   <trkpt lat="50.828385" lon="9.001185"><ele>237.25</ele></trkpt>
   <trkpt lat="50.82866" lon="9.001999"><ele>241.25</ele></trkpt>
   <trkpt lat="50.828953" lon="9.002545"><ele>241.5</ele></trkpt>
   <trkpt lat="50.829109" lon="9.002828"><ele>241.25</ele></trkpt>
   <trkpt lat="50.829224" lon="9.003023"><ele>242.25</ele></trkpt>
   <trkpt lat="50.829621" lon="9.003719"><ele>244.5</ele></trkpt>
   <trkpt lat="50.829722" lon="9.004038"><ele>244.25</ele></trkpt>
   <trkpt lat="50.829789" lon="9.004225"><ele>244</ele></trkpt>
   <trkpt lat="50.829838" lon="9.004276"><ele>244.25</ele></trkpt>
   <trkpt lat="50.829871" lon="9.004286"><ele>244.5</ele></trkpt>
   <trkpt lat="50.82991" lon="9.004375"><ele>244.5</ele></trkpt>
   <trkpt lat="50.829803" lon="9.004488"><ele>244.25</ele></trkpt>
   <trkpt lat="50.829819" lon="9.004547"><ele>244.25</ele></trkpt>
   <trkpt lat="50.830078" lon="9.005669"><ele>244.25</ele></trkpt>
   <trkpt lat="50.830106" lon="9.00581"><ele>244.25</ele></trkpt>
   <trkpt lat="50.830125" lon="9.005951"><ele>244.25</ele></trkpt>
   <trkpt lat="50.830088" lon="9.005963"><ele>244</ele></trkpt>
   <trkpt lat="50.830055" lon="9.005993"><ele>244</ele></trkpt>
   <trkpt lat="50.83003" lon="9.006038"><ele>244</ele></trkpt>
   <trkpt lat="50.830016" lon="9.006093"><ele>244</ele></trkpt>
   <trkpt lat="50.830013" lon="9.006155"><ele>243.75</ele></trkpt>
   <trkpt lat="50.830024" lon="9.006214"><ele>243.5</ele></trkpt>
   <trkpt lat="50.82999" lon="9.006239"><ele>243.25</ele></trkpt>
   <trkpt lat="50.829951" lon="9.00627"><ele>243</ele></trkpt>
   <trkpt lat="50.829839" lon="9.006354"><ele>242.25</ele></trkpt>
   <trkpt lat="50.829773" lon="9.006406"><ele>242</ele></trkpt>
   <trkpt lat="50.82952" lon="9.006605"><ele>240.5</ele></trkpt>
   <trkpt lat="50.829455" lon="9.006665"><ele>240</ele></trkpt>
   <trkpt lat="50.829379" lon="9.006757"><ele>239.5</ele></trkpt>
   <trkpt lat="50.829333" lon="9.006839"><ele>239</ele></trkpt>
   <trkpt lat="50.829263" lon="9.007016"><ele>238.5</ele></trkpt>
   <trkpt lat="50.829027" lon="9.008257"><ele>236.5</ele></trkpt>
   <trkpt lat="50.82898" lon="9.008518"><ele>236.75</ele></trkpt>
   <trkpt lat="50.828956" lon="9.00871"><ele>237</ele></trkpt>
   <trkpt lat="50.828956" lon="9.008872"><ele>237</ele></trkpt>
   <trkpt lat="50.828981" lon="9.009051"><ele>236.75</ele></trkpt>
   <trkpt lat="50.829012" lon="9.009175"><ele>236.75</ele></trkpt>
   <trkpt lat="50.829054" lon="9.009287"><ele>236.75</ele></trkpt>
   <trkpt lat="50.829132" lon="9.009436"><ele>236.75</ele></trkpt>
   <trkpt lat="50.829204" lon="9.009555"><ele>237</ele></trkpt>
   <trkpt lat="50.82934" lon="9.009783"><ele>237.25</ele></trkpt>
   <trkpt lat="50.829426" lon="9.009961"><ele>237</ele></trkpt>
   <trkpt lat="50.829442" lon="9.010005"><ele>237</ele></trkpt>
   <trkpt lat="50.829498" lon="9.010193"><ele>237.75</ele></trkpt>
   <trkpt lat="50.829527" lon="9.01037"><ele>237.75</ele></trkpt>
   <trkpt lat="50.829535" lon="9.010534"><ele>238</ele></trkpt>
   <trkpt lat="50.829534" lon="9.010564"><ele>238</ele></trkpt>
   <trkpt lat="50.829494" lon="9.010716"><ele>238</ele></trkpt>
   <trkpt lat="50.829461" lon="9.010798"><ele>238</ele></trkpt>
   <trkpt lat="50.829435" lon="9.010835"><ele>238</ele></trkpt>
   <trkpt lat="50.829388" lon="9.010838"><ele>238</ele></trkpt>
   <trkpt lat="50.829366" lon="9.010849"><ele>238</ele></trkpt>
   <trkpt lat="50.829326" lon="9.010888"><ele>238</ele></trkpt>
   <trkpt lat="50.829299" lon="9.01094"><ele>238</ele></trkpt>
   <trkpt lat="50.829282" lon="9.011009"><ele>238.25</ele></trkpt>
   <trkpt lat="50.82928" lon="9.011075"><ele>238.25</ele></trkpt>
   <trkpt lat="50.829299" lon="9.011167"><ele>238.25</ele></trkpt>
   <trkpt lat="50.829345" lon="9.011241"><ele>238.5</ele></trkpt>
   <trkpt lat="50.829385" lon="9.011263"><ele>238.75</ele></trkpt>
   <trkpt lat="50.829405" lon="9.011269"><ele>238.75</ele></trkpt>
   <trkpt lat="50.829448" lon="9.011264"><ele>239</ele></trkpt>
   <trkpt lat="50.8295" lon="9.011229"><ele>239</ele></trkpt>
   <trkpt lat="50.829549" lon="9.011253"><ele>239</ele></trkpt>
   <trkpt lat="50.82959" lon="9.01129"><ele>239.25</ele></trkpt>
   <trkpt lat="50.829671" lon="9.011381"><ele>239.75</ele></trkpt>
   <trkpt lat="50.82979" lon="9.011544"><ele>240</ele></trkpt>
   <trkpt lat="50.829941" lon="9.011771"><ele>241</ele></trkpt>
   <trkpt lat="50.829993" lon="9.011843"><ele>241.5</ele></trkpt>
   <trkpt lat="50.830015" lon="9.011893"><ele>241.5</ele></trkpt>
   <trkpt lat="50.830079" lon="9.012089"><ele>241.5</ele></trkpt>
   <trkpt lat="50.830132" lon="9.012314"><ele>242</ele></trkpt>
   <trkpt lat="50.830165" lon="9.012556"><ele>242.75</ele></trkpt>
   <trkpt lat="50.830172" lon="9.012733"><ele>243.75</ele></trkpt>
   <trkpt lat="50.830179" lon="9.013094"><ele>244.5</ele></trkpt>
   <trkpt lat="50.830178" lon="9.013187"><ele>244.5</ele></trkpt>
   <trkpt lat="50.830181" lon="9.013226"><ele>244.5</ele></trkpt>
   <trkpt lat="50.830149" lon="9.013236"><ele>244.5</ele></trkpt>
   <trkpt lat="50.83012" lon="9.01326"><ele>244.25</ele></trkpt>
   <trkpt lat="50.830096" lon="9.013297"><ele>244.25</ele></trkpt>
   <trkpt lat="50.83008" lon="9.013342"><ele>244.25</ele></trkpt>
   <trkpt lat="50.830073" lon="9.013393"><ele>244.25</ele></trkpt>
   <trkpt lat="50.830075" lon="9.013445"><ele>244.25</ele></trkpt>
   <trkpt lat="50.830086" lon="9.013494"><ele>244.25</ele></trkpt>
   <trkpt lat="50.830106" lon="9.013536"><ele>244.25</ele></trkpt>
   <trkpt lat="50.830089" lon="9.013566"><ele>244.25</ele></trkpt>
   <trkpt lat="50.830042" lon="9.013629"><ele>244</ele></trkpt>
   <trkpt lat="50.829969" lon="9.013751"><ele>244.25</ele></trkpt>
   <trkpt lat="50.829899" lon="9.013851"><ele>244.5</ele></trkpt>
   <trkpt lat="50.829714" lon="9.014103"><ele>243.75</ele></trkpt>
   <trkpt lat="50.829602" lon="9.014267"><ele>244.25</ele></trkpt>
   <trkpt lat="50.829495" lon="9.014441"><ele>243.5</ele></trkpt>
   <trkpt lat="50.829228" lon="9.014942"><ele>243</ele></trkpt>
   <trkpt lat="50.829134" lon="9.015126"><ele>242.75</ele></trkpt>
   <trkpt lat="50.829092" lon="9.015199"><ele>242.5</ele></trkpt>
   <trkpt lat="50.829077" lon="9.015226"><ele>242.5</ele></trkpt>
   <trkpt lat="50.829035" lon="9.015306"><ele>242.5</ele></trkpt>
   <trkpt lat="50.828971" lon="9.015426"><ele>242.25</ele></trkpt>
   <trkpt lat="50.828829" lon="9.015678"><ele>241.75</ele></trkpt>
   <trkpt lat="50.828759" lon="9.015817"><ele>241.5</ele></trkpt>
   <trkpt lat="50.82858" lon="9.016172"><ele>241.75</ele></trkpt>
   <trkpt lat="50.828539" lon="9.016252"><ele>241.75</ele></trkpt>
   <trkpt lat="50.82843" lon="9.016457"><ele>242</ele></trkpt>
   <trkpt lat="50.828395" lon="9.016526"><ele>242</ele></trkpt>
   <trkpt lat="50.828376" lon="9.016577"><ele>242</ele></trkpt>
   <trkpt lat="50.828351" lon="9.01657"><ele>242</ele></trkpt>
   <trkpt lat="50.828326" lon="9.016578"><ele>241.75</ele></trkpt>
   <trkpt lat="50.828305" lon="9.016599"><ele>241.75</ele></trkpt>
   <trkpt lat="50.82829" lon="9.016631"><ele>241.75</ele></trkpt>
   <trkpt lat="50.828283" lon="9.01667"><ele>242</ele></trkpt>
   <trkpt lat="50.828286" lon="9.01671"><ele>242</ele></trkpt>
   <trkpt lat="50.828297" lon="9.016742"><ele>241.75</ele></trkpt>
   <trkpt lat="50.828314" lon="9.016767"><ele>242</ele></trkpt>
   <trkpt lat="50.828335" lon="9.016782"><ele>242</ele></trkpt>
   <trkpt lat="50.828358" lon="9.016784"><ele>242</ele></trkpt>
   <trkpt lat="50.828381" lon="9.016774"><ele>242</ele></trkpt>
   <trkpt lat="50.828396" lon="9.016809"><ele>242</ele></trkpt>
   <trkpt lat="50.828428" lon="9.016899"><ele>242.25</ele></trkpt>
   <trkpt lat="50.828457" lon="9.017078"><ele>242.25</ele></trkpt>
   <trkpt lat="50.828489" lon="9.01741"><ele>242.5</ele></trkpt>
   <trkpt lat="50.828509" lon="9.017698"><ele>243.25</ele></trkpt>
   <trkpt lat="50.82843" lon="9.017756"><ele>243.25</ele></trkpt>
   <trkpt lat="50.82834" lon="9.017962"><ele>243</ele></trkpt>
   <trkpt lat="50.82825" lon="9.018178"><ele>244</ele></trkpt>
   <trkpt lat="50.8282" lon="9.018298"><ele>244.75</ele></trkpt>
   <trkpt lat="50.82813" lon="9.018437"><ele>245</ele></trkpt>
   <trkpt lat="50.82805" lon="9.018568"><ele>244.75</ele></trkpt>
   <trkpt lat="50.827955" lon="9.018739"><ele>245</ele></trkpt>
   <trkpt lat="50.827914" lon="9.018897"><ele>245.5</ele></trkpt>
   <trkpt lat="50.827793" lon="9.019208"><ele>244.25</ele></trkpt>
   <trkpt lat="50.827682" lon="9.019483"><ele>244.5</ele></trkpt>
   <trkpt lat="50.827639" lon="9.019598"><ele>244.75</ele></trkpt>
   <trkpt lat="50.827619" lon="9.019644"><ele>244.75</ele></trkpt>
   <trkpt lat="50.827577" lon="9.019741"><ele>244.25</ele></trkpt>
   <trkpt lat="50.827474" lon="9.020056"><ele>244.5</ele></trkpt>
   <trkpt lat="50.827418" lon="9.020242"><ele>245.75</ele></trkpt>
   <trkpt lat="50.827296" lon="9.020681"><ele>246.75</ele></trkpt>
   <trkpt lat="50.827157" lon="9.021031"><ele>247</ele></trkpt>
   <trkpt lat="50.827118" lon="9.021114"><ele>247.25</ele></trkpt>
   <trkpt lat="50.827104" lon="9.021142"><ele>247.25</ele></trkpt>
   <trkpt lat="50.827025" lon="9.021322"><ele>247</ele></trkpt>
   <trkpt lat="50.826901" lon="9.021689"><ele>246.75</ele></trkpt>
   <trkpt lat="50.826809" lon="9.022013"><ele>248.25</ele></trkpt>
   <trkpt lat="50.826479" lon="9.023307"><ele>250</ele></trkpt>
   <trkpt lat="50.826471" lon="9.023366"><ele>250</ele></trkpt>
   <trkpt lat="50.826466" lon="9.024239"><ele>253.75</ele></trkpt>
   <trkpt lat="50.826576" lon="9.024333"><ele>255.75</ele></trkpt>
   <trkpt lat="50.826701" lon="9.024786"><ele>256.5</ele></trkpt>
   <trkpt lat="50.82702" lon="9.025578"><ele>260.75</ele></trkpt>
   <trkpt lat="50.82708" lon="9.025767"><ele>261.25</ele></trkpt>
   <trkpt lat="50.827235" lon="9.026143"><ele>264</ele></trkpt>
   <trkpt lat="50.827238" lon="9.026296"><ele>264.5</ele></trkpt>
   <trkpt lat="50.827174" lon="9.02646"><ele>264.75</ele></trkpt>
   <trkpt lat="50.827201" lon="9.026965"><ele>265.75</ele></trkpt>
   <trkpt lat="50.827243" lon="9.028139"><ele>267</ele></trkpt>
   <trkpt lat="50.827282" lon="9.028251"><ele>267.25</ele></trkpt>
   <trkpt lat="50.827353" lon="9.028356"><ele>267.75</ele></trkpt>
   <trkpt lat="50.827267" lon="9.028607"><ele>267.25</ele></trkpt>
   <trkpt lat="50.827238" lon="9.028853"><ele>267</ele></trkpt>
   <trkpt lat="50.82726" lon="9.0294"><ele>268</ele></trkpt>
   <trkpt lat="50.82727" lon="9.029678"><ele>269</ele></trkpt>
   <trkpt lat="50.827286" lon="9.030172"><ele>269.75</ele></trkpt>
   <trkpt lat="50.8273" lon="9.030636"><ele>270.5</ele></trkpt>
   <trkpt lat="50.827292" lon="9.032163"><ele>272.25</ele></trkpt>
   <trkpt lat="50.827262" lon="9.033311"><ele>274</ele></trkpt>
   <trkpt lat="50.827225" lon="9.033894"><ele>275</ele></trkpt>
   <trkpt lat="50.827155" lon="9.034147"><ele>274.5</ele></trkpt>
   <trkpt lat="50.827041" lon="9.034417"><ele>273.5</ele></trkpt>
   <trkpt lat="50.826926" lon="9.03462"><ele>273.25</ele></trkpt>
   <trkpt lat="50.827218" lon="9.034899"><ele>276.5</ele></trkpt>
   <trkpt lat="50.827122" lon="9.03593"><ele>277.5</ele></trkpt>
   <trkpt lat="50.826966" lon="9.036814"><ele>277</ele></trkpt>
   <trkpt lat="50.826587" lon="9.037029"><ele>274.5</ele></trkpt>
   <trkpt lat="50.826379" lon="9.037137"><ele>273.5</ele></trkpt>
   <trkpt lat="50.826258" lon="9.037192"><ele>273.25</ele></trkpt>
   <trkpt lat="50.825948" lon="9.037352"><ele>273</ele></trkpt>
   <trkpt lat="50.825851" lon="9.037424"><ele>273.5</ele></trkpt>
   <trkpt lat="50.825943" lon="9.037758"><ele>272.5</ele></trkpt>
   <trkpt lat="50.826024" lon="9.038012"><ele>274</ele></trkpt>
   <trkpt lat="50.826131" lon="9.038317"><ele>275.75</ele></trkpt>
   <trkpt lat="50.826341" lon="9.038836"><ele>277.75</ele></trkpt>
   <trkpt lat="50.826656" lon="9.039527"><ele>279.5</ele></trkpt>
   <trkpt lat="50.826992" lon="9.040252"><ele>282.5</ele></trkpt>
   <trkpt lat="50.827582" lon="9.041526"><ele>287</ele></trkpt>
   <trkpt lat="50.829322" lon="9.045294"><ele>295.75</ele></trkpt>
   <trkpt lat="50.829717" lon="9.046148"><ele>296</ele></trkpt>
   <trkpt lat="50.829864" lon="9.046471"><ele>296</ele></trkpt>
   <trkpt lat="50.829896" lon="9.046529"><ele>296</ele></trkpt>
   <trkpt lat="50.829862" lon="9.046571"><ele>296.25</ele></trkpt>
   <trkpt lat="50.829887" lon="9.046623"><ele>296.25</ele></trkpt>
   <trkpt lat="50.82999" lon="9.046779"><ele>296</ele></trkpt>
   <trkpt lat="50.830176" lon="9.047091"><ele>295.75</ele></trkpt>
   <trkpt lat="50.830362" lon="9.047473"><ele>295.5</ele></trkpt>
   <trkpt lat="50.830416" lon="9.047558"><ele>295.5</ele></trkpt>
   <trkpt lat="50.830537" lon="9.047934"><ele>295.5</ele></trkpt>
   <trkpt lat="50.830607" lon="9.048154"><ele>295.5</ele></trkpt>
   <trkpt lat="50.832077" lon="9.051923"><ele>296.75</ele></trkpt>
   <trkpt lat="50.832365" lon="9.052653"><ele>296.5</ele></trkpt>
   <trkpt lat="50.832496" lon="9.052892"><ele>297.25</ele></trkpt>
   <trkpt lat="50.832546" lon="9.052964"><ele>297.5</ele></trkpt>
   <trkpt lat="50.832603" lon="9.053029"><ele>297.75</ele></trkpt>
   <trkpt lat="50.83275" lon="9.053146"><ele>297.75</ele></trkpt>
   <trkpt lat="50.832827" lon="9.053179"><ele>298</ele></trkpt>
   <trkpt lat="50.832936" lon="9.053284"><ele>298</ele></trkpt>
   <trkpt lat="50.832941" lon="9.053359"><ele>297.75</ele></trkpt>
   <trkpt lat="50.833046" lon="9.053431"><ele>297.5</ele></trkpt>
   <trkpt lat="50.833099" lon="9.053478"><ele>297.25</ele></trkpt>
   <trkpt lat="50.833144" lon="9.053551"><ele>297</ele></trkpt>
   <trkpt lat="50.833162" lon="9.053595"><ele>297</ele></trkpt>
   <trkpt lat="50.833175" lon="9.053661"><ele>297</ele></trkpt>
   <trkpt lat="50.833239" lon="9.054345"><ele>297.5</ele></trkpt>
   <trkpt lat="50.833293" lon="9.054727"><ele>298</ele></trkpt>
   <trkpt lat="50.833458" lon="9.055488"><ele>297</ele></trkpt>
   <trkpt lat="50.833611" lon="9.056029"><ele>298</ele></trkpt>
   <trkpt lat="50.833873" lon="9.056844"><ele>298</ele></trkpt>
   <trkpt lat="50.833973" lon="9.057124"><ele>298</ele></trkpt>
   <trkpt lat="50.834283" lon="9.057878"><ele>298.5</ele></trkpt>
   <trkpt lat="50.834402" lon="9.058145"><ele>299</ele></trkpt>
   <trkpt lat="50.834719" lon="9.058812"><ele>300</ele></trkpt>
   <trkpt lat="50.836043" lon="9.06151"><ele>298.75</ele></trkpt>
   <trkpt lat="50.837177" lon="9.063802"><ele>293.75</ele></trkpt>
   <trkpt lat="50.838223" lon="9.065926"><ele>290.25</ele></trkpt>
   <trkpt lat="50.838892" lon="9.067319"><ele>287.25</ele></trkpt>
   <trkpt lat="50.838952" lon="9.067272"><ele>286.75</ele></trkpt>
   <trkpt lat="50.839986" lon="9.069357"><ele>281.5</ele></trkpt>
   <trkpt lat="50.842739" lon="9.074952"><ele>270.75</ele></trkpt>
   <trkpt lat="50.843202" lon="9.075892"><ele>269</ele></trkpt>
   <trkpt lat="50.843685" lon="9.076881"><ele>266.75</ele></trkpt>
   <trkpt lat="50.843952" lon="9.07746"><ele>265.75</ele></trkpt>
   <trkpt lat="50.844216" lon="9.078096"><ele>265.5</ele></trkpt>
   <trkpt lat="50.844351" lon="9.078457"><ele>264.75</ele></trkpt>
   <trkpt lat="50.844478" lon="9.078825"><ele>265</ele></trkpt>
   <trkpt lat="50.844597" lon="9.0792"><ele>264.5</ele></trkpt>
   <trkpt lat="50.844707" lon="9.079582"><ele>264.75</ele></trkpt>
   <trkpt lat="50.844845" lon="9.080121"><ele>264</ele></trkpt>
   <trkpt lat="50.844927" lon="9.08048"><ele>263.75</ele></trkpt>
   <trkpt lat="50.845001" lon="9.080844"><ele>264.75</ele></trkpt>
   <trkpt lat="50.845067" lon="9.08121"><ele>264.25</ele></trkpt>
   <trkpt lat="50.845237" lon="9.082314"><ele>264.5</ele></trkpt>
   <trkpt lat="50.845376" lon="9.083262"><ele>264</ele></trkpt>
   <trkpt lat="50.845579" lon="9.084645"><ele>265.25</ele></trkpt>
   <trkpt lat="50.845806" lon="9.086185"><ele>266.75</ele></trkpt>
   <trkpt lat="50.846349" lon="9.08988"><ele>267.5</ele></trkpt>
   <trkpt lat="50.846403" lon="9.090246"><ele>268</ele></trkpt>
   <trkpt lat="50.846667" lon="9.092039"><ele>269</ele></trkpt>
   <trkpt lat="50.8469" lon="9.093626"><ele>268.5</ele></trkpt>
   <trkpt lat="50.847007" lon="9.094367"><ele>269.25</ele></trkpt>
   <trkpt lat="50.84708" lon="9.094867"><ele>269.75</ele></trkpt>
   <trkpt lat="50.847123" lon="9.095169"><ele>269.75</ele></trkpt>
   <trkpt lat="50.847201" lon="9.095625"><ele>270</ele></trkpt>
   <trkpt lat="50.84721" lon="9.095682"><ele>270</ele></trkpt>
   <trkpt lat="50.847227" lon="9.095779"><ele>270</ele></trkpt>
   <trkpt lat="50.847309" lon="9.096266"><ele>271.25</ele></trkpt>
   <trkpt lat="50.847378" lon="9.096661"><ele>271</ele></trkpt>
   <trkpt lat="50.847496" lon="9.097272"><ele>271</ele></trkpt>
   <trkpt lat="50.847605" lon="9.097737"><ele>271.25</ele></trkpt>
   <trkpt lat="50.847842" lon="9.098624"><ele>271</ele></trkpt>
   <trkpt lat="50.848054" lon="9.099302"><ele>269.75</ele></trkpt>
   <trkpt lat="50.848133" lon="9.09952"><ele>270</ele></trkpt>
   <trkpt lat="50.848331" lon="9.100041"><ele>268.75</ele></trkpt>
   <trkpt lat="50.848429" lon="9.100295"><ele>269</ele></trkpt>
   <trkpt lat="50.848724" lon="9.101048"><ele>267.5</ele></trkpt>
   <trkpt lat="50.850347" lon="9.105187"><ele>256.75</ele></trkpt>
   <trkpt lat="50.850434" lon="9.105404"><ele>255.75</ele></trkpt>
   <trkpt lat="50.850706" lon="9.106103"><ele>254</ele></trkpt>
   <trkpt lat="50.851225" lon="9.107423"><ele>251.5</ele></trkpt>
   <trkpt lat="50.851373" lon="9.107808"><ele>249.75</ele></trkpt>
   <trkpt lat="50.851444" lon="9.107992"><ele>250</ele></trkpt>
   <trkpt lat="50.851542" lon="9.108234"><ele>249</ele></trkpt>
   <trkpt lat="50.851559" lon="9.108279"><ele>248.75</ele></trkpt>
   <trkpt lat="50.851792" lon="9.108861"><ele>248</ele></trkpt>
   <trkpt lat="50.85218" lon="9.109837"><ele>245.5</ele></trkpt>
   <trkpt lat="50.85228" lon="9.110101"><ele>245</ele></trkpt>
   <trkpt lat="50.852578" lon="9.11085"><ele>244.25</ele></trkpt>
   <trkpt lat="50.852917" lon="9.111742"><ele>242.75</ele></trkpt>
   <trkpt lat="50.853383" lon="9.112967"><ele>241.25</ele></trkpt>
   <trkpt lat="50.853421" lon="9.113046"><ele>241</ele></trkpt>
   <trkpt lat="50.853447" lon="9.113083"><ele>241</ele></trkpt>
   <trkpt lat="50.853481" lon="9.113107"><ele>241</ele></trkpt>
   <trkpt lat="50.853472" lon="9.113185"><ele>241</ele></trkpt>
   <trkpt lat="50.853364" lon="9.113579"><ele>241</ele></trkpt>
   <trkpt lat="50.853479" lon="9.113853"><ele>241</ele></trkpt>
   <trkpt lat="50.853541" lon="9.114011"><ele>240.5</ele></trkpt>
   <trkpt lat="50.853662" lon="9.114322"><ele>240</ele></trkpt>
   <trkpt lat="50.853893" lon="9.114982"><ele>240</ele></trkpt>
   <trkpt lat="50.85406" lon="9.115519"><ele>240</ele></trkpt>
   <trkpt lat="50.854099" lon="9.115845"><ele>240</ele></trkpt>
   <trkpt lat="50.854092" lon="9.115959"><ele>240</ele></trkpt>
   <trkpt lat="50.854091" lon="9.116329"><ele>240</ele></trkpt>
   <trkpt lat="50.854083" lon="9.116797"><ele>240</ele></trkpt>
   <trkpt lat="50.85408" lon="9.116926"><ele>240</ele></trkpt>
   <trkpt lat="50.854051" lon="9.117114"><ele>240</ele></trkpt>
   <trkpt lat="50.854022" lon="9.117173"><ele>240</ele></trkpt>
   <trkpt lat="50.853981" lon="9.117246"><ele>240</ele></trkpt>
   <trkpt lat="50.854075" lon="9.117472"><ele>240</ele></trkpt>
   <trkpt lat="50.854317" lon="9.117796"><ele>239</ele></trkpt>
   <trkpt lat="50.854465" lon="9.117962"><ele>239.5</ele></trkpt>
   <trkpt lat="50.854763" lon="9.118243"><ele>240.5</ele></trkpt>
   <trkpt lat="50.854934" lon="9.118435"><ele>241</ele></trkpt>
   <trkpt lat="50.855078" lon="9.118639"><ele>240.75</ele></trkpt>
   <trkpt lat="50.855276" lon="9.118967"><ele>241</ele></trkpt>
   <trkpt lat="50.85558" lon="9.11945"><ele>240.75</ele></trkpt>
   <trkpt lat="50.856197" lon="9.120418"><ele>240.25</ele></trkpt>
   <trkpt lat="50.857484" lon="9.121256"><ele>242.75</ele></trkpt>
   <trkpt lat="50.857558" lon="9.12192"><ele>243.75</ele></trkpt>
   <trkpt lat="50.857618" lon="9.122534"><ele>245</ele></trkpt>
   <trkpt lat="50.858121" lon="9.122434"><ele>243.5</ele></trkpt>
   <trkpt lat="50.858228" lon="9.12242"><ele>243.5</ele></trkpt>
   <trkpt lat="50.858432" lon="9.122404"><ele>243.5</ele></trkpt>
   <trkpt lat="50.858737" lon="9.12241"><ele>243.5</ele></trkpt>
   <trkpt lat="50.858985" lon="9.122457"><ele>243.75</ele></trkpt>
   <trkpt lat="50.859378" lon="9.122567"><ele>243.25</ele></trkpt>
   <trkpt lat="50.859941" lon="9.122779"><ele>243</ele></trkpt>
   <trkpt lat="50.860581" lon="9.123039"><ele>241.75</ele></trkpt>
   <trkpt lat="50.860823" lon="9.123137"><ele>241</ele></trkpt>
   <trkpt lat="50.861016" lon="9.123227"><ele>240.5</ele></trkpt>
   <trkpt lat="50.861088" lon="9.123268"><ele>240.25</ele></trkpt>
   <trkpt lat="50.861266" lon="9.123385"><ele>240</ele></trkpt>
   <trkpt lat="50.861414" lon="9.123518"><ele>240.5</ele></trkpt>
   <trkpt lat="50.861694" lon="9.123796"><ele>239.5</ele></trkpt>
   <trkpt lat="50.86209" lon="9.124216"><ele>239</ele></trkpt>
   <trkpt lat="50.862374" lon="9.124548"><ele>237.5</ele></trkpt>
   <trkpt lat="50.862862" lon="9.125153"><ele>238</ele></trkpt>
   <trkpt lat="50.863556" lon="9.126041"><ele>238</ele></trkpt>
   <trkpt lat="50.863656" lon="9.126156"><ele>238</ele></trkpt>
   <trkpt lat="50.863746" lon="9.126234"><ele>238</ele></trkpt>
   <trkpt lat="50.863939" lon="9.126349"><ele>237.25</ele></trkpt>
   <trkpt lat="50.864029" lon="9.126388"><ele>237.25</ele></trkpt>
   <trkpt lat="50.864689" lon="9.126677"><ele>237</ele></trkpt>
   <trkpt lat="50.8655" lon="9.127019"><ele>237.5</ele></trkpt>
   <trkpt lat="50.865623" lon="9.127078"><ele>237.5</ele></trkpt>
   <trkpt lat="50.865675" lon="9.127116"><ele>237.25</ele></trkpt>
   <trkpt lat="50.865724" lon="9.127163"><ele>237.25</ele></trkpt>
   <trkpt lat="50.865762" lon="9.127215"><ele>237</ele></trkpt>
   <trkpt lat="50.865813" lon="9.127314"><ele>236.75</ele></trkpt>
   <trkpt lat="50.865907" lon="9.127543"><ele>238.75</ele></trkpt>
   <trkpt lat="50.865963" lon="9.127684"><ele>238</ele></trkpt>
   <trkpt lat="50.866062" lon="9.127885"><ele>236.75</ele></trkpt>
   <trkpt lat="50.866522" lon="9.128732"><ele>235.5</ele></trkpt>
   <trkpt lat="50.866652" lon="9.129002"><ele>235</ele></trkpt>
   <trkpt lat="50.866761" lon="9.129284"><ele>235.75</ele></trkpt>
   <trkpt lat="50.867086" lon="9.130334"><ele>235</ele></trkpt>
   <trkpt lat="50.867185" lon="9.130609"><ele>234.5</ele></trkpt>
   <trkpt lat="50.867262" lon="9.130789"><ele>233.5</ele></trkpt>
   <trkpt lat="50.867345" lon="9.130962"><ele>233.5</ele></trkpt>
   <trkpt lat="50.867435" lon="9.131126"><ele>233.5</ele></trkpt>
   <trkpt lat="50.867597" lon="9.13135"><ele>233</ele></trkpt>
   <trkpt lat="50.867796" lon="9.131589"><ele>233.25</ele></trkpt>
   <trkpt lat="50.868145" lon="9.131931"><ele>233.5</ele></trkpt>
   <trkpt lat="50.868477" lon="9.132231"><ele>233.5</ele></trkpt>
   <trkpt lat="50.868631" lon="9.13235"><ele>234</ele></trkpt>
   <trkpt lat="50.86875" lon="9.132426"><ele>234</ele></trkpt>
   <trkpt lat="50.868856" lon="9.132477"><ele>233.25</ele></trkpt>
   <trkpt lat="50.868926" lon="9.132494"><ele>232.75</ele></trkpt>
   <trkpt lat="50.868992" lon="9.132503"><ele>233</ele></trkpt>
   <trkpt lat="50.869108" lon="9.132499"><ele>232.75</ele></trkpt>
   <trkpt lat="50.869235" lon="9.132469"><ele>233.25</ele></trkpt>
   <trkpt lat="50.869359" lon="9.13241"><ele>233.75</ele></trkpt>
   <trkpt lat="50.869528" lon="9.132292"><ele>233.25</ele></trkpt>
   <trkpt lat="50.869603" lon="9.132227"><ele>232.75</ele></trkpt>
   <trkpt lat="50.869673" lon="9.132152"><ele>232.75</ele></trkpt>
   <trkpt lat="50.869844" lon="9.131934"><ele>234</ele></trkpt>
   <trkpt lat="50.869973" lon="9.131726"><ele>233.75</ele></trkpt>
   <trkpt lat="50.87003" lon="9.131621"><ele>233.5</ele></trkpt>
   <trkpt lat="50.870145" lon="9.131381"><ele>234.5</ele></trkpt>
   <trkpt lat="50.870206" lon="9.131238"><ele>234</ele></trkpt>
   <trkpt lat="50.870268" lon="9.13108"><ele>232.5</ele></trkpt>
   <trkpt lat="50.87034" lon="9.130862"><ele>232.75</ele></trkpt>
   <trkpt lat="50.870397" lon="9.130621"><ele>234.75</ele></trkpt>
   <trkpt lat="50.870409" lon="9.130518"><ele>235.25</ele></trkpt>
   <trkpt lat="50.870413" lon="9.130343"><ele>235.25</ele></trkpt>
   <trkpt lat="50.870398" lon="9.130129"><ele>235</ele></trkpt>
   <trkpt lat="50.870338" lon="9.129714"><ele>233.25</ele></trkpt>
   <trkpt lat="50.870286" lon="9.129451"><ele>233</ele></trkpt>
   <trkpt lat="50.87023" lon="9.129195"><ele>232.25</ele></trkpt>
   <trkpt lat="50.870049" lon="9.128519"><ele>232.75</ele></trkpt>
   <trkpt lat="50.870039" lon="9.128366"><ele>233.25</ele></trkpt>
   <trkpt lat="50.870061" lon="9.12824"><ele>232.5</ele></trkpt>
   <trkpt lat="50.870095" lon="9.12816"><ele>231.75</ele></trkpt>
   <trkpt lat="50.870121" lon="9.128118"><ele>231.5</ele></trkpt>
   <trkpt lat="50.870158" lon="9.128077"><ele>231.25</ele></trkpt>
   <trkpt lat="50.870196" lon="9.12805"><ele>231.25</ele></trkpt>
   <trkpt lat="50.870247" lon="9.12803"><ele>231.5</ele></trkpt>
   <trkpt lat="50.870353" lon="9.12802"><ele>231.5</ele></trkpt>
   <trkpt lat="50.870481" lon="9.128039"><ele>231</ele></trkpt>
   <trkpt lat="50.870553" lon="9.128062"><ele>231</ele></trkpt>
   <trkpt lat="50.870812" lon="9.12816"><ele>232.75</ele></trkpt>
   <trkpt lat="50.871189" lon="9.128321"><ele>231.5</ele></trkpt>
   <trkpt lat="50.871388" lon="9.128406"><ele>232.25</ele></trkpt>
   <trkpt lat="50.871586" lon="9.128473"><ele>232</ele></trkpt>
   <trkpt lat="50.871683" lon="9.128497"><ele>231.75</ele></trkpt>
   <trkpt lat="50.871817" lon="9.128515"><ele>232.25</ele></trkpt>
   <trkpt lat="50.871976" lon="9.128507"><ele>232</ele></trkpt>
   <trkpt lat="50.872097" lon="9.128469"><ele>231.75</ele></trkpt>
   <trkpt lat="50.872209" lon="9.128408"><ele>231.25</ele></trkpt>
   <trkpt lat="50.872326" lon="9.128316"><ele>231.5</ele></trkpt>
   <trkpt lat="50.87273" lon="9.127929"><ele>231.5</ele></trkpt>
   <trkpt lat="50.872859" lon="9.127836"><ele>231.25</ele></trkpt>
   <trkpt lat="50.872932" lon="9.127794"><ele>230.75</ele></trkpt>
   <trkpt lat="50.873078" lon="9.127737"><ele>230.75</ele></trkpt>
   <trkpt lat="50.873298" lon="9.127705"><ele>230.75</ele></trkpt>
   <trkpt lat="50.873683" lon="9.127706"><ele>231</ele></trkpt>
   <trkpt lat="50.873808" lon="9.127696"><ele>231.5</ele></trkpt>
   <trkpt lat="50.873943" lon="9.12767"><ele>231.5</ele></trkpt>
   <trkpt lat="50.874258" lon="9.127576"><ele>230.75</ele></trkpt>
   <trkpt lat="50.874533" lon="9.12752"><ele>230.25</ele></trkpt>
   <trkpt lat="50.874692" lon="9.127516"><ele>230</ele></trkpt>
   <trkpt lat="50.874831" lon="9.12754"><ele>230</ele></trkpt>
   <trkpt lat="50.874917" lon="9.127568"><ele>230</ele></trkpt>
   <trkpt lat="50.875011" lon="9.127613"><ele>230</ele></trkpt>
   <trkpt lat="50.875121" lon="9.127691"><ele>229.75</ele></trkpt>
   <trkpt lat="50.875235" lon="9.127792"><ele>229.5</ele></trkpt>
   <trkpt lat="50.875358" lon="9.127925"><ele>229.25</ele></trkpt>
   <trkpt lat="50.875476" lon="9.128079"><ele>229</ele></trkpt>
   <trkpt lat="50.875616" lon="9.128306"><ele>229.75</ele></trkpt>
   <trkpt lat="50.876021" lon="9.129046"><ele>229.5</ele></trkpt>
   <trkpt lat="50.876214" lon="9.129348"><ele>230</ele></trkpt>
   <trkpt lat="50.876295" lon="9.129462"><ele>229.75</ele></trkpt>
   <trkpt lat="50.876524" lon="9.129755"><ele>229.5</ele></trkpt>
   <trkpt lat="50.877486" lon="9.130879"><ele>229</ele></trkpt>
   <trkpt lat="50.877819" lon="9.131278"><ele>229.25</ele></trkpt>
   <trkpt lat="50.878172" lon="9.131742"><ele>229.75</ele></trkpt>
   <trkpt lat="50.878804" lon="9.132634"><ele>229.5</ele></trkpt>
   <trkpt lat="50.878902" lon="9.132746"><ele>228.5</ele></trkpt>
   <trkpt lat="50.87896" lon="9.132796"><ele>229</ele></trkpt>
   <trkpt lat="50.879035" lon="9.132838"><ele>229</ele></trkpt>
   <trkpt lat="50.879128" lon="9.13285"><ele>228.5</ele></trkpt>
   <trkpt lat="50.879237" lon="9.132829"><ele>228</ele></trkpt>
   <trkpt lat="50.879369" lon="9.132785"><ele>227.75</ele></trkpt>
   <trkpt lat="50.879477" lon="9.132763"><ele>228</ele></trkpt>
   <trkpt lat="50.879535" lon="9.132769"><ele>228</ele></trkpt>
   <trkpt lat="50.879585" lon="9.132785"><ele>227.75</ele></trkpt>
   <trkpt lat="50.879636" lon="9.132813"><ele>227.75</ele></trkpt>
   <trkpt lat="50.879733" lon="9.13291"><ele>227.5</ele></trkpt>
   <trkpt lat="50.879802" lon="9.133006"><ele>228</ele></trkpt>
   <trkpt lat="50.879907" lon="9.133183"><ele>228.25</ele></trkpt>
   <trkpt lat="50.879978" lon="9.133346"><ele>227.75</ele></trkpt>
   <trkpt lat="50.880094" lon="9.133696"><ele>228.25</ele></trkpt>
   <trkpt lat="50.880193" lon="9.13406"><ele>227.75</ele></trkpt>
   <trkpt lat="50.880275" lon="9.134437"><ele>227</ele></trkpt>
   <trkpt lat="50.880569" lon="9.13635"><ele>226.25</ele></trkpt>
   <trkpt lat="50.880593" lon="9.136477"><ele>226.25</ele></trkpt>
   <trkpt lat="50.880662" lon="9.136738"><ele>226.5</ele></trkpt>
   <trkpt lat="50.880705" lon="9.136863"><ele>226.25</ele></trkpt>
   <trkpt lat="50.880802" lon="9.137092"><ele>226</ele></trkpt>
   <trkpt lat="50.880849" lon="9.137183"><ele>226</ele></trkpt>
   <trkpt lat="50.880894" lon="9.13725"><ele>226</ele></trkpt>
   <trkpt lat="50.88097" lon="9.137322"><ele>226.25</ele></trkpt>
   <trkpt lat="50.881032" lon="9.137359"><ele>226.5</ele></trkpt>
   <trkpt lat="50.881081" lon="9.137378"><ele>226.75</ele></trkpt>
   <trkpt lat="50.881112" lon="9.137389"><ele>227</ele></trkpt>
   <trkpt lat="50.881144" lon="9.137397"><ele>227</ele></trkpt>
   <trkpt lat="50.88128" lon="9.137435"><ele>227</ele></trkpt>
   <trkpt lat="50.881614" lon="9.137503"><ele>226.75</ele></trkpt>
   <trkpt lat="50.88191" lon="9.137528"><ele>225.75</ele></trkpt>
   <trkpt lat="50.881988" lon="9.137516"><ele>225.5</ele></trkpt>
   <trkpt lat="50.882099" lon="9.137473"><ele>225.5</ele></trkpt>
   <trkpt lat="50.882177" lon="9.137424"><ele>225.5</ele></trkpt>
   <trkpt lat="50.882221" lon="9.137385"><ele>225.25</ele></trkpt>
   <trkpt lat="50.8823" lon="9.137291"><ele>226.5</ele></trkpt>
   <trkpt lat="50.882365" lon="9.137181"><ele>228</ele></trkpt>
   <trkpt lat="50.88252" lon="9.13683"><ele>226.75</ele></trkpt>
   <trkpt lat="50.8826" lon="9.136735"><ele>227.25</ele></trkpt>
   <trkpt lat="50.882648" lon="9.136697"><ele>227.25</ele></trkpt>
   <trkpt lat="50.882712" lon="9.136663"><ele>227.25</ele></trkpt>
   <trkpt lat="50.882779" lon="9.13664"><ele>227</ele></trkpt>
   <trkpt lat="50.882892" lon="9.136614"><ele>227.5</ele></trkpt>
   <trkpt lat="50.883237" lon="9.136575"><ele>228.25</ele></trkpt>
   <trkpt lat="50.883329" lon="9.136576"><ele>228.25</ele></trkpt>
   <trkpt lat="50.88349" lon="9.136602"><ele>228.5</ele></trkpt>
   <trkpt lat="50.8837" lon="9.13667"><ele>228.75</ele></trkpt>
   <trkpt lat="50.883798" lon="9.136714"><ele>228.75</ele></trkpt>
   <trkpt lat="50.884015" lon="9.13685"><ele>228.75</ele></trkpt>
   <trkpt lat="50.884122" lon="9.136936"><ele>228.75</ele></trkpt>
   <trkpt lat="50.884222" lon="9.13703"><ele>228.75</ele></trkpt>
   <trkpt lat="50.884443" lon="9.13729"><ele>228.75</ele></trkpt>
   <trkpt lat="50.884533" lon="9.137409"><ele>229</ele></trkpt>
   <trkpt lat="50.884606" lon="9.137518"><ele>229</ele></trkpt>
   <trkpt lat="50.885837" lon="9.139845"><ele>228</ele></trkpt>
   <trkpt lat="50.885941" lon="9.140028"><ele>228.25</ele></trkpt>
   <trkpt lat="50.886139" lon="9.140328"><ele>228</ele></trkpt>
   <trkpt lat="50.886229" lon="9.140439"><ele>228.5</ele></trkpt>
   <trkpt lat="50.886342" lon="9.140562"><ele>228</ele></trkpt>
   <trkpt lat="50.887736" lon="9.141937"><ele>227</ele></trkpt>
   <trkpt lat="50.888081" lon="9.142277"><ele>228.25</ele></trkpt>
   <trkpt lat="50.888498" lon="9.14267"><ele>227.75</ele></trkpt>
   <trkpt lat="50.88895" lon="9.143127"><ele>227.5</ele></trkpt>
   <trkpt lat="50.889271" lon="9.143475"><ele>228</ele></trkpt>
   <trkpt lat="50.889466" lon="9.143705"><ele>227</ele></trkpt>
   <trkpt lat="50.889634" lon="9.143921"><ele>227</ele></trkpt>
   <trkpt lat="50.889847" lon="9.144216"><ele>227.75</ele></trkpt>
   <trkpt lat="50.890005" lon="9.144451"><ele>226</ele></trkpt>
   <trkpt lat="50.890229" lon="9.144831"><ele>226</ele></trkpt>
   <trkpt lat="50.890403" lon="9.14516"><ele>224.75</ele></trkpt>
   <trkpt lat="50.890492" lon="9.145343"><ele>224.75</ele></trkpt>
   <trkpt lat="50.890681" lon="9.145776"><ele>224.5</ele></trkpt>
   <trkpt lat="50.890739" lon="9.145923"><ele>224.25</ele></trkpt>
   <trkpt lat="50.890852" lon="9.146229"><ele>224.75</ele></trkpt>
   <trkpt lat="50.890984" lon="9.146637"><ele>223.25</ele></trkpt>
   <trkpt lat="50.891088" lon="9.146999"><ele>224</ele></trkpt>
   <trkpt lat="50.891206" lon="9.147497"><ele>222.5</ele></trkpt>
   <trkpt lat="50.891264" lon="9.147779"><ele>222.5</ele></trkpt>
   <trkpt lat="50.891315" lon="9.148064"><ele>224</ele></trkpt>
   <trkpt lat="50.89136" lon="9.148351"><ele>224</ele></trkpt>
   <trkpt lat="50.891397" lon="9.148642"><ele>224</ele></trkpt>
   <trkpt lat="50.891562" lon="9.150297"><ele>224.25</ele></trkpt>
   <trkpt lat="50.891682" lon="9.151478"><ele>224.25</ele></trkpt>
   <trkpt lat="50.891812" lon="9.152595"><ele>225.5</ele></trkpt>
   <trkpt lat="50.891869" lon="9.15301"><ele>224.75</ele></trkpt>
   <trkpt lat="50.891932" lon="9.153404"><ele>224.75</ele></trkpt>
   <trkpt lat="50.892036" lon="9.153949"><ele>226</ele></trkpt>
   <trkpt lat="50.892171" lon="9.154518"><ele>224.25</ele></trkpt>
   <trkpt lat="50.892245" lon="9.154784"><ele>224.25</ele></trkpt>
   <trkpt lat="50.892336" lon="9.155078"><ele>224.75</ele></trkpt>
   <trkpt lat="50.892487" lon="9.155513"><ele>223.25</ele></trkpt>
   <trkpt lat="50.892599" lon="9.155798"><ele>223.25</ele></trkpt>
   <trkpt lat="50.892812" lon="9.156286"><ele>221.5</ele></trkpt>
   <trkpt lat="50.892918" lon="9.156509"><ele>220.75</ele></trkpt>
   <trkpt lat="50.893138" lon="9.156931"><ele>219.75</ele></trkpt>
   <trkpt lat="50.893412" lon="9.157424"><ele>219</ele></trkpt>
   <trkpt lat="50.895254" lon="9.160543"><ele>219.75</ele></trkpt>
   <trkpt lat="50.895569" lon="9.161073"><ele>219.75</ele></trkpt>
   <trkpt lat="50.89577" lon="9.161393"><ele>220</ele></trkpt>
   <trkpt lat="50.896015" lon="9.161765"><ele>222</ele></trkpt>
   <trkpt lat="50.896113" lon="9.161908"><ele>222.25</ele></trkpt>
   <trkpt lat="50.896254" lon="9.162092"><ele>223.5</ele></trkpt>
   <trkpt lat="50.896502" lon="9.162393"><ele>223.75</ele></trkpt>
   <trkpt lat="50.896629" lon="9.162531"><ele>222.5</ele></trkpt>
   <trkpt lat="50.896875" lon="9.162764"><ele>223</ele></trkpt>
   <trkpt lat="50.897166" lon="9.162997"><ele>223.75</ele></trkpt>
   <trkpt lat="50.897296" lon="9.163085"><ele>223.25</ele></trkpt>
   <trkpt lat="50.897465" lon="9.163191"><ele>223.75</ele></trkpt>
   <trkpt lat="50.89782" lon="9.163367"><ele>222.5</ele></trkpt>
   <trkpt lat="50.898124" lon="9.163474"><ele>220.75</ele></trkpt>
   <trkpt lat="50.898303" lon="9.163519"><ele>220.75</ele></trkpt>
   <trkpt lat="50.898735" lon="9.163587"><ele>220.5</ele></trkpt>
   <trkpt lat="50.899484" lon="9.163668"><ele>218.75</ele></trkpt>
   <trkpt lat="50.899701" lon="9.163707"><ele>217.5</ele></trkpt>
   <trkpt lat="50.899956" lon="9.163773"><ele>218.25</ele></trkpt>
   <trkpt lat="50.900123" lon="9.163831"><ele>218.5</ele></trkpt>
   <trkpt lat="50.900403" lon="9.163953"><ele>218.5</ele></trkpt>
   <trkpt lat="50.900642" lon="9.164085"><ele>218.75</ele></trkpt>
   <trkpt lat="50.901177" lon="9.164438"><ele>218.25</ele></trkpt>
   <trkpt lat="50.901773" lon="9.164859"><ele>218.25</ele></trkpt>
   <trkpt lat="50.902003" lon="9.165008"><ele>218.25</ele></trkpt>
   <trkpt lat="50.902221" lon="9.165137"><ele>218.5</ele></trkpt>
   <trkpt lat="50.903512" lon="9.165824"><ele>217.5</ele></trkpt>
   <trkpt lat="50.90382" lon="9.166006"><ele>217.5</ele></trkpt>
   <trkpt lat="50.904162" lon="9.16624"><ele>217.25</ele></trkpt>
   <trkpt lat="50.904257" lon="9.166314"><ele>217.5</ele></trkpt>
   <trkpt lat="50.904358" lon="9.166398"><ele>217.75</ele></trkpt>
   <trkpt lat="50.904536" lon="9.166576"><ele>217.75</ele></trkpt>
   <trkpt lat="50.904733" lon="9.166793"><ele>219</ele></trkpt>
   <trkpt lat="50.904912" lon="9.166991"><ele>219.5</ele></trkpt>
   <trkpt lat="50.905005" lon="9.167046"><ele>220</ele></trkpt>
   <trkpt lat="50.905048" lon="9.167057"><ele>220</ele></trkpt>
   <trkpt lat="50.905155" lon="9.167084"><ele>219.75</ele></trkpt>
   <trkpt lat="50.905209" lon="9.167084"><ele>219.75</ele></trkpt>
   <trkpt lat="50.905291" lon="9.167067"><ele>220</ele></trkpt>
   <trkpt lat="50.905372" lon="9.167278"><ele>218.75</ele></trkpt>
   <trkpt lat="50.905456" lon="9.167451"><ele>218</ele></trkpt>
   <trkpt lat="50.905648" lon="9.167774"><ele>216.25</ele></trkpt>
   <trkpt lat="50.905864" lon="9.168075"><ele>216</ele></trkpt>
   <trkpt lat="50.906155" lon="9.168458"><ele>216</ele></trkpt>
   <trkpt lat="50.906429" lon="9.168757"><ele>215.25</ele></trkpt>
   <trkpt lat="50.90695" lon="9.169336"><ele>214.25</ele></trkpt>
   <trkpt lat="50.907315" lon="9.169833"><ele>214</ele></trkpt>
   <trkpt lat="50.907745" lon="9.170701"><ele>213.75</ele></trkpt>
   <trkpt lat="50.907867" lon="9.171083"><ele>214.25</ele></trkpt>
   <trkpt lat="50.907965" lon="9.171482"><ele>214</ele></trkpt>
   <trkpt lat="50.908026" lon="9.171797"><ele>213.75</ele></trkpt>
   <trkpt lat="50.908081" lon="9.172279"><ele>214.25</ele></trkpt>
   <trkpt lat="50.908101" lon="9.172599"><ele>215</ele></trkpt>
   <trkpt lat="50.908105" lon="9.172994"><ele>215.25</ele></trkpt>
   <trkpt lat="50.908101" lon="9.173518"><ele>216</ele></trkpt>
   <trkpt lat="50.908034" lon="9.173515"><ele>214.5</ele></trkpt>
   <trkpt lat="50.907976" lon="9.17351"><ele>214.25</ele></trkpt>
   <trkpt lat="50.90787" lon="9.173465"><ele>214</ele></trkpt>
   <trkpt lat="50.907672" lon="9.173369"><ele>214</ele></trkpt>
   <trkpt lat="50.907526" lon="9.173219"><ele>214</ele></trkpt>
   <trkpt lat="50.907304" lon="9.172915"><ele>214.5</ele></trkpt>
   <trkpt lat="50.907125" lon="9.17257"><ele>215.5</ele></trkpt>
   <trkpt lat="50.9069" lon="9.172475"><ele>217.25</ele></trkpt>
   <trkpt lat="50.906829" lon="9.172447"><ele>217.75</ele></trkpt>
   <trkpt lat="50.906729" lon="9.17241"><ele>218.75</ele></trkpt>
   <trkpt lat="50.906415" lon="9.172289"><ele>222.25</ele></trkpt>
   <trkpt lat="50.90618" lon="9.172156"><ele>224.5</ele></trkpt>
   <trkpt lat="50.906019" lon="9.172032"><ele>224.25</ele></trkpt>
   <trkpt lat="50.905956" lon="9.172104"><ele>223</ele></trkpt>
   <trkpt lat="50.905705" lon="9.172414"><ele>224.5</ele></trkpt>
   <trkpt lat="50.905586" lon="9.172549"><ele>227.5</ele></trkpt>
   <trkpt lat="50.905634" lon="9.172707"><ele>227.75</ele></trkpt>
   <trkpt lat="50.905659" lon="9.172763"><ele>227.75</ele></trkpt>
   <trkpt lat="50.905695" lon="9.172823"><ele>227.5</ele></trkpt>
   <trkpt lat="50.905867" lon="9.173009"><ele>227</ele></trkpt>
   <trkpt lat="50.906045" lon="9.173317"><ele>226.5</ele></trkpt>
   <trkpt lat="50.906141" lon="9.173537"><ele>226.75</ele></trkpt>
   <trkpt lat="50.906241" lon="9.173831"><ele>225.75</ele></trkpt>
   <trkpt lat="50.906506" lon="9.174714"><ele>225.5</ele></trkpt>
   <trkpt lat="50.906616" lon="9.175112"><ele>223.75</ele></trkpt>
   <trkpt lat="50.906656" lon="9.175294"><ele>223.25</ele></trkpt>
   <trkpt lat="50.90669" lon="9.175499"><ele>223.5</ele></trkpt>
   <trkpt lat="50.90678" lon="9.176247"><ele>221</ele></trkpt>
   <trkpt lat="50.906856" lon="9.176701"><ele>221</ele></trkpt>
   <trkpt lat="50.906884" lon="9.176866"><ele>221</ele></trkpt>
   <trkpt lat="50.90699" lon="9.177426"><ele>223.25</ele></trkpt>
   <trkpt lat="50.907046" lon="9.179535"><ele>233</ele></trkpt>
   <trkpt lat="50.907089" lon="9.179906"><ele>234.75</ele></trkpt>
   <trkpt lat="50.907205" lon="9.180375"><ele>235.25</ele></trkpt>
   <trkpt lat="50.907405" lon="9.180803"><ele>236.5</ele></trkpt>
   <trkpt lat="50.908145" lon="9.181748"><ele>234.75</ele></trkpt>
   <trkpt lat="50.908534" lon="9.182269"><ele>232.25</ele></trkpt>
   <trkpt lat="50.908859" lon="9.182835"><ele>231.75</ele></trkpt>
   <trkpt lat="50.909051" lon="9.183222"><ele>230.5</ele></trkpt>
   <trkpt lat="50.909292" lon="9.18371"><ele>228.75</ele></trkpt>
   <trkpt lat="50.909644" lon="9.184637"><ele>232.25</ele></trkpt>
   <trkpt lat="50.909909" lon="9.185592"><ele>235.5</ele></trkpt>
   <trkpt lat="50.910112" lon="9.186377"><ele>234</ele></trkpt>
   <trkpt lat="50.910348" lon="9.187069"><ele>232.25</ele></trkpt>
   <trkpt lat="50.910575" lon="9.187791"><ele>230.25</ele></trkpt>
   <trkpt lat="50.9108" lon="9.188666"><ele>231.25</ele></trkpt>
   <trkpt lat="50.910911" lon="9.189165"><ele>231</ele></trkpt>
   <trkpt lat="50.91101" lon="9.189157"><ele>231</ele></trkpt>
   <trkpt lat="50.911093" lon="9.189124"><ele>231</ele></trkpt>
   <trkpt lat="50.911353" lon="9.188953"><ele>231.5</ele></trkpt>
   <trkpt lat="50.911376" lon="9.188925"><ele>231.5</ele></trkpt>
   <trkpt lat="50.911423" lon="9.188817"><ele>233.25</ele></trkpt>
   <trkpt lat="50.911493" lon="9.189087"><ele>230</ele></trkpt>
   <trkpt lat="50.911535" lon="9.189301"><ele>229.75</ele></trkpt>
   <trkpt lat="50.911577" lon="9.189492"><ele>230.75</ele></trkpt>
   <trkpt lat="50.911663" lon="9.189723"><ele>232.75</ele></trkpt>
   <trkpt lat="50.911735" lon="9.18987"><ele>230.25</ele></trkpt>
   <trkpt lat="50.911801" lon="9.190046"><ele>228.75</ele></trkpt>
   <trkpt lat="50.912104" lon="9.190881"><ele>225.5</ele></trkpt>
   <trkpt lat="50.912145" lon="9.191074"><ele>225.25</ele></trkpt>
   <trkpt lat="50.912278" lon="9.191401"><ele>222.5</ele></trkpt>
   <trkpt lat="50.912338" lon="9.191496"><ele>222</ele></trkpt>
   <trkpt lat="50.912371" lon="9.191549"><ele>221.75</ele></trkpt>
   <trkpt lat="50.912466" lon="9.191692"><ele>221.25</ele></trkpt>
   <trkpt lat="50.912562" lon="9.19181"><ele>220.25</ele></trkpt>
   <trkpt lat="50.913243" lon="9.192544"><ele>215.25</ele></trkpt>
   <trkpt lat="50.913584" lon="9.192826"><ele>213.75</ele></trkpt>
   <trkpt lat="50.914119" lon="9.193211"><ele>212.5</ele></trkpt>
   <trkpt lat="50.914301" lon="9.193343"><ele>211.5</ele></trkpt>
   <trkpt lat="50.914513" lon="9.193463"><ele>210.25</ele></trkpt>
   <trkpt lat="50.914257" lon="9.194529"><ele>209</ele></trkpt>
   <trkpt lat="50.913838" lon="9.195325"><ele>214.25</ele></trkpt>
   <trkpt lat="50.913781" lon="9.195434"><ele>214</ele></trkpt>
   <trkpt lat="50.913567" lon="9.195547"><ele>214</ele></trkpt>
   <trkpt lat="50.91348" lon="9.195601"><ele>214</ele></trkpt>
   <trkpt lat="50.913539" lon="9.195918"><ele>213.5</ele></trkpt>
   <trkpt lat="50.913605" lon="9.195947"><ele>213</ele></trkpt>
   <trkpt lat="50.913733" lon="9.196029"><ele>210.5</ele></trkpt>
   <trkpt lat="50.913792" lon="9.196066"><ele>209.5</ele></trkpt>
   <trkpt lat="50.913911" lon="9.196145"><ele>207.75</ele></trkpt>
   <trkpt lat="50.914058" lon="9.196241"><ele>208.75</ele></trkpt>
   <trkpt lat="50.916577" lon="9.197844"><ele>213.5</ele></trkpt>
   <trkpt lat="50.917173" lon="9.198223"><ele>212.25</ele></trkpt>
   <trkpt lat="50.91746" lon="9.198495"><ele>212.5</ele></trkpt>
   <trkpt lat="50.917667" lon="9.199078"><ele>210.75</ele></trkpt>
   <trkpt lat="50.917871" lon="9.201788"><ele>211.75</ele></trkpt>
   <trkpt lat="50.917888" lon="9.202867"><ele>211.25</ele></trkpt>
   <trkpt lat="50.917814" lon="9.20423"><ele>213</ele></trkpt>
   <trkpt lat="50.917693" lon="9.205668"><ele>212.25</ele></trkpt>
   <trkpt lat="50.917672" lon="9.205773"><ele>212</ele></trkpt>
   <trkpt lat="50.917585" lon="9.20622"><ele>212</ele></trkpt>
   <trkpt lat="50.917353" lon="9.207331"><ele>212</ele></trkpt>
   <trkpt lat="50.917363" lon="9.207407"><ele>212</ele></trkpt>
   <trkpt lat="50.917703" lon="9.207673"><ele>214</ele></trkpt>
   <trkpt lat="50.917543" lon="9.209238"><ele>214</ele></trkpt>
   <trkpt lat="50.917437" lon="9.209491"><ele>215</ele></trkpt>
   <trkpt lat="50.917436" lon="9.209601"><ele>214.5</ele></trkpt>
   <trkpt lat="50.917547" lon="9.209903"><ele>214.5</ele></trkpt>
   <trkpt lat="50.917638" lon="9.211087"><ele>214.75</ele></trkpt>
   <trkpt lat="50.917803" lon="9.212152"><ele>216</ele></trkpt>
   <trkpt lat="50.918051" lon="9.21326"><ele>217.5</ele></trkpt>
   <trkpt lat="50.918421" lon="9.214297"><ele>216.5</ele></trkpt>
   <trkpt lat="50.918881" lon="9.215292"><ele>214.75</ele></trkpt>
   <trkpt lat="50.920369" lon="9.218248"><ele>213.5</ele></trkpt>
   <trkpt lat="50.920599" lon="9.218815"><ele>214</ele></trkpt>
   <trkpt lat="50.920598" lon="9.21917"><ele>214</ele></trkpt>
   <trkpt lat="50.920583" lon="9.21952"><ele>214</ele></trkpt>
   <trkpt lat="50.920514" lon="9.220551"><ele>213.75</ele></trkpt>
   <trkpt lat="50.920514" lon="9.220906"><ele>213.75</ele></trkpt>
   <trkpt lat="50.920528" lon="9.221103"><ele>213.75</ele></trkpt>
   <trkpt lat="50.920707" lon="9.222154"><ele>214.5</ele></trkpt>
   <trkpt lat="50.920939" lon="9.223429"><ele>216.25</ele></trkpt>
   <trkpt lat="50.920955" lon="9.223553"><ele>216.75</ele></trkpt>
   <trkpt lat="50.920975" lon="9.223694"><ele>217</ele></trkpt>
   <trkpt lat="50.920989" lon="9.22388"><ele>217</ele></trkpt>
   <trkpt lat="50.920995" lon="9.224166"><ele>217</ele></trkpt>
   <trkpt lat="50.920999" lon="9.224255"><ele>217</ele></trkpt>
   <trkpt lat="50.921" lon="9.224606"><ele>217.25</ele></trkpt>
   <trkpt lat="50.921007" lon="9.224778"><ele>217.5</ele></trkpt>
   <trkpt lat="50.921013" lon="9.224877"><ele>217.75</ele></trkpt>
   <trkpt lat="50.921016" lon="9.225618"><ele>219.25</ele></trkpt>
   <trkpt lat="50.921019" lon="9.226182"><ele>219.75</ele></trkpt>
   <trkpt lat="50.920797" lon="9.227913"><ele>219.75</ele></trkpt>
   <trkpt lat="50.920785" lon="9.22817"><ele>220</ele></trkpt>
   <trkpt lat="50.920777" lon="9.228357"><ele>220.5</ele></trkpt>
   <trkpt lat="50.92081" lon="9.228883"><ele>221.5</ele></trkpt>
   <trkpt lat="50.920855" lon="9.23003"><ele>224</ele></trkpt>
   <trkpt lat="50.920926" lon="9.230461"><ele>224.75</ele></trkpt>
   <trkpt lat="50.920996" lon="9.230596"><ele>225</ele></trkpt>
   <trkpt lat="50.921038" lon="9.230635"><ele>225</ele></trkpt>
   <trkpt lat="50.921097" lon="9.230692"><ele>225</ele></trkpt>
   <trkpt lat="50.920925" lon="9.231171"><ele>225.25</ele></trkpt>
   <trkpt lat="50.920779" lon="9.231723"><ele>225</ele></trkpt>
   <trkpt lat="50.920715" lon="9.23202"><ele>225.5</ele></trkpt>
   <trkpt lat="50.92058" lon="9.232574"><ele>226</ele></trkpt>
   <trkpt lat="50.920496" lon="9.232844"><ele>226</ele></trkpt>
   <trkpt lat="50.920394" lon="9.233124"><ele>226.25</ele></trkpt>
   <trkpt lat="50.920352" lon="9.233199"><ele>226.25</ele></trkpt>
   <trkpt lat="50.920257" lon="9.23337"><ele>226</ele></trkpt>
   <trkpt lat="50.920088" lon="9.233637"><ele>225.5</ele></trkpt>
   <trkpt lat="50.919919" lon="9.233837"><ele>224.5</ele></trkpt>
   <trkpt lat="50.919945" lon="9.233894"><ele>224.75</ele></trkpt>
   <trkpt lat="50.919977" lon="9.234028"><ele>224.75</ele></trkpt>
   <trkpt lat="50.919996" lon="9.234169"><ele>224.75</ele></trkpt>
   <trkpt lat="50.920075" lon="9.235141"><ele>226.25</ele></trkpt>
   <trkpt lat="50.920121" lon="9.236442"><ele>228.75</ele></trkpt>
   <trkpt lat="50.920464" lon="9.236525"><ele>230.75</ele></trkpt>
   <trkpt lat="50.920917" lon="9.236656"><ele>233.25</ele></trkpt>
   <trkpt lat="50.920782" lon="9.237322"><ele>232.5</ele></trkpt>
   <trkpt lat="50.920202" lon="9.239515"><ele>230.5</ele></trkpt>
   <trkpt lat="50.920183" lon="9.2396"><ele>230.5</ele></trkpt>
   <trkpt lat="50.920019" lon="9.240385"><ele>228.5</ele></trkpt>
   <trkpt lat="50.920216" lon="9.240683"><ele>228.25</ele></trkpt>
   <trkpt lat="50.920404" lon="9.241096"><ele>228.25</ele></trkpt>
   <trkpt lat="50.921061" lon="9.242154"><ele>228</ele></trkpt>
   <trkpt lat="50.921736" lon="9.242583"><ele>232</ele></trkpt>
   <trkpt lat="50.92141" lon="9.243709"><ele>224.75</ele></trkpt>
   <trkpt lat="50.921156" lon="9.244523"><ele>222</ele></trkpt>
   <trkpt lat="50.920954" lon="9.245369"><ele>221.25</ele></trkpt>
   <trkpt lat="50.921181" lon="9.245445"><ele>222.5</ele></trkpt>
   <trkpt lat="50.921497" lon="9.245533"><ele>223</ele></trkpt>
   <trkpt lat="50.921603" lon="9.245577"><ele>223</ele></trkpt>
   <trkpt lat="50.921297" lon="9.246124"><ele>224</ele></trkpt>
   <trkpt lat="50.921175" lon="9.246381"><ele>224</ele></trkpt>
   <trkpt lat="50.920501" lon="9.248188"><ele>225</ele></trkpt>
   <trkpt lat="50.919882" lon="9.249555"><ele>221</ele></trkpt>
   <trkpt lat="50.919827" lon="9.249774"><ele>220.5</ele></trkpt>
   <trkpt lat="50.919922" lon="9.250021"><ele>220.75</ele></trkpt>
   <trkpt lat="50.920767" lon="9.250592"><ele>224</ele></trkpt>
   <trkpt lat="50.921233" lon="9.2506"><ele>224.25</ele></trkpt>
   <trkpt lat="50.921369" lon="9.25064"><ele>224.5</ele></trkpt>
   <trkpt lat="50.921356" lon="9.250845"><ele>224</ele></trkpt>
   <trkpt lat="50.921334" lon="9.250996"><ele>225.25</ele></trkpt>
   <trkpt lat="50.921172" lon="9.251418"><ele>226.25</ele></trkpt>
   <trkpt lat="50.921128" lon="9.251465"><ele>225.75</ele></trkpt>
   <trkpt lat="50.921038" lon="9.251474"><ele>225.75</ele></trkpt>
   <trkpt lat="50.920574" lon="9.251002"><ele>224.25</ele></trkpt>
   <trkpt lat="50.920512" lon="9.250967"><ele>224</ele></trkpt>
   <trkpt lat="50.920452" lon="9.25096"><ele>223.75</ele></trkpt>
   <trkpt lat="50.920355" lon="9.251019"><ele>223</ele></trkpt>
   <trkpt lat="50.920405" lon="9.251042"><ele>223.25</ele></trkpt>
   <trkpt lat="50.920474" lon="9.251093"><ele>223.5</ele></trkpt>
   <trkpt lat="50.921016" lon="9.251707"><ele>228</ele></trkpt>
   <trkpt lat="50.921415" lon="9.251754"><ele>231</ele></trkpt>
   <trkpt lat="50.922629" lon="9.25304"><ele>240.25</ele></trkpt>
   <trkpt lat="50.923033" lon="9.253542"><ele>242</ele></trkpt>
   <trkpt lat="50.923316" lon="9.254696"><ele>245.75</ele></trkpt>
   <trkpt lat="50.923681" lon="9.255204"><ele>249.5</ele></trkpt>
   <trkpt lat="50.924089" lon="9.255336"><ele>253.25</ele></trkpt>
   <trkpt lat="50.924513" lon="9.255231"><ele>256.5</ele></trkpt>
   <trkpt lat="50.924867" lon="9.25498"><ele>259.25</ele></trkpt>
   <trkpt lat="50.925117" lon="9.254764"><ele>260.75</ele></trkpt>
   <trkpt lat="50.925483" lon="9.25478"><ele>262.75</ele></trkpt>
   <trkpt lat="50.926628" lon="9.2553"><ele>268</ele></trkpt>
   <trkpt lat="50.927492" lon="9.255692"><ele>268.75</ele></trkpt>
   <trkpt lat="50.92802" lon="9.256079"><ele>267.75</ele></trkpt>
   <trkpt lat="50.928397" lon="9.25654"><ele>265.5</ele></trkpt>
   <trkpt lat="50.928682" lon="9.256962"><ele>265.5</ele></trkpt>
   <trkpt lat="50.929181" lon="9.258042"><ele>265</ele></trkpt>
   <trkpt lat="50.929556" lon="9.259226"><ele>261.75</ele></trkpt>
   <trkpt lat="50.929822" lon="9.260139"><ele>259</ele></trkpt>
   <trkpt lat="50.929892" lon="9.260394"><ele>258.25</ele></trkpt>
   <trkpt lat="50.929927" lon="9.260604"><ele>258</ele></trkpt>
   <trkpt lat="50.929929" lon="9.260707"><ele>258</ele></trkpt>
   <trkpt lat="50.929954" lon="9.260852"><ele>257.75</ele></trkpt>
   <trkpt lat="50.930198" lon="9.261355"><ele>255.25</ele></trkpt>
   <trkpt lat="50.930938" lon="9.262388"><ele>253</ele></trkpt>
   <trkpt lat="50.933495" lon="9.266149"><ele>246</ele></trkpt>
   <trkpt lat="50.933579" lon="9.266198"><ele>246</ele></trkpt>
   <trkpt lat="50.934668" lon="9.267701"><ele>243</ele></trkpt>
   <trkpt lat="50.934796" lon="9.267895"><ele>242.25</ele></trkpt>
   <trkpt lat="50.934857" lon="9.268035"><ele>242</ele></trkpt>
   <trkpt lat="50.934868" lon="9.268106"><ele>242</ele></trkpt>
   <trkpt lat="50.934893" lon="9.268141"><ele>242</ele></trkpt>
   <trkpt lat="50.934969" lon="9.268192"><ele>242</ele></trkpt>
   <trkpt lat="50.935181" lon="9.268455"><ele>241.5</ele></trkpt>
   <trkpt lat="50.936318" lon="9.270019"><ele>238.75</ele></trkpt>
   <trkpt lat="50.936386" lon="9.270108"><ele>238.5</ele></trkpt>
   <trkpt lat="50.939295" lon="9.274124"><ele>238.25</ele></trkpt>
   <trkpt lat="50.939633" lon="9.274792"><ele>239.5</ele></trkpt>
   <trkpt lat="50.939692" lon="9.275125"><ele>240</ele></trkpt>
   <trkpt lat="50.939609" lon="9.275339"><ele>239.25</ele></trkpt>
   <trkpt lat="50.939476" lon="9.275777"><ele>239</ele></trkpt>
   <trkpt lat="50.939449" lon="9.275996"><ele>239</ele></trkpt>
   <trkpt lat="50.939447" lon="9.276013"><ele>239</ele></trkpt>
   <trkpt lat="50.939491" lon="9.276272"><ele>239</ele></trkpt>
   <trkpt lat="50.939668" lon="9.276883"><ele>239.75</ele></trkpt>
   <trkpt lat="50.939847" lon="9.277502"><ele>240.25</ele></trkpt>
   <trkpt lat="50.9399" lon="9.277684"><ele>241.25</ele></trkpt>
   <trkpt lat="50.940408" lon="9.279435"><ele>246.75</ele></trkpt>
   <trkpt lat="50.940432" lon="9.279574"><ele>247.25</ele></trkpt>
   <trkpt lat="50.940554" lon="9.279832"><ele>248.25</ele></trkpt>
   <trkpt lat="50.940734" lon="9.280125"><ele>249.25</ele></trkpt>
   <trkpt lat="50.940898" lon="9.280354"><ele>250.5</ele></trkpt>
   <trkpt lat="50.941377" lon="9.281017"><ele>252.5</ele></trkpt>
   <trkpt lat="50.941528" lon="9.281228"><ele>253</ele></trkpt>
   <trkpt lat="50.942063" lon="9.282123"><ele>255.25</ele></trkpt>
   <trkpt lat="50.942178" lon="9.28239"><ele>255.75</ele></trkpt>
   <trkpt lat="50.942265" lon="9.282679"><ele>256.5</ele></trkpt>
   <trkpt lat="50.94237" lon="9.283221"><ele>258</ele></trkpt>
   <trkpt lat="50.942393" lon="9.283377"><ele>258.5</ele></trkpt>
   <trkpt lat="50.942412" lon="9.283585"><ele>258.75</ele></trkpt>
   <trkpt lat="50.94241" lon="9.283784"><ele>259.25</ele></trkpt>
   <trkpt lat="50.942458" lon="9.284055"><ele>260.25</ele></trkpt>
   <trkpt lat="50.942557" lon="9.284275"><ele>261.5</ele></trkpt>
   <trkpt lat="50.942701" lon="9.284538"><ele>262.75</ele></trkpt>
   <trkpt lat="50.94285" lon="9.284752"><ele>264.25</ele></trkpt>
   <trkpt lat="50.943527" lon="9.285745"><ele>267.5</ele></trkpt>
   <trkpt lat="50.943626" lon="9.285894"><ele>268.25</ele></trkpt>
   <trkpt lat="50.944132" lon="9.286686"><ele>271.75</ele></trkpt>
   <trkpt lat="50.944346" lon="9.287059"><ele>273.25</ele></trkpt>
   <trkpt lat="50.944444" lon="9.287249"><ele>274</ele></trkpt>
   <trkpt lat="50.944506" lon="9.287347"><ele>274.5</ele></trkpt>
   <trkpt lat="50.944787" lon="9.287904"><ele>276</ele></trkpt>
   <trkpt lat="50.945148" lon="9.288625"><ele>277</ele></trkpt>
   <trkpt lat="50.945229" lon="9.288843"><ele>277.75</ele></trkpt>
   <trkpt lat="50.945702" lon="9.290311"><ele>280.5</ele></trkpt>
   <trkpt lat="50.946473" lon="9.292682"><ele>285.5</ele></trkpt>
   <trkpt lat="50.946568" lon="9.292983"><ele>286.75</ele></trkpt>
   <trkpt lat="50.946615" lon="9.293105"><ele>287.25</ele></trkpt>
   <trkpt lat="50.946678" lon="9.293203"><ele>287.25</ele></trkpt>
   <trkpt lat="50.946739" lon="9.293284"><ele>287.25</ele></trkpt>
   <trkpt lat="50.946818" lon="9.293367"><ele>287.5</ele></trkpt>
   <trkpt lat="50.947135" lon="9.293681"><ele>286.75</ele></trkpt>
   <trkpt lat="50.947781" lon="9.294238"><ele>284.75</ele></trkpt>
   <trkpt lat="50.947851" lon="9.294286"><ele>284.5</ele></trkpt>
   <trkpt lat="50.948008" lon="9.294367"><ele>283.75</ele></trkpt>
   <trkpt lat="50.948176" lon="9.294438"><ele>283.5</ele></trkpt>
   <trkpt lat="50.948338" lon="9.294492"><ele>282.75</ele></trkpt>
   <trkpt lat="50.948596" lon="9.294556"><ele>282.5</ele></trkpt>
   <trkpt lat="50.949831" lon="9.294813"><ele>281.25</ele></trkpt>
   <trkpt lat="50.950359" lon="9.294859"><ele>277.5</ele></trkpt>
   <trkpt lat="50.951025" lon="9.294997"><ele>278</ele></trkpt>
   <trkpt lat="50.951097" lon="9.295022"><ele>280.25</ele></trkpt>
   <trkpt lat="50.951137" lon="9.295046"><ele>280.75</ele></trkpt>
   <trkpt lat="50.951222" lon="9.295128"><ele>280.5</ele></trkpt>
   <trkpt lat="50.951295" lon="9.295226"><ele>280.5</ele></trkpt>
   <trkpt lat="50.951338" lon="9.295264"><ele>280.75</ele></trkpt>
   <trkpt lat="50.951951" lon="9.295394"><ele>281</ele></trkpt>
   <trkpt lat="50.952515" lon="9.295609"><ele>280.75</ele></trkpt>
   <trkpt lat="50.952708" lon="9.295719"><ele>280.5</ele></trkpt>
   <trkpt lat="50.953292" lon="9.296086"><ele>279</ele></trkpt>
   <trkpt lat="50.953422" lon="9.296205"><ele>278.5</ele></trkpt>
   <trkpt lat="50.953571" lon="9.296379"><ele>278.5</ele></trkpt>
   <trkpt lat="50.953674" lon="9.296547"><ele>278.25</ele></trkpt>
   <trkpt lat="50.953734" lon="9.296668"><ele>277.75</ele></trkpt>
   <trkpt lat="50.953971" lon="9.297186"><ele>277.5</ele></trkpt>
   <trkpt lat="50.954074" lon="9.297371"><ele>277.5</ele></trkpt>
   <trkpt lat="50.95431" lon="9.297701"><ele>277.25</ele></trkpt>
   <trkpt lat="50.954638" lon="9.298023"><ele>276.25</ele></trkpt>
   <trkpt lat="50.954707" lon="9.298107"><ele>276</ele></trkpt>
   <trkpt lat="50.95527" lon="9.29913"><ele>273</ele></trkpt>
   <trkpt lat="50.956197" lon="9.300941"><ele>268</ele></trkpt>
   <trkpt lat="50.956641" lon="9.301604"><ele>264.5</ele></trkpt>
   <trkpt lat="50.956988" lon="9.302155"><ele>262.75</ele></trkpt>
   <trkpt lat="50.957139" lon="9.302316"><ele>262.25</ele></trkpt>
   <trkpt lat="50.957409" lon="9.302564"><ele>262</ele></trkpt>
   <trkpt lat="50.957639" lon="9.302733"><ele>262</ele></trkpt>
   <trkpt lat="50.958011" lon="9.302931"><ele>261.75</ele></trkpt>
   <trkpt lat="50.958723" lon="9.303096"><ele>261.75</ele></trkpt>
   <trkpt lat="50.959333" lon="9.303272"><ele>261</ele></trkpt>
   <trkpt lat="50.960085" lon="9.303135"><ele>260</ele></trkpt>
   <trkpt lat="50.960193" lon="9.303098"><ele>260</ele></trkpt>
   <trkpt lat="50.960847" lon="9.302876"><ele>258.5</ele></trkpt>
   <trkpt lat="50.961185" lon="9.302814"><ele>259.5</ele></trkpt>
   <trkpt lat="50.961384" lon="9.302836"><ele>259</ele></trkpt>
   <trkpt lat="50.961768" lon="9.30311"><ele>259.25</ele></trkpt>
   <trkpt lat="50.962155" lon="9.303502"><ele>257.75</ele></trkpt>
   <trkpt lat="50.962374" lon="9.303924"><ele>256.75</ele></trkpt>
   <trkpt lat="50.962472" lon="9.304157"><ele>256.75</ele></trkpt>
   <trkpt lat="50.962707" lon="9.304225"><ele>257.5</ele></trkpt>
   <trkpt lat="50.962655" lon="9.304475"><ele>256.75</ele></trkpt>
   <trkpt lat="50.962638" lon="9.30468"><ele>256</ele></trkpt>
   <trkpt lat="50.962644" lon="9.304895"><ele>255.5</ele></trkpt>
   <trkpt lat="50.962657" lon="9.305082"><ele>255.25</ele></trkpt>
   <trkpt lat="50.962686" lon="9.305249"><ele>254.75</ele></trkpt>
   <trkpt lat="50.962735" lon="9.305421"><ele>254.75</ele></trkpt>
   <trkpt lat="50.962839" lon="9.305694"><ele>254.5</ele></trkpt>
   <trkpt lat="50.962979" lon="9.30596"><ele>254</ele></trkpt>
   <trkpt lat="50.963166" lon="9.306289"><ele>253</ele></trkpt>
   <trkpt lat="50.963242" lon="9.306438"><ele>253</ele></trkpt>
   <trkpt lat="50.963289" lon="9.306553"><ele>253</ele></trkpt>
   <trkpt lat="50.963337" lon="9.306685"><ele>252.75</ele></trkpt>
   <trkpt lat="50.963378" lon="9.306832"><ele>252.5</ele></trkpt>
   <trkpt lat="50.963542" lon="9.307521"><ele>251.25</ele></trkpt>
   <trkpt lat="50.963625" lon="9.307792"><ele>251</ele></trkpt>
   <trkpt lat="50.963675" lon="9.30792"><ele>250.75</ele></trkpt>
   <trkpt lat="50.963719" lon="9.308024"><ele>250.75</ele></trkpt>
   <trkpt lat="50.963934" lon="9.308454"><ele>249.75</ele></trkpt>
   <trkpt lat="50.963998" lon="9.308605"><ele>249.75</ele></trkpt>
   <trkpt lat="50.964098" lon="9.308901"><ele>249.5</ele></trkpt>
   <trkpt lat="50.964267" lon="9.309462"><ele>248.5</ele></trkpt>
   <trkpt lat="50.964327" lon="9.309641"><ele>248.5</ele></trkpt>
   <trkpt lat="50.964392" lon="9.309801"><ele>248.75</ele></trkpt>
   <trkpt lat="50.964613" lon="9.310291"><ele>248</ele></trkpt>
   <trkpt lat="50.96465" lon="9.31038"><ele>248</ele></trkpt>
   <trkpt lat="50.964673" lon="9.310467"><ele>248</ele></trkpt>
   <trkpt lat="50.964684" lon="9.310541"><ele>248</ele></trkpt>
   <trkpt lat="50.96469" lon="9.310644"><ele>248</ele></trkpt>
   <trkpt lat="50.964642" lon="9.311448"><ele>249.5</ele></trkpt>
   <trkpt lat="50.964658" lon="9.311627"><ele>250</ele></trkpt>
   <trkpt lat="50.964703" lon="9.311897"><ele>250.75</ele></trkpt>
   <trkpt lat="50.965199" lon="9.314207"><ele>254.25</ele></trkpt>
   <trkpt lat="50.965402" lon="9.314904"><ele>254.5</ele></trkpt>
   <trkpt lat="50.965544" lon="9.315308"><ele>252.75</ele></trkpt>
   <trkpt lat="50.965615" lon="9.315589"><ele>250.75</ele></trkpt>
   <trkpt lat="50.965631" lon="9.315707"><ele>250.5</ele></trkpt>
   <trkpt lat="50.965627" lon="9.315925"><ele>250.25</ele></trkpt>
   <trkpt lat="50.965693" lon="9.315996"><ele>249.75</ele></trkpt>
   <trkpt lat="50.96578" lon="9.316264"><ele>249.75</ele></trkpt>
   <trkpt lat="50.96593" lon="9.31677"><ele>250.5</ele></trkpt>
   <trkpt lat="50.966382" lon="9.31823"><ele>245.25</ele></trkpt>
   <trkpt lat="50.966454" lon="9.318449"><ele>245</ele></trkpt>
   <trkpt lat="50.96649" lon="9.318505"><ele>245</ele></trkpt>
   <trkpt lat="50.966825" lon="9.318768"><ele>243.75</ele></trkpt>
   <trkpt lat="50.966975" lon="9.318848"><ele>243</ele></trkpt>
   <trkpt lat="50.967646" lon="9.319043"><ele>242.25</ele></trkpt>
   <trkpt lat="50.967685" lon="9.319048"><ele>242</ele></trkpt>
   <trkpt lat="50.967827" lon="9.319048"><ele>241.75</ele></trkpt>
   <trkpt lat="50.967827" lon="9.319114"><ele>241.75</ele></trkpt>
   <trkpt lat="50.967836" lon="9.319371"><ele>241.25</ele></trkpt>
   <trkpt lat="50.968133" lon="9.319907"><ele>240.5</ele></trkpt>
   <trkpt lat="50.968594" lon="9.320592"><ele>240.75</ele></trkpt>
   <trkpt lat="50.969641" lon="9.32117"><ele>236.75</ele></trkpt>
   <trkpt lat="50.970575" lon="9.321352"><ele>234.25</ele></trkpt>
   <trkpt lat="50.970649" lon="9.321379"><ele>234</ele></trkpt>
   <trkpt lat="50.9707" lon="9.321409"><ele>233.5</ele></trkpt>
   <trkpt lat="50.970786" lon="9.321498"><ele>232.5</ele></trkpt>
   <trkpt lat="50.971117" lon="9.321933"><ele>230</ele></trkpt>
   <trkpt lat="50.971191" lon="9.322016"><ele>230</ele></trkpt>
   <trkpt lat="50.97127" lon="9.322088"><ele>229.5</ele></trkpt>
   <trkpt lat="50.971323" lon="9.322123"><ele>229.25</ele></trkpt>
   <trkpt lat="50.971551" lon="9.322215"><ele>228.5</ele></trkpt>
   <trkpt lat="50.971731" lon="9.322438"><ele>228.75</ele></trkpt>
   <trkpt lat="50.971856" lon="9.322697"><ele>229.75</ele></trkpt>
   <trkpt lat="50.972025" lon="9.323161"><ele>228.25</ele></trkpt>
   <trkpt lat="50.972139" lon="9.323472"><ele>228.5</ele></trkpt>
   <trkpt lat="50.972188" lon="9.323558"><ele>228.25</ele></trkpt>
   <trkpt lat="50.972266" lon="9.323641"><ele>228</ele></trkpt>
   <trkpt lat="50.972481" lon="9.323804"><ele>227.5</ele></trkpt>
   <trkpt lat="50.972737" lon="9.32393"><ele>227.5</ele></trkpt>
   <trkpt lat="50.972963" lon="9.324145"><ele>227</ele></trkpt>
   <trkpt lat="50.973026" lon="9.324185"><ele>227</ele></trkpt>
   <trkpt lat="50.973188" lon="9.324236"><ele>226.75</ele></trkpt>
   <trkpt lat="50.973244" lon="9.324263"><ele>226.75</ele></trkpt>
   <trkpt lat="50.973592" lon="9.324481"><ele>226.75</ele></trkpt>
   <trkpt lat="50.973684" lon="9.32452"><ele>226.5</ele></trkpt>
   <trkpt lat="50.973828" lon="9.324562"><ele>226</ele></trkpt>
   <trkpt lat="50.973827" lon="9.324698"><ele>226</ele></trkpt>
   <trkpt lat="50.973825" lon="9.32482"><ele>226.25</ele></trkpt>
   <trkpt lat="50.973824" lon="9.324888"><ele>226.5</ele></trkpt>
   <trkpt lat="50.973815" lon="9.325282"><ele>228</ele></trkpt>
   <trkpt lat="50.973809" lon="9.325538"><ele>229.25</ele></trkpt>
   <trkpt lat="50.973799" lon="9.325909"><ele>232.5</ele></trkpt>
   <trkpt lat="50.973817" lon="9.326021"><ele>233</ele></trkpt>
   <trkpt lat="50.973848" lon="9.326093"><ele>232.75</ele></trkpt>
   <trkpt lat="50.973905" lon="9.326168"><ele>232.5</ele></trkpt>
   <trkpt lat="50.974047" lon="9.326324"><ele>233.25</ele></trkpt>
   <trkpt lat="50.974085" lon="9.326383"><ele>233.5</ele></trkpt>
   <trkpt lat="50.97411" lon="9.326438"><ele>233.25</ele></trkpt>
   <trkpt lat="50.974148" lon="9.326567"><ele>233</ele></trkpt>
   <trkpt lat="50.974499" lon="9.326743"><ele>231.75</ele></trkpt>
   <trkpt lat="50.97465" lon="9.326829"><ele>231.25</ele></trkpt>
   <trkpt lat="50.974684" lon="9.326852"><ele>231</ele></trkpt>
   <trkpt lat="50.974811" lon="9.326954"><ele>231</ele></trkpt>
   <trkpt lat="50.975178" lon="9.327332"><ele>230.75</ele></trkpt>
   <trkpt lat="50.975228" lon="9.327375"><ele>231</ele></trkpt>
   <trkpt lat="50.975708" lon="9.327644"><ele>232.25</ele></trkpt>
   <trkpt lat="50.97575" lon="9.327585"><ele>231.75</ele></trkpt>
   <trkpt lat="50.975772" lon="9.327566"><ele>231.5</ele></trkpt>
   <trkpt lat="50.975789" lon="9.327558"><ele>231.5</ele></trkpt>
   <trkpt lat="50.975845" lon="9.327571"><ele>231.75</ele></trkpt>
   <trkpt lat="50.976192" lon="9.327824"><ele>235</ele></trkpt>
   <trkpt lat="50.976456" lon="9.328021"><ele>235.75</ele></trkpt>
   <trkpt lat="50.976623" lon="9.328134"><ele>236.25</ele></trkpt>
   <trkpt lat="50.976709" lon="9.328178"><ele>236.25</ele></trkpt>
   <trkpt lat="50.976797" lon="9.328205"><ele>236.5</ele></trkpt>
   <trkpt lat="50.976856" lon="9.32821"><ele>236.5</ele></trkpt>
   <trkpt lat="50.977059" lon="9.328188"><ele>236.25</ele></trkpt>
   <trkpt lat="50.977435" lon="9.328157"><ele>235.5</ele></trkpt>
   <trkpt lat="50.977939" lon="9.32814"><ele>235.25</ele></trkpt>
   <trkpt lat="50.978259" lon="9.328151"><ele>235.25</ele></trkpt>
   <trkpt lat="50.978504" lon="9.328183"><ele>235.25</ele></trkpt>
   <trkpt lat="50.978631" lon="9.328209"><ele>235.5</ele></trkpt>
   <trkpt lat="50.978736" lon="9.328247"><ele>235.5</ele></trkpt>
   <trkpt lat="50.978881" lon="9.328271"><ele>235.75</ele></trkpt>
   <trkpt lat="50.978967" lon="9.328258"><ele>235.25</ele></trkpt>
   <trkpt lat="50.978975" lon="9.328332"><ele>235.5</ele></trkpt>
   <trkpt lat="50.979056" lon="9.328447"><ele>235.5</ele></trkpt>
   <trkpt lat="50.979147" lon="9.328516"><ele>235.5</ele></trkpt>
   <trkpt lat="50.979665" lon="9.328911"><ele>236</ele></trkpt>
   <trkpt lat="50.979803" lon="9.329015"><ele>236</ele></trkpt>
   <trkpt lat="50.98007" lon="9.329227"><ele>237</ele></trkpt>
   <trkpt lat="50.980344" lon="9.32944"><ele>237</ele></trkpt>
   <trkpt lat="50.980556" lon="9.329651"><ele>237</ele></trkpt>
   <trkpt lat="50.980649" lon="9.329765"><ele>237.25</ele></trkpt>
   <trkpt lat="50.980786" lon="9.329934"><ele>237.75</ele></trkpt>
   <trkpt lat="50.981002" lon="9.330284"><ele>238.5</ele></trkpt>
   <trkpt lat="50.981185" lon="9.330632"><ele>238.5</ele></trkpt>
   <trkpt lat="50.98134" lon="9.331004"><ele>239.75</ele></trkpt>
   <trkpt lat="50.981431" lon="9.331265"><ele>239.75</ele></trkpt>
   <trkpt lat="50.981524" lon="9.331577"><ele>240.5</ele></trkpt>
   <trkpt lat="50.981546" lon="9.331676"><ele>241</ele></trkpt>
   <trkpt lat="50.981254" lon="9.332146"><ele>241.5</ele></trkpt>
   <trkpt lat="50.981051" lon="9.332508"><ele>242.75</ele></trkpt>
   <trkpt lat="50.980841" lon="9.33291"><ele>242.75</ele></trkpt>
   <trkpt lat="50.980633" lon="9.333313"><ele>243.25</ele></trkpt>
   <trkpt lat="50.979985" lon="9.334597"><ele>246.25</ele></trkpt>
   <trkpt lat="50.979291" lon="9.335949"><ele>249</ele></trkpt>
   <trkpt lat="50.979137" lon="9.336219"><ele>250.75</ele></trkpt>
   <trkpt lat="50.978983" lon="9.336484"><ele>253.5</ele></trkpt>
   <trkpt lat="50.978896" lon="9.336636"><ele>252.25</ele></trkpt>
   <trkpt lat="50.978818" lon="9.336765"><ele>253</ele></trkpt>
   <trkpt lat="50.978721" lon="9.336995"><ele>252.75</ele></trkpt>
   <trkpt lat="50.978688" lon="9.337142"><ele>252.5</ele></trkpt>
   <trkpt lat="50.97868" lon="9.337235"><ele>252.25</ele></trkpt>
   <trkpt lat="50.978678" lon="9.337326"><ele>252.25</ele></trkpt>
   <trkpt lat="50.978685" lon="9.337421"><ele>252.25</ele></trkpt>
   <trkpt lat="50.978696" lon="9.337513"><ele>252.25</ele></trkpt>
   <trkpt lat="50.978716" lon="9.337585"><ele>252.25</ele></trkpt>
   <trkpt lat="50.978785" lon="9.337775"><ele>252.25</ele></trkpt>
   <trkpt lat="50.978867" lon="9.3379"><ele>252.5</ele></trkpt>
   <trkpt lat="50.978901" lon="9.337942"><ele>252.5</ele></trkpt>
   <trkpt lat="50.978963" lon="9.337998"><ele>252.75</ele></trkpt>
   <trkpt lat="50.979192" lon="9.338171"><ele>253.25</ele></trkpt>
   <trkpt lat="50.97989" lon="9.338321"><ele>254</ele></trkpt>
   <trkpt lat="50.980169" lon="9.338418"><ele>254.5</ele></trkpt>
   <trkpt lat="50.98021" lon="9.338442"><ele>254.75</ele></trkpt>
   <trkpt lat="50.980358" lon="9.338631"><ele>255</ele></trkpt>
   <trkpt lat="50.980494" lon="9.338806"><ele>254.75</ele></trkpt>
   <trkpt lat="50.980637" lon="9.33899"><ele>255</ele></trkpt>
   <trkpt lat="50.980777" lon="9.339169"><ele>255</ele></trkpt>
   <trkpt lat="50.980857" lon="9.339272"><ele>255.25</ele></trkpt>
   <trkpt lat="50.980888" lon="9.339388"><ele>255.5</ele></trkpt>
   <trkpt lat="50.9809" lon="9.339502"><ele>255.75</ele></trkpt>
   <trkpt lat="50.981023" lon="9.339554"><ele>255.25</ele></trkpt>
   <trkpt lat="50.981083" lon="9.339591"><ele>255</ele></trkpt>
   <trkpt lat="50.981138" lon="9.33965"><ele>254.75</ele></trkpt>
   <trkpt lat="50.981221" lon="9.33976"><ele>254.5</ele></trkpt>
   <trkpt lat="50.981414" lon="9.34003"><ele>255</ele></trkpt>
   <trkpt lat="50.981678" lon="9.340401"><ele>255.25</ele></trkpt>
   <trkpt lat="50.981744" lon="9.340518"><ele>255.25</ele></trkpt>
   <trkpt lat="50.98249" lon="9.342072"><ele>255.25</ele></trkpt>
   <trkpt lat="50.982541" lon="9.342161"><ele>255.25</ele></trkpt>
   <trkpt lat="50.982623" lon="9.342252"><ele>255</ele></trkpt>
   <trkpt lat="50.982651" lon="9.342267"><ele>255</ele></trkpt>
   <trkpt lat="50.982681" lon="9.342325"><ele>255</ele></trkpt>
   <trkpt lat="50.982719" lon="9.342474"><ele>255.25</ele></trkpt>
   <trkpt lat="50.98275" lon="9.342539"><ele>255.25</ele></trkpt>
   <trkpt lat="50.982837" lon="9.342652"><ele>255</ele></trkpt>
   <trkpt lat="50.982956" lon="9.342784"><ele>254</ele></trkpt>
   <trkpt lat="50.98303" lon="9.342925"><ele>254.25</ele></trkpt>
   <trkpt lat="50.983462" lon="9.343895"><ele>254</ele></trkpt>
   <trkpt lat="50.983516" lon="9.344019"><ele>254</ele></trkpt>
   <trkpt lat="50.983526" lon="9.344092"><ele>254.25</ele></trkpt>
   <trkpt lat="50.983521" lon="9.344157"><ele>254.75</ele></trkpt>
   <trkpt lat="50.983501" lon="9.34421"><ele>255</ele></trkpt>
   <trkpt lat="50.983468" lon="9.344263"><ele>255.5</ele></trkpt>
   <trkpt lat="50.983417" lon="9.344324"><ele>255.75</ele></trkpt>
   <trkpt lat="50.983301" lon="9.34442"><ele>256.25</ele></trkpt>
   <trkpt lat="50.98334" lon="9.34458"><ele>255.75</ele></trkpt>
   <trkpt lat="50.98342" lon="9.344917"><ele>254.5</ele></trkpt>
   <trkpt lat="50.98361" lon="9.345618"><ele>251</ele></trkpt>
   <trkpt lat="50.983688" lon="9.345842"><ele>250.5</ele></trkpt>
   <trkpt lat="50.983797" lon="9.346058"><ele>251.5</ele></trkpt>
   <trkpt lat="50.983834" lon="9.346171"><ele>251.75</ele></trkpt>
   <trkpt lat="50.983838" lon="9.346294"><ele>252.5</ele></trkpt>
   <trkpt lat="50.983829" lon="9.346599"><ele>254.25</ele></trkpt>
   <trkpt lat="50.983809" lon="9.347134"><ele>255.75</ele></trkpt>
   <trkpt lat="50.983806" lon="9.348567"><ele>257.5</ele></trkpt>
   <trkpt lat="50.983824" lon="9.349322"><ele>258.5</ele></trkpt>
   <trkpt lat="50.983853" lon="9.350083"><ele>258.25</ele></trkpt>
   <trkpt lat="50.983873" lon="9.350455"><ele>258</ele></trkpt>
   <trkpt lat="50.983885" lon="9.351741"><ele>257</ele></trkpt>
   <trkpt lat="50.983976" lon="9.352921"><ele>256.5</ele></trkpt>
   <trkpt lat="50.983991" lon="9.352984"><ele>256</ele></trkpt>
   <trkpt lat="50.984015" lon="9.353036"><ele>255.5</ele></trkpt>
   <trkpt lat="50.984196" lon="9.35291"><ele>254.25</ele></trkpt>
   <trkpt lat="50.984432" lon="9.352787"><ele>254</ele></trkpt>
   <trkpt lat="50.984801" lon="9.352617"><ele>252.5</ele></trkpt>
   <trkpt lat="50.984917" lon="9.352611"><ele>252</ele></trkpt>
   <trkpt lat="50.985015" lon="9.352688"><ele>251</ele></trkpt>
   <trkpt lat="50.985094" lon="9.352836"><ele>250.25</ele></trkpt>
   <trkpt lat="50.98518" lon="9.352966"><ele>249.5</ele></trkpt>
   <trkpt lat="50.985258" lon="9.35302"><ele>249</ele></trkpt>
   <trkpt lat="50.985392" lon="9.353043"><ele>249</ele></trkpt>
   <trkpt lat="50.985529" lon="9.352972"><ele>249</ele></trkpt>
   <trkpt lat="50.985587" lon="9.352903"><ele>248.75</ele></trkpt>
   <trkpt lat="50.985632" lon="9.352834"><ele>248.75</ele></trkpt>
   <trkpt lat="50.985696" lon="9.352882"><ele>248.75</ele></trkpt>
   <trkpt lat="50.985751" lon="9.352867"><ele>248.75</ele></trkpt>
   <trkpt lat="50.987912" lon="9.352435"><ele>242.5</ele></trkpt>
   <trkpt lat="50.987968" lon="9.352431"><ele>242.25</ele></trkpt>
   <trkpt lat="50.98797" lon="9.352565"><ele>242</ele></trkpt>
   <trkpt lat="50.988321" lon="9.356024"><ele>233.25</ele></trkpt>
   <trkpt lat="50.988436" lon="9.358539"><ele>230.5</ele></trkpt>
   <trkpt lat="50.988533" lon="9.360565"><ele>231</ele></trkpt>
   <trkpt lat="50.988544" lon="9.360818"><ele>230.25</ele></trkpt>
   <trkpt lat="50.98853" lon="9.361207"><ele>230.5</ele></trkpt>
   <trkpt lat="50.988516" lon="9.361398"><ele>231</ele></trkpt>
   <trkpt lat="50.988531" lon="9.361667"><ele>232</ele></trkpt>
   <trkpt lat="50.988741" lon="9.362495"><ele>235.25</ele></trkpt>
   <trkpt lat="50.988838" lon="9.362717"><ele>236.5</ele></trkpt>
   <trkpt lat="50.98976" lon="9.36398"><ele>238.25</ele></trkpt>
   <trkpt lat="50.989788" lon="9.364113"><ele>238.5</ele></trkpt>
   <trkpt lat="50.990135" lon="9.364093"><ele>237.5</ele></trkpt>
   <trkpt lat="50.990796" lon="9.364144"><ele>235</ele></trkpt>
   <trkpt lat="50.991017" lon="9.364116"><ele>234.25</ele></trkpt>
   <trkpt lat="50.99135" lon="9.364012"><ele>232.5</ele></trkpt>
   <trkpt lat="50.991826" lon="9.363898"><ele>230.75</ele></trkpt>
   <trkpt lat="50.991998" lon="9.363879"><ele>229.5</ele></trkpt>
   <trkpt lat="50.992062" lon="9.363872"><ele>229</ele></trkpt>
   <trkpt lat="50.992391" lon="9.363836"><ele>227.75</ele></trkpt>
   <trkpt lat="50.992692" lon="9.363918"><ele>226.25</ele></trkpt>
   <trkpt lat="50.993091" lon="9.364176"><ele>224.75</ele></trkpt>
   <trkpt lat="50.993261" lon="9.364173"><ele>224.25</ele></trkpt>
   <trkpt lat="50.993352" lon="9.364109"><ele>223.75</ele></trkpt>
   <trkpt lat="50.993494" lon="9.363989"><ele>223</ele></trkpt>
   <trkpt lat="50.993566" lon="9.364072"><ele>222.75</ele></trkpt>
   <trkpt lat="50.993711" lon="9.364082"><ele>222.25</ele></trkpt>
   <trkpt lat="50.993905" lon="9.364073"><ele>221.75</ele></trkpt>
   <trkpt lat="50.99429" lon="9.363944"><ele>220.75</ele></trkpt>
   <trkpt lat="50.994577" lon="9.363866"><ele>219.75</ele></trkpt>
   <trkpt lat="50.994591" lon="9.364275"><ele>221</ele></trkpt>
   <trkpt lat="50.994602" lon="9.364545"><ele>221</ele></trkpt>
   <trkpt lat="50.994765" lon="9.365275"><ele>221.75</ele></trkpt>
   <trkpt lat="50.994965" lon="9.365932"><ele>223.25</ele></trkpt>
   <trkpt lat="50.995158" lon="9.366278"><ele>224.5</ele></trkpt>
   <trkpt lat="50.995392" lon="9.366669"><ele>226</ele></trkpt>
   <trkpt lat="50.996233" lon="9.366293"><ele>224.75</ele></trkpt>
   <trkpt lat="50.997259" lon="9.36582"><ele>221.75</ele></trkpt>
   <trkpt lat="50.998041" lon="9.365467"><ele>220</ele></trkpt>
   <trkpt lat="50.998298" lon="9.365814"><ele>220</ele></trkpt>
   <trkpt lat="50.998499" lon="9.366372"><ele>221.25</ele></trkpt>
   <trkpt lat="50.998563" lon="9.367112"><ele>223</ele></trkpt>
   <trkpt lat="50.998768" lon="9.369308"><ele>226.75</ele></trkpt>
   <trkpt lat="50.998892" lon="9.369906"><ele>228.5</ele></trkpt>
   <trkpt lat="50.9991" lon="9.371029"><ele>229.75</ele></trkpt>
   <trkpt lat="50.999212" lon="9.371544"><ele>230.75</ele></trkpt>
   <trkpt lat="50.999764" lon="9.374098"><ele>232.5</ele></trkpt>
   <trkpt lat="51.000323" lon="9.376679"><ele>233.5</ele></trkpt>
   <trkpt lat="51.000667" lon="9.378359"><ele>233.5</ele></trkpt>
   <trkpt lat="51.000846" lon="9.379199"><ele>232.75</ele></trkpt>
   <trkpt lat="51.001002" lon="9.379825"><ele>231.5</ele></trkpt>
   <trkpt lat="51.00131" lon="9.379512"><ele>231</ele></trkpt>
   <trkpt lat="51.001823" lon="9.378849"><ele>228.75</ele></trkpt>
   <trkpt lat="51.002689" lon="9.379829"><ele>222.75</ele></trkpt>
   <trkpt lat="51.003083" lon="9.380266"><ele>220.75</ele></trkpt>
   <trkpt lat="51.003214" lon="9.380388"><ele>220.25</ele></trkpt>
   <trkpt lat="51.003308" lon="9.380432"><ele>220</ele></trkpt>
   <trkpt lat="51.00336" lon="9.380446"><ele>220</ele></trkpt>
   <trkpt lat="51.003429" lon="9.380451"><ele>220</ele></trkpt>
   <trkpt lat="51.003558" lon="9.380487"><ele>220.5</ele></trkpt>
   <trkpt lat="51.00408" lon="9.380755"><ele>221.5</ele></trkpt>
   <trkpt lat="51.004538" lon="9.381009"><ele>223.25</ele></trkpt>
   <trkpt lat="51.005581" lon="9.381581"><ele>224.25</ele></trkpt>
   <trkpt lat="51.007617" lon="9.382726"><ele>223.5</ele></trkpt>
   <trkpt lat="51.008897" lon="9.383526"><ele>224.25</ele></trkpt>
   <trkpt lat="51.008985" lon="9.383589"><ele>224.25</ele></trkpt>
   <trkpt lat="51.00906" lon="9.383661"><ele>224.5</ele></trkpt>
   <trkpt lat="51.009192" lon="9.383823"><ele>224.5</ele></trkpt>
   <trkpt lat="51.009531" lon="9.384281"><ele>225</ele></trkpt>
   <trkpt lat="51.009637" lon="9.384401"><ele>225</ele></trkpt>
   <trkpt lat="51.010143" lon="9.384804"><ele>226</ele></trkpt>
   <trkpt lat="51.010242" lon="9.384893"><ele>226</ele></trkpt>
   <trkpt lat="51.011903" lon="9.385881"><ele>227.25</ele></trkpt>
   <trkpt lat="51.013601" lon="9.386933"><ele>228</ele></trkpt>
   <trkpt lat="51.013954" lon="9.387192"><ele>227.75</ele></trkpt>
   <trkpt lat="51.014295" lon="9.387491"><ele>228</ele></trkpt>
   <trkpt lat="51.01458" lon="9.387688"><ele>227.5</ele></trkpt>
   <trkpt lat="51.014678" lon="9.387769"><ele>227.25</ele></trkpt>
   <trkpt lat="51.015163" lon="9.38817"><ele>227</ele></trkpt>
   <trkpt lat="51.01534" lon="9.388317"><ele>226</ele></trkpt>
   <trkpt lat="51.015681" lon="9.388734"><ele>226.25</ele></trkpt>
   <trkpt lat="51.016092" lon="9.3893"><ele>227</ele></trkpt>
   <trkpt lat="51.016344" lon="9.389693"><ele>227.25</ele></trkpt>
   <trkpt lat="51.016582" lon="9.390067"><ele>227.25</ele></trkpt>
   <trkpt lat="51.016736" lon="9.390307"><ele>226.75</ele></trkpt>
   <trkpt lat="51.016883" lon="9.390538"><ele>227</ele></trkpt>
   <trkpt lat="51.017039" lon="9.390781"><ele>227</ele></trkpt>
   <trkpt lat="51.017272" lon="9.391178"><ele>227</ele></trkpt>
   <trkpt lat="51.01755" lon="9.391642"><ele>227.5</ele></trkpt>
   <trkpt lat="51.018149" lon="9.392608"><ele>226.25</ele></trkpt>
   <trkpt lat="51.018265" lon="9.392797"><ele>226.25</ele></trkpt>
   <trkpt lat="51.018472" lon="9.393095"><ele>226.5</ele></trkpt>
   <trkpt lat="51.018583" lon="9.393229"><ele>226.75</ele></trkpt>
   <trkpt lat="51.018699" lon="9.393353"><ele>226.75</ele></trkpt>
   <trkpt lat="51.018819" lon="9.393467"><ele>226.25</ele></trkpt>
   <trkpt lat="51.018942" lon="9.39357"><ele>225.75</ele></trkpt>
   <trkpt lat="51.01907" lon="9.393662"><ele>226.25</ele></trkpt>
   <trkpt lat="51.0192" lon="9.393742"><ele>226.25</ele></trkpt>
   <trkpt lat="51.019333" lon="9.393811"><ele>226</ele></trkpt>
   <trkpt lat="51.019468" lon="9.393867"><ele>225.75</ele></trkpt>
   <trkpt lat="51.019676" lon="9.39393"><ele>225.25</ele></trkpt>
   <trkpt lat="51.019887" lon="9.393964"><ele>224.25</ele></trkpt>
   <trkpt lat="51.0201" lon="9.393969"><ele>223.75</ele></trkpt>
   <trkpt lat="51.020313" lon="9.393946"><ele>223.25</ele></trkpt>
   <trkpt lat="51.020522" lon="9.393893"><ele>221.25</ele></trkpt>
   <trkpt lat="51.02114" lon="9.393698"><ele>218</ele></trkpt>
   <trkpt lat="51.021458" lon="9.393617"><ele>214.25</ele></trkpt>
   <trkpt lat="51.021622" lon="9.393593"><ele>212.25</ele></trkpt>
   <trkpt lat="51.021704" lon="9.393593"><ele>211.5</ele></trkpt>
   <trkpt lat="51.021808" lon="9.393593"><ele>211.5</ele></trkpt>
   <trkpt lat="51.022016" lon="9.393621"><ele>212.25</ele></trkpt>
   <trkpt lat="51.022237" lon="9.393694"><ele>211</ele></trkpt>
   <trkpt lat="51.022353" lon="9.393751"><ele>210.5</ele></trkpt>
   <trkpt lat="51.022467" lon="9.39382"><ele>209.5</ele></trkpt>
   <trkpt lat="51.022577" lon="9.393901"><ele>208.75</ele></trkpt>
   <trkpt lat="51.022684" lon="9.393993"><ele>208.25</ele></trkpt>
   <trkpt lat="51.022837" lon="9.394152"><ele>206.75</ele></trkpt>
   <trkpt lat="51.022907" lon="9.394238"><ele>206.25</ele></trkpt>
   <trkpt lat="51.023035" lon="9.394417"><ele>205</ele></trkpt>
   <trkpt lat="51.023093" lon="9.39451"><ele>204.25</ele></trkpt>
   <trkpt lat="51.023219" lon="9.394755"><ele>203</ele></trkpt>
   <trkpt lat="51.02338" lon="9.395118"><ele>203</ele></trkpt>
   <trkpt lat="51.023464" lon="9.395328"><ele>202.5</ele></trkpt>
   <trkpt lat="51.023622" lon="9.395726"><ele>203.75</ele></trkpt>
   <trkpt lat="51.023916" lon="9.396421"><ele>206.5</ele></trkpt>
   <trkpt lat="51.02404" lon="9.396681"><ele>205.5</ele></trkpt>
   <trkpt lat="51.02424" lon="9.397018"><ele>209.75</ele></trkpt>
   <trkpt lat="51.024122" lon="9.397116"><ele>208.25</ele></trkpt>
   <trkpt lat="51.024251" lon="9.39805"><ele>204.5</ele></trkpt>
   <trkpt lat="51.024377" lon="9.398803"><ele>204.75</ele></trkpt>
   <trkpt lat="51.024451" lon="9.399071"><ele>205</ele></trkpt>
   <trkpt lat="51.024512" lon="9.399557"><ele>206.5</ele></trkpt>
   <trkpt lat="51.024546" lon="9.399734"><ele>207</ele></trkpt>
   <trkpt lat="51.02466" lon="9.400003"><ele>206.25</ele></trkpt>
   <trkpt lat="51.024843" lon="9.400285"><ele>206.5</ele></trkpt>
   <trkpt lat="51.025053" lon="9.400532"><ele>205.75</ele></trkpt>
   <trkpt lat="51.025487" lon="9.400782"><ele>206</ele></trkpt>
   <trkpt lat="51.025554" lon="9.400877"><ele>205.75</ele></trkpt>
   <trkpt lat="51.025895" lon="9.401533"><ele>205.5</ele></trkpt>
   <trkpt lat="51.026028" lon="9.401745"><ele>205.5</ele></trkpt>
   <trkpt lat="51.026542" lon="9.402293"><ele>206.5</ele></trkpt>
   <trkpt lat="51.026712" lon="9.402588"><ele>206.5</ele></trkpt>
   <trkpt lat="51.026843" lon="9.40287"><ele>206</ele></trkpt>
   <trkpt lat="51.026876" lon="9.402929"><ele>206</ele></trkpt>
   <trkpt lat="51.026946" lon="9.403058"><ele>206</ele></trkpt>
   <trkpt lat="51.027053" lon="9.403224"><ele>206.5</ele></trkpt>
   <trkpt lat="51.027165" lon="9.40336"><ele>206.5</ele></trkpt>
   <trkpt lat="51.027331" lon="9.403509"><ele>207.25</ele></trkpt>
   <trkpt lat="51.027427" lon="9.403581"><ele>208</ele></trkpt>
   <trkpt lat="51.027499" lon="9.403668"><ele>208.5</ele></trkpt>
   <trkpt lat="51.027597" lon="9.40353"><ele>209.25</ele></trkpt>
   <trkpt lat="51.027661" lon="9.403425"><ele>209.5</ele></trkpt>
   <trkpt lat="51.027742" lon="9.403217"><ele>210.25</ele></trkpt>
   <trkpt lat="51.027762" lon="9.403135"><ele>210.5</ele></trkpt>
   <trkpt lat="51.02777" lon="9.403068"><ele>210.75</ele></trkpt>
   <trkpt lat="51.027854" lon="9.403085"><ele>211</ele></trkpt>
   <trkpt lat="51.027897" lon="9.40312"><ele>211</ele></trkpt>
   <trkpt lat="51.027925" lon="9.403165"><ele>211</ele></trkpt>
   <trkpt lat="51.028046" lon="9.403608"><ele>210.75</ele></trkpt>
   <trkpt lat="51.028176" lon="9.404144"><ele>210.75</ele></trkpt>
   <trkpt lat="51.028208" lon="9.404267"><ele>210.75</ele></trkpt>
   <trkpt lat="51.028259" lon="9.404565"><ele>210.75</ele></trkpt>
   <trkpt lat="51.028312" lon="9.404883"><ele>210.75</ele></trkpt>
   <trkpt lat="51.028376" lon="9.405161"><ele>210.5</ele></trkpt>
   <trkpt lat="51.028648" lon="9.405769"><ele>211</ele></trkpt>
   <trkpt lat="51.028814" lon="9.406275"><ele>210.5</ele></trkpt>
   <trkpt lat="51.028901" lon="9.406521"><ele>211</ele></trkpt>
   <trkpt lat="51.028994" lon="9.4068"><ele>210.5</ele></trkpt>
   <trkpt lat="51.029251" lon="9.407562"><ele>210.25</ele></trkpt>
   <trkpt lat="51.02995" lon="9.409015"><ele>211.75</ele></trkpt>
   <trkpt lat="51.030039" lon="9.409526"><ele>212</ele></trkpt>
   <trkpt lat="51.030184" lon="9.410363"><ele>212.5</ele></trkpt>
   <trkpt lat="51.030264" lon="9.41086"><ele>212.75</ele></trkpt>
   <trkpt lat="51.030285" lon="9.410997"><ele>213</ele></trkpt>
   <trkpt lat="51.030292" lon="9.411046"><ele>213</ele></trkpt>
   <trkpt lat="51.030658" lon="9.412212"><ele>215.5</ele></trkpt>
   <trkpt lat="51.031182" lon="9.412075"><ele>221.25</ele></trkpt>
   <trkpt lat="51.031543" lon="9.411992"><ele>224</ele></trkpt>
   <trkpt lat="51.03163" lon="9.412"><ele>224.5</ele></trkpt>
   <trkpt lat="51.031699" lon="9.412045"><ele>225.5</ele></trkpt>
   <trkpt lat="51.031688" lon="9.41222"><ele>225.25</ele></trkpt>
   <trkpt lat="51.031652" lon="9.412325"><ele>225.5</ele></trkpt>
   <trkpt lat="51.031408" lon="9.412695"><ele>221.75</ele></trkpt>
   <trkpt lat="51.031297" lon="9.412867"><ele>220.5</ele></trkpt>
   <trkpt lat="51.031264" lon="9.412945"><ele>220</ele></trkpt>
   <trkpt lat="51.031244" lon="9.413025"><ele>219.5</ele></trkpt>
   <trkpt lat="51.031251" lon="9.413154"><ele>219.25</ele></trkpt>
   <trkpt lat="51.031276" lon="9.413234"><ele>219.25</ele></trkpt>
   <trkpt lat="51.031306" lon="9.41329"><ele>219.5</ele></trkpt>
   <trkpt lat="51.031213" lon="9.413449"><ele>218.5</ele></trkpt>
   <trkpt lat="51.031151" lon="9.413668"><ele>218.25</ele></trkpt>
   <trkpt lat="51.030977" lon="9.414459"><ele>217</ele></trkpt>
   <trkpt lat="51.030821" lon="9.415197"><ele>216.75</ele></trkpt>
   <trkpt lat="51.030634" lon="9.416279"><ele>217.5</ele></trkpt>
   <trkpt lat="51.030604" lon="9.416462"><ele>217.75</ele></trkpt>
   <trkpt lat="51.030567" lon="9.416771"><ele>217.5</ele></trkpt>
   <trkpt lat="51.030508" lon="9.417626"><ele>218.5</ele></trkpt>
   <trkpt lat="51.030479" lon="9.418179"><ele>219.25</ele></trkpt>
   <trkpt lat="51.030459" lon="9.41848"><ele>219.25</ele></trkpt>
   <trkpt lat="51.030456" lon="9.41853"><ele>219.25</ele></trkpt>
   <trkpt lat="51.030438" lon="9.418806"><ele>219</ele></trkpt>
   <trkpt lat="51.030429" lon="9.418974"><ele>219.25</ele></trkpt>
   <trkpt lat="51.030421" lon="9.419125"><ele>219.25</ele></trkpt>
   <trkpt lat="51.030413" lon="9.419216"><ele>219.5</ele></trkpt>
   <trkpt lat="51.03035" lon="9.41948"><ele>220</ele></trkpt>
   <trkpt lat="51.030246" lon="9.419694"><ele>218.75</ele></trkpt>
   <trkpt lat="51.030068" lon="9.41996"><ele>219</ele></trkpt>
   <trkpt lat="51.030022" lon="9.420025"><ele>218.25</ele></trkpt>
   <trkpt lat="51.030004" lon="9.420051"><ele>218.25</ele></trkpt>
   <trkpt lat="51.029978" lon="9.42002"><ele>218</ele></trkpt>
   <trkpt lat="51.029947" lon="9.420004"><ele>218</ele></trkpt>
   <trkpt lat="51.029914" lon="9.420004"><ele>218</ele></trkpt>
   <trkpt lat="51.029884" lon="9.420021"><ele>218</ele></trkpt>
   <trkpt lat="51.029845" lon="9.420082"><ele>218</ele></trkpt>
   <trkpt lat="51.029835" lon="9.420123"><ele>218</ele></trkpt>
   <trkpt lat="51.029836" lon="9.420205"><ele>218.25</ele></trkpt>
   <trkpt lat="51.029847" lon="9.420243"><ele>218.25</ele></trkpt>
   <trkpt lat="51.029869" lon="9.420283"><ele>218.5</ele></trkpt>
   <trkpt lat="51.029898" lon="9.42031"><ele>218.75</ele></trkpt>
   <trkpt lat="51.029931" lon="9.420319"><ele>218.75</ele></trkpt>
   <trkpt lat="51.029932" lon="9.42035"><ele>219</ele></trkpt>
   <trkpt lat="51.029936" lon="9.420509"><ele>219.75</ele></trkpt>
   <trkpt lat="51.029975" lon="9.421069"><ele>220.75</ele></trkpt>
   <trkpt lat="51.029995" lon="9.421308"><ele>221.5</ele></trkpt>
   <trkpt lat="51.030007" lon="9.421467"><ele>222.25</ele></trkpt>
   <trkpt lat="51.030015" lon="9.421586"><ele>222.75</ele></trkpt>
   <trkpt lat="51.030024" lon="9.421683"><ele>223.25</ele></trkpt>
   <trkpt lat="51.030043" lon="9.421778"><ele>224</ele></trkpt>
   <trkpt lat="51.03008" lon="9.421904"><ele>225.25</ele></trkpt>
   <trkpt lat="51.030167" lon="9.422056"><ele>226.25</ele></trkpt>
   <trkpt lat="51.03018" lon="9.422078"><ele>226.25</ele></trkpt>
   <trkpt lat="51.030294" lon="9.422164"><ele>227</ele></trkpt>
   <trkpt lat="51.030387" lon="9.422211"><ele>227.75</ele></trkpt>
   <trkpt lat="51.030402" lon="9.422219"><ele>227.75</ele></trkpt>
   <trkpt lat="51.030496" lon="9.422267"><ele>228.5</ele></trkpt>
   <trkpt lat="51.030463" lon="9.422416"><ele>228.75</ele></trkpt>
   <trkpt lat="51.030458" lon="9.42244"><ele>228.75</ele></trkpt>
   <trkpt lat="51.030208" lon="9.423587"><ele>229</ele></trkpt>
   <trkpt lat="51.030178" lon="9.423723"><ele>229.5</ele></trkpt>
   <trkpt lat="51.030141" lon="9.423895"><ele>230</ele></trkpt>
   <trkpt lat="51.030089" lon="9.424133"><ele>229.5</ele></trkpt>
   <trkpt lat="51.030063" lon="9.424247"><ele>229</ele></trkpt>
   <trkpt lat="51.030042" lon="9.424347"><ele>228.75</ele></trkpt>
   <trkpt lat="51.029961" lon="9.424722"><ele>227.5</ele></trkpt>
   <trkpt lat="51.029948" lon="9.42478"><ele>227.75</ele></trkpt>
   <trkpt lat="51.029938" lon="9.424828"><ele>227.75</ele></trkpt>
   <trkpt lat="51.029868" lon="9.425152"><ele>227.75</ele></trkpt>
   <trkpt lat="51.029728" lon="9.425794"><ele>227</ele></trkpt>
   <trkpt lat="51.029692" lon="9.42593"><ele>226.5</ele></trkpt>
   <trkpt lat="51.029621" lon="9.426207"><ele>226</ele></trkpt>
   <trkpt lat="51.029523" lon="9.426396"><ele>226.25</ele></trkpt>
   <trkpt lat="51.029491" lon="9.426441"><ele>226</ele></trkpt>
   <trkpt lat="51.029534" lon="9.426639"><ele>226</ele></trkpt>
   <trkpt lat="51.029593" lon="9.427037"><ele>226.5</ele></trkpt>
   <trkpt lat="51.029689" lon="9.427576"><ele>227.5</ele></trkpt>
   <trkpt lat="51.029976" lon="9.428397"><ele>229.25</ele></trkpt>
   <trkpt lat="51.030043" lon="9.428643"><ele>230</ele></trkpt>
   <trkpt lat="51.030048" lon="9.429073"><ele>231.25</ele></trkpt>
   <trkpt lat="51.030093" lon="9.429352"><ele>232</ele></trkpt>
   <trkpt lat="51.030172" lon="9.429608"><ele>232.25</ele></trkpt>
   <trkpt lat="51.030448" lon="9.43005"><ele>232</ele></trkpt>
   <trkpt lat="51.03158" lon="9.431752"><ele>236.25</ele></trkpt>
   <trkpt lat="51.031655" lon="9.431786"><ele>236</ele></trkpt>
   <trkpt lat="51.031715" lon="9.431757"><ele>236.25</ele></trkpt>
   <trkpt lat="51.031745" lon="9.431706"><ele>236.5</ele></trkpt>
   <trkpt lat="51.03178" lon="9.431694"><ele>236.75</ele></trkpt>
   <trkpt lat="51.031832" lon="9.431721"><ele>237</ele></trkpt>
   <trkpt lat="51.032094" lon="9.4321"><ele>239.5</ele></trkpt>
   <trkpt lat="51.032832" lon="9.433434"><ele>246.75</ele></trkpt>
   <trkpt lat="51.033002" lon="9.434296"><ele>249.25</ele></trkpt>
   <trkpt lat="51.033091" lon="9.434553"><ele>250.75</ele></trkpt>
   <trkpt lat="51.033199" lon="9.434728"><ele>251.5</ele></trkpt>
   <trkpt lat="51.033241" lon="9.434771"><ele>252</ele></trkpt>
   <trkpt lat="51.033329" lon="9.43477"><ele>253.5</ele></trkpt>
   <trkpt lat="51.035054" lon="9.433467"><ele>279</ele></trkpt>
   <trkpt lat="51.035213" lon="9.433333"><ele>281.25</ele></trkpt>
   <trkpt lat="51.035238" lon="9.433142"><ele>282.75</ele></trkpt>
   <trkpt lat="51.03523" lon="9.432982"><ele>283.75</ele></trkpt>
   <trkpt lat="51.035272" lon="9.432783"><ele>285.75</ele></trkpt>
   <trkpt lat="51.035357" lon="9.43271"><ele>286.25</ele></trkpt>
   <trkpt lat="51.035465" lon="9.432914"><ele>286</ele></trkpt>
   <trkpt lat="51.035677" lon="9.433184"><ele>285.75</ele></trkpt>
   <trkpt lat="51.035874" lon="9.433281"><ele>286.5</ele></trkpt>
   <trkpt lat="51.036018" lon="9.433398"><ele>286.75</ele></trkpt>
   <trkpt lat="51.036846" lon="9.4343"><ele>286.25</ele></trkpt>
   <trkpt lat="51.037447" lon="9.434827"><ele>286.75</ele></trkpt>
   <trkpt lat="51.037618" lon="9.434905"><ele>287.5</ele></trkpt>
   <trkpt lat="51.037774" lon="9.434927"><ele>288.25</ele></trkpt>
   <trkpt lat="51.037966" lon="9.434907"><ele>288.25</ele></trkpt>
   <trkpt lat="51.038168" lon="9.434964"><ele>288.25</ele></trkpt>
   <trkpt lat="51.038366" lon="9.435071"><ele>289.75</ele></trkpt>
   <trkpt lat="51.038542" lon="9.435186"><ele>292</ele></trkpt>
   <trkpt lat="51.038859" lon="9.435372"><ele>297.25</ele></trkpt>
   <trkpt lat="51.039199" lon="9.435545"><ele>298.5</ele></trkpt>
   <trkpt lat="51.039572" lon="9.435716"><ele>300.75</ele></trkpt>
   <trkpt lat="51.039716" lon="9.435802"><ele>301.25</ele></trkpt>
   <trkpt lat="51.039789" lon="9.435877"><ele>301</ele></trkpt>
   <trkpt lat="51.039865" lon="9.436007"><ele>301</ele></trkpt>
   <trkpt lat="51.039927" lon="9.436215"><ele>301.25</ele></trkpt>
   <trkpt lat="51.039966" lon="9.436529"><ele>302.25</ele></trkpt>
   <trkpt lat="51.040046" lon="9.437434"><ele>304</ele></trkpt>
   <trkpt lat="51.040145" lon="9.438551"><ele>303</ele></trkpt>
   <trkpt lat="51.040178" lon="9.438762"><ele>302.5</ele></trkpt>
   <trkpt lat="51.040224" lon="9.438889"><ele>302.5</ele></trkpt>
   <trkpt lat="51.040273" lon="9.438982"><ele>302.5</ele></trkpt>
   <trkpt lat="51.040319" lon="9.439035"><ele>302.5</ele></trkpt>
   <trkpt lat="51.040441" lon="9.439049"><ele>303</ele></trkpt>
   <trkpt lat="51.041635" lon="9.438952"><ele>307.25</ele></trkpt>
   <trkpt lat="51.042103" lon="9.438933"><ele>307.75</ele></trkpt>
   <trkpt lat="51.042412" lon="9.439017"><ele>307</ele></trkpt>
   <trkpt lat="51.042706" lon="9.439084"><ele>306.5</ele></trkpt>
   <trkpt lat="51.042895" lon="9.439134"><ele>306.5</ele></trkpt>
   <trkpt lat="51.042966" lon="9.43919"><ele>306.5</ele></trkpt>
   <trkpt lat="51.043045" lon="9.439307"><ele>306.25</ele></trkpt>
   <trkpt lat="51.043106" lon="9.43952"><ele>306.75</ele></trkpt>
   <trkpt lat="51.043139" lon="9.439839"><ele>306.5</ele></trkpt>
   <trkpt lat="51.043211" lon="9.440301"><ele>306.75</ele></trkpt>
   <trkpt lat="51.043313" lon="9.440673"><ele>307.75</ele></trkpt>
   <trkpt lat="51.043457" lon="9.441087"><ele>307.25</ele></trkpt>
   <trkpt lat="51.043496" lon="9.441351"><ele>307.5</ele></trkpt>
   <trkpt lat="51.043541" lon="9.442406"><ele>308.75</ele></trkpt>
   <trkpt lat="51.043562" lon="9.442723"><ele>309.5</ele></trkpt>
   <trkpt lat="51.043515" lon="9.442892"><ele>309.75</ele></trkpt>
   <trkpt lat="51.043421" lon="9.443058"><ele>309.75</ele></trkpt>
   <trkpt lat="51.043234" lon="9.443441"><ele>309.25</ele></trkpt>
   <trkpt lat="51.043127" lon="9.443629"><ele>308.5</ele></trkpt>
   <trkpt lat="51.043086" lon="9.443679"><ele>308</ele></trkpt>
   <trkpt lat="51.043069" lon="9.4437"><ele>308</ele></trkpt>
   <trkpt lat="51.042993" lon="9.443753"><ele>307.75</ele></trkpt>
   <trkpt lat="51.042867" lon="9.443838"><ele>307.75</ele></trkpt>
   <trkpt lat="51.042589" lon="9.443981"><ele>308</ele></trkpt>
   <trkpt lat="51.041918" lon="9.444324"><ele>310</ele></trkpt>
   <trkpt lat="51.041852" lon="9.444385"><ele>310.5</ele></trkpt>
   <trkpt lat="51.041829" lon="9.44446"><ele>311</ele></trkpt>
   <trkpt lat="51.041822" lon="9.445065"><ele>313.5</ele></trkpt>
   <trkpt lat="51.041955" lon="9.446493"><ele>320.25</ele></trkpt>
   <trkpt lat="51.041958" lon="9.44658"><ele>320.5</ele></trkpt>
   <trkpt lat="51.041973" lon="9.447037"><ele>321.25</ele></trkpt>
   <trkpt lat="51.041983" lon="9.447337"><ele>322.75</ele></trkpt>
   <trkpt lat="51.042202" lon="9.447832"><ele>325.25</ele></trkpt>
   <trkpt lat="51.042395" lon="9.448164"><ele>326.5</ele></trkpt>
   <trkpt lat="51.042499" lon="9.448343"><ele>326</ele></trkpt>
   <trkpt lat="51.042743" lon="9.448912"><ele>328.25</ele></trkpt>
   <trkpt lat="51.042871" lon="9.449181"><ele>329.75</ele></trkpt>
   <trkpt lat="51.043142" lon="9.449187"><ele>329.25</ele></trkpt>
   <trkpt lat="51.043551" lon="9.448991"><ele>329.5</ele></trkpt>
   <trkpt lat="51.043876" lon="9.448866"><ele>331.5</ele></trkpt>
   <trkpt lat="51.044224" lon="9.448868"><ele>333.5</ele></trkpt>
   <trkpt lat="51.044478" lon="9.448985"><ele>333.25</ele></trkpt>
   <trkpt lat="51.044953" lon="9.448986"><ele>333.75</ele></trkpt>
   <trkpt lat="51.045132" lon="9.449041"><ele>334</ele></trkpt>
   <trkpt lat="51.045942" lon="9.449637"><ele>335.75</ele></trkpt>
   <trkpt lat="51.046088" lon="9.449823"><ele>336</ele></trkpt>
   <trkpt lat="51.046165" lon="9.449966"><ele>336</ele></trkpt>
   <trkpt lat="51.046215" lon="9.450089"><ele>336.5</ele></trkpt>
   <trkpt lat="51.046397" lon="9.450539"><ele>338.75</ele></trkpt>
   <trkpt lat="51.046972" lon="9.451511"><ele>345.5</ele></trkpt>
   <trkpt lat="51.04801" lon="9.453262"><ele>352.25</ele></trkpt>
   <trkpt lat="51.04822" lon="9.453549"><ele>350.75</ele></trkpt>
   <trkpt lat="51.048828" lon="9.454415"><ele>348</ele></trkpt>
   <trkpt lat="51.049263" lon="9.454916"><ele>347.5</ele></trkpt>
   <trkpt lat="51.049644" lon="9.455311"><ele>347</ele></trkpt>
   <trkpt lat="51.050069" lon="9.455666"><ele>345.25</ele></trkpt>
   <trkpt lat="51.050728" lon="9.45618"><ele>342.25</ele></trkpt>
   <trkpt lat="51.050848" lon="9.456291"><ele>341.75</ele></trkpt>
   <trkpt lat="51.050989" lon="9.456422"><ele>342</ele></trkpt>
   <trkpt lat="51.051167" lon="9.456658"><ele>341.75</ele></trkpt>
   <trkpt lat="51.051475" lon="9.457323"><ele>340.5</ele></trkpt>
   <trkpt lat="51.051709" lon="9.457764"><ele>339.75</ele></trkpt>
   <trkpt lat="51.051993" lon="9.458218"><ele>338.75</ele></trkpt>
   <trkpt lat="51.052329" lon="9.458774"><ele>337.5</ele></trkpt>
   <trkpt lat="51.052626" lon="9.459418"><ele>336.5</ele></trkpt>
   <trkpt lat="51.053009" lon="9.460446"><ele>334</ele></trkpt>
   <trkpt lat="51.053102" lon="9.460681"><ele>333.75</ele></trkpt>
   <trkpt lat="51.053437" lon="9.461492"><ele>332.5</ele></trkpt>
   <trkpt lat="51.053641" lon="9.46228"><ele>330.75</ele></trkpt>
   <trkpt lat="51.053823" lon="9.463294"><ele>330</ele></trkpt>
   <trkpt lat="51.054076" lon="9.463968"><ele>329.75</ele></trkpt>
   <trkpt lat="51.054332" lon="9.464382"><ele>329.5</ele></trkpt>
   <trkpt lat="51.054668" lon="9.464735"><ele>329.5</ele></trkpt>
   <trkpt lat="51.055168" lon="9.465215"><ele>331</ele></trkpt>
   <trkpt lat="51.055714" lon="9.466011"><ele>330.25</ele></trkpt>
   <trkpt lat="51.056251" lon="9.466793"><ele>329.25</ele></trkpt>
   <trkpt lat="51.056281" lon="9.466858"><ele>329.25</ele></trkpt>
   <trkpt lat="51.056603" lon="9.467546"><ele>329.5</ele></trkpt>
   <trkpt lat="51.056831" lon="9.467778"><ele>328.75</ele></trkpt>
   <trkpt lat="51.057071" lon="9.467925"><ele>328.25</ele></trkpt>
   <trkpt lat="51.057301" lon="9.468067"><ele>327.5</ele></trkpt>
   <trkpt lat="51.057565" lon="9.468193"><ele>326.75</ele></trkpt>
   <trkpt lat="51.057804" lon="9.468337"><ele>325.75</ele></trkpt>
   <trkpt lat="51.057873" lon="9.468405"><ele>325.75</ele></trkpt>
   <trkpt lat="51.057934" lon="9.468459"><ele>325.75</ele></trkpt>
   <trkpt lat="51.058757" lon="9.469279"><ele>324.5</ele></trkpt>
   <trkpt lat="51.059155" lon="9.469702"><ele>324.75</ele></trkpt>
   <trkpt lat="51.059286" lon="9.469859"><ele>324.5</ele></trkpt>
   <trkpt lat="51.059311" lon="9.469889"><ele>324.25</ele></trkpt>
   <trkpt lat="51.060177" lon="9.470896"><ele>323.5</ele></trkpt>
   <trkpt lat="51.060388" lon="9.471167"><ele>323.5</ele></trkpt>
   <trkpt lat="51.061496" lon="9.472684"><ele>323.25</ele></trkpt>
   <trkpt lat="51.061667" lon="9.472998"><ele>323.75</ele></trkpt>
   <trkpt lat="51.061811" lon="9.473381"><ele>323</ele></trkpt>
   <trkpt lat="51.061968" lon="9.473949"><ele>323.75</ele></trkpt>
   <trkpt lat="51.062021" lon="9.474172"><ele>323.25</ele></trkpt>
   <trkpt lat="51.062129" lon="9.47449"><ele>323.25</ele></trkpt>
   <trkpt lat="51.062189" lon="9.474593"><ele>323.5</ele></trkpt>
   <trkpt lat="51.062345" lon="9.474819"><ele>323.75</ele></trkpt>
   <trkpt lat="51.062501" lon="9.475049"><ele>323.75</ele></trkpt>
   <trkpt lat="51.063103" lon="9.476002"><ele>322.75</ele></trkpt>
   <trkpt lat="51.063523" lon="9.47708"><ele>321.75</ele></trkpt>
   <trkpt lat="51.063752" lon="9.477781"><ele>320.75</ele></trkpt>
   <trkpt lat="51.063721" lon="9.47783"><ele>321.25</ele></trkpt>
   <trkpt lat="51.063713" lon="9.478191"><ele>322.75</ele></trkpt>
   <trkpt lat="51.063718" lon="9.478441"><ele>323.5</ele></trkpt>
   <trkpt lat="51.063789" lon="9.478841"><ele>323.25</ele></trkpt>
   <trkpt lat="51.063947" lon="9.478927"><ele>322.75</ele></trkpt>
   <trkpt lat="51.064156" lon="9.479014"><ele>322</ele></trkpt>
   <trkpt lat="51.064474" lon="9.478975"><ele>320</ele></trkpt>
   <trkpt lat="51.064737" lon="9.478922"><ele>319</ele></trkpt>
   <trkpt lat="51.064819" lon="9.478915"><ele>319</ele></trkpt>
   <trkpt lat="51.064899" lon="9.478908"><ele>318.75</ele></trkpt>
   <trkpt lat="51.065058" lon="9.47891"><ele>318.75</ele></trkpt>
   <trkpt lat="51.065185" lon="9.478943"><ele>318.75</ele></trkpt>
   <trkpt lat="51.065417" lon="9.479098"><ele>319</ele></trkpt>
   <trkpt lat="51.065677" lon="9.479317"><ele>319</ele></trkpt>
   <trkpt lat="51.065903" lon="9.479521"><ele>319.5</ele></trkpt>
   <trkpt lat="51.066174" lon="9.479745"><ele>320</ele></trkpt>
   <trkpt lat="51.066466" lon="9.47993"><ele>319.75</ele></trkpt>
   <trkpt lat="51.066784" lon="9.480087"><ele>321</ele></trkpt>
   <trkpt lat="51.067502" lon="9.480295"><ele>321.75</ele></trkpt>
   <trkpt lat="51.068208" lon="9.480449"><ele>321.75</ele></trkpt>
   <trkpt lat="51.068677" lon="9.480543"><ele>323.25</ele></trkpt>
   <trkpt lat="51.068951" lon="9.480569"><ele>324</ele></trkpt>
   <trkpt lat="51.069019" lon="9.480576"><ele>324.25</ele></trkpt>
   <trkpt lat="51.069902" lon="9.480538"><ele>327.5</ele></trkpt>
   <trkpt lat="51.070421" lon="9.480476"><ele>329.5</ele></trkpt>
   <trkpt lat="51.070546" lon="9.480468"><ele>329.75</ele></trkpt>
   <trkpt lat="51.070677" lon="9.480474"><ele>330.25</ele></trkpt>
   <trkpt lat="51.070787" lon="9.480479"><ele>330.75</ele></trkpt>
   <trkpt lat="51.071177" lon="9.480563"><ele>330.75</ele></trkpt>
   <trkpt lat="51.07163" lon="9.480707"><ele>330</ele></trkpt>
   <trkpt lat="51.071798" lon="9.480709"><ele>328.75</ele></trkpt>
   <trkpt lat="51.071929" lon="9.48066"><ele>327.5</ele></trkpt>
   <trkpt lat="51.072069" lon="9.480561"><ele>326</ele></trkpt>
   <trkpt lat="51.072269" lon="9.480404"><ele>324.25</ele></trkpt>
   <trkpt lat="51.072452" lon="9.480281"><ele>321.5</ele></trkpt>
   <trkpt lat="51.072786" lon="9.48023"><ele>319</ele></trkpt>
   <trkpt lat="51.073113" lon="9.480127"><ele>316.25</ele></trkpt>
   <trkpt lat="51.073393" lon="9.480018"><ele>313.5</ele></trkpt>
   <trkpt lat="51.073748" lon="9.479879"><ele>310.5</ele></trkpt>
   <trkpt lat="51.074311" lon="9.479771"><ele>305.25</ele></trkpt>
   <trkpt lat="51.074634" lon="9.479731"><ele>302.5</ele></trkpt>
   <trkpt lat="51.074876" lon="9.479701"><ele>300.25</ele></trkpt>
   <trkpt lat="51.075954" lon="9.479627"><ele>293.5</ele></trkpt>
   <trkpt lat="51.076235" lon="9.479622"><ele>292.25</ele></trkpt>
   <trkpt lat="51.076484" lon="9.479707"><ele>290.5</ele></trkpt>
   <trkpt lat="51.076698" lon="9.479854"><ele>289.75</ele></trkpt>
   <trkpt lat="51.076914" lon="9.480037"><ele>289</ele></trkpt>
   <trkpt lat="51.077147" lon="9.480325"><ele>287.5</ele></trkpt>
   <trkpt lat="51.077251" lon="9.480408"><ele>287.25</ele></trkpt>
   <trkpt lat="51.077345" lon="9.480443"><ele>286.75</ele></trkpt>
   <trkpt lat="51.077468" lon="9.480379"><ele>285.75</ele></trkpt>
   <trkpt lat="51.077731" lon="9.480186"><ele>284.5</ele></trkpt>
   <trkpt lat="51.077967" lon="9.480082"><ele>282.5</ele></trkpt>
   <trkpt lat="51.078322" lon="9.479982"><ele>279.25</ele></trkpt>
   <trkpt lat="51.078488" lon="9.479968"><ele>278.75</ele></trkpt>
   <trkpt lat="51.078657" lon="9.480028"><ele>278</ele></trkpt>
   <trkpt lat="51.078918" lon="9.480173"><ele>277</ele></trkpt>
   <trkpt lat="51.078974" lon="9.480196"><ele>276.75</ele></trkpt>
   <trkpt lat="51.079039" lon="9.4802"><ele>276.5</ele></trkpt>
   <trkpt lat="51.079086" lon="9.480385"><ele>276.25</ele></trkpt>
   <trkpt lat="51.079109" lon="9.480436"><ele>276</ele></trkpt>
   <trkpt lat="51.079135" lon="9.480493"><ele>276</ele></trkpt>
   <trkpt lat="51.079161" lon="9.48055"><ele>276</ele></trkpt>
   <trkpt lat="51.079309" lon="9.480903"><ele>276.25</ele></trkpt>
   <trkpt lat="51.079395" lon="9.481043"><ele>276.75</ele></trkpt>
   <trkpt lat="51.079577" lon="9.48126"><ele>278</ele></trkpt>
   <trkpt lat="51.079725" lon="9.481363"><ele>278.75</ele></trkpt>
   <trkpt lat="51.079871" lon="9.481419"><ele>279</ele></trkpt>
   <trkpt lat="51.080071" lon="9.481482"><ele>279.75</ele></trkpt>
   <trkpt lat="51.080185" lon="9.481537"><ele>280.25</ele></trkpt>
   <trkpt lat="51.080597" lon="9.481689"><ele>279.75</ele></trkpt>
   <trkpt lat="51.080788" lon="9.481794"><ele>279.5</ele></trkpt>
   <trkpt lat="51.080956" lon="9.481896"><ele>279.25</ele></trkpt>
   <trkpt lat="51.081219" lon="9.482061"><ele>279</ele></trkpt>
   <trkpt lat="51.081552" lon="9.482346"><ele>278.5</ele></trkpt>
   <trkpt lat="51.081668" lon="9.482445"><ele>279.25</ele></trkpt>
   <trkpt lat="51.081848" lon="9.482619"><ele>278.25</ele></trkpt>
   <trkpt lat="51.082126" lon="9.482933"><ele>278.5</ele></trkpt>
   <trkpt lat="51.082357" lon="9.48325"><ele>278.75</ele></trkpt>
   <trkpt lat="51.082619" lon="9.483671"><ele>278.25</ele></trkpt>
   <trkpt lat="51.083213" lon="9.484748"><ele>276</ele></trkpt>
   <trkpt lat="51.083671" lon="9.485586"><ele>277.75</ele></trkpt>
   <trkpt lat="51.084109" lon="9.486354"><ele>275.75</ele></trkpt>
   <trkpt lat="51.084224" lon="9.486523"><ele>275.5</ele></trkpt>
   <trkpt lat="51.084501" lon="9.486885"><ele>274.5</ele></trkpt>
   <trkpt lat="51.084594" lon="9.486977"><ele>274.5</ele></trkpt>
   <trkpt lat="51.084856" lon="9.487238"><ele>273.5</ele></trkpt>
   <trkpt lat="51.085159" lon="9.487541"><ele>273</ele></trkpt>
   <trkpt lat="51.085294" lon="9.487675"><ele>273</ele></trkpt>
   <trkpt lat="51.08578" lon="9.488154"><ele>273.25</ele></trkpt>
   <trkpt lat="51.086512" lon="9.488899"><ele>275.25</ele></trkpt>
   <trkpt lat="51.086495" lon="9.488951"><ele>275.5</ele></trkpt>
   <trkpt lat="51.086488" lon="9.489008"><ele>275.75</ele></trkpt>
   <trkpt lat="51.08649" lon="9.489067"><ele>276</ele></trkpt>
   <trkpt lat="51.086502" lon="9.489122"><ele>276</ele></trkpt>
   <trkpt lat="51.086522" lon="9.489171"><ele>276.25</ele></trkpt>
   <trkpt lat="51.08655" lon="9.48921"><ele>276.5</ele></trkpt>
   <trkpt lat="51.08633" lon="9.489766"><ele>277</ele></trkpt>
   <trkpt lat="51.086177" lon="9.490377"><ele>277.5</ele></trkpt>
   <trkpt lat="51.086135" lon="9.49118"><ele>278</ele></trkpt>
   <trkpt lat="51.086174" lon="9.491788"><ele>278</ele></trkpt>
   <trkpt lat="51.08629" lon="9.493417"><ele>275.75</ele></trkpt>
   <trkpt lat="51.086416" lon="9.495375"><ele>272</ele></trkpt>
   <trkpt lat="51.086426" lon="9.495533"><ele>272</ele></trkpt>
   <trkpt lat="51.086502" lon="9.496197"><ele>271</ele></trkpt>
   <trkpt lat="51.086671" lon="9.497206"><ele>271</ele></trkpt>
   <trkpt lat="51.086924" lon="9.498168"><ele>269.75</ele></trkpt>
   <trkpt lat="51.087401" lon="9.49951"><ele>269</ele></trkpt>
   <trkpt lat="51.088002" lon="9.501207"><ele>267</ele></trkpt>
   <trkpt lat="51.088248" lon="9.501855"><ele>266.25</ele></trkpt>
   <trkpt lat="51.088519" lon="9.502892"><ele>264</ele></trkpt>
   <trkpt lat="51.088651" lon="9.503671"><ele>263.75</ele></trkpt>
   <trkpt lat="51.088729" lon="9.504137"><ele>263.75</ele></trkpt>
   <trkpt lat="51.088764" lon="9.504654"><ele>263.5</ele></trkpt>
   <trkpt lat="51.088794" lon="9.505224"><ele>262</ele></trkpt>
   <trkpt lat="51.088799" lon="9.505337"><ele>261.75</ele></trkpt>
   <trkpt lat="51.088821" lon="9.505753"><ele>261.75</ele></trkpt>
   <trkpt lat="51.08887" lon="9.50674"><ele>259.75</ele></trkpt>
   <trkpt lat="51.088898" lon="9.507282"><ele>259</ele></trkpt>
   <trkpt lat="51.088901" lon="9.507381"><ele>259</ele></trkpt>
   <trkpt lat="51.088976" lon="9.508872"><ele>258.25</ele></trkpt>
   <trkpt lat="51.089104" lon="9.511398"><ele>258.75</ele></trkpt>
   <trkpt lat="51.089477" lon="9.518675"><ele>244.5</ele></trkpt>
   <trkpt lat="51.089578" lon="9.519315"><ele>242.5</ele></trkpt>
   <trkpt lat="51.089691" lon="9.519814"><ele>240.25</ele></trkpt>
   <trkpt lat="51.089888" lon="9.520378"><ele>238.25</ele></trkpt>
   <trkpt lat="51.090082" lon="9.520847"><ele>236.25</ele></trkpt>
   <trkpt lat="51.090308" lon="9.521305"><ele>234</ele></trkpt>
   <trkpt lat="51.090545" lon="9.521737"><ele>232.25</ele></trkpt>
   <trkpt lat="51.090909" lon="9.522198"><ele>229</ele></trkpt>
   <trkpt lat="51.091163" lon="9.522469"><ele>228</ele></trkpt>
   <trkpt lat="51.091449" lon="9.52271"><ele>226.25</ele></trkpt>
   <trkpt lat="51.092031" lon="9.523044"><ele>223</ele></trkpt>
   <trkpt lat="51.092407" lon="9.523179"><ele>221</ele></trkpt>
   <trkpt lat="51.092694" lon="9.52328"><ele>221</ele></trkpt>
   <trkpt lat="51.093065" lon="9.523335"><ele>221.75</ele></trkpt>
   <trkpt lat="51.093852" lon="9.523422"><ele>221.25</ele></trkpt>
   <trkpt lat="51.094232" lon="9.523496"><ele>220.5</ele></trkpt>
   <trkpt lat="51.094596" lon="9.523623"><ele>219.5</ele></trkpt>
   <trkpt lat="51.095031" lon="9.523844"><ele>218.5</ele></trkpt>
   <trkpt lat="51.095369" lon="9.524094"><ele>218.25</ele></trkpt>
   <trkpt lat="51.095437" lon="9.524144"><ele>218</ele></trkpt>
   <trkpt lat="51.095751" lon="9.524413"><ele>217.25</ele></trkpt>
   <trkpt lat="51.096087" lon="9.524742"><ele>216.5</ele></trkpt>
   <trkpt lat="51.0965" lon="9.525285"><ele>214.25</ele></trkpt>
   <trkpt lat="51.096944" lon="9.526037"><ele>215.25</ele></trkpt>
   <trkpt lat="51.097371" lon="9.52701"><ele>213.75</ele></trkpt>
   <trkpt lat="51.099177" lon="9.532254"><ele>196.75</ele></trkpt>
   <trkpt lat="51.100975" lon="9.537432"><ele>186.5</ele></trkpt>
   <trkpt lat="51.101306" lon="9.538375"><ele>188.5</ele></trkpt>
   <trkpt lat="51.101685" lon="9.539456"><ele>190.5</ele></trkpt>
   <trkpt lat="51.101995" lon="9.54046"><ele>190.25</ele></trkpt>
   <trkpt lat="51.102096" lon="9.540859"><ele>189.5</ele></trkpt>
   <trkpt lat="51.102153" lon="9.54112"><ele>190.25</ele></trkpt>
   <trkpt lat="51.102221" lon="9.541482"><ele>192.75</ele></trkpt>
   <trkpt lat="51.102208" lon="9.541617"><ele>192.75</ele></trkpt>
   <trkpt lat="51.102221" lon="9.541789"><ele>193.25</ele></trkpt>
   <trkpt lat="51.102213" lon="9.541845"><ele>193.5</ele></trkpt>
   <trkpt lat="51.102166" lon="9.541931"><ele>193.75</ele></trkpt>
   <trkpt lat="51.102151" lon="9.541984"><ele>194</ele></trkpt>
   <trkpt lat="51.102143" lon="9.54204"><ele>194</ele></trkpt>
   <trkpt lat="51.102149" lon="9.54215"><ele>194</ele></trkpt>
   <trkpt lat="51.102181" lon="9.542249"><ele>193.75</ele></trkpt>
   <trkpt lat="51.102221" lon="9.542307"><ele>193.25</ele></trkpt>
   <trkpt lat="51.102244" lon="9.542328"><ele>193</ele></trkpt>
   <trkpt lat="51.102296" lon="9.542352"><ele>193</ele></trkpt>
   <trkpt lat="51.102327" lon="9.542398"><ele>192.75</ele></trkpt>
   <trkpt lat="51.102362" lon="9.542494"><ele>192.5</ele></trkpt>
   <trkpt lat="51.102328" lon="9.542518"><ele>192.25</ele></trkpt>
   <trkpt lat="51.102315" lon="9.542544"><ele>192</ele></trkpt>
   <trkpt lat="51.102314" lon="9.542585"><ele>192</ele></trkpt>
   <trkpt lat="51.102468" lon="9.543303"><ele>192.75</ele></trkpt>
   <trkpt lat="51.102681" lon="9.544554"><ele>190.5</ele></trkpt>
   <trkpt lat="51.102829" lon="9.545405"><ele>187.75</ele></trkpt>
   <trkpt lat="51.102899" lon="9.545751"><ele>186.75</ele></trkpt>
   <trkpt lat="51.102943" lon="9.545886"><ele>186.75</ele></trkpt>
   <trkpt lat="51.103001" lon="9.545804"><ele>186.25</ele></trkpt>
   <trkpt lat="51.103088" lon="9.546008"><ele>185.5</ele></trkpt>
   <trkpt lat="51.103226" lon="9.546241"><ele>185</ele></trkpt>
   <trkpt lat="51.103443" lon="9.546517"><ele>183.75</ele></trkpt>
   <trkpt lat="51.10347" lon="9.546631"><ele>183.75</ele></trkpt>
   <trkpt lat="51.103535" lon="9.546741"><ele>183.25</ele></trkpt>
   <trkpt lat="51.103637" lon="9.546886"><ele>182</ele></trkpt>
   <trkpt lat="51.103736" lon="9.547002"><ele>181.75</ele></trkpt>
   <trkpt lat="51.103759" lon="9.547058"><ele>181.75</ele></trkpt>
   <trkpt lat="51.103772" lon="9.547109"><ele>182</ele></trkpt>
   <trkpt lat="51.103809" lon="9.547292"><ele>182.25</ele></trkpt>
   <trkpt lat="51.103647" lon="9.547756"><ele>182</ele></trkpt>
   <trkpt lat="51.103434" lon="9.547976"><ele>182.25</ele></trkpt>
   <trkpt lat="51.103306" lon="9.548143"><ele>182.25</ele></trkpt>
   <trkpt lat="51.103366" lon="9.548458"><ele>182</ele></trkpt>
   <trkpt lat="51.103403" lon="9.548639"><ele>182</ele></trkpt>
   <trkpt lat="51.103468" lon="9.548896"><ele>182.5</ele></trkpt>
   <trkpt lat="51.103514" lon="9.549079"><ele>183</ele></trkpt>
   <trkpt lat="51.104644" lon="9.554666"><ele>182.5</ele></trkpt>
   <trkpt lat="51.104728" lon="9.554978"><ele>182</ele></trkpt>
   <trkpt lat="51.104888" lon="9.55528"><ele>181.25</ele></trkpt>
   <trkpt lat="51.105087" lon="9.555546"><ele>181.5</ele></trkpt>
   <trkpt lat="51.105282" lon="9.555726"><ele>181.5</ele></trkpt>
   <trkpt lat="51.10547" lon="9.555951"><ele>181.75</ele></trkpt>
   <trkpt lat="51.105685" lon="9.556144"><ele>181.25</ele></trkpt>
   <trkpt lat="51.105927" lon="9.556261"><ele>181.5</ele></trkpt>
   <trkpt lat="51.106156" lon="9.556326"><ele>181</ele></trkpt>
   <trkpt lat="51.106322" lon="9.556253"><ele>181</ele></trkpt>
   <trkpt lat="51.106419" lon="9.556186"><ele>180.75</ele></trkpt>
   <trkpt lat="51.106522" lon="9.556071"><ele>180.25</ele></trkpt>
   <trkpt lat="51.106626" lon="9.556015"><ele>179.75</ele></trkpt>
   <trkpt lat="51.106746" lon="9.555991"><ele>179</ele></trkpt>
   <trkpt lat="51.106824" lon="9.556012"><ele>178.5</ele></trkpt>
   <trkpt lat="51.106873" lon="9.556049"><ele>178.25</ele></trkpt>
   <trkpt lat="51.106918" lon="9.556083"><ele>178</ele></trkpt>
   <trkpt lat="51.107013" lon="9.556209"><ele>177.5</ele></trkpt>
   <trkpt lat="51.107057" lon="9.556351"><ele>177</ele></trkpt>
   <trkpt lat="51.10747" lon="9.558004"><ele>177</ele></trkpt>
   <trkpt lat="51.107566" lon="9.558196"><ele>176.75</ele></trkpt>
   <trkpt lat="51.107764" lon="9.558443"><ele>176.25</ele></trkpt>
   <trkpt lat="51.107995" lon="9.558765"><ele>176</ele></trkpt>
   <trkpt lat="51.108515" lon="9.558689"><ele>175</ele></trkpt>
   <trkpt lat="51.108801" lon="9.558654"><ele>175</ele></trkpt>
   <trkpt lat="51.108888" lon="9.558731"><ele>175</ele></trkpt>
   <trkpt lat="51.108951" lon="9.558995"><ele>175.5</ele></trkpt>
   <trkpt lat="51.109102" lon="9.559476"><ele>177</ele></trkpt>
   <trkpt lat="51.109315" lon="9.560102"><ele>177.25</ele></trkpt>
   <trkpt lat="51.109457" lon="9.560504"><ele>176.75</ele></trkpt>
   <trkpt lat="51.109575" lon="9.560775"><ele>178</ele></trkpt>
   <trkpt lat="51.109793" lon="9.561219"><ele>178.25</ele></trkpt>
   <trkpt lat="51.109848" lon="9.561307"><ele>178.25</ele></trkpt>
   <trkpt lat="51.109933" lon="9.56141"><ele>178</ele></trkpt>
   <trkpt lat="51.109822" lon="9.561682"><ele>178.5</ele></trkpt>
   <trkpt lat="51.109811" lon="9.561709"><ele>178.75</ele></trkpt>
   <trkpt lat="51.109793" lon="9.561761"><ele>178.75</ele></trkpt>
   <trkpt lat="51.109435" lon="9.562786"><ele>182</ele></trkpt>
   <trkpt lat="51.10927" lon="9.563438"><ele>184.25</ele></trkpt>
   <trkpt lat="51.109142" lon="9.563994"><ele>186.5</ele></trkpt>
   <trkpt lat="51.109056" lon="9.564495"><ele>188.25</ele></trkpt>
   <trkpt lat="51.109018" lon="9.564946"><ele>189.5</ele></trkpt>
   <trkpt lat="51.108999" lon="9.565663"><ele>190.75</ele></trkpt>
   <trkpt lat="51.109009" lon="9.566065"><ele>191.5</ele></trkpt>
   <trkpt lat="51.109028" lon="9.566422"><ele>191.5</ele></trkpt>
   <trkpt lat="51.109048" lon="9.566664"><ele>191.75</ele></trkpt>
   <trkpt lat="51.109084" lon="9.566965"><ele>191.5</ele></trkpt>
   <trkpt lat="51.108951" lon="9.566977"><ele>192.5</ele></trkpt>
   <trkpt lat="51.108318" lon="9.566989"><ele>197</ele></trkpt>
   <trkpt lat="51.108082" lon="9.566994"><ele>198.75</ele></trkpt>
   <trkpt lat="51.107508" lon="9.567056"><ele>203.25</ele></trkpt>
   <trkpt lat="51.107559" lon="9.567233"><ele>203.5</ele></trkpt>
   <trkpt lat="51.107735" lon="9.567491"><ele>203.25</ele></trkpt>
   <trkpt lat="51.107821" lon="9.567661"><ele>202.5</ele></trkpt>
   <trkpt lat="51.107956" lon="9.568026"><ele>202.5</ele></trkpt>
   <trkpt lat="51.10811" lon="9.568627"><ele>202</ele></trkpt>
   <trkpt lat="51.108258" lon="9.569306"><ele>203.25</ele></trkpt>
   <trkpt lat="51.108381" lon="9.570283"><ele>203.5</ele></trkpt>
   <trkpt lat="51.108497" lon="9.571694"><ele>205.5</ele></trkpt>
   <trkpt lat="51.108541" lon="9.573929"><ele>208.75</ele></trkpt>
   <trkpt lat="51.108629" lon="9.575865"><ele>212.5</ele></trkpt>
   <trkpt lat="51.108663" lon="9.5761"><ele>211</ele></trkpt>
   <trkpt lat="51.108722" lon="9.576304"><ele>210.5</ele></trkpt>
   <trkpt lat="51.110008" lon="9.581055"><ele>212.25</ele></trkpt>
   <trkpt lat="51.110122" lon="9.581332"><ele>211.5</ele></trkpt>
   <trkpt lat="51.110236" lon="9.581762"><ele>210.5</ele></trkpt>
   <trkpt lat="51.110382" lon="9.582568"><ele>210</ele></trkpt>
   <trkpt lat="51.110409" lon="9.582844"><ele>210.75</ele></trkpt>
   <trkpt lat="51.110398" lon="9.583832"><ele>212</ele></trkpt>
   <trkpt lat="51.110404" lon="9.583997"><ele>210.75</ele></trkpt>
   <trkpt lat="51.110457" lon="9.584342"><ele>208.75</ele></trkpt>
   <trkpt lat="51.110473" lon="9.584532"><ele>208.25</ele></trkpt>
   <trkpt lat="51.110463" lon="9.584745"><ele>207.25</ele></trkpt>
   <trkpt lat="51.110412" lon="9.585098"><ele>206</ele></trkpt>
   <trkpt lat="51.110273" lon="9.585839"><ele>210</ele></trkpt>
   <trkpt lat="51.110039" lon="9.586775"><ele>211.25</ele></trkpt>
   <trkpt lat="51.109814" lon="9.587878"><ele>210.5</ele></trkpt>
   <trkpt lat="51.109783" lon="9.588119"><ele>209.25</ele></trkpt>
   <trkpt lat="51.109778" lon="9.588534"><ele>207.75</ele></trkpt>
   <trkpt lat="51.109557" lon="9.589808"><ele>206.5</ele></trkpt>
   <trkpt lat="51.109521" lon="9.590258"><ele>205.25</ele></trkpt>
   <trkpt lat="51.109536" lon="9.59043"><ele>205</ele></trkpt>
   <trkpt lat="51.109613" lon="9.590833"><ele>204</ele></trkpt>
   <trkpt lat="51.109676" lon="9.591104"><ele>202.5</ele></trkpt>
   <trkpt lat="51.109723" lon="9.591259"><ele>201.25</ele></trkpt>
   <trkpt lat="51.109769" lon="9.591342"><ele>200.5</ele></trkpt>
   <trkpt lat="51.10966" lon="9.59178"><ele>201.75</ele></trkpt>
   <trkpt lat="51.109395" lon="9.592672"><ele>204</ele></trkpt>
   <trkpt lat="51.109326" lon="9.593105"><ele>206</ele></trkpt>
   <trkpt lat="51.109295" lon="9.59355"><ele>207.75</ele></trkpt>
   <trkpt lat="51.109256" lon="9.593899"><ele>208.25</ele></trkpt>
   <trkpt lat="51.109196" lon="9.594265"><ele>208</ele></trkpt>
   <trkpt lat="51.109199" lon="9.594552"><ele>208.5</ele></trkpt>
   <trkpt lat="51.109266" lon="9.59526"><ele>210.5</ele></trkpt>
   <trkpt lat="51.109266" lon="9.59549"><ele>210.75</ele></trkpt>
   <trkpt lat="51.109249" lon="9.59573"><ele>211</ele></trkpt>
   <trkpt lat="51.109121" lon="9.596324"><ele>211.25</ele></trkpt>
   <trkpt lat="51.109105" lon="9.596486"><ele>210.75</ele></trkpt>
   <trkpt lat="51.10916" lon="9.597461"><ele>209.25</ele></trkpt>
   <trkpt lat="51.109279" lon="9.597973"><ele>209.5</ele></trkpt>
   <trkpt lat="51.109432" lon="9.5988"><ele>205.25</ele></trkpt>
   <trkpt lat="51.109496" lon="9.599048"><ele>204.75</ele></trkpt>
   <trkpt lat="51.109852" lon="9.599857"><ele>201.25</ele></trkpt>
   <trkpt lat="51.110498" lon="9.600833"><ele>199</ele></trkpt>
   <trkpt lat="51.11065" lon="9.60119"><ele>199</ele></trkpt>
   <trkpt lat="51.110958" lon="9.602162"><ele>198.25</ele></trkpt>
   <trkpt lat="51.111181" lon="9.602739"><ele>198.25</ele></trkpt>
   <trkpt lat="51.111248" lon="9.603059"><ele>198.5</ele></trkpt>
   <trkpt lat="51.11131" lon="9.603409"><ele>199</ele></trkpt>
   <trkpt lat="51.111388" lon="9.603676"><ele>199</ele></trkpt>
   <trkpt lat="51.111759" lon="9.604603"><ele>200</ele></trkpt>
   <trkpt lat="51.111838" lon="9.604765"><ele>199.75</ele></trkpt>
   <trkpt lat="51.111899" lon="9.60481"><ele>199.5</ele></trkpt>
   <trkpt lat="51.111982" lon="9.604855"><ele>199.25</ele></trkpt>
   <trkpt lat="51.112076" lon="9.604894"><ele>199.25</ele></trkpt>
   <trkpt lat="51.11217" lon="9.604974"><ele>199</ele></trkpt>
   <trkpt lat="51.112207" lon="9.605083"><ele>199</ele></trkpt>
   <trkpt lat="51.112162" lon="9.605511"><ele>199.25</ele></trkpt>
   <trkpt lat="51.112132" lon="9.606137"><ele>200.75</ele></trkpt>
   <trkpt lat="51.11214" lon="9.606314"><ele>200.5</ele></trkpt>
   <trkpt lat="51.112131" lon="9.606458"><ele>200.5</ele></trkpt>
   <trkpt lat="51.112123" lon="9.607329"><ele>201.5</ele></trkpt>
   <trkpt lat="51.112108" lon="9.608062"><ele>201.75</ele></trkpt>
   <trkpt lat="51.112127" lon="9.608353"><ele>201.5</ele></trkpt>
   <trkpt lat="51.112086" lon="9.609197"><ele>201</ele></trkpt>
   <trkpt lat="51.112061" lon="9.609457"><ele>200.75</ele></trkpt>
   <trkpt lat="51.112014" lon="9.60968"><ele>200.75</ele></trkpt>
   <trkpt lat="51.111703" lon="9.610614"><ele>201</ele></trkpt>
   <trkpt lat="51.111492" lon="9.611171"><ele>200.75</ele></trkpt>
   <trkpt lat="51.111395" lon="9.611532"><ele>201.75</ele></trkpt>
   <trkpt lat="51.111404" lon="9.611655"><ele>202.75</ele></trkpt>
   <trkpt lat="51.111471" lon="9.611858"><ele>201.25</ele></trkpt>
   <trkpt lat="51.111519" lon="9.611922"><ele>201</ele></trkpt>
   <trkpt lat="51.111554" lon="9.61199"><ele>201</ele></trkpt>
   <trkpt lat="51.111586" lon="9.6121"><ele>201</ele></trkpt>
   <trkpt lat="51.11162" lon="9.612381"><ele>201.75</ele></trkpt>
   <trkpt lat="51.111625" lon="9.612604"><ele>201.75</ele></trkpt>
   <trkpt lat="51.111591" lon="9.613702"><ele>204</ele></trkpt>
   <trkpt lat="51.11158" lon="9.614015"><ele>205</ele></trkpt>
   <trkpt lat="51.111526" lon="9.614565"><ele>206.5</ele></trkpt>
   <trkpt lat="51.111466" lon="9.615081"><ele>207.5</ele></trkpt>
   <trkpt lat="51.111445" lon="9.615335"><ele>208.25</ele></trkpt>
   <trkpt lat="51.111449" lon="9.615542"><ele>209</ele></trkpt>
   <trkpt lat="51.111468" lon="9.615748"><ele>209.25</ele></trkpt>
   <trkpt lat="51.111495" lon="9.615905"><ele>210</ele></trkpt>
   <trkpt lat="51.111547" lon="9.616125"><ele>211</ele></trkpt>
   <trkpt lat="51.111624" lon="9.616328"><ele>211</ele></trkpt>
   <trkpt lat="51.111556" lon="9.616563"><ele>211.25</ele></trkpt>
   <trkpt lat="51.111509" lon="9.617024"><ele>211.75</ele></trkpt>
   <trkpt lat="51.111498" lon="9.617233"><ele>211.75</ele></trkpt>
   <trkpt lat="51.111627" lon="9.618715"><ele>212.5</ele></trkpt>
   <trkpt lat="51.111672" lon="9.619053"><ele>212.25</ele></trkpt>
   <trkpt lat="51.111733" lon="9.619372"><ele>211.75</ele></trkpt>
   <trkpt lat="51.11202" lon="9.621049"><ele>211.25</ele></trkpt>
   <trkpt lat="51.112047" lon="9.621363"><ele>211.5</ele></trkpt>
   <trkpt lat="51.112065" lon="9.62248"><ele>210.25</ele></trkpt>
   <trkpt lat="51.112046" lon="9.622847"><ele>210</ele></trkpt>
   <trkpt lat="51.112046" lon="9.623031"><ele>210</ele></trkpt>
   <trkpt lat="51.112083" lon="9.62344"><ele>210.25</ele></trkpt>
   <trkpt lat="51.112077" lon="9.623665"><ele>210.25</ele></trkpt>
   <trkpt lat="51.111985" lon="9.624307"><ele>210.25</ele></trkpt>
   <trkpt lat="51.111974" lon="9.624544"><ele>210.25</ele></trkpt>
   <trkpt lat="51.112008" lon="9.626165"><ele>210.25</ele></trkpt>
   <trkpt lat="51.111996" lon="9.627491"><ele>210.5</ele></trkpt>
   <trkpt lat="51.112135" lon="9.62926"><ele>211.25</ele></trkpt>
   <trkpt lat="51.112132" lon="9.629499"><ele>211.5</ele></trkpt>
   <trkpt lat="51.112034" lon="9.631063"><ele>212.75</ele></trkpt>
   <trkpt lat="51.111948" lon="9.632063"><ele>213</ele></trkpt>
   <trkpt lat="51.111892" lon="9.632708"><ele>213.5</ele></trkpt>
   <trkpt lat="51.111864" lon="9.633026"><ele>213.25</ele></trkpt>
   <trkpt lat="51.111868" lon="9.633255"><ele>213.25</ele></trkpt>
   <trkpt lat="51.112102" lon="9.6349"><ele>214</ele></trkpt>
   <trkpt lat="51.112197" lon="9.635911"><ele>214.75</ele></trkpt>
   <trkpt lat="51.112291" lon="9.637221"><ele>215.5</ele></trkpt>
   <trkpt lat="51.112407" lon="9.638105"><ele>216</ele></trkpt>
   <trkpt lat="51.112458" lon="9.638747"><ele>215.75</ele></trkpt>
   <trkpt lat="51.112722" lon="9.640692"><ele>217</ele></trkpt>
   <trkpt lat="51.11296" lon="9.641969"><ele>217.5</ele></trkpt>
   <trkpt lat="51.113051" lon="9.642389"><ele>217.75</ele></trkpt>
   <trkpt lat="51.113375" lon="9.643677"><ele>219</ele></trkpt>
   <trkpt lat="51.11368" lon="9.644712"><ele>220</ele></trkpt>
   <trkpt lat="51.113726" lon="9.645015"><ele>220.25</ele></trkpt>
   <trkpt lat="51.113743" lon="9.645245"><ele>220.25</ele></trkpt>
   <trkpt lat="51.113814" lon="9.648826"><ele>221.5</ele></trkpt>
   <trkpt lat="51.113832" lon="9.648978"><ele>221.75</ele></trkpt>
   <trkpt lat="51.113856" lon="9.649011"><ele>221.75</ele></trkpt>
   <trkpt lat="51.114359" lon="9.649296"><ele>223</ele></trkpt>
   <trkpt lat="51.114415" lon="9.649377"><ele>223</ele></trkpt>
   <trkpt lat="51.11448" lon="9.649419"><ele>223</ele></trkpt>
   <trkpt lat="51.114882" lon="9.649658"><ele>224.5</ele></trkpt>
   <trkpt lat="51.114964" lon="9.649694"><ele>224.75</ele></trkpt>
   <trkpt lat="51.115119" lon="9.649729"><ele>225.25</ele></trkpt>
   <trkpt lat="51.115167" lon="9.649737"><ele>225.5</ele></trkpt>
   <trkpt lat="51.115174" lon="9.650322"><ele>225.5</ele></trkpt>
   <trkpt lat="51.115177" lon="9.650412"><ele>225.5</ele></trkpt>
   <trkpt lat="51.115196" lon="9.652098"><ele>225.25</ele></trkpt>
   <trkpt lat="51.115199" lon="9.652309"><ele>224.75</ele></trkpt>
   <trkpt lat="51.115203" lon="9.652509"><ele>224.5</ele></trkpt>
   <trkpt lat="51.115206" lon="9.652664"><ele>224.5</ele></trkpt>
   <trkpt lat="51.115221" lon="9.653584"><ele>224.75</ele></trkpt>
   <trkpt lat="51.115228" lon="9.6539"><ele>225</ele></trkpt>
   <trkpt lat="51.115279" lon="9.653896"><ele>225</ele></trkpt>
   <trkpt lat="51.115337" lon="9.653892"><ele>225</ele></trkpt>
   <trkpt lat="51.115492" lon="9.65388"><ele>225</ele></trkpt>
   <trkpt lat="51.11585" lon="9.653852"><ele>225</ele></trkpt>
   <trkpt lat="51.115918" lon="9.653847"><ele>225</ele></trkpt>
   <trkpt lat="51.116644" lon="9.653865"><ele>226</ele></trkpt>
   <trkpt lat="51.116764" lon="9.653907"><ele>226.5</ele></trkpt>
   <trkpt lat="51.116868" lon="9.653958"><ele>227.25</ele></trkpt>
   <trkpt lat="51.117494" lon="9.654337"><ele>233</ele></trkpt>
   <trkpt lat="51.117619" lon="9.654446"><ele>234</ele></trkpt>
   <trkpt lat="51.117761" lon="9.654785"><ele>237.5</ele></trkpt>
   <trkpt lat="51.117848" lon="9.654906"><ele>238.25</ele></trkpt>
   <trkpt lat="51.117911" lon="9.655024"><ele>239.25</ele></trkpt>
   <trkpt lat="51.117964" lon="9.655189"><ele>240.25</ele></trkpt>
   <trkpt lat="51.11811" lon="9.655585"><ele>242.5</ele></trkpt>
   <trkpt lat="51.118318" lon="9.656225"><ele>245</ele></trkpt>
   <trkpt lat="51.118565" lon="9.656819"><ele>245.75</ele></trkpt>
   <trkpt lat="51.118626" lon="9.656988"><ele>244.25</ele></trkpt>
   <trkpt lat="51.118721" lon="9.657107"><ele>242.5</ele></trkpt>
   <trkpt lat="51.118803" lon="9.657251"><ele>241</ele></trkpt>
   <trkpt lat="51.118842" lon="9.657408"><ele>241</ele></trkpt>
   <trkpt lat="51.118947" lon="9.657496"><ele>240</ele></trkpt>
   <trkpt lat="51.119032" lon="9.657523"><ele>239.25</ele></trkpt>
   <trkpt lat="51.119172" lon="9.657796"><ele>239.25</ele></trkpt>
   <trkpt lat="51.119659" lon="9.658259"><ele>237</ele></trkpt>
   <trkpt lat="51.120032" lon="9.658708"><ele>235.25</ele></trkpt>
   <trkpt lat="51.120678" lon="9.659921"><ele>237.5</ele></trkpt>
   <trkpt lat="51.12097" lon="9.660339"><ele>238</ele></trkpt>
   <trkpt lat="51.122084" lon="9.661837"><ele>241</ele></trkpt>
   <trkpt lat="51.122805" lon="9.662743"><ele>240.75</ele></trkpt>
   <trkpt lat="51.123411" lon="9.663427"><ele>242.25</ele></trkpt>
   <trkpt lat="51.123926" lon="9.663958"><ele>243.75</ele></trkpt>
   <trkpt lat="51.123944" lon="9.66398"><ele>243.75</ele></trkpt>
   <trkpt lat="51.124424" lon="9.66453"><ele>244.25</ele></trkpt>
   <trkpt lat="51.125221" lon="9.665442"><ele>246.75</ele></trkpt>
   <trkpt lat="51.125304" lon="9.665728"><ele>247.5</ele></trkpt>
   <trkpt lat="51.125368" lon="9.665984"><ele>248.25</ele></trkpt>
   <trkpt lat="51.126548" lon="9.666796"><ele>249.75</ele></trkpt>
   <trkpt lat="51.126814" lon="9.667057"><ele>250</ele></trkpt>
   <trkpt lat="51.127323" lon="9.667533"><ele>250.25</ele></trkpt>
   <trkpt lat="51.127664" lon="9.667801"><ele>250</ele></trkpt>
   <trkpt lat="51.127888" lon="9.667913"><ele>249.75</ele></trkpt>
   <trkpt lat="51.128588" lon="9.668156"><ele>250.75</ele></trkpt>
   <trkpt lat="51.128872" lon="9.66821"><ele>251.5</ele></trkpt>
   <trkpt lat="51.130224" lon="9.668158"><ele>253.5</ele></trkpt>
   <trkpt lat="51.130547" lon="9.668165"><ele>253.75</ele></trkpt>
   <trkpt lat="51.131003" lon="9.668077"><ele>254</ele></trkpt>
   <trkpt lat="51.13114" lon="9.668155"><ele>254.75</ele></trkpt>
   <trkpt lat="51.131332" lon="9.668368"><ele>255.5</ele></trkpt>
   <trkpt lat="51.131839" lon="9.668531"><ele>257.5</ele></trkpt>
   <trkpt lat="51.13382" lon="9.669277"><ele>260.5</ele></trkpt>
   <trkpt lat="51.134168" lon="9.669589"><ele>262</ele></trkpt>
   <trkpt lat="51.134399" lon="9.669191"><ele>259</ele></trkpt>
   <trkpt lat="51.13443" lon="9.669121"><ele>258.75</ele></trkpt>
   <trkpt lat="51.134503" lon="9.66897"><ele>259</ele></trkpt>
   <trkpt lat="51.134571" lon="9.668621"><ele>259</ele></trkpt>
   <trkpt lat="51.134568" lon="9.668374"><ele>260.5</ele></trkpt>
   <trkpt lat="51.134778" lon="9.66827"><ele>263.25</ele></trkpt>
   <trkpt lat="51.135068" lon="9.668458"><ele>261.75</ele></trkpt>
   <trkpt lat="51.135439" lon="9.668737"><ele>263.25</ele></trkpt>
   <trkpt lat="51.136261" lon="9.669803"><ele>265</ele></trkpt>
   <trkpt lat="51.136929" lon="9.67082"><ele>267.75</ele></trkpt>
   <trkpt lat="51.137525" lon="9.671316"><ele>271.75</ele></trkpt>
   <trkpt lat="51.138316" lon="9.672241"><ele>274.25</ele></trkpt>
   <trkpt lat="51.138796" lon="9.67291"><ele>275</ele></trkpt>
   <trkpt lat="51.139527" lon="9.673634"><ele>276.75</ele></trkpt>
   <trkpt lat="51.139791" lon="9.673992"><ele>276.25</ele></trkpt>
   <trkpt lat="51.140328" lon="9.674564"><ele>274.75</ele></trkpt>
   <trkpt lat="51.140561" lon="9.675161"><ele>273.25</ele></trkpt>
   <trkpt lat="51.14094" lon="9.675708"><ele>274</ele></trkpt>
   <trkpt lat="51.141738" lon="9.676353"><ele>275</ele></trkpt>
   <trkpt lat="51.142488" lon="9.67667"><ele>276.75</ele></trkpt>
   <trkpt lat="51.142723" lon="9.67673"><ele>278.75</ele></trkpt>
   <trkpt lat="51.143504" lon="9.67709"><ele>279.5</ele></trkpt>
   <trkpt lat="51.143996" lon="9.677766"><ele>280</ele></trkpt>
   <trkpt lat="51.144442" lon="9.678606"><ele>282.75</ele></trkpt>
   <trkpt lat="51.14476" lon="9.679434"><ele>284.25</ele></trkpt>
   <trkpt lat="51.1451" lon="9.68019"><ele>286.5</ele></trkpt>
   <trkpt lat="51.145137" lon="9.680271"><ele>286.75</ele></trkpt>
   <trkpt lat="51.145566" lon="9.680695"><ele>290.5</ele></trkpt>
   <trkpt lat="51.146078" lon="9.681055"><ele>293.75</ele></trkpt>
   <trkpt lat="51.14615" lon="9.681061"><ele>294.25</ele></trkpt>
   <trkpt lat="51.146332" lon="9.680869"><ele>295.5</ele></trkpt>
   <trkpt lat="51.146519" lon="9.680626"><ele>298</ele></trkpt>
   <trkpt lat="51.146847" lon="9.679996"><ele>303.5</ele></trkpt>
   <trkpt lat="51.146928" lon="9.680283"><ele>303.75</ele></trkpt>
   <trkpt lat="51.146914" lon="9.680833"><ele>304.25</ele></trkpt>
   <trkpt lat="51.146911" lon="9.681016"><ele>304.25</ele></trkpt>
   <trkpt lat="51.146844" lon="9.682688"><ele>306.5</ele></trkpt>
   <trkpt lat="51.146791" lon="9.683056"><ele>305</ele></trkpt>
   <trkpt lat="51.146886" lon="9.683504"><ele>306.75</ele></trkpt>
   <trkpt lat="51.146953" lon="9.684524"><ele>303</ele></trkpt>
   <trkpt lat="51.147058" lon="9.684743"><ele>301</ele></trkpt>
   <trkpt lat="51.147183" lon="9.684821"><ele>300</ele></trkpt>
   <trkpt lat="51.147946" lon="9.685164"><ele>298.5</ele></trkpt>
   <trkpt lat="51.148223" lon="9.685278"><ele>298.75</ele></trkpt>
   <trkpt lat="51.148403" lon="9.685467"><ele>296.75</ele></trkpt>
   <trkpt lat="51.148655" lon="9.685798"><ele>296</ele></trkpt>
   <trkpt lat="51.14882" lon="9.68611"><ele>296.5</ele></trkpt>
   <trkpt lat="51.148932" lon="9.686434"><ele>294.5</ele></trkpt>
   <trkpt lat="51.148973" lon="9.686578"><ele>294.75</ele></trkpt>
   <trkpt lat="51.149029" lon="9.686776"><ele>294.5</ele></trkpt>
   <trkpt lat="51.14956" lon="9.688053"><ele>294.25</ele></trkpt>
   <trkpt lat="51.150263" lon="9.689599"><ele>294.25</ele></trkpt>
   <trkpt lat="51.150723" lon="9.69049"><ele>295.75</ele></trkpt>
   <trkpt lat="51.150808" lon="9.690639"><ele>295.5</ele></trkpt>
   <trkpt lat="51.150968" lon="9.690832"><ele>298.25</ele></trkpt>
   <trkpt lat="51.151016" lon="9.690932"><ele>298.25</ele></trkpt>
   <trkpt lat="51.151169" lon="9.691363"><ele>298.5</ele></trkpt>
   <trkpt lat="51.151229" lon="9.691587"><ele>299.75</ele></trkpt>
   <trkpt lat="51.151275" lon="9.691811"><ele>299.75</ele></trkpt>
   <trkpt lat="51.151312" lon="9.692059"><ele>298.75</ele></trkpt>
   <trkpt lat="51.151317" lon="9.692258"><ele>297.5</ele></trkpt>
   <trkpt lat="51.151267" lon="9.692632"><ele>297.5</ele></trkpt>
   <trkpt lat="51.151258" lon="9.692753"><ele>297.5</ele></trkpt>
   <trkpt lat="51.151264" lon="9.692904"><ele>297.75</ele></trkpt>
   <trkpt lat="51.151291" lon="9.693045"><ele>297.75</ele></trkpt>
   <trkpt lat="51.151409" lon="9.693435"><ele>298.5</ele></trkpt>
   <trkpt lat="51.151437" lon="9.693564"><ele>299</ele></trkpt>
   <trkpt lat="51.151436" lon="9.693635"><ele>299.25</ele></trkpt>
   <trkpt lat="51.151394" lon="9.693729"><ele>299</ele></trkpt>
   <trkpt lat="51.151889" lon="9.694777"><ele>300.75</ele></trkpt>
   <trkpt lat="51.15207" lon="9.695157"><ele>302.75</ele></trkpt>
   <trkpt lat="51.152241" lon="9.695567"><ele>304</ele></trkpt>
   <trkpt lat="51.152339" lon="9.695855"><ele>304.25</ele></trkpt>
   <trkpt lat="51.15239" lon="9.695993"><ele>304.5</ele></trkpt>
   <trkpt lat="51.152425" lon="9.696193"><ele>305.25</ele></trkpt>
   <trkpt lat="51.152439" lon="9.696603"><ele>308.25</ele></trkpt>
   <trkpt lat="51.152468" lon="9.696879"><ele>309.5</ele></trkpt>
   <trkpt lat="51.152588" lon="9.697384"><ele>310.75</ele></trkpt>
   <trkpt lat="51.152623" lon="9.69753"><ele>310.75</ele></trkpt>
   <trkpt lat="51.152775" lon="9.698107"><ele>311.75</ele></trkpt>
   <trkpt lat="51.152871" lon="9.698417"><ele>312.25</ele></trkpt>
   <trkpt lat="51.152913" lon="9.698545"><ele>312.5</ele></trkpt>
   <trkpt lat="51.152963" lon="9.698653"><ele>312.5</ele></trkpt>
   <trkpt lat="51.153108" lon="9.698918"><ele>312.75</ele></trkpt>
   <trkpt lat="51.153782" lon="9.700153"><ele>313.5</ele></trkpt>
   <trkpt lat="51.154011" lon="9.700704"><ele>314.25</ele></trkpt>
   <trkpt lat="51.154208" lon="9.701271"><ele>314</ele></trkpt>
   <trkpt lat="51.154429" lon="9.702094"><ele>313.25</ele></trkpt>
   <trkpt lat="51.154648" lon="9.702843"><ele>315.25</ele></trkpt>
   <trkpt lat="51.154884" lon="9.703492"><ele>316</ele></trkpt>
   <trkpt lat="51.155513" lon="9.70479"><ele>318</ele></trkpt>
   <trkpt lat="51.156255" lon="9.706178"><ele>323.5</ele></trkpt>
   <trkpt lat="51.156414" lon="9.706458"><ele>322.5</ele></trkpt>
   <trkpt lat="51.157015" lon="9.707411"><ele>324</ele></trkpt>
   <trkpt lat="51.157554" lon="9.707993"><ele>327</ele></trkpt>
   <trkpt lat="51.158368" lon="9.708638"><ele>329.25</ele></trkpt>
   <trkpt lat="51.158797" lon="9.709061"><ele>331</ele></trkpt>
   <trkpt lat="51.158967" lon="9.709294"><ele>331</ele></trkpt>
   <trkpt lat="51.159277" lon="9.70977"><ele>332.75</ele></trkpt>
   <trkpt lat="51.159602" lon="9.710401"><ele>333.5</ele></trkpt>
   <trkpt lat="51.159797" lon="9.710758"><ele>335.25</ele></trkpt>
   <trkpt lat="51.160028" lon="9.711079"><ele>334.5</ele></trkpt>
   <trkpt lat="51.160262" lon="9.711305"><ele>334.75</ele></trkpt>
   <trkpt lat="51.160526" lon="9.711497"><ele>334.5</ele></trkpt>
   <trkpt lat="51.160798" lon="9.711657"><ele>334.75</ele></trkpt>
   <trkpt lat="51.161344" lon="9.711817"><ele>335.25</ele></trkpt>
   <trkpt lat="51.161757" lon="9.711981"><ele>336</ele></trkpt>
   <trkpt lat="51.162065" lon="9.712155"><ele>336.5</ele></trkpt>
   <trkpt lat="51.162427" lon="9.712448"><ele>337.75</ele></trkpt>
   <trkpt lat="51.162868" lon="9.712912"><ele>339.75</ele></trkpt>
   <trkpt lat="51.163033" lon="9.713074"><ele>338.75</ele></trkpt>
   <trkpt lat="51.163626" lon="9.713583"><ele>339</ele></trkpt>
   <trkpt lat="51.163967" lon="9.713789"><ele>339</ele></trkpt>
   <trkpt lat="51.164077" lon="9.713854"><ele>339.25</ele></trkpt>
   <trkpt lat="51.164468" lon="9.714084"><ele>339.5</ele></trkpt>
   <trkpt lat="51.164908" lon="9.714517"><ele>338</ele></trkpt>
   <trkpt lat="51.165426" lon="9.715113"><ele>339.5</ele></trkpt>
   <trkpt lat="51.166025" lon="9.715865"><ele>342.5</ele></trkpt>
   <trkpt lat="51.166387" lon="9.716157"><ele>343.25</ele></trkpt>
   <trkpt lat="51.167212" lon="9.716468"><ele>346</ele></trkpt>
   <trkpt lat="51.167823" lon="9.716698"><ele>348</ele></trkpt>
   <trkpt lat="51.168439" lon="9.717115"><ele>348.75</ele></trkpt>
   <trkpt lat="51.171137" lon="9.719586"><ele>353.5</ele></trkpt>
   <trkpt lat="51.171421" lon="9.719928"><ele>354</ele></trkpt>
   <trkpt lat="51.171528" lon="9.720067"><ele>354.25</ele></trkpt>
   <trkpt lat="51.171841" lon="9.720653"><ele>354.5</ele></trkpt>
   <trkpt lat="51.172051" lon="9.721122"><ele>355</ele></trkpt>
   <trkpt lat="51.17239" lon="9.722008"><ele>355.75</ele></trkpt>
   <trkpt lat="51.172617" lon="9.722456"><ele>356</ele></trkpt>
   <trkpt lat="51.17267" lon="9.722565"><ele>356</ele></trkpt>
   <trkpt lat="51.172986" lon="9.723043"><ele>356.25</ele></trkpt>
   <trkpt lat="51.173122" lon="9.723226"><ele>356.75</ele></trkpt>
   <trkpt lat="51.173171" lon="9.723147"><ele>356.75</ele></trkpt>
   <trkpt lat="51.173468" lon="9.722745"><ele>360.5</ele></trkpt>
   <trkpt lat="51.173569" lon="9.722608"><ele>361.5</ele></trkpt>
   <trkpt lat="51.173618" lon="9.722542"><ele>362</ele></trkpt>
   <trkpt lat="51.173713" lon="9.72274"><ele>363</ele></trkpt>
   <trkpt lat="51.173793" lon="9.722861"><ele>363.25</ele></trkpt>
   <trkpt lat="51.173923" lon="9.72306"><ele>363.25</ele></trkpt>
   <trkpt lat="51.174022" lon="9.723212"><ele>363.75</ele></trkpt>
   <trkpt lat="51.174648" lon="9.723925"><ele>363.5</ele></trkpt>
   <trkpt lat="51.175116" lon="9.724615"><ele>363.5</ele></trkpt>
   <trkpt lat="51.17515" lon="9.724749"><ele>362.75</ele></trkpt>
   <trkpt lat="51.175505" lon="9.725014"><ele>363.5</ele></trkpt>
   <trkpt lat="51.175919" lon="9.725176"><ele>363.75</ele></trkpt>
   <trkpt lat="51.17615" lon="9.725221"><ele>363.75</ele></trkpt>
   <trkpt lat="51.176389" lon="9.725237"><ele>363.75</ele></trkpt>
   <trkpt lat="51.176547" lon="9.725246"><ele>364.25</ele></trkpt>
   <trkpt lat="51.177383" lon="9.725312"><ele>365</ele></trkpt>
   <trkpt lat="51.177622" lon="9.72544"><ele>365.75</ele></trkpt>
   <trkpt lat="51.178299" lon="9.725983"><ele>368.5</ele></trkpt>
   <trkpt lat="51.178632" lon="9.726251"><ele>370.5</ele></trkpt>
   <trkpt lat="51.17901" lon="9.726388"><ele>372.25</ele></trkpt>
   <trkpt lat="51.179343" lon="9.726394"><ele>373.5</ele></trkpt>
   <trkpt lat="51.179713" lon="9.726312"><ele>374.25</ele></trkpt>
   <trkpt lat="51.180322" lon="9.726138"><ele>375</ele></trkpt>
   <trkpt lat="51.181119" lon="9.725889"><ele>376.5</ele></trkpt>
   <trkpt lat="51.182866" lon="9.725398"><ele>380.25</ele></trkpt>
   <trkpt lat="51.183053" lon="9.725341"><ele>380.75</ele></trkpt>
   <trkpt lat="51.183891" lon="9.725096"><ele>383</ele></trkpt>
   <trkpt lat="51.184098" lon="9.725024"><ele>383.75</ele></trkpt>
   <trkpt lat="51.184924" lon="9.724764"><ele>386.25</ele></trkpt>
   <trkpt lat="51.185596" lon="9.724495"><ele>387.75</ele></trkpt>
   <trkpt lat="51.185945" lon="9.724239"><ele>389.5</ele></trkpt>
   <trkpt lat="51.186211" lon="9.724004"><ele>390.5</ele></trkpt>
   <trkpt lat="51.186687" lon="9.723586"><ele>391.75</ele></trkpt>
   <trkpt lat="51.186836" lon="9.723487"><ele>392.5</ele></trkpt>
   <trkpt lat="51.186986" lon="9.723431"><ele>394</ele></trkpt>
   <trkpt lat="51.187133" lon="9.723412"><ele>395.25</ele></trkpt>
   <trkpt lat="51.187334" lon="9.723412"><ele>396.5</ele></trkpt>
   <trkpt lat="51.187362" lon="9.723252"><ele>396.25</ele></trkpt>
   <trkpt lat="51.187425" lon="9.723019"><ele>396.25</ele></trkpt>
   <trkpt lat="51.187518" lon="9.722818"><ele>397</ele></trkpt>
   <trkpt lat="51.187635" lon="9.722703"><ele>397.75</ele></trkpt>
   <trkpt lat="51.187983" lon="9.72239"><ele>399.25</ele></trkpt>
   <trkpt lat="51.188304" lon="9.722134"><ele>400.75</ele></trkpt>
   <trkpt lat="51.188554" lon="9.721988"><ele>400.25</ele></trkpt>
   <trkpt lat="51.188803" lon="9.721867"><ele>401</ele></trkpt>
   <trkpt lat="51.189677" lon="9.721605"><ele>399</ele></trkpt>
   <trkpt lat="51.190642" lon="9.721335"><ele>398</ele></trkpt>
   <trkpt lat="51.191392" lon="9.721146"><ele>395.75</ele></trkpt>
   <trkpt lat="51.191455" lon="9.721174"><ele>395.75</ele></trkpt>
   <trkpt lat="51.191631" lon="9.721072"><ele>395.25</ele></trkpt>
   <trkpt lat="51.19208" lon="9.720961"><ele>394.5</ele></trkpt>
   <trkpt lat="51.193001" lon="9.72069"><ele>391</ele></trkpt>
   <trkpt lat="51.193248" lon="9.720627"><ele>390.25</ele></trkpt>
   <trkpt lat="51.194114" lon="9.720405"><ele>387.5</ele></trkpt>
   <trkpt lat="51.194177" lon="9.72039"><ele>387.5</ele></trkpt>
   <trkpt lat="51.19429" lon="9.720348"><ele>387.25</ele></trkpt>
   <trkpt lat="51.195062" lon="9.719899"><ele>386</ele></trkpt>
   <trkpt lat="51.195426" lon="9.719692"><ele>385.5</ele></trkpt>
   <trkpt lat="51.195474" lon="9.719608"><ele>385.5</ele></trkpt>
   <trkpt lat="51.195626" lon="9.719823"><ele>384.75</ele></trkpt>
   <trkpt lat="51.195685" lon="9.719949"><ele>384.5</ele></trkpt>
   <trkpt lat="51.195704" lon="9.719975"><ele>384.5</ele></trkpt>
   <trkpt lat="51.195856" lon="9.720189"><ele>383.75</ele></trkpt>
   <trkpt lat="51.195804" lon="9.720314"><ele>384</ele></trkpt>
   <trkpt lat="51.195768" lon="9.720438"><ele>384</ele></trkpt>
   <trkpt lat="51.195745" lon="9.720561"><ele>384.25</ele></trkpt>
   <trkpt lat="51.19574" lon="9.720695"><ele>384.25</ele></trkpt>
   <trkpt lat="51.195755" lon="9.720756"><ele>384.25</ele></trkpt>
   <trkpt lat="51.195778" lon="9.720876"><ele>384</ele></trkpt>
   <trkpt lat="51.195822" lon="9.721002"><ele>384</ele></trkpt>
   <trkpt lat="51.195899" lon="9.721117"><ele>383.5</ele></trkpt>
   <trkpt lat="51.195988" lon="9.721218"><ele>383.25</ele></trkpt>
   <trkpt lat="51.196012" lon="9.721235"><ele>383</ele></trkpt>
   <trkpt lat="51.196127" lon="9.721313"><ele>382.75</ele></trkpt>
   <trkpt lat="51.196538" lon="9.721552"><ele>381.5</ele></trkpt>
   <trkpt lat="51.19656" lon="9.721566"><ele>381.5</ele></trkpt>
   <trkpt lat="51.196872" lon="9.721751"><ele>380.75</ele></trkpt>
   <trkpt lat="51.197144" lon="9.721904"><ele>379.25</ele></trkpt>
   <trkpt lat="51.197216" lon="9.721586"><ele>380.25</ele></trkpt>
   <trkpt lat="51.197248" lon="9.721346"><ele>380.5</ele></trkpt>
   <trkpt lat="51.197216" lon="9.721586"><ele>380.25</ele></trkpt>
   <trkpt lat="51.197144" lon="9.721904"><ele>379.25</ele></trkpt>
   <trkpt lat="51.19726" lon="9.721969"><ele>378.75</ele></trkpt>
   <trkpt lat="51.197454" lon="9.722036"><ele>377.75</ele></trkpt>
   <trkpt lat="51.197526" lon="9.722041"><ele>377.5</ele></trkpt>
   <trkpt lat="51.197603" lon="9.722046"><ele>377</ele></trkpt>
   <trkpt lat="51.197729" lon="9.721995"><ele>376.25</ele></trkpt>
   <trkpt lat="51.197812" lon="9.721928"><ele>375.75</ele></trkpt>
   <trkpt lat="51.197957" lon="9.721541"><ele>375.5</ele></trkpt>
   <trkpt lat="51.197981" lon="9.721599"><ele>375.5</ele></trkpt>
   <trkpt lat="51.198073" lon="9.721699"><ele>374.75</ele></trkpt>
   <trkpt lat="51.198163" lon="9.721776"><ele>373.75</ele></trkpt>
   <trkpt lat="51.198338" lon="9.721923"><ele>372.75</ele></trkpt>
   <trkpt lat="51.198377" lon="9.72197"><ele>372.5</ele></trkpt>
   <trkpt lat="51.198379" lon="9.722215"><ele>372.75</ele></trkpt>
   <trkpt lat="51.19839" lon="9.722426"><ele>373</ele></trkpt>
   <trkpt lat="51.198386" lon="9.722576"><ele>372.5</ele></trkpt>
   <trkpt lat="51.198384" lon="9.722745"><ele>372</ele></trkpt>
   <trkpt lat="51.198373" lon="9.723427"><ele>372.25</ele></trkpt>
   <trkpt lat="51.19837" lon="9.723694"><ele>373</ele></trkpt>
   <trkpt lat="51.198351" lon="9.725822"><ele>375</ele></trkpt>
   <trkpt lat="51.198344" lon="9.726222"><ele>375.75</ele></trkpt>
   <trkpt lat="51.198346" lon="9.726338"><ele>376</ele></trkpt>
   <trkpt lat="51.198505" lon="9.726386"><ele>376</ele></trkpt>
   <trkpt lat="51.198903" lon="9.726408"><ele>378</ele></trkpt>
   <trkpt lat="51.198982" lon="9.726413"><ele>378.25</ele></trkpt>
   <trkpt lat="51.198982" lon="9.727084"><ele>378.25</ele></trkpt>
   <trkpt lat="51.198974" lon="9.727485"><ele>378</ele></trkpt>
   <trkpt lat="51.198961" lon="9.729101"><ele>379.5</ele></trkpt>
   <trkpt lat="51.198941" lon="9.731527"><ele>382.25</ele></trkpt>
   <trkpt lat="51.198905" lon="9.735488"><ele>386</ele></trkpt>
   <trkpt lat="51.198895" lon="9.736513"><ele>386</ele></trkpt>
   <trkpt lat="51.198868" lon="9.736977"><ele>387</ele></trkpt>
   <trkpt lat="51.19886" lon="9.738241"><ele>387.5</ele></trkpt>
   <trkpt lat="51.198843" lon="9.738443"><ele>388</ele></trkpt>
   <trkpt lat="51.198812" lon="9.73858"><ele>388</ele></trkpt>
   <trkpt lat="51.198794" lon="9.738623"><ele>388</ele></trkpt>
   <trkpt lat="51.19882" lon="9.738703"><ele>388</ele></trkpt>
   <trkpt lat="51.198835" lon="9.738756"><ele>388</ele></trkpt>
   <trkpt lat="51.198832" lon="9.738861"><ele>388</ele></trkpt>
   <trkpt lat="51.198832" lon="9.738961"><ele>388</ele></trkpt>
   <trkpt lat="51.198826" lon="9.739076"><ele>388</ele></trkpt>
   <trkpt lat="51.198757" lon="9.7392"><ele>388.25</ele></trkpt>
   <trkpt lat="51.198752" lon="9.73925"><ele>388.25</ele></trkpt>
   <trkpt lat="51.19874" lon="9.740289"><ele>388.5</ele></trkpt>
   <trkpt lat="51.198735" lon="9.741632"><ele>389.25</ele></trkpt>
   <trkpt lat="51.19876" lon="9.741758"><ele>389.5</ele></trkpt>
   <trkpt lat="51.198766" lon="9.741787"><ele>389.5</ele></trkpt>
   <trkpt lat="51.198776" lon="9.743288"><ele>391.5</ele></trkpt>
   <trkpt lat="51.198764" lon="9.744255"><ele>392.75</ele></trkpt>
   <trkpt lat="51.198748" lon="9.745209"><ele>394.75</ele></trkpt>
   <trkpt lat="51.198747" lon="9.745262"><ele>394.75</ele></trkpt>
   <trkpt lat="51.198744" lon="9.745404"><ele>395</ele></trkpt>
   <trkpt lat="51.198743" lon="9.745465"><ele>395</ele></trkpt>
   <trkpt lat="51.198757" lon="9.745685"><ele>395.25</ele></trkpt>
   <trkpt lat="51.198767" lon="9.746262"><ele>396.5</ele></trkpt>
   <trkpt lat="51.198761" lon="9.747022"><ele>397.5</ele></trkpt>
   <trkpt lat="51.198693" lon="9.747589"><ele>398</ele></trkpt>
   <trkpt lat="51.198514" lon="9.748453"><ele>399.25</ele></trkpt>
   <trkpt lat="51.198452" lon="9.748905"><ele>399</ele></trkpt>
   <trkpt lat="51.19844" lon="9.749305"><ele>398.25</ele></trkpt>
   <trkpt lat="51.198459" lon="9.749592"><ele>397.75</ele></trkpt>
   <trkpt lat="51.198489" lon="9.749868"><ele>397</ele></trkpt>
   <trkpt lat="51.19851" lon="9.749974"><ele>396.75</ele></trkpt>
   <trkpt lat="51.198613" lon="9.750454"><ele>395.25</ele></trkpt>
   <trkpt lat="51.198752" lon="9.750787"><ele>394</ele></trkpt>
   <trkpt lat="51.198985" lon="9.751391"><ele>394.5</ele></trkpt>
   <trkpt lat="51.199036" lon="9.751626"><ele>393</ele></trkpt>
   <trkpt lat="51.199065" lon="9.751792"><ele>391</ele></trkpt>
   <trkpt lat="51.199321" lon="9.753512"><ele>380.75</ele></trkpt>
   <trkpt lat="51.199218" lon="9.753727"><ele>380</ele></trkpt>
   <trkpt lat="51.199522" lon="9.754779"><ele>377.75</ele></trkpt>
   <trkpt lat="51.199947" lon="9.756086"><ele>375.5</ele></trkpt>
   <trkpt lat="51.200185" lon="9.756787"><ele>374.75</ele></trkpt>
   <trkpt lat="51.200375" lon="9.757312"><ele>373.5</ele></trkpt>
   <trkpt lat="51.200519" lon="9.757736"><ele>372.5</ele></trkpt>
   <trkpt lat="51.200606" lon="9.758138"><ele>372.5</ele></trkpt>
   <trkpt lat="51.200668" lon="9.758589"><ele>372.5</ele></trkpt>
   <trkpt lat="51.200685" lon="9.759417"><ele>368.75</ele></trkpt>
   <trkpt lat="51.200589" lon="9.760107"><ele>364</ele></trkpt>
   <trkpt lat="51.200569" lon="9.760257"><ele>363</ele></trkpt>
   <trkpt lat="51.200224" lon="9.761694"><ele>357.75</ele></trkpt>
   <trkpt lat="51.200002" lon="9.762353"><ele>356</ele></trkpt>
   <trkpt lat="51.20021" lon="9.762407"><ele>356.75</ele></trkpt>
   <trkpt lat="51.200129" lon="9.762789"><ele>355.75</ele></trkpt>
   <trkpt lat="51.200064" lon="9.763089"><ele>355.25</ele></trkpt>
   <trkpt lat="51.199954" lon="9.763597"><ele>353</ele></trkpt>
   <trkpt lat="51.199876" lon="9.763947"><ele>352.75</ele></trkpt>
   <trkpt lat="51.199736" lon="9.764539"><ele>350.5</ele></trkpt>
   <trkpt lat="51.199709" lon="9.764757"><ele>350</ele></trkpt>
   <trkpt lat="51.199682" lon="9.765148"><ele>349.25</ele></trkpt>
   <trkpt lat="51.199677" lon="9.765761"><ele>349</ele></trkpt>
   <trkpt lat="51.199621" lon="9.766322"><ele>349.25</ele></trkpt>
   <trkpt lat="51.199563" lon="9.766821"><ele>350.75</ele></trkpt>
   <trkpt lat="51.19955" lon="9.767146"><ele>351.5</ele></trkpt>
   <trkpt lat="51.199556" lon="9.767537"><ele>350.75</ele></trkpt>
   <trkpt lat="51.199573" lon="9.767803"><ele>350.5</ele></trkpt>
   <trkpt lat="51.199599" lon="9.768165"><ele>348.5</ele></trkpt>
   <trkpt lat="51.199589" lon="9.768539"><ele>347.25</ele></trkpt>
   <trkpt lat="51.199547" lon="9.768859"><ele>346.5</ele></trkpt>
   <trkpt lat="51.199523" lon="9.768971"><ele>346.75</ele></trkpt>
   <trkpt lat="51.198866" lon="9.771801"><ele>349.25</ele></trkpt>
   <trkpt lat="51.198839" lon="9.771923"><ele>349.5</ele></trkpt>
   <trkpt lat="51.198794" lon="9.772161"><ele>350</ele></trkpt>
   <trkpt lat="51.19868" lon="9.772496"><ele>349.25</ele></trkpt>
   <trkpt lat="51.1984" lon="9.773643"><ele>346.5</ele></trkpt>
   <trkpt lat="51.19826" lon="9.774461"><ele>342</ele></trkpt>
   <trkpt lat="51.198171" lon="9.774989"><ele>341.25</ele></trkpt>
   <trkpt lat="51.197243" lon="9.774763"><ele>339.5</ele></trkpt>
   <trkpt lat="51.197127" lon="9.774734"><ele>339.25</ele></trkpt>
   <trkpt lat="51.197064" lon="9.77474"><ele>339.25</ele></trkpt>
   <trkpt lat="51.196864" lon="9.774756"><ele>339.25</ele></trkpt>
   <trkpt lat="51.196806" lon="9.774904"><ele>339</ele></trkpt>
   <trkpt lat="51.196516" lon="9.775795"><ele>338</ele></trkpt>
   <trkpt lat="51.196164" lon="9.776815"><ele>337.25</ele></trkpt>
   <trkpt lat="51.196031" lon="9.777029"><ele>337</ele></trkpt>
   <trkpt lat="51.195885" lon="9.777209"><ele>337.5</ele></trkpt>
   <trkpt lat="51.194762" lon="9.778731"><ele>336.25</ele></trkpt>
   <trkpt lat="51.19461" lon="9.779068"><ele>337</ele></trkpt>
   <trkpt lat="51.194557" lon="9.779121"><ele>336.25</ele></trkpt>
   <trkpt lat="51.194269" lon="9.779358"><ele>335.25</ele></trkpt>
   <trkpt lat="51.194044" lon="9.779609"><ele>335.75</ele></trkpt>
   <trkpt lat="51.193895" lon="9.779631"><ele>336.5</ele></trkpt>
   <trkpt lat="51.193802" lon="9.779854"><ele>335.25</ele></trkpt>
   <trkpt lat="51.193667" lon="9.780076"><ele>335</ele></trkpt>
   <trkpt lat="51.193505" lon="9.780262"><ele>334.25</ele></trkpt>
   <trkpt lat="51.193418" lon="9.780255"><ele>334.75</ele></trkpt>
   <trkpt lat="51.193335" lon="9.78021"><ele>335.25</ele></trkpt>
   <trkpt lat="51.192844" lon="9.779519"><ele>338.75</ele></trkpt>
   <trkpt lat="51.192752" lon="9.779452"><ele>339</ele></trkpt>
   <trkpt lat="51.192407" lon="9.77991"><ele>337.75</ele></trkpt>
   <trkpt lat="51.192023" lon="9.780281"><ele>336.25</ele></trkpt>
   <trkpt lat="51.190755" lon="9.781541"><ele>333.25</ele></trkpt>
   <trkpt lat="51.190526" lon="9.781764"><ele>334.75</ele></trkpt>
   <trkpt lat="51.189871" lon="9.783579"><ele>335.25</ele></trkpt>
   <trkpt lat="51.190065" lon="9.785622"><ele>331</ele></trkpt>
   <trkpt lat="51.189957" lon="9.786481"><ele>329.5</ele></trkpt>
   <trkpt lat="51.18971" lon="9.787596"><ele>330.5</ele></trkpt>
   <trkpt lat="51.189269" lon="9.788918"><ele>329.5</ele></trkpt>
   <trkpt lat="51.189141" lon="9.789324"><ele>329</ele></trkpt>
   <trkpt lat="51.189041" lon="9.789779"><ele>326.75</ele></trkpt>
   <trkpt lat="51.188921" lon="9.790227"><ele>327.5</ele></trkpt>
   <trkpt lat="51.18878" lon="9.790621"><ele>325.75</ele></trkpt>
   <trkpt lat="51.188652" lon="9.790924"><ele>326.5</ele></trkpt>
   <trkpt lat="51.188509" lon="9.791189"><ele>326.5</ele></trkpt>
   <trkpt lat="51.188185" lon="9.791726"><ele>325</ele></trkpt>
   <trkpt lat="51.187938" lon="9.792158"><ele>324.25</ele></trkpt>
   <trkpt lat="51.187729" lon="9.792502"><ele>323.5</ele></trkpt>
   <trkpt lat="51.187473" lon="9.792852"><ele>324.25</ele></trkpt>
   <trkpt lat="51.187117" lon="9.793338"><ele>323</ele></trkpt>
   <trkpt lat="51.186595" lon="9.79388"><ele>321.75</ele></trkpt>
   <trkpt lat="51.186504" lon="9.793985"><ele>322</ele></trkpt>
   <trkpt lat="51.186488" lon="9.794112"><ele>321.5</ele></trkpt>
   <trkpt lat="51.186536" lon="9.794308"><ele>320</ele></trkpt>
   <trkpt lat="51.186537" lon="9.794405"><ele>319.5</ele></trkpt>
   <trkpt lat="51.186503" lon="9.79446"><ele>319.5</ele></trkpt>
   <trkpt lat="51.185681" lon="9.795235"><ele>318.75</ele></trkpt>
   <trkpt lat="51.184925" lon="9.796119"><ele>319.5</ele></trkpt>
   <trkpt lat="51.184615" lon="9.797072"><ele>320.25</ele></trkpt>
   <trkpt lat="51.184578" lon="9.798033"><ele>320.5</ele></trkpt>
   <trkpt lat="51.184624" lon="9.798549"><ele>319</ele></trkpt>
   <trkpt lat="51.184578" lon="9.798631"><ele>319.5</ele></trkpt>
   <trkpt lat="51.184494" lon="9.798671"><ele>320.5</ele></trkpt>
   <trkpt lat="51.184331" lon="9.798767"><ele>321</ele></trkpt>
   <trkpt lat="51.183264" lon="9.79962"><ele>313.75</ele></trkpt>
   <trkpt lat="51.183222" lon="9.799537"><ele>313.75</ele></trkpt>
   <trkpt lat="51.183089" lon="9.799369"><ele>313.5</ele></trkpt>
   <trkpt lat="51.182912" lon="9.799199"><ele>312.75</ele></trkpt>
   <trkpt lat="51.182777" lon="9.799011"><ele>311.75</ele></trkpt>
   <trkpt lat="51.182645" lon="9.798777"><ele>312</ele></trkpt>
   <trkpt lat="51.181923" lon="9.800001"><ele>310.75</ele></trkpt>
   <trkpt lat="51.181673" lon="9.800381"><ele>311.25</ele></trkpt>
   <trkpt lat="51.181024" lon="9.800858"><ele>309.75</ele></trkpt>
   <trkpt lat="51.180794" lon="9.801073"><ele>309.5</ele></trkpt>
   <trkpt lat="51.18044" lon="9.801523"><ele>308.5</ele></trkpt>
   <trkpt lat="51.18011" lon="9.802049"><ele>308.5</ele></trkpt>
   <trkpt lat="51.179707" lon="9.802765"><ele>306.75</ele></trkpt>
   <trkpt lat="51.179418" lon="9.803399"><ele>306.25</ele></trkpt>
   <trkpt lat="51.179143" lon="9.804123"><ele>305.5</ele></trkpt>
   <trkpt lat="51.17906" lon="9.804401"><ele>306.5</ele></trkpt>
   <trkpt lat="51.178865" lon="9.805199"><ele>305.5</ele></trkpt>
   <trkpt lat="51.178731" lon="9.805709"><ele>305.25</ele></trkpt>
   <trkpt lat="51.178643" lon="9.805998"><ele>304.75</ele></trkpt>
   <trkpt lat="51.178557" lon="9.806093"><ele>304.75</ele></trkpt>
   <trkpt lat="51.178374" lon="9.806159"><ele>305</ele></trkpt>
   <trkpt lat="51.17831" lon="9.806203"><ele>305</ele></trkpt>
   <trkpt lat="51.178275" lon="9.806288"><ele>305</ele></trkpt>
   <trkpt lat="51.178226" lon="9.80626"><ele>304.5</ele></trkpt>
   <trkpt lat="51.17809" lon="9.806139"><ele>304</ele></trkpt>
   <trkpt lat="51.178048" lon="9.806093"><ele>303.75</ele></trkpt>
   <trkpt lat="51.177962" lon="9.806332"><ele>304</ele></trkpt>
   <trkpt lat="51.177926" lon="9.806396"><ele>304.25</ele></trkpt>
   <trkpt lat="51.177831" lon="9.806784"><ele>305</ele></trkpt>
   <trkpt lat="51.17778" lon="9.807382"><ele>306.75</ele></trkpt>
   <trkpt lat="51.177741" lon="9.80801"><ele>307</ele></trkpt>
   <trkpt lat="51.177709" lon="9.80913"><ele>304.25</ele></trkpt>
   <trkpt lat="51.177733" lon="9.810191"><ele>303.75</ele></trkpt>
   <trkpt lat="51.177772" lon="9.810848"><ele>304</ele></trkpt>
   <trkpt lat="51.177783" lon="9.811523"><ele>304.75</ele></trkpt>
   <trkpt lat="51.177748" lon="9.812067"><ele>306.75</ele></trkpt>
   <trkpt lat="51.177692" lon="9.812517"><ele>307.5</ele></trkpt>
   <trkpt lat="51.177662" lon="9.81275"><ele>305.75</ele></trkpt>
   <trkpt lat="51.177616" lon="9.812959"><ele>305</ele></trkpt>
   <trkpt lat="51.177505" lon="9.813208"><ele>304.5</ele></trkpt>
   <trkpt lat="51.177239" lon="9.81361"><ele>304.5</ele></trkpt>
   <trkpt lat="51.176785" lon="9.814155"><ele>303.75</ele></trkpt>
   <trkpt lat="51.176292" lon="9.814607"><ele>304</ele></trkpt>
   <trkpt lat="51.175993" lon="9.814774"><ele>303.75</ele></trkpt>
   <trkpt lat="51.175687" lon="9.81481"><ele>304.75</ele></trkpt>
   <trkpt lat="51.175615" lon="9.814892"><ele>304</ele></trkpt>
   <trkpt lat="51.17557" lon="9.815022"><ele>302.25</ele></trkpt>
   <trkpt lat="51.175498" lon="9.815001"><ele>302.5</ele></trkpt>
   <trkpt lat="51.175349" lon="9.815015"><ele>301.25</ele></trkpt>
   <trkpt lat="51.175225" lon="9.815071"><ele>301</ele></trkpt>
   <trkpt lat="51.175167" lon="9.815127"><ele>301</ele></trkpt>
   <trkpt lat="51.175124" lon="9.815182"><ele>300.25</ele></trkpt>
   <trkpt lat="51.175053" lon="9.81533"><ele>298.25</ele></trkpt>
   <trkpt lat="51.175028" lon="9.81541"><ele>298</ele></trkpt>
   <trkpt lat="51.175008" lon="9.815524"><ele>297.75</ele></trkpt>
   <trkpt lat="51.175008" lon="9.815614"><ele>297.5</ele></trkpt>
   <trkpt lat="51.175016" lon="9.815721"><ele>297</ele></trkpt>
   <trkpt lat="51.175037" lon="9.815808"><ele>296.75</ele></trkpt>
   <trkpt lat="51.17507" lon="9.815894"><ele>296</ele></trkpt>
   <trkpt lat="51.175173" lon="9.816151"><ele>295</ele></trkpt>
   <trkpt lat="51.17523" lon="9.816256"><ele>295</ele></trkpt>
   <trkpt lat="51.175284" lon="9.816332"><ele>295</ele></trkpt>
   <trkpt lat="51.175168" lon="9.816594"><ele>294.5</ele></trkpt>
   <trkpt lat="51.17506" lon="9.816863"><ele>294.75</ele></trkpt>
   <trkpt lat="51.174959" lon="9.817141"><ele>294</ele></trkpt>
   <trkpt lat="51.174868" lon="9.817425"><ele>293.5</ele></trkpt>
   <trkpt lat="51.174789" lon="9.817722"><ele>293.5</ele></trkpt>
   <trkpt lat="51.174722" lon="9.818034"><ele>293</ele></trkpt>
   <trkpt lat="51.174667" lon="9.818363"><ele>292.5</ele></trkpt>
   <trkpt lat="51.174627" lon="9.818716"><ele>291.5</ele></trkpt>
   <trkpt lat="51.174605" lon="9.819034"><ele>291.25</ele></trkpt>
   <trkpt lat="51.174598" lon="9.819426"><ele>290.5</ele></trkpt>
   <trkpt lat="51.174614" lon="9.820445"><ele>289.25</ele></trkpt>
   <trkpt lat="51.174619" lon="9.820859"><ele>288</ele></trkpt>
   <trkpt lat="51.174568" lon="9.82176"><ele>287.25</ele></trkpt>
   <trkpt lat="51.174447" lon="9.822507"><ele>287.75</ele></trkpt>
   <trkpt lat="51.174282" lon="9.823095"><ele>286.25</ele></trkpt>
   <trkpt lat="51.174135" lon="9.823513"><ele>286.5</ele></trkpt>
   <trkpt lat="51.173892" lon="9.824065"><ele>285.5</ele></trkpt>
   <trkpt lat="51.17365" lon="9.824513"><ele>285.5</ele></trkpt>
   <trkpt lat="51.173144" lon="9.825326"><ele>284.5</ele></trkpt>
   <trkpt lat="51.171322" lon="9.827848"><ele>281.25</ele></trkpt>
   <trkpt lat="51.169673" lon="9.830035"><ele>277.25</ele></trkpt>
   <trkpt lat="51.169518" lon="9.830244"><ele>276.5</ele></trkpt>
   <trkpt lat="51.169321" lon="9.83051"><ele>278.25</ele></trkpt>
   <trkpt lat="51.169082" lon="9.830851"><ele>276.5</ele></trkpt>
   <trkpt lat="51.168861" lon="9.831222"><ele>276.5</ele></trkpt>
   <trkpt lat="51.168449" lon="9.831964"><ele>276.25</ele></trkpt>
   <trkpt lat="51.168227" lon="9.832446"><ele>275.5</ele></trkpt>
   <trkpt lat="51.168005" lon="9.832953"><ele>274.5</ele></trkpt>
   <trkpt lat="51.167783" lon="9.83354"><ele>273.75</ele></trkpt>
   <trkpt lat="51.167598" lon="9.834008"><ele>274</ele></trkpt>
   <trkpt lat="51.167436" lon="9.834519"><ele>272.75</ele></trkpt>
   <trkpt lat="51.167303" lon="9.83504"><ele>274.75</ele></trkpt>
   <trkpt lat="51.167158" lon="9.835701"><ele>272.75</ele></trkpt>
   <trkpt lat="51.167025" lon="9.836385"><ele>273.5</ele></trkpt>
   <trkpt lat="51.166773" lon="9.837807"><ele>271.75</ele></trkpt>
   <trkpt lat="51.166467" lon="9.839704"><ele>269.75</ele></trkpt>
   <trkpt lat="51.166399" lon="9.840124"><ele>267</ele></trkpt>
   <trkpt lat="51.166202" lon="9.840985"><ele>267.75</ele></trkpt>
   <trkpt lat="51.165397" lon="9.843745"><ele>264</ele></trkpt>
   <trkpt lat="51.165135" lon="9.844843"><ele>262.75</ele></trkpt>
   <trkpt lat="51.165006" lon="9.845556"><ele>260.75</ele></trkpt>
   <trkpt lat="51.164924" lon="9.846102"><ele>258.75</ele></trkpt>
   <trkpt lat="51.164876" lon="9.846398"><ele>258.25</ele></trkpt>
   <trkpt lat="51.164685" lon="9.847612"><ele>261</ele></trkpt>
   <trkpt lat="51.164545" lon="9.848379"><ele>260.5</ele></trkpt>
   <trkpt lat="51.164416" lon="9.848912"><ele>261.5</ele></trkpt>
   <trkpt lat="51.164326" lon="9.849232"><ele>261.5</ele></trkpt>
   <trkpt lat="51.164043" lon="9.850073"><ele>262</ele></trkpt>
   <trkpt lat="51.163753" lon="9.8508"><ele>262.5</ele></trkpt>
   <trkpt lat="51.163332" lon="9.85161"><ele>262</ele></trkpt>
   <trkpt lat="51.163081" lon="9.852063"><ele>262.5</ele></trkpt>
   <trkpt lat="51.162777" lon="9.852573"><ele>262.25</ele></trkpt>
   <trkpt lat="51.162442" lon="9.853029"><ele>260.5</ele></trkpt>
   <trkpt lat="51.162293" lon="9.85322"><ele>259.25</ele></trkpt>
   <trkpt lat="51.161713" lon="9.853947"><ele>262</ele></trkpt>
   <trkpt lat="51.161112" lon="9.854758"><ele>261</ele></trkpt>
   <trkpt lat="51.161044" lon="9.854627"><ele>260.75</ele></trkpt>
   <trkpt lat="51.160626" lon="9.855303"><ele>261.25</ele></trkpt>
   <trkpt lat="51.160334" lon="9.855831"><ele>259.75</ele></trkpt>
   <trkpt lat="51.159872" lon="9.857064"><ele>256.5</ele></trkpt>
   <trkpt lat="51.159809" lon="9.857263"><ele>255.75</ele></trkpt>
   <trkpt lat="51.159155" lon="9.859362"><ele>253</ele></trkpt>
   <trkpt lat="51.158721" lon="9.859894"><ele>251.75</ele></trkpt>
   <trkpt lat="51.158575" lon="9.860294"><ele>251</ele></trkpt>
   <trkpt lat="51.158472" lon="9.860645"><ele>251.25</ele></trkpt>
   <trkpt lat="51.15838" lon="9.861076"><ele>251</ele></trkpt>
   <trkpt lat="51.158287" lon="9.861372"><ele>250</ele></trkpt>
   <trkpt lat="51.158176" lon="9.861631"><ele>249.5</ele></trkpt>
   <trkpt lat="51.158061" lon="9.861803"><ele>249.5</ele></trkpt>
   <trkpt lat="51.157887" lon="9.861999"><ele>249.25</ele></trkpt>
   <trkpt lat="51.157853" lon="9.862076"><ele>249.25</ele></trkpt>
   <trkpt lat="51.157847" lon="9.862155"><ele>249</ele></trkpt>
   <trkpt lat="51.157846" lon="9.862172"><ele>249</ele></trkpt>
   <trkpt lat="51.157873" lon="9.862254"><ele>248.75</ele></trkpt>
   <trkpt lat="51.157939" lon="9.862364"><ele>248.75</ele></trkpt>
   <trkpt lat="51.157735" lon="9.862799"><ele>248</ele></trkpt>
   <trkpt lat="51.157048" lon="9.864222"><ele>246.5</ele></trkpt>
   <trkpt lat="51.156622" lon="9.865031"><ele>246.25</ele></trkpt>
   <trkpt lat="51.156423" lon="9.865401"><ele>245.75</ele></trkpt>
   <trkpt lat="51.155919" lon="9.866379"><ele>244</ele></trkpt>
   <trkpt lat="51.155736" lon="9.8668"><ele>244.5</ele></trkpt>
   <trkpt lat="51.155292" lon="9.867394"><ele>241.75</ele></trkpt>
   <trkpt lat="51.155221" lon="9.867511"><ele>241</ele></trkpt>
   <trkpt lat="51.155011" lon="9.867811"><ele>241</ele></trkpt>
   <trkpt lat="51.154903" lon="9.867941"><ele>241</ele></trkpt>
   <trkpt lat="51.15472" lon="9.868128"><ele>240.5</ele></trkpt>
   <trkpt lat="51.154253" lon="9.868529"><ele>240</ele></trkpt>
   <trkpt lat="51.153946" lon="9.86881"><ele>239.75</ele></trkpt>
   <trkpt lat="51.153865" lon="9.868921"><ele>239.75</ele></trkpt>
   <trkpt lat="51.153789" lon="9.86911"><ele>239.5</ele></trkpt>
   <trkpt lat="51.153764" lon="9.869173"><ele>239.5</ele></trkpt>
   <trkpt lat="51.153651" lon="9.869118"><ele>239</ele></trkpt>
   <trkpt lat="51.153565" lon="9.869119"><ele>238.75</ele></trkpt>
   <trkpt lat="51.153295" lon="9.869223"><ele>238</ele></trkpt>
   <trkpt lat="51.152882" lon="9.869402"><ele>238</ele></trkpt>
   <trkpt lat="51.152794" lon="9.869459"><ele>237.75</ele></trkpt>
   <trkpt lat="51.153063" lon="9.870165"><ele>236.25</ele></trkpt>
   <trkpt lat="51.153159" lon="9.870382"><ele>236</ele></trkpt>
   <trkpt lat="51.15324" lon="9.870563"><ele>236.5</ele></trkpt>
   <trkpt lat="51.15318" lon="9.87072"><ele>236.75</ele></trkpt>
   <trkpt lat="51.151497" lon="9.872806"><ele>236.25</ele></trkpt>
   <trkpt lat="51.151398" lon="9.873116"><ele>235.75</ele></trkpt>
   <trkpt lat="51.151373" lon="9.873306"><ele>235</ele></trkpt>
   <trkpt lat="51.151335" lon="9.873492"><ele>235.25</ele></trkpt>
   <trkpt lat="51.151261" lon="9.873595"><ele>235</ele></trkpt>
   <trkpt lat="51.150147" lon="9.875143"><ele>233.25</ele></trkpt>
   <trkpt lat="51.149334" lon="9.876532"><ele>232.5</ele></trkpt>
   <trkpt lat="51.149051" lon="9.877101"><ele>232.75</ele></trkpt>
   <trkpt lat="51.148971" lon="9.877161"><ele>232.75</ele></trkpt>
   <trkpt lat="51.148922" lon="9.877123"><ele>232.5</ele></trkpt>
   <trkpt lat="51.148366" lon="9.876291"><ele>232.75</ele></trkpt>
   <trkpt lat="51.148289" lon="9.876252"><ele>232.25</ele></trkpt>
   <trkpt lat="51.14821" lon="9.876289"><ele>232.25</ele></trkpt>
   <trkpt lat="51.148007" lon="9.876537"><ele>235</ele></trkpt>
   <trkpt lat="51.14787" lon="9.876788"><ele>233.5</ele></trkpt>
   <trkpt lat="51.147858" lon="9.876933"><ele>233</ele></trkpt>
   <trkpt lat="51.147906" lon="9.877074"><ele>232.25</ele></trkpt>
   <trkpt lat="51.148017" lon="9.877248"><ele>230.75</ele></trkpt>
   <trkpt lat="51.148018" lon="9.877362"><ele>230.25</ele></trkpt>
   <trkpt lat="51.147254" lon="9.879"><ele>232.25</ele></trkpt>
   <trkpt lat="51.147242" lon="9.879139"><ele>232.75</ele></trkpt>
   <trkpt lat="51.148267" lon="9.879179"><ele>233.5</ele></trkpt>
   <trkpt lat="51.148692" lon="9.879219"><ele>237.25</ele></trkpt>
   <trkpt lat="51.148754" lon="9.879226"><ele>237.5</ele></trkpt>
   <trkpt lat="51.148327" lon="9.880153"><ele>233.25</ele></trkpt>
   <trkpt lat="51.148294" lon="9.880318"><ele>232.5</ele></trkpt>
   <trkpt lat="51.148304" lon="9.880481"><ele>232</ele></trkpt>
   <trkpt lat="51.148334" lon="9.880636"><ele>232</ele></trkpt>
   <trkpt lat="51.148376" lon="9.880764"><ele>232.25</ele></trkpt>
   <trkpt lat="51.148434" lon="9.881043"><ele>233.25</ele></trkpt>
   <trkpt lat="51.148475" lon="9.881419"><ele>234.25</ele></trkpt>
   <trkpt lat="51.148468" lon="9.881719"><ele>234</ele></trkpt>
   <trkpt lat="51.148428" lon="9.882127"><ele>235.25</ele></trkpt>
   <trkpt lat="51.148266" lon="9.883124"><ele>235.5</ele></trkpt>
   <trkpt lat="51.148159" lon="9.883693"><ele>235.75</ele></trkpt>
   <trkpt lat="51.148127" lon="9.883915"><ele>234.75</ele></trkpt>
   <trkpt lat="51.148112" lon="9.884122"><ele>233.5</ele></trkpt>
   <trkpt lat="51.148099" lon="9.884377"><ele>232.25</ele></trkpt>
   <trkpt lat="51.148106" lon="9.884646"><ele>232</ele></trkpt>
   <trkpt lat="51.148123" lon="9.884925"><ele>231.5</ele></trkpt>
   <trkpt lat="51.148194" lon="9.885563"><ele>230.25</ele></trkpt>
   <trkpt lat="51.148351" lon="9.886694"><ele>228</ele></trkpt>
   <trkpt lat="51.148598" lon="9.888098"><ele>225.75</ele></trkpt>
   <trkpt lat="51.148737" lon="9.888747"><ele>226.5</ele></trkpt>
   <trkpt lat="51.148906" lon="9.889219"><ele>225.75</ele></trkpt>
   <trkpt lat="51.149221" lon="9.889966"><ele>225.5</ele></trkpt>
   <trkpt lat="51.149517" lon="9.890873"><ele>226.75</ele></trkpt>
   <trkpt lat="51.149743" lon="9.89174"><ele>229.25</ele></trkpt>
   <trkpt lat="51.149997" lon="9.892977"><ele>231</ele></trkpt>
   <trkpt lat="51.150129" lon="9.893521"><ele>228</ele></trkpt>
   <trkpt lat="51.150233" lon="9.893894"><ele>228.25</ele></trkpt>
   <trkpt lat="51.150364" lon="9.894387"><ele>227</ele></trkpt>
   <trkpt lat="51.150445" lon="9.894872"><ele>224</ele></trkpt>
   <trkpt lat="51.150467" lon="9.895114"><ele>222.5</ele></trkpt>
   <trkpt lat="51.15042" lon="9.895528"><ele>220.5</ele></trkpt>
   <trkpt lat="51.150226" lon="9.896228"><ele>218.75</ele></trkpt>
   <trkpt lat="51.150115" lon="9.896491"><ele>219.5</ele></trkpt>
   <trkpt lat="51.150043" lon="9.896579"><ele>220</ele></trkpt>
   <trkpt lat="51.149733" lon="9.896733"><ele>218.75</ele></trkpt>
   <trkpt lat="51.149919" lon="9.898054"><ele>224</ele></trkpt>
   <trkpt lat="51.149947" lon="9.898308"><ele>224.75</ele></trkpt>
   <trkpt lat="51.149952" lon="9.898633"><ele>225.75</ele></trkpt>
   <trkpt lat="51.14997" lon="9.899097"><ele>226</ele></trkpt>
   <trkpt lat="51.150034" lon="9.899429"><ele>225.75</ele></trkpt>
   <trkpt lat="51.150233" lon="9.900094"><ele>226</ele></trkpt>
   <trkpt lat="51.150411" lon="9.900588"><ele>224.75</ele></trkpt>
   <trkpt lat="51.15063" lon="9.901162"><ele>224</ele></trkpt>
   <trkpt lat="51.150741" lon="9.901505"><ele>221.5</ele></trkpt>
   <trkpt lat="51.150878" lon="9.902115"><ele>220.75</ele></trkpt>
   <trkpt lat="51.150986" lon="9.902846"><ele>220.25</ele></trkpt>
   <trkpt lat="51.15103" lon="9.903624"><ele>220.5</ele></trkpt>
   <trkpt lat="51.151006" lon="9.90477"><ele>219</ele></trkpt>
   <trkpt lat="51.150934" lon="9.905963"><ele>217.25</ele></trkpt>
   <trkpt lat="51.150848" lon="9.90725"><ele>216</ele></trkpt>
   <trkpt lat="51.150683" lon="9.908885"><ele>216.75</ele></trkpt>
   <trkpt lat="51.150529" lon="9.910163"><ele>217.25</ele></trkpt>
   <trkpt lat="51.150458" lon="9.910448"><ele>217</ele></trkpt>
   <trkpt lat="51.150318" lon="9.910949"><ele>216.5</ele></trkpt>
   <trkpt lat="51.150201" lon="9.911308"><ele>216.25</ele></trkpt>
   <trkpt lat="51.150172" lon="9.911373"><ele>216</ele></trkpt>
   <trkpt lat="51.150118" lon="9.911435"><ele>215.75</ele></trkpt>
   <trkpt lat="51.15004" lon="9.911431"><ele>215.25</ele></trkpt>
   <trkpt lat="51.149919" lon="9.911369"><ele>214.25</ele></trkpt>
   <trkpt lat="51.149855" lon="9.911396"><ele>213.75</ele></trkpt>
   <trkpt lat="51.149777" lon="9.911543"><ele>213.75</ele></trkpt>
   <trkpt lat="51.149273" lon="9.912642"><ele>213</ele></trkpt>
   <trkpt lat="51.149139" lon="9.912916"><ele>212.75</ele></trkpt>
   <trkpt lat="51.149053" lon="9.913059"><ele>212.5</ele></trkpt>
   <trkpt lat="51.148917" lon="9.913208"><ele>212.5</ele></trkpt>
   <trkpt lat="51.148739" lon="9.913246"><ele>212.5</ele></trkpt>
   <trkpt lat="51.148574" lon="9.9132"><ele>212.25</ele></trkpt>
   <trkpt lat="51.148322" lon="9.913101"><ele>212</ele></trkpt>
   <trkpt lat="51.148267" lon="9.913116"><ele>212</ele></trkpt>
   <trkpt lat="51.148218" lon="9.913192"><ele>212</ele></trkpt>
   <trkpt lat="51.148118" lon="9.913464"><ele>212</ele></trkpt>
   <trkpt lat="51.147852" lon="9.914242"><ele>212</ele></trkpt>
   <trkpt lat="51.147612" lon="9.914816"><ele>213.25</ele></trkpt>
   <trkpt lat="51.147269" lon="9.915354"><ele>215</ele></trkpt>
   <trkpt lat="51.147077" lon="9.91585"><ele>215</ele></trkpt>
   <trkpt lat="51.147013" lon="9.915954"><ele>215</ele></trkpt>
   <trkpt lat="51.146776" lon="9.916216"><ele>214.25</ele></trkpt>
   <trkpt lat="51.146701" lon="9.91636"><ele>214</ele></trkpt>
   <trkpt lat="51.146619" lon="9.91658"><ele>213.75</ele></trkpt>
   <trkpt lat="51.146325" lon="9.917741"><ele>213</ele></trkpt>
   <trkpt lat="51.14621" lon="9.918319"><ele>212</ele></trkpt>
   <trkpt lat="51.146145" lon="9.918602"><ele>211.25</ele></trkpt>
   <trkpt lat="51.145924" lon="9.91926"><ele>211</ele></trkpt>
   <trkpt lat="51.145562" lon="9.920271"><ele>210</ele></trkpt>
   <trkpt lat="51.145269" lon="9.920919"><ele>210.75</ele></trkpt>
   <trkpt lat="51.144915" lon="9.9216"><ele>210.75</ele></trkpt>
   <trkpt lat="51.144692" lon="9.921941"><ele>209.75</ele></trkpt>
   <trkpt lat="51.144115" lon="9.922753"><ele>209.5</ele></trkpt>
   <trkpt lat="51.143433" lon="9.923933"><ele>208.75</ele></trkpt>
   <trkpt lat="51.143326" lon="9.92415"><ele>207.75</ele></trkpt>
   <trkpt lat="51.143084" lon="9.924697"><ele>207.25</ele></trkpt>
   <trkpt lat="51.143396" lon="9.924987"><ele>209.25</ele></trkpt>
   <trkpt lat="51.143307" lon="9.925202"><ele>208.75</ele></trkpt>
   <trkpt lat="51.143182" lon="9.92553"><ele>211</ele></trkpt>
   <trkpt lat="51.143053" lon="9.925897"><ele>211.75</ele></trkpt>
   <trkpt lat="51.142941" lon="9.926437"><ele>212.25</ele></trkpt>
   <trkpt lat="51.142875" lon="9.926928"><ele>212.5</ele></trkpt>
   <trkpt lat="51.142773" lon="9.927941"><ele>212.75</ele></trkpt>
   <trkpt lat="51.142557" lon="9.929913"><ele>210.25</ele></trkpt>
   <trkpt lat="51.142543" lon="9.930668"><ele>208.75</ele></trkpt>
   <trkpt lat="51.142512" lon="9.93088"><ele>207.5</ele></trkpt>
   <trkpt lat="51.142482" lon="9.931008"><ele>207.25</ele></trkpt>
   <trkpt lat="51.14239" lon="9.93137"><ele>207</ele></trkpt>
   <trkpt lat="51.142301" lon="9.931934"><ele>206.5</ele></trkpt>
   <trkpt lat="51.142252" lon="9.931998"><ele>206</ele></trkpt>
   <trkpt lat="51.142048" lon="9.933312"><ele>205</ele></trkpt>
   <trkpt lat="51.141943" lon="9.93371"><ele>204.25</ele></trkpt>
   <trkpt lat="51.141056" lon="9.935797"><ele>204.25</ele></trkpt>
   <trkpt lat="51.140892" lon="9.936167"><ele>204.75</ele></trkpt>
   <trkpt lat="51.140544" lon="9.936874"><ele>203.5</ele></trkpt>
   <trkpt lat="51.140229" lon="9.937387"><ele>204.25</ele></trkpt>
   <trkpt lat="51.140143" lon="9.937525"><ele>204.5</ele></trkpt>
   <trkpt lat="51.139525" lon="9.938329"><ele>202.25</ele></trkpt>
   <trkpt lat="51.139498" lon="9.938281"><ele>202</ele></trkpt>
   <trkpt lat="51.139458" lon="9.938224"><ele>201.5</ele></trkpt>
   <trkpt lat="51.139429" lon="9.938273"><ele>201.5</ele></trkpt>
   <trkpt lat="51.139321" lon="9.938446"><ele>201.5</ele></trkpt>
   <trkpt lat="51.139243" lon="9.93855"><ele>201.25</ele></trkpt>
   <trkpt lat="51.13918" lon="9.938692"><ele>201</ele></trkpt>
   <trkpt lat="51.139071" lon="9.939064"><ele>199.75</ele></trkpt>
   <trkpt lat="51.138764" lon="9.940697"><ele>199.5</ele></trkpt>
   <trkpt lat="51.138572" lon="9.941563"><ele>199.25</ele></trkpt>
   <trkpt lat="51.137941" lon="9.944962"><ele>199.5</ele></trkpt>
   <trkpt lat="51.137393" lon="9.945019"><ele>197.75</ele></trkpt>
   <trkpt lat="51.137239" lon="9.945051"><ele>197.75</ele></trkpt>
   <trkpt lat="51.137001" lon="9.945134"><ele>197</ele></trkpt>
   <trkpt lat="51.1366" lon="9.945315"><ele>196.5</ele></trkpt>
   <trkpt lat="51.136297" lon="9.945529"><ele>195.5</ele></trkpt>
   <trkpt lat="51.136259" lon="9.945591"><ele>195.25</ele></trkpt>
   <trkpt lat="51.135802" lon="9.946061"><ele>194.75</ele></trkpt>
   <trkpt lat="51.135599" lon="9.946188"><ele>194.5</ele></trkpt>
   <trkpt lat="51.13526" lon="9.946322"><ele>193.25</ele></trkpt>
   <trkpt lat="51.135149" lon="9.946366"><ele>193.75</ele></trkpt>
   <trkpt lat="51.134671" lon="9.946555"><ele>195.25</ele></trkpt>
   <trkpt lat="51.13468" lon="9.946663"><ele>195</ele></trkpt>
   <trkpt lat="51.134793" lon="9.947627"><ele>196.75</ele></trkpt>
   <trkpt lat="51.13478" lon="9.947932"><ele>197.25</ele></trkpt>
   <trkpt lat="51.134668" lon="9.948845"><ele>197.5</ele></trkpt>
   <trkpt lat="51.134456" lon="9.950106"><ele>196.5</ele></trkpt>
   <trkpt lat="51.134614" lon="9.95132"><ele>192.5</ele></trkpt>
   <trkpt lat="51.134852" lon="9.953426"><ele>192</ele></trkpt>
   <trkpt lat="51.135041" lon="9.95417"><ele>191.75</ele></trkpt>
   <trkpt lat="51.135239" lon="9.955002"><ele>191</ele></trkpt>
   <trkpt lat="51.135269" lon="9.955269"><ele>191</ele></trkpt>
   <trkpt lat="51.135224" lon="9.955675"><ele>191</ele></trkpt>
   <trkpt lat="51.135141" lon="9.956213"><ele>190.75</ele></trkpt>
   <trkpt lat="51.135135" lon="9.956763"><ele>189.75</ele></trkpt>
   <trkpt lat="51.135189" lon="9.957352"><ele>189.25</ele></trkpt>
   <trkpt lat="51.135184" lon="9.957621"><ele>189.25</ele></trkpt>
   <trkpt lat="51.135152" lon="9.957763"><ele>189.25</ele></trkpt>
   <trkpt lat="51.135087" lon="9.957917"><ele>189.75</ele></trkpt>
   <trkpt lat="51.135008" lon="9.958241"><ele>190</ele></trkpt>
   <trkpt lat="51.135004" lon="9.958419"><ele>190</ele></trkpt>
   <trkpt lat="51.13502" lon="9.958911"><ele>189.75</ele></trkpt>
   <trkpt lat="51.134988" lon="9.95912"><ele>189</ele></trkpt>
   <trkpt lat="51.134899" lon="9.959344"><ele>189.25</ele></trkpt>
   <trkpt lat="51.134795" lon="9.959513"><ele>189.5</ele></trkpt>
   <trkpt lat="51.134711" lon="9.959674"><ele>189</ele></trkpt>
   <trkpt lat="51.134668" lon="9.959823"><ele>188.5</ele></trkpt>
   <trkpt lat="51.13465" lon="9.959991"><ele>188.25</ele></trkpt>
   <trkpt lat="51.134651" lon="9.960104"><ele>188.25</ele></trkpt>
   <trkpt lat="51.13466" lon="9.960219"><ele>188</ele></trkpt>
   <trkpt lat="51.134763" lon="9.960571"><ele>188.75</ele></trkpt>
   <trkpt lat="51.134936" lon="9.960894"><ele>188.25</ele></trkpt>
   <trkpt lat="51.135073" lon="9.961167"><ele>188.75</ele></trkpt>
   <trkpt lat="51.135199" lon="9.961456"><ele>188.25</ele></trkpt>
   <trkpt lat="51.135322" lon="9.96216"><ele>187.75</ele></trkpt>
   <trkpt lat="51.135445" lon="9.96252"><ele>188</ele></trkpt>
   <trkpt lat="51.135521" lon="9.962814"><ele>188</ele></trkpt>
   <trkpt lat="51.135531" lon="9.962991"><ele>188</ele></trkpt>
   <trkpt lat="51.135507" lon="9.963139"><ele>188</ele></trkpt>
   <trkpt lat="51.13542" lon="9.963462"><ele>188</ele></trkpt>
   <trkpt lat="51.135326" lon="9.96366"><ele>187.75</ele></trkpt>
   <trkpt lat="51.135139" lon="9.964056"><ele>187.75</ele></trkpt>
   <trkpt lat="51.135029" lon="9.96434"><ele>188</ele></trkpt>
   <trkpt lat="51.134987" lon="9.964586"><ele>187.5</ele></trkpt>
   <trkpt lat="51.134941" lon="9.965104"><ele>187</ele></trkpt>
   <trkpt lat="51.134938" lon="9.965608"><ele>187</ele></trkpt>
   <trkpt lat="51.13477" lon="9.967078"><ele>186.5</ele></trkpt>
   <trkpt lat="51.134693" lon="9.967374"><ele>186</ele></trkpt>
   <trkpt lat="51.134372" lon="9.968155"><ele>186.5</ele></trkpt>
   <trkpt lat="51.134334" lon="9.968309"><ele>186.75</ele></trkpt>
   <trkpt lat="51.13431" lon="9.968502"><ele>186.5</ele></trkpt>
   <trkpt lat="51.134307" lon="9.968707"><ele>186.25</ele></trkpt>
   <trkpt lat="51.134305" lon="9.968804"><ele>186.5</ele></trkpt>
   <trkpt lat="51.134066" lon="9.968943"><ele>187.5</ele></trkpt>
   <trkpt lat="51.133944" lon="9.969031"><ele>187.25</ele></trkpt>
   <trkpt lat="51.133609" lon="9.96924"><ele>187.25</ele></trkpt>
   <trkpt lat="51.133128" lon="9.969548"><ele>187.5</ele></trkpt>
   <trkpt lat="51.131864" lon="9.970333"><ele>187.75</ele></trkpt>
   <trkpt lat="51.131391" lon="9.970619"><ele>187.75</ele></trkpt>
   <trkpt lat="51.130348" lon="9.971279"><ele>188.75</ele></trkpt>
   <trkpt lat="51.129754" lon="9.971747"><ele>188.75</ele></trkpt>
   <trkpt lat="51.129452" lon="9.971952"><ele>188.75</ele></trkpt>
   <trkpt lat="51.129232" lon="9.972046"><ele>188.75</ele></trkpt>
   <trkpt lat="51.128743" lon="9.972078"><ele>189</ele></trkpt>
   <trkpt lat="51.128716" lon="9.972092"><ele>189</ele></trkpt>
   <trkpt lat="51.128688" lon="9.972129"><ele>189</ele></trkpt>
   <trkpt lat="51.12866" lon="9.972205"><ele>189</ele></trkpt>
   <trkpt lat="51.128513" lon="9.972164"><ele>189</ele></trkpt>
   <trkpt lat="51.128302" lon="9.97204"><ele>189</ele></trkpt>
   <trkpt lat="51.128259" lon="9.971917"><ele>189</ele></trkpt>
   <trkpt lat="51.12817" lon="9.97184"><ele>189.25</ele></trkpt>
   <trkpt lat="51.128113" lon="9.971812"><ele>189.25</ele></trkpt>
   <trkpt lat="51.127944" lon="9.971758"><ele>189.5</ele></trkpt>
   <trkpt lat="51.127808" lon="9.971641"><ele>190</ele></trkpt>
   <trkpt lat="51.127552" lon="9.971152"><ele>190.5</ele></trkpt>
   <trkpt lat="51.127505" lon="9.970935"><ele>190.75</ele></trkpt>
   <trkpt lat="51.127327" lon="9.97055"><ele>191</ele></trkpt>
   <trkpt lat="51.127169" lon="9.970246"><ele>191</ele></trkpt>
   <trkpt lat="51.126848" lon="9.969662"><ele>191.25</ele></trkpt>
   <trkpt lat="51.126651" lon="9.969369"><ele>190.75</ele></trkpt>
   <trkpt lat="51.126273" lon="9.969"><ele>190.75</ele></trkpt>
   <trkpt lat="51.126193" lon="9.968933"><ele>190.75</ele></trkpt>
   <trkpt lat="51.126084" lon="9.968856"><ele>191</ele></trkpt>
   <trkpt lat="51.126" lon="9.96881"><ele>190.75</ele></trkpt>
   <trkpt lat="51.125927" lon="9.968791"><ele>190.75</ele></trkpt>
   <trkpt lat="51.125063" lon="9.968621"><ele>191.5</ele></trkpt>
   <trkpt lat="51.124671" lon="9.968565"><ele>191.25</ele></trkpt>
   <trkpt lat="51.12453" lon="9.968562"><ele>191.75</ele></trkpt>
   <trkpt lat="51.124386" lon="9.968578"><ele>192</ele></trkpt>
   <trkpt lat="51.12425" lon="9.968611"><ele>192</ele></trkpt>
   <trkpt lat="51.123908" lon="9.968713"><ele>191.5</ele></trkpt>
   <trkpt lat="51.123624" lon="9.968798"><ele>191.5</ele></trkpt>
   <trkpt lat="51.122537" lon="9.969121"><ele>192.25</ele></trkpt>
   <trkpt lat="51.121635" lon="9.969508"><ele>192.75</ele></trkpt>
   <trkpt lat="51.120868" lon="9.969877"><ele>193.25</ele></trkpt>
   <trkpt lat="51.12007" lon="9.970368"><ele>196.25</ele></trkpt>
   <trkpt lat="51.120048" lon="9.970373"><ele>196.5</ele></trkpt>
   <trkpt lat="51.119992" lon="9.970384"><ele>196.75</ele></trkpt>
   <trkpt lat="51.119861" lon="9.970394"><ele>196.25</ele></trkpt>
   <trkpt lat="51.119553" lon="9.970342"><ele>195.5</ele></trkpt>
   <trkpt lat="51.119181" lon="9.970336"><ele>194.75</ele></trkpt>
   <trkpt lat="51.118972" lon="9.970348"><ele>194.5</ele></trkpt>
   <trkpt lat="51.118763" lon="9.970385"><ele>194.5</ele></trkpt>
   <trkpt lat="51.11863" lon="9.970426"><ele>194.25</ele></trkpt>
   <trkpt lat="51.118227" lon="9.970624"><ele>195</ele></trkpt>
   <trkpt lat="51.1178" lon="9.970904"><ele>195.5</ele></trkpt>
   <trkpt lat="51.117177" lon="9.971323"><ele>195.5</ele></trkpt>
   <trkpt lat="51.116946" lon="9.971492"><ele>196</ele></trkpt>
   <trkpt lat="51.116879" lon="9.971572"><ele>196</ele></trkpt>
   <trkpt lat="51.116613" lon="9.971832"><ele>196</ele></trkpt>
   <trkpt lat="51.116103" lon="9.972129"><ele>196.25</ele></trkpt>
   <trkpt lat="51.1156" lon="9.972361"><ele>196.25</ele></trkpt>
   <trkpt lat="51.115159" lon="9.972489"><ele>196.5</ele></trkpt>
   <trkpt lat="51.114882" lon="9.9725"><ele>197</ele></trkpt>
   <trkpt lat="51.114141" lon="9.972217"><ele>200</ele></trkpt>
   <trkpt lat="51.113927" lon="9.972048"><ele>201</ele></trkpt>
   <trkpt lat="51.11374" lon="9.971867"><ele>201.25</ele></trkpt>
   <trkpt lat="51.113631" lon="9.97171"><ele>201.75</ele></trkpt>
   <trkpt lat="51.11347" lon="9.971333"><ele>202.25</ele></trkpt>
   <trkpt lat="51.113182" lon="9.971015"><ele>201.25</ele></trkpt>
   <trkpt lat="51.11299" lon="9.970841"><ele>200.75</ele></trkpt>
   <trkpt lat="51.112774" lon="9.970758"><ele>200.25</ele></trkpt>
   <trkpt lat="51.112703" lon="9.970782"><ele>200.25</ele></trkpt>
   <trkpt lat="51.112622" lon="9.970845"><ele>200.5</ele></trkpt>
   <trkpt lat="51.112408" lon="9.971084"><ele>197.5</ele></trkpt>
   <trkpt lat="51.112343" lon="9.971131"><ele>196.75</ele></trkpt>
   <trkpt lat="51.112252" lon="9.971197"><ele>196.25</ele></trkpt>
   <trkpt lat="51.11222" lon="9.971216"><ele>196.25</ele></trkpt>
   <trkpt lat="51.112082" lon="9.970919"><ele>196.75</ele></trkpt>
   <trkpt lat="51.111934" lon="9.970644"><ele>195.5</ele></trkpt>
   <trkpt lat="51.111693" lon="9.970257"><ele>196.25</ele></trkpt>
   <trkpt lat="51.111486" lon="9.969953"><ele>196.75</ele></trkpt>
   <trkpt lat="51.111166" lon="9.969511"><ele>196.75</ele></trkpt>
   <trkpt lat="51.110976" lon="9.969414"><ele>196.5</ele></trkpt>
   <trkpt lat="51.110606" lon="9.969261"><ele>198.25</ele></trkpt>
   <trkpt lat="51.110454" lon="9.969101"><ele>198.5</ele></trkpt>
   <trkpt lat="51.110338" lon="9.968955"><ele>198</ele></trkpt>
   <trkpt lat="51.110274" lon="9.968838"><ele>197.5</ele></trkpt>
   <trkpt lat="51.11026" lon="9.968777"><ele>197.25</ele></trkpt>
   <trkpt lat="51.110231" lon="9.968743"><ele>197</ele></trkpt>
   <trkpt lat="51.110198" lon="9.968753"><ele>197.25</ele></trkpt>
   <trkpt lat="51.11016" lon="9.968809"><ele>197.75</ele></trkpt>
   <trkpt lat="51.109998" lon="9.96894"><ele>198</ele></trkpt>
   <trkpt lat="51.109785" lon="9.96897"><ele>198.75</ele></trkpt>
   <trkpt lat="51.109692" lon="9.96896"><ele>199</ele></trkpt>
   <trkpt lat="51.109565" lon="9.969027"><ele>199</ele></trkpt>
   <trkpt lat="51.109107" lon="9.969358"><ele>199</ele></trkpt>
   <trkpt lat="51.108271" lon="9.969983"><ele>201.25</ele></trkpt>
   <trkpt lat="51.108096" lon="9.969672"><ele>202.5</ele></trkpt>
   <trkpt lat="51.107971" lon="9.969506"><ele>202.75</ele></trkpt>
   <trkpt lat="51.107843" lon="9.969375"><ele>203.25</ele></trkpt>
   <trkpt lat="51.107686" lon="9.969186"><ele>203.25</ele></trkpt>
   <trkpt lat="51.10756" lon="9.969022"><ele>203.75</ele></trkpt>
   <trkpt lat="51.107345" lon="9.968776"><ele>203.25</ele></trkpt>
   <trkpt lat="51.107153" lon="9.9686"><ele>202.5</ele></trkpt>
   <trkpt lat="51.106862" lon="9.968372"><ele>202</ele></trkpt>
   <trkpt lat="51.106661" lon="9.968451"><ele>202.25</ele></trkpt>
   <trkpt lat="51.106487" lon="9.96848"><ele>202.5</ele></trkpt>
   <trkpt lat="51.106315" lon="9.9684"><ele>202</ele></trkpt>
   <trkpt lat="51.106248" lon="9.968442"><ele>202.25</ele></trkpt>
   <trkpt lat="51.10615" lon="9.968571"><ele>202.75</ele></trkpt>
   <trkpt lat="51.106061" lon="9.968721"><ele>203.25</ele></trkpt>
   <trkpt lat="51.105983" lon="9.969034"><ele>205.25</ele></trkpt>
   <trkpt lat="51.105934" lon="9.969179"><ele>206.25</ele></trkpt>
   <trkpt lat="51.105807" lon="9.96934"><ele>207.25</ele></trkpt>
   <trkpt lat="51.105683" lon="9.969439"><ele>207.75</ele></trkpt>
   <trkpt lat="51.105365" lon="9.96961"><ele>211.25</ele></trkpt>
   <trkpt lat="51.105298" lon="9.969402"><ele>210.5</ele></trkpt>
   <trkpt lat="51.105216" lon="9.96923"><ele>209.75</ele></trkpt>
   <trkpt lat="51.105078" lon="9.969137"><ele>209</ele></trkpt>
   <trkpt lat="51.104887" lon="9.96914"><ele>208.5</ele></trkpt>
   <trkpt lat="51.104212" lon="9.969318"><ele>209.25</ele></trkpt>
   <trkpt lat="51.10388" lon="9.969339"><ele>208.25</ele></trkpt>
   <trkpt lat="51.102918" lon="9.969157"><ele>208.25</ele></trkpt>
   <trkpt lat="51.102182" lon="9.969281"><ele>209.25</ele></trkpt>
   <trkpt lat="51.101217" lon="9.969913"><ele>209.25</ele></trkpt>
   <trkpt lat="51.100906" lon="9.970202"><ele>208.25</ele></trkpt>
   <trkpt lat="51.100727" lon="9.970282"><ele>206.25</ele></trkpt>
   <trkpt lat="51.100282" lon="9.970709"><ele>206</ele></trkpt>
   <trkpt lat="51.100153" lon="9.970913"><ele>207.25</ele></trkpt>
   <trkpt lat="51.099663" lon="9.971582"><ele>209.5</ele></trkpt>
   <trkpt lat="51.098894" lon="9.97255"><ele>209</ele></trkpt>
   <trkpt lat="51.098321" lon="9.973365"><ele>210.25</ele></trkpt>
   <trkpt lat="51.098018" lon="9.97388"><ele>211.25</ele></trkpt>
   <trkpt lat="51.097736" lon="9.974318"><ele>212</ele></trkpt>
   <trkpt lat="51.096866" lon="9.975242"><ele>215</ele></trkpt>
   <trkpt lat="51.096052" lon="9.976019"><ele>214.75</ele></trkpt>
   <trkpt lat="51.095681" lon="9.976403"><ele>214.5</ele></trkpt>
   <trkpt lat="51.095114" lon="9.976959"><ele>214.75</ele></trkpt>
   <trkpt lat="51.094833" lon="9.977268"><ele>215.25</ele></trkpt>
   <trkpt lat="51.094615" lon="9.977581"><ele>215.5</ele></trkpt>
   <trkpt lat="51.09444" lon="9.977785"><ele>215.75</ele></trkpt>
   <trkpt lat="51.09417" lon="9.978032"><ele>214.75</ele></trkpt>
   <trkpt lat="51.093908" lon="9.978247"><ele>216</ele></trkpt>
   <trkpt lat="51.093479" lon="9.978339"><ele>214</ele></trkpt>
   <trkpt lat="51.093065" lon="9.978322"><ele>212.75</ele></trkpt>
   <trkpt lat="51.092499" lon="9.978268"><ele>212.75</ele></trkpt>
   <trkpt lat="51.091596" lon="9.978279"><ele>213.75</ele></trkpt>
   <trkpt lat="51.090835" lon="9.978311"><ele>214.75</ele></trkpt>
   <trkpt lat="51.090582" lon="9.978283"><ele>215.5</ele></trkpt>
   <trkpt lat="51.090021" lon="9.97808"><ele>216.25</ele></trkpt>
   <trkpt lat="51.089771" lon="9.977999"><ele>216.75</ele></trkpt>
   <trkpt lat="51.089582" lon="9.977957"><ele>217</ele></trkpt>
   <trkpt lat="51.089234" lon="9.97791"><ele>218</ele></trkpt>
   <trkpt lat="51.089144" lon="9.977878"><ele>218.25</ele></trkpt>
   <trkpt lat="51.088993" lon="9.977738"><ele>219.75</ele></trkpt>
   <trkpt lat="51.088901" lon="9.977629"><ele>220</ele></trkpt>
   <trkpt lat="51.088706" lon="9.977926"><ele>222</ele></trkpt>
   <trkpt lat="51.088582" lon="9.978089"><ele>223.25</ele></trkpt>
   <trkpt lat="51.088246" lon="9.978457"><ele>223.5</ele></trkpt>
   <trkpt lat="51.088091" lon="9.978658"><ele>223.25</ele></trkpt>
   <trkpt lat="51.088023" lon="9.978761"><ele>222.75</ele></trkpt>
   <trkpt lat="51.08791" lon="9.978964"><ele>222.25</ele></trkpt>
   <trkpt lat="51.087859" lon="9.978874"><ele>222.25</ele></trkpt>
   <trkpt lat="51.087824" lon="9.978786"><ele>222</ele></trkpt>
   <trkpt lat="51.0878" lon="9.978685"><ele>222</ele></trkpt>
   <trkpt lat="51.087803" lon="9.978561"><ele>221.75</ele></trkpt>
   <trkpt lat="51.087831" lon="9.978452"><ele>221.5</ele></trkpt>
   <trkpt lat="51.087805" lon="9.978429"><ele>221.25</ele></trkpt>
   <trkpt lat="51.087775" lon="9.978414"><ele>221.25</ele></trkpt>
   <trkpt lat="51.087745" lon="9.978411"><ele>221</ele></trkpt>
   <trkpt lat="51.087688" lon="9.978426"><ele>220.5</ele></trkpt>
   <trkpt lat="51.087637" lon="9.978468"><ele>220</ele></trkpt>
   <trkpt lat="51.087594" lon="9.978554"><ele>219.75</ele></trkpt>
   <trkpt lat="51.087415" lon="9.979189"><ele>219.5</ele></trkpt>
   <trkpt lat="51.087423" lon="9.979274"><ele>219.5</ele></trkpt>
   <trkpt lat="51.087493" lon="9.979385"><ele>219.75</ele></trkpt>
   <trkpt lat="51.087535" lon="9.979489"><ele>220.25</ele></trkpt>
   <trkpt lat="51.087545" lon="9.979606"><ele>220.25</ele></trkpt>
   <trkpt lat="51.087471" lon="9.979921"><ele>220.5</ele></trkpt>
   <trkpt lat="51.087333" lon="9.980334"><ele>220.25</ele></trkpt>
   <trkpt lat="51.087158" lon="9.980796"><ele>219.25</ele></trkpt>
   <trkpt lat="51.086846" lon="9.981476"><ele>220.5</ele></trkpt>
   <trkpt lat="51.086632" lon="9.981848"><ele>220.5</ele></trkpt>
   <trkpt lat="51.086465" lon="9.982133"><ele>220.75</ele></trkpt>
   <trkpt lat="51.085961" lon="9.982829"><ele>221.5</ele></trkpt>
   <trkpt lat="51.085107" lon="9.983982"><ele>221.5</ele></trkpt>
   <trkpt lat="51.085028" lon="9.984121"><ele>221.75</ele></trkpt>
   <trkpt lat="51.084201" lon="9.985413"><ele>223</ele></trkpt>
   <trkpt lat="51.083988" lon="9.985706"><ele>223</ele></trkpt>
   <trkpt lat="51.083686" lon="9.986026"><ele>223.5</ele></trkpt>
   <trkpt lat="51.0824" lon="9.987201"><ele>224.5</ele></trkpt>
   <trkpt lat="51.082089" lon="9.98745"><ele>225</ele></trkpt>
   <trkpt lat="51.081529" lon="9.987724"><ele>225.75</ele></trkpt>
   <trkpt lat="51.081182" lon="9.987804"><ele>226</ele></trkpt>
   <trkpt lat="51.080868" lon="9.987828"><ele>226</ele></trkpt>
   <trkpt lat="51.080056" lon="9.988016"><ele>227.5</ele></trkpt>
   <trkpt lat="51.078631" lon="9.988469"><ele>228.25</ele></trkpt>
   <trkpt lat="51.077242" lon="9.988795"><ele>229.5</ele></trkpt>
   <trkpt lat="51.076305" lon="9.988988"><ele>232.5</ele></trkpt>
   <trkpt lat="51.075781" lon="9.989134"><ele>235</ele></trkpt>
   <trkpt lat="51.07526" lon="9.989324"><ele>236.5</ele></trkpt>
   <trkpt lat="51.07472" lon="9.989722"><ele>238.75</ele></trkpt>
   <trkpt lat="51.074521" lon="9.989845"><ele>238</ele></trkpt>
   <trkpt lat="51.07443" lon="9.989932"><ele>238</ele></trkpt>
   <trkpt lat="51.074054" lon="9.990528"><ele>237.25</ele></trkpt>
   <trkpt lat="51.07369" lon="9.991171"><ele>236</ele></trkpt>
   <trkpt lat="51.073414" lon="9.991759"><ele>236.5</ele></trkpt>
   <trkpt lat="51.073062" lon="9.992641"><ele>236</ele></trkpt>
   <trkpt lat="51.072848" lon="9.993142"><ele>237.25</ele></trkpt>
   <trkpt lat="51.072626" lon="9.993532"><ele>237.75</ele></trkpt>
   <trkpt lat="51.072408" lon="9.993863"><ele>238</ele></trkpt>
   <trkpt lat="51.072362" lon="9.993905"><ele>238</ele></trkpt>
   <trkpt lat="51.072309" lon="9.993909"><ele>237.5</ele></trkpt>
   <trkpt lat="51.072113" lon="9.993823"><ele>236.5</ele></trkpt>
   <trkpt lat="51.07202" lon="9.993802"><ele>236.25</ele></trkpt>
   <trkpt lat="51.071882" lon="9.993802"><ele>235.75</ele></trkpt>
   <trkpt lat="51.071817" lon="9.993814"><ele>235.75</ele></trkpt>
   <trkpt lat="51.071743" lon="9.993843"><ele>235.75</ele></trkpt>
   <trkpt lat="51.071688" lon="9.993923"><ele>236</ele></trkpt>
   <trkpt lat="51.07163" lon="9.994042"><ele>235.75</ele></trkpt>
   <trkpt lat="51.071612" lon="9.99423"><ele>236</ele></trkpt>
   <trkpt lat="51.071645" lon="9.994375"><ele>236.5</ele></trkpt>
   <trkpt lat="51.071731" lon="9.994641"><ele>237.75</ele></trkpt>
   <trkpt lat="51.071764" lon="9.994778"><ele>238</ele></trkpt>
   <trkpt lat="51.071801" lon="9.994905"><ele>238.5</ele></trkpt>
   <trkpt lat="51.071828" lon="9.995004"><ele>239</ele></trkpt>
   <trkpt lat="51.07185" lon="9.995124"><ele>239.5</ele></trkpt>
   <trkpt lat="51.071859" lon="9.995253"><ele>240.25</ele></trkpt>
   <trkpt lat="51.071857" lon="9.995427"><ele>241.75</ele></trkpt>
   <trkpt lat="51.071836" lon="9.995583"><ele>243</ele></trkpt>
   <trkpt lat="51.071728" lon="9.995847"><ele>244.75</ele></trkpt>
   <trkpt lat="51.071528" lon="9.996187"><ele>246</ele></trkpt>
   <trkpt lat="51.071093" lon="9.996757"><ele>248.5</ele></trkpt>
   <trkpt lat="51.07039" lon="9.997476"><ele>252</ele></trkpt>
   <trkpt lat="51.070241" lon="9.997657"><ele>252.75</ele></trkpt>
   <trkpt lat="51.07002" lon="9.99779"><ele>253</ele></trkpt>
   <trkpt lat="51.069671" lon="9.997899"><ele>253.25</ele></trkpt>
   <trkpt lat="51.069281" lon="9.998082"><ele>254</ele></trkpt>
   <trkpt lat="51.069108" lon="9.998225"><ele>254.5</ele></trkpt>
   <trkpt lat="51.069047" lon="9.998317"><ele>255.25</ele></trkpt>
   <trkpt lat="51.068605" lon="9.998381"><ele>254.5</ele></trkpt>
   <trkpt lat="51.068128" lon="9.998518"><ele>253.75</ele></trkpt>
   <trkpt lat="51.067626" lon="9.999104"><ele>252</ele></trkpt>
   <trkpt lat="51.067215" lon="9.999479"><ele>250</ele></trkpt>
   <trkpt lat="51.067114" lon="9.999544"><ele>250</ele></trkpt>
   <trkpt lat="51.066667" lon="9.999809"><ele>247.25</ele></trkpt>
   <trkpt lat="51.066522" lon="9.999917"><ele>247</ele></trkpt>
   <trkpt lat="51.066328" lon="10"><ele>246.75</ele></trkpt>
   <trkpt lat="51.065866" lon="10.000178"><ele>245.75</ele></trkpt>
   <trkpt lat="51.06556" lon="10.000265"><ele>243.75</ele></trkpt>
   <trkpt lat="51.065483" lon="10.000303"><ele>243.5</ele></trkpt>
   <trkpt lat="51.065281" lon="10.000306"><ele>243</ele></trkpt>
   <trkpt lat="51.065083" lon="10.000303"><ele>242.75</ele></trkpt>
   <trkpt lat="51.065052" lon="10.000294"><ele>243</ele></trkpt>
   <trkpt lat="51.064466" lon="10.000121"><ele>243.5</ele></trkpt>
   <trkpt lat="51.064187" lon="10.000024"><ele>243.75</ele></trkpt>
   <trkpt lat="51.064043" lon="9.999985"><ele>244</ele></trkpt>
   <trkpt lat="51.063968" lon="9.999973"><ele>243.75</ele></trkpt>
   <trkpt lat="51.063562" lon="9.999949"><ele>244</ele></trkpt>
   <trkpt lat="51.063224" lon="9.99988"><ele>244.75</ele></trkpt>
   <trkpt lat="51.062966" lon="9.999767"><ele>245.5</ele></trkpt>
   <trkpt lat="51.062315" lon="9.999533"><ele>246</ele></trkpt>
   <trkpt lat="51.062153" lon="9.99956"><ele>246</ele></trkpt>
   <trkpt lat="51.061971" lon="9.999522"><ele>246.25</ele></trkpt>
   <trkpt lat="51.061617" lon="9.999506"><ele>247.5</ele></trkpt>
   <trkpt lat="51.061351" lon="9.999576"><ele>248.75</ele></trkpt>
   <trkpt lat="51.060819" lon="9.99987"><ele>251</ele></trkpt>
   <trkpt lat="51.060705" lon="9.999895"><ele>250.75</ele></trkpt>
   <trkpt lat="51.060588" lon="10.000017"><ele>251.25</ele></trkpt>
   <trkpt lat="51.060368" lon="10.000255"><ele>251.75</ele></trkpt>
   <trkpt lat="51.059996" lon="10.000691"><ele>253.25</ele></trkpt>
   <trkpt lat="51.058927" lon="10.001803"><ele>253.5</ele></trkpt>
   <trkpt lat="51.058229" lon="10.002517"><ele>252.25</ele></trkpt>
   <trkpt lat="51.057801" lon="10.002982"><ele>253.75</ele></trkpt>
   <trkpt lat="51.057586" lon="10.003177"><ele>254.25</ele></trkpt>
   <trkpt lat="51.057251" lon="10.00342"><ele>254</ele></trkpt>
   <trkpt lat="51.057186" lon="10.003562"><ele>254.5</ele></trkpt>
   <trkpt lat="51.057162" lon="10.003386"><ele>253</ele></trkpt>
   <trkpt lat="51.056866" lon="10.003579"><ele>253.5</ele></trkpt>
   <trkpt lat="51.056624" lon="10.003783"><ele>253.75</ele></trkpt>
   <trkpt lat="51.056018" lon="10.004521"><ele>256</ele></trkpt>
   <trkpt lat="51.05577" lon="10.004786"><ele>256.5</ele></trkpt>
   <trkpt lat="51.055505" lon="10.005034"><ele>256.25</ele></trkpt>
   <trkpt lat="51.055209" lon="10.005252"><ele>256.25</ele></trkpt>
   <trkpt lat="51.054842" lon="10.005498"><ele>256.25</ele></trkpt>
   <trkpt lat="51.05399" lon="10.005932"><ele>254.75</ele></trkpt>
   <trkpt lat="51.053578" lon="10.006169"><ele>254.75</ele></trkpt>
   <trkpt lat="51.052998" lon="10.006539"><ele>255</ele></trkpt>
   <trkpt lat="51.052505" lon="10.006934"><ele>255.75</ele></trkpt>
   <trkpt lat="51.052205" lon="10.007225"><ele>256.75</ele></trkpt>
   <trkpt lat="51.051933" lon="10.007514"><ele>256.75</ele></trkpt>
   <trkpt lat="51.051968" lon="10.007618"><ele>256.75</ele></trkpt>
   <trkpt lat="51.052005" lon="10.007754"><ele>256.75</ele></trkpt>
   <trkpt lat="51.05203" lon="10.008205"><ele>259</ele></trkpt>
   <trkpt lat="51.052019" lon="10.008526"><ele>261</ele></trkpt>
   <trkpt lat="51.051945" lon="10.008828"><ele>262.5</ele></trkpt>
   <trkpt lat="51.05084" lon="10.01042"><ele>264.5</ele></trkpt>
   <trkpt lat="51.050588" lon="10.010564"><ele>263.25</ele></trkpt>
   <trkpt lat="51.050347" lon="10.010662"><ele>262.25</ele></trkpt>
   <trkpt lat="51.050202" lon="10.010734"><ele>261.5</ele></trkpt>
   <trkpt lat="51.050094" lon="10.010794"><ele>261.25</ele></trkpt>
   <trkpt lat="51.049842" lon="10.011013"><ele>260.75</ele></trkpt>
   <trkpt lat="51.049536" lon="10.011305"><ele>260</ele></trkpt>
   <trkpt lat="51.048719" lon="10.011854"><ele>260</ele></trkpt>
   <trkpt lat="51.048508" lon="10.012049"><ele>260</ele></trkpt>
   <trkpt lat="51.048353" lon="10.012224"><ele>260</ele></trkpt>
   <trkpt lat="51.048213" lon="10.012405"><ele>260.25</ele></trkpt>
   <trkpt lat="51.047948" lon="10.012516"><ele>259</ele></trkpt>
   <trkpt lat="51.047495" lon="10.012534"><ele>259</ele></trkpt>
   <trkpt lat="51.047294" lon="10.012673"><ele>259.75</ele></trkpt>
   <trkpt lat="51.046475" lon="10.013656"><ele>264.75</ele></trkpt>
   <trkpt lat="51.046319" lon="10.01385"><ele>265</ele></trkpt>
   <trkpt lat="51.045605" lon="10.014744"><ele>268.5</ele></trkpt>
   <trkpt lat="51.045402" lon="10.014839"><ele>270</ele></trkpt>
   <trkpt lat="51.045291" lon="10.01489"><ele>270.75</ele></trkpt>
   <trkpt lat="51.044618" lon="10.015288"><ele>268</ele></trkpt>
   <trkpt lat="51.044595" lon="10.015301"><ele>268</ele></trkpt>
   <trkpt lat="51.044059" lon="10.015487"><ele>265.5</ele></trkpt>
   <trkpt lat="51.043984" lon="10.015506"><ele>265.25</ele></trkpt>
   <trkpt lat="51.043676" lon="10.015582"><ele>265.5</ele></trkpt>
   <trkpt lat="51.043605" lon="10.01556"><ele>265.75</ele></trkpt>
   <trkpt lat="51.043522" lon="10.015518"><ele>265.5</ele></trkpt>
   <trkpt lat="51.043378" lon="10.015443"><ele>265</ele></trkpt>
   <trkpt lat="51.043319" lon="10.01544"><ele>265</ele></trkpt>
   <trkpt lat="51.043213" lon="10.015485"><ele>265</ele></trkpt>
   <trkpt lat="51.042971" lon="10.014708"><ele>264.5</ele></trkpt>
   <trkpt lat="51.042921" lon="10.014473"><ele>264.25</ele></trkpt>
   <trkpt lat="51.042908" lon="10.014412"><ele>264.5</ele></trkpt>
   <trkpt lat="51.042898" lon="10.014378"><ele>264.5</ele></trkpt>
   <trkpt lat="51.042843" lon="10.014204"><ele>264.75</ele></trkpt>
   <trkpt lat="51.042801" lon="10.014192"><ele>264.75</ele></trkpt>
   <trkpt lat="51.04267" lon="10.014186"><ele>266</ele></trkpt>
   <trkpt lat="51.042494" lon="10.014263"><ele>266.5</ele></trkpt>
   <trkpt lat="51.042231" lon="10.014417"><ele>266.5</ele></trkpt>
   <trkpt lat="51.042151" lon="10.01445"><ele>265.75</ele></trkpt>
   <trkpt lat="51.042054" lon="10.01445"><ele>265.75</ele></trkpt>
   <trkpt lat="51.042007" lon="10.014434"><ele>266</ele></trkpt>
   <trkpt lat="51.041979" lon="10.014424"><ele>266.25</ele></trkpt>
   <trkpt lat="51.041899" lon="10.014321"><ele>267</ele></trkpt>
   <trkpt lat="51.041771" lon="10.014076"><ele>267</ele></trkpt>
   <trkpt lat="51.041591" lon="10.013682"><ele>269.25</ele></trkpt>
   <trkpt lat="51.041431" lon="10.013398"><ele>270.25</ele></trkpt>
   <trkpt lat="51.041232" lon="10.013062"><ele>271</ele></trkpt>
   <trkpt lat="51.041187" lon="10.012995"><ele>270.5</ele></trkpt>
   <trkpt lat="51.041007" lon="10.012812"><ele>269.5</ele></trkpt>
   <trkpt lat="51.039906" lon="10.011636"><ele>271</ele></trkpt>
   <trkpt lat="51.039497" lon="10.010692"><ele>271.5</ele></trkpt>
   <trkpt lat="51.039386" lon="10.010241"><ele>272.25</ele></trkpt>
   <trkpt lat="51.03931" lon="10.00988"><ele>273.25</ele></trkpt>
   <trkpt lat="51.039051" lon="10.009368"><ele>271</ele></trkpt>
   <trkpt lat="51.038841" lon="10.009102"><ele>270.75</ele></trkpt>
   <trkpt lat="51.038004" lon="10.00822"><ele>271.25</ele></trkpt>
   <trkpt lat="51.037286" lon="10.007433"><ele>271</ele></trkpt>
   <trkpt lat="51.036452" lon="10.006545"><ele>272</ele></trkpt>
   <trkpt lat="51.035599" lon="10.005188"><ele>274.25</ele></trkpt>
   <trkpt lat="51.035298" lon="10.004584"><ele>275.5</ele></trkpt>
   <trkpt lat="51.035022" lon="10.004134"><ele>275</ele></trkpt>
   <trkpt lat="51.034642" lon="10.003393"><ele>276.5</ele></trkpt>
   <trkpt lat="51.034402" lon="10.002927"><ele>278.25</ele></trkpt>
   <trkpt lat="51.033669" lon="10.000936"><ele>282.75</ele></trkpt>
   <trkpt lat="51.033534" lon="10.000688"><ele>282</ele></trkpt>
   <trkpt lat="51.03347" lon="10.00061"><ele>282.25</ele></trkpt>
   <trkpt lat="51.033383" lon="10.000563"><ele>282</ele></trkpt>
   <trkpt lat="51.032921" lon="10.000584"><ele>281.25</ele></trkpt>
   <trkpt lat="51.032378" lon="10.000552"><ele>281</ele></trkpt>
   <trkpt lat="51.031986" lon="10.000514"><ele>282</ele></trkpt>
   <trkpt lat="51.031861" lon="10.000938"><ele>280.25</ele></trkpt>
   <trkpt lat="51.031756" lon="10.001196"><ele>279.75</ele></trkpt>
   <trkpt lat="51.031694" lon="10.001507"><ele>279.25</ele></trkpt>
   <trkpt lat="51.031661" lon="10.001612"><ele>279</ele></trkpt>
   <trkpt lat="51.031606" lon="10.001758"><ele>278.75</ele></trkpt>
   <trkpt lat="51.031572" lon="10.001843"><ele>279</ele></trkpt>
   <trkpt lat="51.031496" lon="10.002001"><ele>279</ele></trkpt>
   <trkpt lat="51.031129" lon="10.002596"><ele>280.5</ele></trkpt>
   <trkpt lat="51.030913" lon="10.003027"><ele>280.5</ele></trkpt>
   <trkpt lat="51.030682" lon="10.003578"><ele>281</ele></trkpt>
   <trkpt lat="51.030523" lon="10.004128"><ele>281.25</ele></trkpt>
   <trkpt lat="51.030296" lon="10.005278"><ele>282.75</ele></trkpt>
   <trkpt lat="51.030079" lon="10.006502"><ele>283.5</ele></trkpt>
   <trkpt lat="51.029706" lon="10.00848"><ele>287</ele></trkpt>
   <trkpt lat="51.029545" lon="10.009134"><ele>286.5</ele></trkpt>
   <trkpt lat="51.029477" lon="10.009244"><ele>286.5</ele></trkpt>
   <trkpt lat="51.029408" lon="10.009319"><ele>286.5</ele></trkpt>
   <trkpt lat="51.029337" lon="10.00938"><ele>286.5</ele></trkpt>
   <trkpt lat="51.028642" lon="10.009878"><ele>287.75</ele></trkpt>
   <trkpt lat="51.028267" lon="10.010159"><ele>288</ele></trkpt>
   <trkpt lat="51.028129" lon="10.010287"><ele>288.25</ele></trkpt>
   <trkpt lat="51.028029" lon="10.010479"><ele>288.25</ele></trkpt>
   <trkpt lat="51.027982" lon="10.010528"><ele>288.5</ele></trkpt>
   <trkpt lat="51.027868" lon="10.010559"><ele>289.25</ele></trkpt>
   <trkpt lat="51.027773" lon="10.010561"><ele>290</ele></trkpt>
   <trkpt lat="51.02766" lon="10.010555"><ele>290.75</ele></trkpt>
   <trkpt lat="51.027633" lon="10.010518"><ele>291.25</ele></trkpt>
   <trkpt lat="51.027618" lon="10.010473"><ele>291.75</ele></trkpt>
   <trkpt lat="51.027611" lon="10.010424"><ele>292</ele></trkpt>
   <trkpt lat="51.027668" lon="10.010148"><ele>293.5</ele></trkpt>
   <trkpt lat="51.027681" lon="10.010006"><ele>294.5</ele></trkpt>
   <trkpt lat="51.027656" lon="10.009904"><ele>296</ele></trkpt>
   <trkpt lat="51.027635" lon="10.009876"><ele>296.5</ele></trkpt>
   <trkpt lat="51.027614" lon="10.009864"><ele>297</ele></trkpt>
   <trkpt lat="51.02758" lon="10.009865"><ele>297.75</ele></trkpt>
   <trkpt lat="51.027544" lon="10.009882"><ele>298.25</ele></trkpt>
   <trkpt lat="51.027515" lon="10.00993"><ele>298.25</ele></trkpt>
   <trkpt lat="51.027495" lon="10.01"><ele>298</ele></trkpt>
   <trkpt lat="51.027463" lon="10.010179"><ele>296.5</ele></trkpt>
   <trkpt lat="51.027391" lon="10.010405"><ele>295</ele></trkpt>
   <trkpt lat="51.027282" lon="10.010608"><ele>294.5</ele></trkpt>
   <trkpt lat="51.027148" lon="10.010727"><ele>294.75</ele></trkpt>
   <trkpt lat="51.027034" lon="10.010782"><ele>295.75</ele></trkpt>
   <trkpt lat="51.026909" lon="10.010807"><ele>297</ele></trkpt>
   <trkpt lat="51.026795" lon="10.010796"><ele>298.5</ele></trkpt>
   <trkpt lat="51.026446" lon="10.010724"><ele>302</ele></trkpt>
   <trkpt lat="51.025745" lon="10.010849"><ele>302.5</ele></trkpt>
   <trkpt lat="51.025307" lon="10.010917"><ele>302.5</ele></trkpt>
   <trkpt lat="51.024893" lon="10.011088"><ele>302</ele></trkpt>
   <trkpt lat="51.024563" lon="10.0112"><ele>302.25</ele></trkpt>
   <trkpt lat="51.024318" lon="10.011223"><ele>302.75</ele></trkpt>
   <trkpt lat="51.023902" lon="10.011191"><ele>303.25</ele></trkpt>
   <trkpt lat="51.023806" lon="10.011119"><ele>304</ele></trkpt>
   <trkpt lat="51.023315" lon="10.011014"><ele>306.5</ele></trkpt>
   <trkpt lat="51.023189" lon="10.010951"><ele>306.5</ele></trkpt>
   <trkpt lat="51.022916" lon="10.010694"><ele>306.5</ele></trkpt>
   <trkpt lat="51.0225" lon="10.010215"><ele>306.25</ele></trkpt>
   <trkpt lat="51.022405" lon="10.010107"><ele>306.5</ele></trkpt>
   <trkpt lat="51.022254" lon="10.010037"><ele>305.75</ele></trkpt>
   <trkpt lat="51.021974" lon="10.010057"><ele>305.75</ele></trkpt>
   <trkpt lat="51.021628" lon="10.010154"><ele>308</ele></trkpt>
   <trkpt lat="51.021423" lon="10.010198"><ele>311</ele></trkpt>
   <trkpt lat="51.021092" lon="10.010253"><ele>314.25</ele></trkpt>
   <trkpt lat="51.020896" lon="10.010252"><ele>315.5</ele></trkpt>
   <trkpt lat="51.020885" lon="10.010236"><ele>315.75</ele></trkpt>
   <trkpt lat="51.020855" lon="10.010192"><ele>316.25</ele></trkpt>
   <trkpt lat="51.02051" lon="10.009902"><ele>318.75</ele></trkpt>
   <trkpt lat="51.019885" lon="10.009411"><ele>317</ele></trkpt>
   <trkpt lat="51.019745" lon="10.009281"><ele>316.5</ele></trkpt>
   <trkpt lat="51.01941" lon="10.008878"><ele>314.25</ele></trkpt>
   <trkpt lat="51.019031" lon="10.008444"><ele>312.5</ele></trkpt>
   <trkpt lat="51.01857" lon="10.008"><ele>310.25</ele></trkpt>
   <trkpt lat="51.018002" lon="10.007611"><ele>310</ele></trkpt>
   <trkpt lat="51.01748" lon="10.007327"><ele>310</ele></trkpt>
   <trkpt lat="51.017367" lon="10.007321"><ele>310.25</ele></trkpt>
   <trkpt lat="51.017278" lon="10.007317"><ele>310.5</ele></trkpt>
   <trkpt lat="51.016947" lon="10.00733"><ele>310.5</ele></trkpt>
   <trkpt lat="51.016745" lon="10.007392"><ele>311</ele></trkpt>
   <trkpt lat="51.016629" lon="10.007455"><ele>311.25</ele></trkpt>
   <trkpt lat="51.016236" lon="10.007665"><ele>312.5</ele></trkpt>
   <trkpt lat="51.016116" lon="10.007696"><ele>312.75</ele></trkpt>
   <trkpt lat="51.015389" lon="10.007679"><ele>313.75</ele></trkpt>
   <trkpt lat="51.015054" lon="10.007566"><ele>314.5</ele></trkpt>
   <trkpt lat="51.014838" lon="10.007392"><ele>315.25</ele></trkpt>
   <trkpt lat="51.014456" lon="10.006985"><ele>317.75</ele></trkpt>
   <trkpt lat="51.014131" lon="10.006592"><ele>320</ele></trkpt>
   <trkpt lat="51.013574" lon="10.005632"><ele>328.5</ele></trkpt>
   <trkpt lat="51.013376" lon="10.005403"><ele>331.25</ele></trkpt>
   <trkpt lat="51.013103" lon="10.005161"><ele>333.25</ele></trkpt>
   <trkpt lat="51.012821" lon="10.004966"><ele>334.25</ele></trkpt>
   <trkpt lat="51.012694" lon="10.004866"><ele>334.5</ele></trkpt>
   <trkpt lat="51.012488" lon="10.004717"><ele>333.75</ele></trkpt>
   <trkpt lat="51.012012" lon="10.004361"><ele>333.25</ele></trkpt>
   <trkpt lat="51.011314" lon="10.003806"><ele>325.5</ele></trkpt>
   <trkpt lat="51.010932" lon="10.003403"><ele>323</ele></trkpt>
   <trkpt lat="51.010825" lon="10.00334"><ele>322</ele></trkpt>
   <trkpt lat="51.010768" lon="10.00347"><ele>322.25</ele></trkpt>
   <trkpt lat="51.010762" lon="10.00364"><ele>322.5</ele></trkpt>
   <trkpt lat="51.010603" lon="10.004179"><ele>324</ele></trkpt>
   <trkpt lat="51.010331" lon="10.004127"><ele>326</ele></trkpt>
   <trkpt lat="51.010161" lon="10.004109"><ele>327</ele></trkpt>
   <trkpt lat="51.009995" lon="10.004107"><ele>328</ele></trkpt>
   <trkpt lat="51.009558" lon="10.004069"><ele>329.75</ele></trkpt>
   <trkpt lat="51.007902" lon="10.003647"><ele>331.25</ele></trkpt>
   <trkpt lat="51.007647" lon="10.003552"><ele>331.75</ele></trkpt>
   <trkpt lat="51.007538" lon="10.00346"><ele>332</ele></trkpt>
   <trkpt lat="51.007405" lon="10.003263"><ele>332.75</ele></trkpt>
   <trkpt lat="51.007221" lon="10.003092"><ele>332.5</ele></trkpt>
   <trkpt lat="51.007133" lon="10.003042"><ele>333</ele></trkpt>
   <trkpt lat="51.007068" lon="10.003042"><ele>333</ele></trkpt>
   <trkpt lat="51.006986" lon="10.003079"><ele>332.75</ele></trkpt>
   <trkpt lat="51.006909" lon="10.003132"><ele>332.75</ele></trkpt>
   <trkpt lat="51.006852" lon="10.003229"><ele>332.75</ele></trkpt>
   <trkpt lat="51.006815" lon="10.003352"><ele>332.75</ele></trkpt>
   <trkpt lat="51.006813" lon="10.003489"><ele>332.75</ele></trkpt>
   <trkpt lat="51.006847" lon="10.003719"><ele>332.25</ele></trkpt>
   <trkpt lat="51.006851" lon="10.003984"><ele>331.5</ele></trkpt>
   <trkpt lat="51.006796" lon="10.004298"><ele>331</ele></trkpt>
   <trkpt lat="51.006298" lon="10.004267"><ele>333.5</ele></trkpt>
   <trkpt lat="51.004896" lon="10.0043"><ele>341.75</ele></trkpt>
   <trkpt lat="51.004622" lon="10.004298"><ele>344</ele></trkpt>
   <trkpt lat="51.004374" lon="10.004279"><ele>345.75</ele></trkpt>
   <trkpt lat="51.004068" lon="10.004221"><ele>347</ele></trkpt>
   <trkpt lat="51.003747" lon="10.004126"><ele>348.75</ele></trkpt>
   <trkpt lat="51.003429" lon="10.004003"><ele>350.25</ele></trkpt>
   <trkpt lat="51.003119" lon="10.00387"><ele>349.75</ele></trkpt>
   <trkpt lat="51.002799" lon="10.00375"><ele>349.5</ele></trkpt>
   <trkpt lat="51.002562" lon="10.003686"><ele>348.5</ele></trkpt>
   <trkpt lat="51.002368" lon="10.003657"><ele>348.5</ele></trkpt>
   <trkpt lat="51.002125" lon="10.003652"><ele>348.75</ele></trkpt>
   <trkpt lat="51.001943" lon="10.003662"><ele>349.25</ele></trkpt>
   <trkpt lat="51.000874" lon="10.003905"><ele>352.75</ele></trkpt>
   <trkpt lat="51.000685" lon="10.003928"><ele>353.5</ele></trkpt>
   <trkpt lat="51.000444" lon="10.003923"><ele>354.25</ele></trkpt>
   <trkpt lat="51.000271" lon="10.003909"><ele>354.25</ele></trkpt>
   <trkpt lat="51.000069" lon="10.003871"><ele>354.25</ele></trkpt>
   <trkpt lat="50.99987" lon="10.003815"><ele>355</ele></trkpt>
   <trkpt lat="50.99921" lon="10.003587"><ele>351.25</ele></trkpt>
   <trkpt lat="50.998812" lon="10.003502"><ele>349.5</ele></trkpt>
   <trkpt lat="50.998503" lon="10.003479"><ele>347</ele></trkpt>
   <trkpt lat="50.998226" lon="10.003497"><ele>345</ele></trkpt>
   <trkpt lat="50.997863" lon="10.003565"><ele>343.25</ele></trkpt>
   <trkpt lat="50.99757" lon="10.003688"><ele>340.25</ele></trkpt>
   <trkpt lat="50.99712" lon="10.003911"><ele>338</ele></trkpt>
   <trkpt lat="50.996801" lon="10.004052"><ele>336</ele></trkpt>
   <trkpt lat="50.996596" lon="10.004128"><ele>334.25</ele></trkpt>
   <trkpt lat="50.996434" lon="10.004166"><ele>333.25</ele></trkpt>
   <trkpt lat="50.99626" lon="10.004188"><ele>332.25</ele></trkpt>
   <trkpt lat="50.996096" lon="10.004191"><ele>331</ele></trkpt>
   <trkpt lat="50.995802" lon="10.004146"><ele>328.5</ele></trkpt>
   <trkpt lat="50.995596" lon="10.004073"><ele>327.25</ele></trkpt>
   <trkpt lat="50.995389" lon="10.003973"><ele>326</ele></trkpt>
   <trkpt lat="50.995193" lon="10.00385"><ele>325.5</ele></trkpt>
   <trkpt lat="50.994933" lon="10.003672"><ele>324.5</ele></trkpt>
   <trkpt lat="50.994697" lon="10.003528"><ele>324</ele></trkpt>
   <trkpt lat="50.994516" lon="10.003435"><ele>323.25</ele></trkpt>
   <trkpt lat="50.994351" lon="10.003375"><ele>322.5</ele></trkpt>
   <trkpt lat="50.994199" lon="10.003346"><ele>322</ele></trkpt>
   <trkpt lat="50.994151" lon="10.003333"><ele>321.75</ele></trkpt>
   <trkpt lat="50.993926" lon="10.003314"><ele>321.5</ele></trkpt>
   <trkpt lat="50.993718" lon="10.003332"><ele>321</ele></trkpt>
   <trkpt lat="50.99346" lon="10.003394"><ele>319.75</ele></trkpt>
   <trkpt lat="50.993228" lon="10.003494"><ele>318.75</ele></trkpt>
   <trkpt lat="50.993032" lon="10.003611"><ele>319</ele></trkpt>
   <trkpt lat="50.992802" lon="10.003798"><ele>317.25</ele></trkpt>
   <trkpt lat="50.992568" lon="10.004036"><ele>316.25</ele></trkpt>
   <trkpt lat="50.992363" lon="10.004329"><ele>315.75</ele></trkpt>
   <trkpt lat="50.992181" lon="10.004643"><ele>314.25</ele></trkpt>
   <trkpt lat="50.992109" lon="10.004797"><ele>313.5</ele></trkpt>
   <trkpt lat="50.991988" lon="10.005106"><ele>313.25</ele></trkpt>
   <trkpt lat="50.991882" lon="10.005416"><ele>312.25</ele></trkpt>
   <trkpt lat="50.99178" lon="10.00585"><ele>311.25</ele></trkpt>
   <trkpt lat="50.991713" lon="10.006214"><ele>311.75</ele></trkpt>
   <trkpt lat="50.991638" lon="10.007039"><ele>309.75</ele></trkpt>
   <trkpt lat="50.991598" lon="10.007749"><ele>308.25</ele></trkpt>
   <trkpt lat="50.991484" lon="10.010384"><ele>300.5</ele></trkpt>
   <trkpt lat="50.991436" lon="10.011342"><ele>300.75</ele></trkpt>
   <trkpt lat="50.991406" lon="10.011703"><ele>300</ele></trkpt>
   <trkpt lat="50.991358" lon="10.011977"><ele>299.5</ele></trkpt>
   <trkpt lat="50.99126" lon="10.012276"><ele>297.5</ele></trkpt>
   <trkpt lat="50.991141" lon="10.01256"><ele>296.75</ele></trkpt>
   <trkpt lat="50.990988" lon="10.01282"><ele>297.25</ele></trkpt>
   <trkpt lat="50.990826" lon="10.013024"><ele>295.5</ele></trkpt>
   <trkpt lat="50.990641" lon="10.013193"><ele>296.25</ele></trkpt>
   <trkpt lat="50.990502" lon="10.013276"><ele>295</ele></trkpt>
   <trkpt lat="50.990301" lon="10.013354"><ele>292.5</ele></trkpt>
   <trkpt lat="50.990132" lon="10.013389"><ele>292</ele></trkpt>
   <trkpt lat="50.989941" lon="10.013378"><ele>290.75</ele></trkpt>
   <trkpt lat="50.989726" lon="10.013323"><ele>290</ele></trkpt>
   <trkpt lat="50.989465" lon="10.013151"><ele>288.25</ele></trkpt>
   <trkpt lat="50.989153" lon="10.012866"><ele>287.75</ele></trkpt>
   <trkpt lat="50.988979" lon="10.01273"><ele>287.75</ele></trkpt>
   <trkpt lat="50.988837" lon="10.01265"><ele>287</ele></trkpt>
   <trkpt lat="50.988681" lon="10.012597"><ele>286.75</ele></trkpt>
   <trkpt lat="50.988511" lon="10.012575"><ele>286.75</ele></trkpt>
   <trkpt lat="50.988332" lon="10.01258"><ele>286.75</ele></trkpt>
   <trkpt lat="50.988144" lon="10.012627"><ele>287.75</ele></trkpt>
   <trkpt lat="50.987769" lon="10.012799"><ele>286.75</ele></trkpt>
   <trkpt lat="50.987545" lon="10.012874"><ele>286.75</ele></trkpt>
   <trkpt lat="50.987386" lon="10.012888"><ele>286.75</ele></trkpt>
   <trkpt lat="50.987222" lon="10.012873"><ele>286.5</ele></trkpt>
   <trkpt lat="50.987043" lon="10.012812"><ele>286</ele></trkpt>
   <trkpt lat="50.986904" lon="10.012743"><ele>286</ele></trkpt>
   <trkpt lat="50.986733" lon="10.012627"><ele>285.5</ele></trkpt>
   <trkpt lat="50.986135" lon="10.012157"><ele>281</ele></trkpt>
   <trkpt lat="50.985966" lon="10.012061"><ele>280.5</ele></trkpt>
   <trkpt lat="50.985789" lon="10.012"><ele>280.25</ele></trkpt>
   <trkpt lat="50.985608" lon="10.011954"><ele>279.25</ele></trkpt>
   <trkpt lat="50.985404" lon="10.011945"><ele>278.25</ele></trkpt>
   <trkpt lat="50.985196" lon="10.011968"><ele>277.75</ele></trkpt>
   <trkpt lat="50.98497" lon="10.012038"><ele>276.75</ele></trkpt>
   <trkpt lat="50.984542" lon="10.012192"><ele>274.75</ele></trkpt>
   <trkpt lat="50.984375" lon="10.012245"><ele>273.75</ele></trkpt>
   <trkpt lat="50.984208" lon="10.012284"><ele>273.75</ele></trkpt>
   <trkpt lat="50.984062" lon="10.012293"><ele>273.25</ele></trkpt>
   <trkpt lat="50.983935" lon="10.012279"><ele>272.5</ele></trkpt>
   <trkpt lat="50.983747" lon="10.012237"><ele>271.5</ele></trkpt>
   <trkpt lat="50.983591" lon="10.012171"><ele>271.25</ele></trkpt>
   <trkpt lat="50.983427" lon="10.012072"><ele>270.5</ele></trkpt>
   <trkpt lat="50.983267" lon="10.011945"><ele>268.75</ele></trkpt>
   <trkpt lat="50.983076" lon="10.011705"><ele>268.25</ele></trkpt>
   <trkpt lat="50.982839" lon="10.011361"><ele>267.25</ele></trkpt>
   <trkpt lat="50.982516" lon="10.010843"><ele>265</ele></trkpt>
   <trkpt lat="50.982231" lon="10.010483"><ele>263.5</ele></trkpt>
   <trkpt lat="50.981981" lon="10.010224"><ele>262.75</ele></trkpt>
   <trkpt lat="50.981765" lon="10.010024"><ele>262.75</ele></trkpt>
   <trkpt lat="50.981548" lon="10.009858"><ele>262.25</ele></trkpt>
   <trkpt lat="50.981285" lon="10.009673"><ele>261.75</ele></trkpt>
   <trkpt lat="50.980836" lon="10.009385"><ele>261.5</ele></trkpt>
   <trkpt lat="50.980486" lon="10.009205"><ele>260.25</ele></trkpt>
   <trkpt lat="50.980174" lon="10.009063"><ele>259.75</ele></trkpt>
   <trkpt lat="50.979966" lon="10.008976"><ele>259.25</ele></trkpt>
   <trkpt lat="50.979709" lon="10.00889"><ele>258.75</ele></trkpt>
   <trkpt lat="50.979517" lon="10.008841"><ele>259</ele></trkpt>
   <trkpt lat="50.979263" lon="10.008807"><ele>258.25</ele></trkpt>
   <trkpt lat="50.978355" lon="10.0088"><ele>258.5</ele></trkpt>
   <trkpt lat="50.977893" lon="10.008712"><ele>256.25</ele></trkpt>
   <trkpt lat="50.977813" lon="10.008688"><ele>256</ele></trkpt>
   <trkpt lat="50.977427" lon="10.008649"><ele>254.5</ele></trkpt>
   <trkpt lat="50.977213" lon="10.008708"><ele>253.5</ele></trkpt>
   <trkpt lat="50.977154" lon="10.008741"><ele>252.75</ele></trkpt>
   <trkpt lat="50.977048" lon="10.0088"><ele>252</ele></trkpt>
   <trkpt lat="50.976914" lon="10.008916"><ele>252</ele></trkpt>
   <trkpt lat="50.976696" lon="10.009116"><ele>250.25</ele></trkpt>
   <trkpt lat="50.976487" lon="10.00935"><ele>249.75</ele></trkpt>
   <trkpt lat="50.976387" lon="10.009474"><ele>249</ele></trkpt>
   <trkpt lat="50.97596" lon="10.010026"><ele>249.5</ele></trkpt>
   <trkpt lat="50.975682" lon="10.010428"><ele>249</ele></trkpt>
   <trkpt lat="50.975408" lon="10.010877"><ele>247.5</ele></trkpt>
   <trkpt lat="50.975144" lon="10.011362"><ele>246.75</ele></trkpt>
   <trkpt lat="50.975045" lon="10.011573"><ele>246.75</ele></trkpt>
   <trkpt lat="50.974948" lon="10.011816"><ele>245.5</ele></trkpt>
   <trkpt lat="50.974788" lon="10.012436"><ele>245.25</ele></trkpt>
   <trkpt lat="50.974677" lon="10.012896"><ele>244</ele></trkpt>
   <trkpt lat="50.974531" lon="10.013376"><ele>243.25</ele></trkpt>
   <trkpt lat="50.974366" lon="10.013773"><ele>242.5</ele></trkpt>
   <trkpt lat="50.974274" lon="10.013946"><ele>242.25</ele></trkpt>
   <trkpt lat="50.974173" lon="10.014134"><ele>241</ele></trkpt>
   <trkpt lat="50.973797" lon="10.014775"><ele>240</ele></trkpt>
   <trkpt lat="50.973073" lon="10.016047"><ele>239</ele></trkpt>
   <trkpt lat="50.972824" lon="10.016712"><ele>240</ele></trkpt>
   <trkpt lat="50.972738" lon="10.016899"><ele>239.75</ele></trkpt>
   <trkpt lat="50.972639" lon="10.017055"><ele>239.5</ele></trkpt>
   <trkpt lat="50.97254" lon="10.017185"><ele>239.75</ele></trkpt>
   <trkpt lat="50.97241" lon="10.01731"><ele>239.75</ele></trkpt>
   <trkpt lat="50.971952" lon="10.017662"><ele>239</ele></trkpt>
   <trkpt lat="50.971961" lon="10.017726"><ele>239</ele></trkpt>
   <trkpt lat="50.971937" lon="10.017787"><ele>239</ele></trkpt>
   <trkpt lat="50.971636" lon="10.018056"><ele>239</ele></trkpt>
   <trkpt lat="50.971496" lon="10.018206"><ele>239</ele></trkpt>
   <trkpt lat="50.971386" lon="10.018348"><ele>239</ele></trkpt>
   <trkpt lat="50.971133" lon="10.01874"><ele>238.5</ele></trkpt>
   <trkpt lat="50.970446" lon="10.019883"><ele>238.25</ele></trkpt>
   <trkpt lat="50.96952" lon="10.021414"><ele>236.75</ele></trkpt>
   <trkpt lat="50.969534" lon="10.021529"><ele>236.75</ele></trkpt>
   <trkpt lat="50.969507" lon="10.021622"><ele>236.5</ele></trkpt>
   <trkpt lat="50.969443" lon="10.021705"><ele>236</ele></trkpt>
   <trkpt lat="50.969337" lon="10.021755"><ele>236.25</ele></trkpt>
   <trkpt lat="50.969219" lon="10.021849"><ele>235.75</ele></trkpt>
   <trkpt lat="50.96884" lon="10.022433"><ele>234.75</ele></trkpt>
   <trkpt lat="50.968545" lon="10.022797"><ele>234</ele></trkpt>
   <trkpt lat="50.967788" lon="10.023543"><ele>233.75</ele></trkpt>
   <trkpt lat="50.96734" lon="10.024068"><ele>233.25</ele></trkpt>
   <trkpt lat="50.967164" lon="10.0244"><ele>233</ele></trkpt>
   <trkpt lat="50.967033" lon="10.024785"><ele>233</ele></trkpt>
   <trkpt lat="50.967001" lon="10.025014"><ele>233</ele></trkpt>
   <trkpt lat="50.966984" lon="10.025453"><ele>233</ele></trkpt>
   <trkpt lat="50.966977" lon="10.026032"><ele>233</ele></trkpt>
   <trkpt lat="50.966965" lon="10.02647"><ele>233</ele></trkpt>
   <trkpt lat="50.96679" lon="10.028023"><ele>232.75</ele></trkpt>
   <trkpt lat="50.966636" lon="10.02917"><ele>232.5</ele></trkpt>
   <trkpt lat="50.966374" lon="10.030639"><ele>232</ele></trkpt>
   <trkpt lat="50.966221" lon="10.031304"><ele>231.5</ele></trkpt>
   <trkpt lat="50.966004" lon="10.031985"><ele>231</ele></trkpt>
   <trkpt lat="50.965599" lon="10.033036"><ele>229.25</ele></trkpt>
   <trkpt lat="50.965384" lon="10.033633"><ele>230</ele></trkpt>
   <trkpt lat="50.964938" lon="10.035384"><ele>230.75</ele></trkpt>
   <trkpt lat="50.964782" lon="10.035833"><ele>230.5</ele></trkpt>
   <trkpt lat="50.9646" lon="10.036272"><ele>229.75</ele></trkpt>
   <trkpt lat="50.964226" lon="10.037247"><ele>228.75</ele></trkpt>
   <trkpt lat="50.963926" lon="10.038038"><ele>227.5</ele></trkpt>
   <trkpt lat="50.963772" lon="10.038351"><ele>226.75</ele></trkpt>
   <trkpt lat="50.963591" lon="10.038665"><ele>226.75</ele></trkpt>
   <trkpt lat="50.963462" lon="10.038857"><ele>225.75</ele></trkpt>
   <trkpt lat="50.963313" lon="10.039041"><ele>225.25</ele></trkpt>
   <trkpt lat="50.963087" lon="10.039297"><ele>224.5</ele></trkpt>
   <trkpt lat="50.96227" lon="10.039993"><ele>224.75</ele></trkpt>
   <trkpt lat="50.962171" lon="10.040141"><ele>224.5</ele></trkpt>
   <trkpt lat="50.962088" lon="10.04037"><ele>224.75</ele></trkpt>
   <trkpt lat="50.962062" lon="10.040465"><ele>224.5</ele></trkpt>
   <trkpt lat="50.962036" lon="10.040561"><ele>224.25</ele></trkpt>
   <trkpt lat="50.962014" lon="10.04067"><ele>224</ele></trkpt>
   <trkpt lat="50.961942" lon="10.040644"><ele>223.75</ele></trkpt>
   <trkpt lat="50.961869" lon="10.040635"><ele>223.75</ele></trkpt>
   <trkpt lat="50.961739" lon="10.040667"><ele>223.5</ele></trkpt>
   <trkpt lat="50.961679" lon="10.040704"><ele>223.5</ele></trkpt>
   <trkpt lat="50.961614" lon="10.04076"><ele>223.25</ele></trkpt>
   <trkpt lat="50.961532" lon="10.04087"><ele>223</ele></trkpt>
   <trkpt lat="50.961457" lon="10.040993"><ele>223</ele></trkpt>
   <trkpt lat="50.961314" lon="10.041273"><ele>222.75</ele></trkpt>
   <trkpt lat="50.9605" lon="10.043151"><ele>221.5</ele></trkpt>
   <trkpt lat="50.960357" lon="10.043492"><ele>220.5</ele></trkpt>
   <trkpt lat="50.960272" lon="10.043688"><ele>221</ele></trkpt>
   <trkpt lat="50.960154" lon="10.043947"><ele>221.5</ele></trkpt>
   <trkpt lat="50.959978" lon="10.044342"><ele>221.5</ele></trkpt>
   <trkpt lat="50.959793" lon="10.044797"><ele>221.25</ele></trkpt>
   <trkpt lat="50.959267" lon="10.045998"><ele>220</ele></trkpt>
   <trkpt lat="50.958459" lon="10.047871"><ele>217.75</ele></trkpt>
   <trkpt lat="50.958233" lon="10.048387"><ele>217</ele></trkpt>
   <trkpt lat="50.958013" lon="10.048816"><ele>216.75</ele></trkpt>
   <trkpt lat="50.957791" lon="10.049191"><ele>216.75</ele></trkpt>
   <trkpt lat="50.957294" lon="10.049858"><ele>215.75</ele></trkpt>
   <trkpt lat="50.957085" lon="10.050128"><ele>216</ele></trkpt>
   <trkpt lat="50.956875" lon="10.050399"><ele>215.5</ele></trkpt>
   <trkpt lat="50.956668" lon="10.050671"><ele>215</ele></trkpt>
   <trkpt lat="50.956478" lon="10.050943"><ele>216.75</ele></trkpt>
   <trkpt lat="50.956118" lon="10.051458"><ele>215</ele></trkpt>
   <trkpt lat="50.955805" lon="10.051863"><ele>215</ele></trkpt>
   <trkpt lat="50.955634" lon="10.05208"><ele>215</ele></trkpt>
   <trkpt lat="50.955593" lon="10.052136"><ele>215</ele></trkpt>
   <trkpt lat="50.955574" lon="10.052159"><ele>215</ele></trkpt>
   <trkpt lat="50.955481" lon="10.052273"><ele>214.75</ele></trkpt>
   <trkpt lat="50.95555" lon="10.052425"><ele>214.25</ele></trkpt>
   <trkpt lat="50.955578" lon="10.05249"><ele>214</ele></trkpt>
   <trkpt lat="50.95567" lon="10.052647"><ele>214.25</ele></trkpt>
   <trkpt lat="50.955722" lon="10.052697"><ele>214.5</ele></trkpt>
   <trkpt lat="50.955778" lon="10.052736"><ele>214.75</ele></trkpt>
   <trkpt lat="50.955983" lon="10.052849"><ele>214.75</ele></trkpt>
   <trkpt lat="50.956078" lon="10.052918"><ele>214.75</ele></trkpt>
   <trkpt lat="50.956116" lon="10.05296"><ele>215</ele></trkpt>
   <trkpt lat="50.956165" lon="10.053033"><ele>215</ele></trkpt>
   <trkpt lat="50.956382" lon="10.053359"><ele>214.75</ele></trkpt>
   <trkpt lat="50.95641" lon="10.053402"><ele>214.5</ele></trkpt>
   <trkpt lat="50.956468" lon="10.053505"><ele>214.25</ele></trkpt>
   <trkpt lat="50.956493" lon="10.053555"><ele>214</ele></trkpt>
   <trkpt lat="50.956731" lon="10.054083"><ele>214</ele></trkpt>
   <trkpt lat="50.95694" lon="10.054637"><ele>215.5</ele></trkpt>
   <trkpt lat="50.957062" lon="10.05502"><ele>217.25</ele></trkpt>
   <trkpt lat="50.957109" lon="10.055203"><ele>217.5</ele></trkpt>
   <trkpt lat="50.957133" lon="10.055333"><ele>217.5</ele></trkpt>
   <trkpt lat="50.957153" lon="10.055491"><ele>217.75</ele></trkpt>
   <trkpt lat="50.957173" lon="10.055632"><ele>217.75</ele></trkpt>
   <trkpt lat="50.957193" lon="10.055782"><ele>217.75</ele></trkpt>
   <trkpt lat="50.957221" lon="10.055897"><ele>217.75</ele></trkpt>
   <trkpt lat="50.95726" lon="10.055997"><ele>218.25</ele></trkpt>
   <trkpt lat="50.957422" lon="10.056374"><ele>218.75</ele></trkpt>
   <trkpt lat="50.957584" lon="10.056682"><ele>219.25</ele></trkpt>
   <trkpt lat="50.957653" lon="10.056782"><ele>219.25</ele></trkpt>
   <trkpt lat="50.957724" lon="10.056865"><ele>219</ele></trkpt>
   <trkpt lat="50.95794" lon="10.057079"><ele>218.75</ele></trkpt>
   <trkpt lat="50.957968" lon="10.057141"><ele>218.75</ele></trkpt>
   <trkpt lat="50.958045" lon="10.05748"><ele>218.75</ele></trkpt>
   <trkpt lat="50.958079" lon="10.057608"><ele>218.75</ele></trkpt>
   <trkpt lat="50.958136" lon="10.057809"><ele>219</ele></trkpt>
   <trkpt lat="50.95822" lon="10.058018"><ele>219</ele></trkpt>
   <trkpt lat="50.958303" lon="10.058159"><ele>218.75</ele></trkpt>
   <trkpt lat="50.958462" lon="10.058401"><ele>219</ele></trkpt>
   <trkpt lat="50.958641" lon="10.058637"><ele>219</ele></trkpt>
   <trkpt lat="50.958871" lon="10.058916"><ele>218.75</ele></trkpt>
   <trkpt lat="50.959171" lon="10.059247"><ele>218.5</ele></trkpt>
   <trkpt lat="50.959562" lon="10.059676"><ele>218.5</ele></trkpt>
   <trkpt lat="50.959792" lon="10.059993"><ele>218.5</ele></trkpt>
   <trkpt lat="50.959924" lon="10.060176"><ele>218.75</ele></trkpt>
   <trkpt lat="50.96025" lon="10.060688"><ele>218.75</ele></trkpt>
   <trkpt lat="50.960576" lon="10.061257"><ele>219</ele></trkpt>
   <trkpt lat="50.960912" lon="10.061835"><ele>219</ele></trkpt>
   <trkpt lat="50.961021" lon="10.062043"><ele>218.75</ele></trkpt>
   <trkpt lat="50.961065" lon="10.062179"><ele>218.75</ele></trkpt>
   <trkpt lat="50.961105" lon="10.062337"><ele>218.5</ele></trkpt>
   <trkpt lat="50.96124" lon="10.063027"><ele>217.5</ele></trkpt>
   <trkpt lat="50.961269" lon="10.063183"><ele>217.5</ele></trkpt>
   <trkpt lat="50.96136" lon="10.063571"><ele>217</ele></trkpt>
   <trkpt lat="50.961459" lon="10.063811"><ele>217</ele></trkpt>
   <trkpt lat="50.961564" lon="10.063965"><ele>217</ele></trkpt>
   <trkpt lat="50.961794" lon="10.06422"><ele>217</ele></trkpt>
   <trkpt lat="50.961841" lon="10.064272"><ele>217</ele></trkpt>
   <trkpt lat="50.962089" lon="10.064557"><ele>216.25</ele></trkpt>
   <trkpt lat="50.962192" lon="10.064681"><ele>216</ele></trkpt>
   <trkpt lat="50.962527" lon="10.065096"><ele>215.5</ele></trkpt>
   <trkpt lat="50.962645" lon="10.065274"><ele>215.5</ele></trkpt>
   <trkpt lat="50.96281" lon="10.065522"><ele>215</ele></trkpt>
   <trkpt lat="50.963082" lon="10.06593"><ele>215</ele></trkpt>
   <trkpt lat="50.963546" lon="10.06679"><ele>214.75</ele></trkpt>
   <trkpt lat="50.963564" lon="10.066822"><ele>214.75</ele></trkpt>
   <trkpt lat="50.96363" lon="10.066962"><ele>215</ele></trkpt>
   <trkpt lat="50.963725" lon="10.067162"><ele>215</ele></trkpt>
   <trkpt lat="50.963967" lon="10.067663"><ele>215</ele></trkpt>
   <trkpt lat="50.964227" lon="10.06824"><ele>215</ele></trkpt>
   <trkpt lat="50.964458" lon="10.068753"><ele>214.5</ele></trkpt>
   <trkpt lat="50.964674" lon="10.069232"><ele>214.5</ele></trkpt>
   <trkpt lat="50.964865" lon="10.069667"><ele>214</ele></trkpt>
   <trkpt lat="50.964928" lon="10.069802"><ele>214</ele></trkpt>
   <trkpt lat="50.965079" lon="10.070126"><ele>214</ele></trkpt>
   <trkpt lat="50.965232" lon="10.070454"><ele>214</ele></trkpt>
   <trkpt lat="50.965542" lon="10.071114"><ele>213</ele></trkpt>
   <trkpt lat="50.965841" lon="10.071729"><ele>213</ele></trkpt>
   <trkpt lat="50.966042" lon="10.072217"><ele>213</ele></trkpt>
   <trkpt lat="50.966235" lon="10.072772"><ele>213.25</ele></trkpt>
   <trkpt lat="50.966314" lon="10.07297"><ele>213.25</ele></trkpt>
   <trkpt lat="50.966408" lon="10.073117"><ele>213</ele></trkpt>
   <trkpt lat="50.966516" lon="10.073226"><ele>212.75</ele></trkpt>
   <trkpt lat="50.966665" lon="10.073336"><ele>212</ele></trkpt>
   <trkpt lat="50.966879" lon="10.073409"><ele>212.5</ele></trkpt>
   <trkpt lat="50.966956" lon="10.073453"><ele>212.5</ele></trkpt>
   <trkpt lat="50.967028" lon="10.073508"><ele>212.5</ele></trkpt>
   <trkpt lat="50.967465" lon="10.073955"><ele>213.75</ele></trkpt>
   <trkpt lat="50.967576" lon="10.074119"><ele>213.25</ele></trkpt>
   <trkpt lat="50.967607" lon="10.074165"><ele>213.25</ele></trkpt>
   <trkpt lat="50.967736" lon="10.074433"><ele>213</ele></trkpt>
   <trkpt lat="50.9679" lon="10.074894"><ele>212.25</ele></trkpt>
   <trkpt lat="50.968004" lon="10.075359"><ele>212.75</ele></trkpt>
   <trkpt lat="50.968067" lon="10.075785"><ele>213</ele></trkpt>
   <trkpt lat="50.968081" lon="10.075937"><ele>213</ele></trkpt>
   <trkpt lat="50.96808" lon="10.076092"><ele>213</ele></trkpt>
   <trkpt lat="50.968079" lon="10.076217"><ele>213.5</ele></trkpt>
   <trkpt lat="50.96809" lon="10.07634"><ele>213.75</ele></trkpt>
   <trkpt lat="50.968119" lon="10.076505"><ele>214</ele></trkpt>
   <trkpt lat="50.968162" lon="10.076658"><ele>214.25</ele></trkpt>
   <trkpt lat="50.968224" lon="10.076812"><ele>214.5</ele></trkpt>
   <trkpt lat="50.968682" lon="10.077551"><ele>214.25</ele></trkpt>
   <trkpt lat="50.968994" lon="10.078073"><ele>214</ele></trkpt>
   <trkpt lat="50.969334" lon="10.078534"><ele>213.5</ele></trkpt>
   <trkpt lat="50.969708" lon="10.07899"><ele>213</ele></trkpt>
   <trkpt lat="50.969723" lon="10.079039"><ele>213</ele></trkpt>
   <trkpt lat="50.969763" lon="10.079168"><ele>213.25</ele></trkpt>
   <trkpt lat="50.969904" lon="10.079437"><ele>214</ele></trkpt>
   <trkpt lat="50.970091" lon="10.079636"><ele>214</ele></trkpt>
   <trkpt lat="50.970668" lon="10.080164"><ele>214.5</ele></trkpt>
   <trkpt lat="50.971084" lon="10.080562"><ele>214</ele></trkpt>
   <trkpt lat="50.971147" lon="10.080622"><ele>214</ele></trkpt>
   <trkpt lat="50.971721" lon="10.081162"><ele>214.75</ele></trkpt>
   <trkpt lat="50.972021" lon="10.081458"><ele>214.75</ele></trkpt>
   <trkpt lat="50.972455" lon="10.081987"><ele>214</ele></trkpt>
   <trkpt lat="50.972663" lon="10.082227"><ele>215</ele></trkpt>
   <trkpt lat="50.972843" lon="10.082483"><ele>214.75</ele></trkpt>
   <trkpt lat="50.97302" lon="10.082831"><ele>214.25</ele></trkpt>
   <trkpt lat="50.973525" lon="10.08397"><ele>215.75</ele></trkpt>
   <trkpt lat="50.973603" lon="10.084149"><ele>215.75</ele></trkpt>
   <trkpt lat="50.973701" lon="10.084375"><ele>217.25</ele></trkpt>
   <trkpt lat="50.973786" lon="10.084563"><ele>215.75</ele></trkpt>
   <trkpt lat="50.97387" lon="10.084749"><ele>214.75</ele></trkpt>
   <trkpt lat="50.974323" lon="10.085767"><ele>215</ele></trkpt>
   <trkpt lat="50.974684" lon="10.086561"><ele>214.75</ele></trkpt>
   <trkpt lat="50.974997" lon="10.08712"><ele>214.25</ele></trkpt>
   <trkpt lat="50.975341" lon="10.087664"><ele>214</ele></trkpt>
   <trkpt lat="50.975945" lon="10.088396"><ele>214</ele></trkpt>
   <trkpt lat="50.976602" lon="10.089061"><ele>213.75</ele></trkpt>
   <trkpt lat="50.976916" lon="10.089347"><ele>213.25</ele></trkpt>
   <trkpt lat="50.977692" lon="10.090158"><ele>210</ele></trkpt>
   <trkpt lat="50.977768" lon="10.090228"><ele>209.5</ele></trkpt>
   <trkpt lat="50.977829" lon="10.090277"><ele>209.5</ele></trkpt>
   <trkpt lat="50.978119" lon="10.090514"><ele>209.75</ele></trkpt>
   <trkpt lat="50.978346" lon="10.090671"><ele>210.25</ele></trkpt>
   <trkpt lat="50.97887" lon="10.091002"><ele>213.25</ele></trkpt>
   <trkpt lat="50.980403" lon="10.091997"><ele>213.25</ele></trkpt>
   <trkpt lat="50.980638" lon="10.092167"><ele>213.25</ele></trkpt>
   <trkpt lat="50.981197" lon="10.09274"><ele>212.25</ele></trkpt>
   <trkpt lat="50.981646" lon="10.093135"><ele>211.5</ele></trkpt>
   <trkpt lat="50.981879" lon="10.093308"><ele>211.75</ele></trkpt>
   <trkpt lat="50.982205" lon="10.09351"><ele>211.25</ele></trkpt>
   <trkpt lat="50.982744" lon="10.093768"><ele>211.75</ele></trkpt>
   <trkpt lat="50.983271" lon="10.09402"><ele>211.5</ele></trkpt>
   <trkpt lat="50.983646" lon="10.094189"><ele>211.75</ele></trkpt>
   <trkpt lat="50.983998" lon="10.094378"><ele>211</ele></trkpt>
   <trkpt lat="50.984552" lon="10.094705"><ele>211</ele></trkpt>
   <trkpt lat="50.985227" lon="10.095004"><ele>209.75</ele></trkpt>
   <trkpt lat="50.985752" lon="10.095217"><ele>209.75</ele></trkpt>
   <trkpt lat="50.986196" lon="10.095369"><ele>209.5</ele></trkpt>
   <trkpt lat="50.988112" lon="10.095957"><ele>208.5</ele></trkpt>
   <trkpt lat="50.988758" lon="10.096039"><ele>207.5</ele></trkpt>
   <trkpt lat="50.989111" lon="10.096103"><ele>207.75</ele></trkpt>
   <trkpt lat="50.989512" lon="10.09621"><ele>206.5</ele></trkpt>
   <trkpt lat="50.989924" lon="10.096301"><ele>207</ele></trkpt>
   <trkpt lat="50.990142" lon="10.096379"><ele>207.5</ele></trkpt>
   <trkpt lat="50.990332" lon="10.096479"><ele>206.75</ele></trkpt>
   <trkpt lat="50.990474" lon="10.09658"><ele>206</ele></trkpt>
   <trkpt lat="50.990775" lon="10.096834"><ele>206</ele></trkpt>
   <trkpt lat="50.991529" lon="10.097566"><ele>206.75</ele></trkpt>
   <trkpt lat="50.99204" lon="10.09806"><ele>206.75</ele></trkpt>
   <trkpt lat="50.992699" lon="10.098662"><ele>207.5</ele></trkpt>
   <trkpt lat="50.992913" lon="10.098802"><ele>207.5</ele></trkpt>
   <trkpt lat="50.993162" lon="10.098857"><ele>208</ele></trkpt>
   <trkpt lat="50.993366" lon="10.098861"><ele>207.75</ele></trkpt>
   <trkpt lat="50.993468" lon="10.098857"><ele>208</ele></trkpt>
   <trkpt lat="50.993529" lon="10.098855"><ele>208</ele></trkpt>
   <trkpt lat="50.993887" lon="10.098784"><ele>207</ele></trkpt>
   <trkpt lat="50.994081" lon="10.098685"><ele>206.75</ele></trkpt>
   <trkpt lat="50.994452" lon="10.098452"><ele>207</ele></trkpt>
   <trkpt lat="50.994566" lon="10.09837"><ele>207.25</ele></trkpt>
   <trkpt lat="50.994715" lon="10.098209"><ele>207.75</ele></trkpt>
   <trkpt lat="50.994747" lon="10.098164"><ele>207.75</ele></trkpt>
   <trkpt lat="50.994808" lon="10.098077"><ele>207.5</ele></trkpt>
   <trkpt lat="50.994956" lon="10.097859"><ele>207.75</ele></trkpt>
   <trkpt lat="50.995299" lon="10.097057"><ele>208.5</ele></trkpt>
   <trkpt lat="50.995331" lon="10.097005"><ele>208.5</ele></trkpt>
   <trkpt lat="50.995424" lon="10.096872"><ele>208.25</ele></trkpt>
   <trkpt lat="50.995539" lon="10.096743"><ele>208</ele></trkpt>
   <trkpt lat="50.995663" lon="10.09664"><ele>208</ele></trkpt>
   <trkpt lat="50.995769" lon="10.096572"><ele>208</ele></trkpt>
   <trkpt lat="50.995909" lon="10.096511"><ele>208</ele></trkpt>
   <trkpt lat="50.996533" lon="10.096299"><ele>208</ele></trkpt>
   <trkpt lat="50.997022" lon="10.09608"><ele>207.5</ele></trkpt>
   <trkpt lat="50.99713" lon="10.096042"><ele>207.25</ele></trkpt>
   <trkpt lat="50.997297" lon="10.095991"><ele>206.75</ele></trkpt>
   <trkpt lat="50.997577" lon="10.095952"><ele>207</ele></trkpt>
   <trkpt lat="50.997918" lon="10.095934"><ele>207.75</ele></trkpt>
   <trkpt lat="50.998078" lon="10.09592"><ele>208</ele></trkpt>
   <trkpt lat="50.998173" lon="10.095922"><ele>208</ele></trkpt>
   <trkpt lat="50.998474" lon="10.095983"><ele>208</ele></trkpt>
   <trkpt lat="50.998679" lon="10.096039"><ele>208</ele></trkpt>
   <trkpt lat="50.998997" lon="10.096157"><ele>208.25</ele></trkpt>
   <trkpt lat="50.999142" lon="10.09623"><ele>208.75</ele></trkpt>
   <trkpt lat="50.999323" lon="10.09634"><ele>209</ele></trkpt>
   <trkpt lat="50.999476" lon="10.096447"><ele>209.25</ele></trkpt>
   <trkpt lat="51.000163" lon="10.096983"><ele>208.5</ele></trkpt>
   <trkpt lat="51.000144" lon="10.097028"><ele>208.5</ele></trkpt>
   <trkpt lat="51.000094" lon="10.097142"><ele>208.25</ele></trkpt>
   <trkpt lat="51.000081" lon="10.097209"><ele>208.25</ele></trkpt>
   <trkpt lat="51.000087" lon="10.09728"><ele>208.25</ele></trkpt>
   <trkpt lat="51.000104" lon="10.097364"><ele>208.5</ele></trkpt>
   <trkpt lat="51.000144" lon="10.097472"><ele>208.25</ele></trkpt>
   <trkpt lat="51.000264" lon="10.097751"><ele>207</ele></trkpt>
   <trkpt lat="51.000437" lon="10.098114"><ele>206.25</ele></trkpt>
   <trkpt lat="51.000672" lon="10.098538"><ele>206</ele></trkpt>
   <trkpt lat="51.00073" lon="10.098638"><ele>205.75</ele></trkpt>
   <trkpt lat="51.00076" lon="10.098703"><ele>205.5</ele></trkpt>
   <trkpt lat="51.000848" lon="10.098873"><ele>205</ele></trkpt>
   <trkpt lat="51.000892" lon="10.098973"><ele>204.75</ele></trkpt>
   <trkpt lat="51.000942" lon="10.099118"><ele>204.25</ele></trkpt>
   <trkpt lat="51.000958" lon="10.099214"><ele>204.25</ele></trkpt>
   <trkpt lat="51.000958" lon="10.099385"><ele>204.25</ele></trkpt>
   <trkpt lat="51.000941" lon="10.099499"><ele>204.25</ele></trkpt>
   <trkpt lat="51.00081" lon="10.100066"><ele>204</ele></trkpt>
   <trkpt lat="51.000671" lon="10.100658"><ele>204</ele></trkpt>
   <trkpt lat="51.000481" lon="10.101455"><ele>203</ele></trkpt>
   <trkpt lat="51.000422" lon="10.101755"><ele>203.25</ele></trkpt>
   <trkpt lat="51.000382" lon="10.102077"><ele>203</ele></trkpt>
   <trkpt lat="51.000367" lon="10.102294"><ele>203.25</ele></trkpt>
   <trkpt lat="51.000338" lon="10.102986"><ele>205.5</ele></trkpt>
   <trkpt lat="51.000315" lon="10.103483"><ele>207</ele></trkpt>
   <trkpt lat="51.000316" lon="10.103573"><ele>207.25</ele></trkpt>
   <trkpt lat="51.000339" lon="10.103735"><ele>207.5</ele></trkpt>
   <trkpt lat="51.000388" lon="10.103886"><ele>207.75</ele></trkpt>
   <trkpt lat="51.000462" lon="10.104068"><ele>209.5</ele></trkpt>
   <trkpt lat="51.00061" lon="10.104424"><ele>210.75</ele></trkpt>
   <trkpt lat="51.000678" lon="10.104526"><ele>211.25</ele></trkpt>
   <trkpt lat="51.000721" lon="10.104565"><ele>211.25</ele></trkpt>
   <trkpt lat="51.000764" lon="10.104585"><ele>211</ele></trkpt>
   <trkpt lat="51.000819" lon="10.104586"><ele>210.5</ele></trkpt>
   <trkpt lat="51.000919" lon="10.104547"><ele>210</ele></trkpt>
   <trkpt lat="51.001243" lon="10.104395"><ele>208.25</ele></trkpt>
   <trkpt lat="51.001438" lon="10.104287"><ele>207</ele></trkpt>
   <trkpt lat="51.001588" lon="10.104189"><ele>205.5</ele></trkpt>
   <trkpt lat="51.001627" lon="10.104175"><ele>205</ele></trkpt>
   <trkpt lat="51.001712" lon="10.104177"><ele>204.75</ele></trkpt>
   <trkpt lat="51.001758" lon="10.1042"><ele>204.75</ele></trkpt>
   <trkpt lat="51.001808" lon="10.104238"><ele>205</ele></trkpt>
   <trkpt lat="51.001849" lon="10.104287"><ele>205</ele></trkpt>
   <trkpt lat="51.001878" lon="10.104337"><ele>205</ele></trkpt>
   <trkpt lat="51.001912" lon="10.104422"><ele>205.25</ele></trkpt>
   <trkpt lat="51.001949" lon="10.104555"><ele>205.75</ele></trkpt>
   <trkpt lat="51.001963" lon="10.104612"><ele>206</ele></trkpt>
   <trkpt lat="51.002021" lon="10.104917"><ele>207.75</ele></trkpt>
   <trkpt lat="51.002078" lon="10.105301"><ele>208.5</ele></trkpt>
   <trkpt lat="51.002093" lon="10.105373"><ele>208.25</ele></trkpt>
   <trkpt lat="51.00211" lon="10.105425"><ele>208.5</ele></trkpt>
   <trkpt lat="51.002141" lon="10.105468"><ele>208.5</ele></trkpt>
   <trkpt lat="51.002639" lon="10.1059"><ele>207.5</ele></trkpt>
   <trkpt lat="51.002757" lon="10.106027"><ele>207</ele></trkpt>
   <trkpt lat="51.002829" lon="10.106128"><ele>206.75</ele></trkpt>
   <trkpt lat="51.00294" lon="10.106288"><ele>206.5</ele></trkpt>
   <trkpt lat="51.003243" lon="10.106657"><ele>205.25</ele></trkpt>
   <trkpt lat="51.003503" lon="10.106983"><ele>205.25</ele></trkpt>
   <trkpt lat="51.00354" lon="10.107045"><ele>205.25</ele></trkpt>
   <trkpt lat="51.003566" lon="10.107116"><ele>205</ele></trkpt>
   <trkpt lat="51.003582" lon="10.107196"><ele>205</ele></trkpt>
   <trkpt lat="51.003582" lon="10.10728"><ele>205</ele></trkpt>
   <trkpt lat="51.003482" lon="10.107736"><ele>205.25</ele></trkpt>
   <trkpt lat="51.003374" lon="10.108195"><ele>205.75</ele></trkpt>
   <trkpt lat="51.003301" lon="10.108417"><ele>206</ele></trkpt>
   <trkpt lat="51.003269" lon="10.108493"><ele>206.25</ele></trkpt>
   <trkpt lat="51.002816" lon="10.109526"><ele>209.5</ele></trkpt>
   <trkpt lat="51.002732" lon="10.109753"><ele>210</ele></trkpt>
   <trkpt lat="51.002693" lon="10.10989"><ele>210</ele></trkpt>
   <trkpt lat="51.002629" lon="10.110192"><ele>210.5</ele></trkpt>
   <trkpt lat="51.002596" lon="10.110386"><ele>210.75</ele></trkpt>
   <trkpt lat="51.002222" lon="10.112739"><ele>212</ele></trkpt>
   <trkpt lat="51.002108" lon="10.113488"><ele>212</ele></trkpt>
   <trkpt lat="51.00203" lon="10.113946"><ele>211.75</ele></trkpt>
   <trkpt lat="51.001811" lon="10.115026"><ele>210.75</ele></trkpt>
   <trkpt lat="51.001591" lon="10.11613"><ele>209.25</ele></trkpt>
   <trkpt lat="51.001552" lon="10.116364"><ele>208.75</ele></trkpt>
   <trkpt lat="51.001448" lon="10.11719"><ele>207.5</ele></trkpt>
   <trkpt lat="51.001419" lon="10.117372"><ele>207</ele></trkpt>
   <trkpt lat="51.001368" lon="10.117618"><ele>206.5</ele></trkpt>
   <trkpt lat="51.001298" lon="10.117852"><ele>206</ele></trkpt>
   <trkpt lat="51.001256" lon="10.117959"><ele>205.5</ele></trkpt>
   <trkpt lat="51.001151" lon="10.118158"><ele>205.25</ele></trkpt>
   <trkpt lat="50.999982" lon="10.119937"><ele>203.25</ele></trkpt>
   <trkpt lat="50.999781" lon="10.12026"><ele>203.5</ele></trkpt>
   <trkpt lat="50.999664" lon="10.120492"><ele>203.25</ele></trkpt>
   <trkpt lat="50.999608" lon="10.120629"><ele>203</ele></trkpt>
   <trkpt lat="50.999468" lon="10.121054"><ele>202.75</ele></trkpt>
   <trkpt lat="50.999381" lon="10.121295"><ele>203</ele></trkpt>
   <trkpt lat="50.999277" lon="10.12155"><ele>203.25</ele></trkpt>
   <trkpt lat="50.999163" lon="10.121777"><ele>203.5</ele></trkpt>
   <trkpt lat="50.999024" lon="10.121986"><ele>203.25</ele></trkpt>
   <trkpt lat="50.998443" lon="10.122714"><ele>202.5</ele></trkpt>
   <trkpt lat="50.998278" lon="10.122906"><ele>202.25</ele></trkpt>
   <trkpt lat="50.998174" lon="10.122997"><ele>202</ele></trkpt>
   <trkpt lat="50.998114" lon="10.123037"><ele>202</ele></trkpt>
   <trkpt lat="50.998034" lon="10.123086"><ele>201.75</ele></trkpt>
   <trkpt lat="50.997739" lon="10.123238"><ele>202.25</ele></trkpt>
   <trkpt lat="50.997599" lon="10.123327"><ele>202.5</ele></trkpt>
   <trkpt lat="50.997484" lon="10.123445"><ele>203.25</ele></trkpt>
   <trkpt lat="50.997364" lon="10.123608"><ele>205.25</ele></trkpt>
   <trkpt lat="50.997226" lon="10.123872"><ele>203.25</ele></trkpt>
   <trkpt lat="50.997163" lon="10.124017"><ele>205</ele></trkpt>
   <trkpt lat="50.99705" lon="10.124311"><ele>204.75</ele></trkpt>
   <trkpt lat="50.996927" lon="10.124709"><ele>203.75</ele></trkpt>
   <trkpt lat="50.996811" lon="10.125149"><ele>204.75</ele></trkpt>
   <trkpt lat="50.996754" lon="10.125388"><ele>203.5</ele></trkpt>
   <trkpt lat="50.996669" lon="10.125794"><ele>202.75</ele></trkpt>
   <trkpt lat="50.99642" lon="10.127154"><ele>202.75</ele></trkpt>
   <trkpt lat="50.996391" lon="10.127286"><ele>202.75</ele></trkpt>
   <trkpt lat="50.996318" lon="10.127557"><ele>204.75</ele></trkpt>
   <trkpt lat="50.996125" lon="10.128129"><ele>202.75</ele></trkpt>
   <trkpt lat="50.995987" lon="10.128541"><ele>205.25</ele></trkpt>
   <trkpt lat="50.995949" lon="10.128676"><ele>205</ele></trkpt>
   <trkpt lat="50.995873" lon="10.129008"><ele>203</ele></trkpt>
   <trkpt lat="50.9958" lon="10.129407"><ele>204</ele></trkpt>
   <trkpt lat="50.995749" lon="10.129762"><ele>205.5</ele></trkpt>
   <trkpt lat="50.995633" lon="10.130763"><ele>203.75</ele></trkpt>
   <trkpt lat="50.995348" lon="10.132966"><ele>204</ele></trkpt>
   <trkpt lat="50.995267" lon="10.133436"><ele>204</ele></trkpt>
   <trkpt lat="50.995203" lon="10.133729"><ele>204.75</ele></trkpt>
   <trkpt lat="50.995149" lon="10.133904"><ele>204.75</ele></trkpt>
   <trkpt lat="50.995132" lon="10.133942"><ele>204.75</ele></trkpt>
   <trkpt lat="50.995102" lon="10.133976"><ele>205</ele></trkpt>
   <trkpt lat="50.995058" lon="10.133992"><ele>205.75</ele></trkpt>
   <trkpt lat="50.995008" lon="10.133984"><ele>206.5</ele></trkpt>
   <trkpt lat="50.994963" lon="10.133943"><ele>207.25</ele></trkpt>
   <trkpt lat="50.994939" lon="10.133885"><ele>207.5</ele></trkpt>
   <trkpt lat="50.994924" lon="10.133815"><ele>208</ele></trkpt>
   <trkpt lat="50.994923" lon="10.133731"><ele>208.25</ele></trkpt>
   <trkpt lat="50.994944" lon="10.13352"><ele>208.75</ele></trkpt>
   <trkpt lat="50.994945" lon="10.133435"><ele>208.75</ele></trkpt>
   <trkpt lat="50.994937" lon="10.133362"><ele>209</ele></trkpt>
   <trkpt lat="50.994916" lon="10.133306"><ele>209.5</ele></trkpt>
   <trkpt lat="50.994889" lon="10.133266"><ele>210</ele></trkpt>
   <trkpt lat="50.994855" lon="10.133241"><ele>210.25</ele></trkpt>
   <trkpt lat="50.994818" lon="10.133233"><ele>210.5</ele></trkpt>
   <trkpt lat="50.994791" lon="10.133238"><ele>210.25</ele></trkpt>
   <trkpt lat="50.994762" lon="10.13326"><ele>210.25</ele></trkpt>
   <trkpt lat="50.994736" lon="10.133302"><ele>210</ele></trkpt>
   <trkpt lat="50.994723" lon="10.133371"><ele>210</ele></trkpt>
   <trkpt lat="50.994719" lon="10.133467"><ele>210.5</ele></trkpt>
   <trkpt lat="50.99475" lon="10.134004"><ele>212.75</ele></trkpt>
   <trkpt lat="50.994763" lon="10.134302"><ele>213</ele></trkpt>
   <trkpt lat="50.994755" lon="10.134582"><ele>212.75</ele></trkpt>
   <trkpt lat="50.994741" lon="10.134743"><ele>212.5</ele></trkpt>
   <trkpt lat="50.994633" lon="10.135483"><ele>210.5</ele></trkpt>
   <trkpt lat="50.994613" lon="10.135748"><ele>209.5</ele></trkpt>
   <trkpt lat="50.994604" lon="10.136049"><ele>208.75</ele></trkpt>
   <trkpt lat="50.994586" lon="10.136327"><ele>208</ele></trkpt>
   <trkpt lat="50.994551" lon="10.136619"><ele>207.5</ele></trkpt>
   <trkpt lat="50.994499" lon="10.136907"><ele>207.25</ele></trkpt>
   <trkpt lat="50.994467" lon="10.137048"><ele>207.25</ele></trkpt>
   <trkpt lat="50.994384" lon="10.137335"><ele>207.25</ele></trkpt>
   <trkpt lat="50.9942" lon="10.137924"><ele>208.5</ele></trkpt>
   <trkpt lat="50.993866" lon="10.138934"><ele>210</ele></trkpt>
   <trkpt lat="50.993722" lon="10.139397"><ele>209.25</ele></trkpt>
   <trkpt lat="50.993622" lon="10.139752"><ele>208.5</ele></trkpt>
   <trkpt lat="50.993592" lon="10.139885"><ele>208.5</ele></trkpt>
   <trkpt lat="50.993571" lon="10.140011"><ele>208.25</ele></trkpt>
   <trkpt lat="50.993518" lon="10.140564"><ele>209.5</ele></trkpt>
   <trkpt lat="50.993473" lon="10.14092"><ele>208.75</ele></trkpt>
   <trkpt lat="50.993394" lon="10.14144"><ele>207.75</ele></trkpt>
   <trkpt lat="50.993332" lon="10.141789"><ele>209.5</ele></trkpt>
   <trkpt lat="50.993276" lon="10.142012"><ele>209.25</ele></trkpt>
   <trkpt lat="50.99324" lon="10.142118"><ele>208.75</ele></trkpt>
   <trkpt lat="50.99306" lon="10.142591"><ele>206.5</ele></trkpt>
   <trkpt lat="50.993027" lon="10.142708"><ele>206.25</ele></trkpt>
   <trkpt lat="50.992981" lon="10.142941"><ele>206.25</ele></trkpt>
   <trkpt lat="50.992956" lon="10.143167"><ele>206.5</ele></trkpt>
   <trkpt lat="50.992843" lon="10.144469"><ele>206.5</ele></trkpt>
   <trkpt lat="50.992836" lon="10.144609"><ele>206.5</ele></trkpt>
   <trkpt lat="50.99284" lon="10.145291"><ele>206.5</ele></trkpt>
   <trkpt lat="50.992835" lon="10.145457"><ele>206.5</ele></trkpt>
   <trkpt lat="50.992817" lon="10.145753"><ele>206.5</ele></trkpt>
   <trkpt lat="50.992761" lon="10.146193"><ele>207</ele></trkpt>
   <trkpt lat="50.992705" lon="10.146494"><ele>206.5</ele></trkpt>
   <trkpt lat="50.992672" lon="10.146639"><ele>206.25</ele></trkpt>
   <trkpt lat="50.992602" lon="10.146898"><ele>206.5</ele></trkpt>
   <trkpt lat="50.992562" lon="10.147016"><ele>206.75</ele></trkpt>
   <trkpt lat="50.992468" lon="10.147248"><ele>206.75</ele></trkpt>
   <trkpt lat="50.992412" lon="10.147368"><ele>206.5</ele></trkpt>
   <trkpt lat="50.992231" lon="10.147711"><ele>206.75</ele></trkpt>
   <trkpt lat="50.992059" lon="10.148048"><ele>206.5</ele></trkpt>
   <trkpt lat="50.992006" lon="10.148169"><ele>206.75</ele></trkpt>
   <trkpt lat="50.991936" lon="10.148375"><ele>207</ele></trkpt>
   <trkpt lat="50.991909" lon="10.148478"><ele>207</ele></trkpt>
   <trkpt lat="50.991886" lon="10.148599"><ele>207</ele></trkpt>
   <trkpt lat="50.991842" lon="10.148902"><ele>207.25</ele></trkpt>
   <trkpt lat="50.991809" lon="10.1493"><ele>207.25</ele></trkpt>
   <trkpt lat="50.991799" lon="10.149554"><ele>207.5</ele></trkpt>
   <trkpt lat="50.991796" lon="10.149999"><ele>208.5</ele></trkpt>
   <trkpt lat="50.991815" lon="10.150325"><ele>208.5</ele></trkpt>
   <trkpt lat="50.991836" lon="10.150502"><ele>209</ele></trkpt>
   <trkpt lat="50.991893" lon="10.150846"><ele>209</ele></trkpt>
   <trkpt lat="50.991928" lon="10.151102"><ele>209.75</ele></trkpt>
   <trkpt lat="50.991937" lon="10.151383"><ele>210</ele></trkpt>
   <trkpt lat="50.991911" lon="10.15203"><ele>209</ele></trkpt>
   <trkpt lat="50.991909" lon="10.152198"><ele>209</ele></trkpt>
   <trkpt lat="50.991908" lon="10.152378"><ele>209</ele></trkpt>
   <trkpt lat="50.991913" lon="10.152552"><ele>208.5</ele></trkpt>
   <trkpt lat="50.991936" lon="10.152815"><ele>207</ele></trkpt>
   <trkpt lat="50.991958" lon="10.152931"><ele>206.75</ele></trkpt>
   <trkpt lat="50.992018" lon="10.153156"><ele>206.25</ele></trkpt>
   <trkpt lat="50.992127" lon="10.153471"><ele>205</ele></trkpt>
   <trkpt lat="50.992333" lon="10.153991"><ele>204.5</ele></trkpt>
   <trkpt lat="50.992435" lon="10.154289"><ele>204</ele></trkpt>
   <trkpt lat="50.992535" lon="10.154636"><ele>203.75</ele></trkpt>
   <trkpt lat="50.992585" lon="10.154833"><ele>203.5</ele></trkpt>
   <trkpt lat="50.992615" lon="10.154943"><ele>203.5</ele></trkpt>
   <trkpt lat="50.992871" lon="10.155769"><ele>202.75</ele></trkpt>
   <trkpt lat="50.993077" lon="10.156379"><ele>202.75</ele></trkpt>
   <trkpt lat="50.993132" lon="10.156558"><ele>203</ele></trkpt>
   <trkpt lat="50.993196" lon="10.156817"><ele>203</ele></trkpt>
   <trkpt lat="50.993214" lon="10.156938"><ele>203</ele></trkpt>
   <trkpt lat="50.993225" lon="10.157067"><ele>203</ele></trkpt>
   <trkpt lat="50.993236" lon="10.157571"><ele>203</ele></trkpt>
   <trkpt lat="50.993247" lon="10.157656"><ele>202.5</ele></trkpt>
   <trkpt lat="50.993268" lon="10.157732"><ele>202.25</ele></trkpt>
   <trkpt lat="50.993298" lon="10.157786"><ele>202</ele></trkpt>
   <trkpt lat="50.993351" lon="10.157825"><ele>202</ele></trkpt>
   <trkpt lat="50.993413" lon="10.157847"><ele>202</ele></trkpt>
   <trkpt lat="50.993636" lon="10.157883"><ele>201.75</ele></trkpt>
   <trkpt lat="50.993695" lon="10.15789"><ele>201.75</ele></trkpt>
   <trkpt lat="50.993844" lon="10.157922"><ele>201.5</ele></trkpt>
   <trkpt lat="50.993929" lon="10.157956"><ele>201.25</ele></trkpt>
   <trkpt lat="50.994041" lon="10.158042"><ele>201.5</ele></trkpt>
   <trkpt lat="50.994079" lon="10.158077"><ele>201.5</ele></trkpt>
   <trkpt lat="50.994252" lon="10.158266"><ele>202</ele></trkpt>
   <trkpt lat="50.994333" lon="10.158375"><ele>202</ele></trkpt>
   <trkpt lat="50.994455" lon="10.158564"><ele>201.75</ele></trkpt>
   <trkpt lat="50.994563" lon="10.158789"><ele>202</ele></trkpt>
   <trkpt lat="50.994604" lon="10.15891"><ele>202</ele></trkpt>
   <trkpt lat="50.994645" lon="10.159058"><ele>202.5</ele></trkpt>
   <trkpt lat="50.994686" lon="10.159268"><ele>203</ele></trkpt>
   <trkpt lat="50.994716" lon="10.159512"><ele>203.25</ele></trkpt>
   <trkpt lat="50.994732" lon="10.15974"><ele>204</ele></trkpt>
   <trkpt lat="50.994737" lon="10.160052"><ele>205</ele></trkpt>
   <trkpt lat="50.994738" lon="10.16034"><ele>205</ele></trkpt>
   <trkpt lat="50.995288" lon="10.160307"><ele>203.75</ele></trkpt>
   <trkpt lat="50.995352" lon="10.160304"><ele>203.75</ele></trkpt>
   <trkpt lat="50.995418" lon="10.160301"><ele>203.75</ele></trkpt>
   <trkpt lat="50.995953" lon="10.16024"><ele>202.25</ele></trkpt>
   <trkpt lat="50.996182" lon="10.160187"><ele>200.5</ele></trkpt>
   <trkpt lat="50.996816" lon="10.159949"><ele>199</ele></trkpt>
   <trkpt lat="50.996874" lon="10.15993"><ele>199.75</ele></trkpt>
   <trkpt lat="50.99703" lon="10.15992"><ele>200.25</ele></trkpt>
   <trkpt lat="50.997584" lon="10.159943"><ele>200</ele></trkpt>
   <trkpt lat="50.997988" lon="10.159946"><ele>200</ele></trkpt>
   <trkpt lat="50.999877" lon="10.160005"><ele>200.5</ele></trkpt>
   <trkpt lat="51.001758" lon="10.160037"><ele>201</ele></trkpt>
   <trkpt lat="51.001788" lon="10.160037"><ele>201</ele></trkpt>
   <trkpt lat="51.001888" lon="10.160039"><ele>201</ele></trkpt>
   <trkpt lat="51.001918" lon="10.16004"><ele>201</ele></trkpt>
   <trkpt lat="51.001894" lon="10.161325"><ele>200</ele></trkpt>
   <trkpt lat="51.001872" lon="10.16427"><ele>199</ele></trkpt>
   <trkpt lat="51.001862" lon="10.167209"><ele>199</ele></trkpt>
   <trkpt lat="51.001868" lon="10.167297"><ele>199</ele></trkpt>
   <trkpt lat="51.001879" lon="10.167357"><ele>199</ele></trkpt>
   <trkpt lat="51.0019" lon="10.167406"><ele>199.25</ele></trkpt>
   <trkpt lat="51.001924" lon="10.167433"><ele>199.5</ele></trkpt>
   <trkpt lat="51.001961" lon="10.167457"><ele>199.75</ele></trkpt>
   <trkpt lat="51.002013" lon="10.167471"><ele>199.5</ele></trkpt>
   <trkpt lat="51.002581" lon="10.167465"><ele>199.25</ele></trkpt>
   <trkpt lat="51.002648" lon="10.167471"><ele>199.25</ele></trkpt>
   <trkpt lat="51.002676" lon="10.167489"><ele>199.5</ele></trkpt>
   <trkpt lat="51.002694" lon="10.16752"><ele>199.5</ele></trkpt>
   <trkpt lat="51.0027" lon="10.167568"><ele>199.5</ele></trkpt>
   <trkpt lat="51.002676" lon="10.167712"><ele>199.5</ele></trkpt>
   <trkpt lat="51.00267" lon="10.167813"><ele>199.5</ele></trkpt>
   <trkpt lat="51.002686" lon="10.168236"><ele>199.5</ele></trkpt>
   <trkpt lat="51.002679" lon="10.168506"><ele>200</ele></trkpt>
   <trkpt lat="51.002584" lon="10.16985"><ele>199.75</ele></trkpt>
   <trkpt lat="51.002538" lon="10.17038"><ele>200</ele></trkpt>
   <trkpt lat="51.002457" lon="10.171113"><ele>200</ele></trkpt>
   <trkpt lat="51.002413" lon="10.171426"><ele>200.5</ele></trkpt>
   <trkpt lat="51.002367" lon="10.171792"><ele>200.5</ele></trkpt>
   <trkpt lat="51.002319" lon="10.1723"><ele>200.25</ele></trkpt>
   <trkpt lat="51.002317" lon="10.172668"><ele>200</ele></trkpt>
   <trkpt lat="51.00226" lon="10.173604"><ele>200</ele></trkpt>
   <trkpt lat="51.002269" lon="10.173755"><ele>200</ele></trkpt>
   <trkpt lat="51.002314" lon="10.173965"><ele>200.25</ele></trkpt>
   <trkpt lat="51.002326" lon="10.174147"><ele>200.25</ele></trkpt>
   <trkpt lat="51.001909" lon="10.180368"><ele>199</ele></trkpt>
   <trkpt lat="51.001855" lon="10.181349"><ele>199.75</ele></trkpt>
   <trkpt lat="51.001832" lon="10.182226"><ele>199.75</ele></trkpt>
   <trkpt lat="51.001844" lon="10.183147"><ele>199.75</ele></trkpt>
   <trkpt lat="51.001874" lon="10.183853"><ele>199.5</ele></trkpt>
   <trkpt lat="51.001893" lon="10.184206"><ele>199.5</ele></trkpt>
   <trkpt lat="51.002014" lon="10.185437"><ele>199.5</ele></trkpt>
   <trkpt lat="51.002024" lon="10.185646"><ele>199.5</ele></trkpt>
   <trkpt lat="51.002024" lon="10.185867"><ele>199.75</ele></trkpt>
   <trkpt lat="51.00201" lon="10.186109"><ele>199.25</ele></trkpt>
   <trkpt lat="51.001972" lon="10.186451"><ele>199.25</ele></trkpt>
   <trkpt lat="51.00192" lon="10.186728"><ele>199</ele></trkpt>
   <trkpt lat="51.001817" lon="10.187146"><ele>199</ele></trkpt>
   <trkpt lat="51.0017" lon="10.187551"><ele>199</ele></trkpt>
   <trkpt lat="51.001675" lon="10.1877"><ele>199</ele></trkpt>
   <trkpt lat="51.001758" lon="10.187787"><ele>199.25</ele></trkpt>
   <trkpt lat="51.00187" lon="10.187544"><ele>199.5</ele></trkpt>
   <trkpt lat="51.001919" lon="10.187416"><ele>199.75</ele></trkpt>
   <trkpt lat="51.001967" lon="10.187263"><ele>200</ele></trkpt>
   <trkpt lat="51.002048" lon="10.186939"><ele>200.25</ele></trkpt>
   <trkpt lat="51.002213" lon="10.186171"><ele>201</ele></trkpt>
   <trkpt lat="51.002235" lon="10.186068"><ele>201</ele></trkpt>
   <trkpt lat="51.00232" lon="10.185627"><ele>201.75</ele></trkpt>
   <trkpt lat="51.002353" lon="10.185566"><ele>201.75</ele></trkpt>
   <trkpt lat="51.002379" lon="10.185542"><ele>202</ele></trkpt>
   <trkpt lat="51.002413" lon="10.185529"><ele>202.25</ele></trkpt>
   <trkpt lat="51.00247" lon="10.185529"><ele>202.75</ele></trkpt>
   <trkpt lat="51.002519" lon="10.185533"><ele>203</ele></trkpt>
   <trkpt lat="51.002507" lon="10.185978"><ele>203</ele></trkpt>
   <trkpt lat="51.002515" lon="10.186359"><ele>202</ele></trkpt>
   <trkpt lat="51.002566" lon="10.186953"><ele>202.25</ele></trkpt>
   <trkpt lat="51.002689" lon="10.187709"><ele>202.25</ele></trkpt>
   <trkpt lat="51.002918" lon="10.188773"><ele>202</ele></trkpt>
   <trkpt lat="51.003258" lon="10.190204"><ele>203.25</ele></trkpt>
   <trkpt lat="51.003707" lon="10.19191"><ele>204</ele></trkpt>
   <trkpt lat="51.003873" lon="10.192593"><ele>204.75</ele></trkpt>
   <trkpt lat="51.004277" lon="10.194143"><ele>203.75</ele></trkpt>
   <trkpt lat="51.004784" lon="10.196028"><ele>201</ele></trkpt>
   <trkpt lat="51.005028" lon="10.197075"><ele>200.25</ele></trkpt>
   <trkpt lat="51.005211" lon="10.197939"><ele>199.75</ele></trkpt>
   <trkpt lat="51.005569" lon="10.199687"><ele>200.25</ele></trkpt>
   <trkpt lat="51.006333" lon="10.202658"><ele>200.25</ele></trkpt>
   <trkpt lat="51.006785" lon="10.204374"><ele>201.5</ele></trkpt>
   <trkpt lat="51.007064" lon="10.205441"><ele>201</ele></trkpt>
   <trkpt lat="51.007395" lon="10.206756"><ele>203.75</ele></trkpt>
   <trkpt lat="51.007684" lon="10.208104"><ele>204.25</ele></trkpt>
   <trkpt lat="51.007839" lon="10.208755"><ele>204.5</ele></trkpt>
   <trkpt lat="51.008148" lon="10.210126"><ele>202.25</ele></trkpt>
   <trkpt lat="51.008212" lon="10.210382"><ele>201.5</ele></trkpt>
   <trkpt lat="51.008679" lon="10.212448"><ele>200.5</ele></trkpt>
   <trkpt lat="51.008949" lon="10.213583"><ele>199.75</ele></trkpt>
   <trkpt lat="51.009233" lon="10.214866"><ele>200.75</ele></trkpt>
   <trkpt lat="51.009284" lon="10.215161"><ele>201.5</ele></trkpt>
   <trkpt lat="51.009348" lon="10.215607"><ele>200.25</ele></trkpt>
   <trkpt lat="51.009669" lon="10.218758"><ele>199.5</ele></trkpt>
   <trkpt lat="51.009682" lon="10.21901"><ele>199</ele></trkpt>
   <trkpt lat="51.009693" lon="10.219509"><ele>200</ele></trkpt>
   <trkpt lat="51.009689" lon="10.220234"><ele>200.75</ele></trkpt>
   <trkpt lat="51.009678" lon="10.220799"><ele>201.5</ele></trkpt>
   <trkpt lat="51.009663" lon="10.221083"><ele>202.25</ele></trkpt>
   <trkpt lat="51.009573" lon="10.222451"><ele>208.5</ele></trkpt>
   <trkpt lat="51.009563" lon="10.22278"><ele>208.5</ele></trkpt>
   <trkpt lat="51.009526" lon="10.224943"><ele>206</ele></trkpt>
   <trkpt lat="51.009527" lon="10.225163"><ele>206</ele></trkpt>
   <trkpt lat="51.009538" lon="10.22539"><ele>206.75</ele></trkpt>
   <trkpt lat="51.009554" lon="10.225628"><ele>207</ele></trkpt>
   <trkpt lat="51.009583" lon="10.225887"><ele>207</ele></trkpt>
   <trkpt lat="51.009642" lon="10.226223"><ele>205.25</ele></trkpt>
   <trkpt lat="51.009696" lon="10.226482"><ele>202.25</ele></trkpt>
   <trkpt lat="51.009825" lon="10.226999"><ele>203.75</ele></trkpt>
   <trkpt lat="51.009898" lon="10.227395"><ele>200.5</ele></trkpt>
   <trkpt lat="51.00995" lon="10.227731"><ele>200.25</ele></trkpt>
   <trkpt lat="51.009992" lon="10.22807"><ele>200.75</ele></trkpt>
   <trkpt lat="51.010006" lon="10.228201"><ele>200.75</ele></trkpt>
   <trkpt lat="51.010028" lon="10.2285"><ele>200.75</ele></trkpt>
   <trkpt lat="51.010043" lon="10.228779"><ele>201</ele></trkpt>
   <trkpt lat="51.010048" lon="10.22906"><ele>201.25</ele></trkpt>
   <trkpt lat="51.010044" lon="10.22934"><ele>201.5</ele></trkpt>
   <trkpt lat="51.010031" lon="10.22962"><ele>201.75</ele></trkpt>
   <trkpt lat="51.010009" lon="10.229898"><ele>202</ele></trkpt>
   <trkpt lat="51.009978" lon="10.230174"><ele>202.25</ele></trkpt>
   <trkpt lat="51.009938" lon="10.230447"><ele>202.5</ele></trkpt>
   <trkpt lat="51.009889" lon="10.230716"><ele>202.75</ele></trkpt>
   <trkpt lat="51.009831" lon="10.23098"><ele>203</ele></trkpt>
   <trkpt lat="51.009765" lon="10.231239"><ele>203.25</ele></trkpt>
   <trkpt lat="51.00969" lon="10.231493"><ele>203.25</ele></trkpt>
   <trkpt lat="51.009548" lon="10.231921"><ele>203.5</ele></trkpt>
   <trkpt lat="51.009261" lon="10.23262"><ele>203.75</ele></trkpt>
   <trkpt lat="51.008409" lon="10.234596"><ele>205.25</ele></trkpt>
   <trkpt lat="51.008166" lon="10.235272"><ele>205.75</ele></trkpt>
   <trkpt lat="51.008034" lon="10.235694"><ele>205.75</ele></trkpt>
   <trkpt lat="51.007712" lon="10.236842"><ele>204</ele></trkpt>
   <trkpt lat="51.007627" lon="10.23714"><ele>204</ele></trkpt>
   <trkpt lat="51.007534" lon="10.237476"><ele>205.5</ele></trkpt>
   <trkpt lat="51.007323" lon="10.238216"><ele>201.75</ele></trkpt>
   <trkpt lat="51.007155" lon="10.238815"><ele>201.75</ele></trkpt>
   <trkpt lat="51.006976" lon="10.239395"><ele>201.75</ele></trkpt>
   <trkpt lat="51.006819" lon="10.23984"><ele>201.25</ele></trkpt>
   <trkpt lat="51.006634" lon="10.240272"><ele>201.25</ele></trkpt>
   <trkpt lat="51.006327" lon="10.240854"><ele>201.25</ele></trkpt>
   <trkpt lat="51.005942" lon="10.241345"><ele>202.25</ele></trkpt>
   <trkpt lat="51.005681" lon="10.241614"><ele>202</ele></trkpt>
   <trkpt lat="51.005487" lon="10.241776"><ele>201.5</ele></trkpt>
   <trkpt lat="51.005295" lon="10.241906"><ele>201.75</ele></trkpt>
   <trkpt lat="51.005086" lon="10.24203"><ele>202.75</ele></trkpt>
   <trkpt lat="51.004665" lon="10.242197"><ele>202.5</ele></trkpt>
   <trkpt lat="51.004369" lon="10.242266"><ele>202.75</ele></trkpt>
   <trkpt lat="51.004073" lon="10.242314"><ele>202.75</ele></trkpt>
   <trkpt lat="51.002596" lon="10.242544"><ele>201.75</ele></trkpt>
   <trkpt lat="51.002248" lon="10.24264"><ele>202.25</ele></trkpt>
   <trkpt lat="51.00138" lon="10.242982"><ele>204.25</ele></trkpt>
   <trkpt lat="51.000861" lon="10.243173"><ele>204.75</ele></trkpt>
   <trkpt lat="51.000485" lon="10.243278"><ele>203.75</ele></trkpt>
   <trkpt lat="50.999832" lon="10.2434"><ele>203.5</ele></trkpt>
   <trkpt lat="50.999804" lon="10.243516"><ele>203</ele></trkpt>
   <trkpt lat="50.999776" lon="10.243882"><ele>202.75</ele></trkpt>
   <trkpt lat="50.999742" lon="10.244065"><ele>203.75</ele></trkpt>
   <trkpt lat="50.999675" lon="10.244223"><ele>204.25</ele></trkpt>
   <trkpt lat="50.999591" lon="10.244343"><ele>204.75</ele></trkpt>
   <trkpt lat="50.99932" lon="10.244653"><ele>204.5</ele></trkpt>
   <trkpt lat="50.99893" lon="10.245137"><ele>204.5</ele></trkpt>
   <trkpt lat="50.998747" lon="10.245275"><ele>203.25</ele></trkpt>
   <trkpt lat="50.998446" lon="10.245446"><ele>202.75</ele></trkpt>
   <trkpt lat="50.998203" lon="10.245633"><ele>202.75</ele></trkpt>
   <trkpt lat="50.998036" lon="10.245842"><ele>202</ele></trkpt>
   <trkpt lat="50.997032" lon="10.247174"><ele>203.75</ele></trkpt>
   <trkpt lat="50.996819" lon="10.247575"><ele>203.5</ele></trkpt>
   <trkpt lat="50.996688" lon="10.248"><ele>202.5</ele></trkpt>
   <trkpt lat="50.996581" lon="10.248534"><ele>205.75</ele></trkpt>
   <trkpt lat="50.996487" lon="10.248862"><ele>205.25</ele></trkpt>
   <trkpt lat="50.996214" lon="10.249538"><ele>204.5</ele></trkpt>
   <trkpt lat="50.9955" lon="10.250764"><ele>201.5</ele></trkpt>
   <trkpt lat="50.994732" lon="10.251685"><ele>203</ele></trkpt>
   <trkpt lat="50.994584" lon="10.251962"><ele>204</ele></trkpt>
   <trkpt lat="50.994466" lon="10.252389"><ele>205.75</ele></trkpt>
   <trkpt lat="50.994383" lon="10.252775"><ele>206.5</ele></trkpt>
   <trkpt lat="50.99425" lon="10.253222"><ele>206.25</ele></trkpt>
   <trkpt lat="50.993852" lon="10.254443"><ele>206.5</ele></trkpt>
   <trkpt lat="50.993614" lon="10.255118"><ele>206.75</ele></trkpt>
   <trkpt lat="50.993414" lon="10.255688"><ele>207.25</ele></trkpt>
   <trkpt lat="50.993306" lon="10.255943"><ele>207</ele></trkpt>
   <trkpt lat="50.993096" lon="10.256372"><ele>207.25</ele></trkpt>
   <trkpt lat="50.992959" lon="10.256617"><ele>208.5</ele></trkpt>
   <trkpt lat="50.992838" lon="10.256772"><ele>208</ele></trkpt>
   <trkpt lat="50.992308" lon="10.257331"><ele>208.25</ele></trkpt>
   <trkpt lat="50.992179" lon="10.257553"><ele>208.25</ele></trkpt>
   <trkpt lat="50.992136" lon="10.257638"><ele>208.75</ele></trkpt>
   <trkpt lat="50.992032" lon="10.257873"><ele>209.75</ele></trkpt>
   <trkpt lat="50.992043" lon="10.258597"><ele>213.5</ele></trkpt>
   <trkpt lat="50.992" lon="10.258927"><ele>214.5</ele></trkpt>
   <trkpt lat="50.99185" lon="10.259438"><ele>214.5</ele></trkpt>
   <trkpt lat="50.991813" lon="10.259649"><ele>214.5</ele></trkpt>
   <trkpt lat="50.991769" lon="10.259831"><ele>214.75</ele></trkpt>
   <trkpt lat="50.991679" lon="10.259948"><ele>214.75</ele></trkpt>
   <trkpt lat="50.99153" lon="10.260042"><ele>213.75</ele></trkpt>
   <trkpt lat="50.991369" lon="10.260126"><ele>213</ele></trkpt>
   <trkpt lat="50.991202" lon="10.260289"><ele>211.5</ele></trkpt>
   <trkpt lat="50.991037" lon="10.260547"><ele>209.25</ele></trkpt>
   <trkpt lat="50.991031" lon="10.260621"><ele>209.25</ele></trkpt>
   <trkpt lat="50.990996" lon="10.261051"><ele>208.75</ele></trkpt>
   <trkpt lat="50.990929" lon="10.261629"><ele>208.25</ele></trkpt>
   <trkpt lat="50.990867" lon="10.261936"><ele>208.5</ele></trkpt>
   <trkpt lat="50.990787" lon="10.262188"><ele>209</ele></trkpt>
   <trkpt lat="50.99037" lon="10.263191"><ele>209.75</ele></trkpt>
   <trkpt lat="50.990254" lon="10.263464"><ele>210.25</ele></trkpt>
   <trkpt lat="50.989982" lon="10.264109"><ele>211</ele></trkpt>
   <trkpt lat="50.989356" lon="10.265343"><ele>209</ele></trkpt>
   <trkpt lat="50.988972" lon="10.266035"><ele>208.75</ele></trkpt>
   <trkpt lat="50.988794" lon="10.266308"><ele>208.75</ele></trkpt>
   <trkpt lat="50.988518" lon="10.266711"><ele>208.75</ele></trkpt>
   <trkpt lat="50.98846" lon="10.266669"><ele>207.75</ele></trkpt>
   <trkpt lat="50.988417" lon="10.266677"><ele>207.25</ele></trkpt>
   <trkpt lat="50.988189" lon="10.266877"><ele>207.5</ele></trkpt>
   <trkpt lat="50.988091" lon="10.266916"><ele>207</ele></trkpt>
   <trkpt lat="50.987988" lon="10.266903"><ele>206.25</ele></trkpt>
   <trkpt lat="50.987819" lon="10.266831"><ele>205.25</ele></trkpt>
   <trkpt lat="50.987698" lon="10.266816"><ele>205</ele></trkpt>
   <trkpt lat="50.987497" lon="10.266857"><ele>206</ele></trkpt>
   <trkpt lat="50.987441" lon="10.266903"><ele>206</ele></trkpt>
   <trkpt lat="50.987101" lon="10.267414"><ele>205</ele></trkpt>
   <trkpt lat="50.987043" lon="10.267514"><ele>204.75</ele></trkpt>
   <trkpt lat="50.987005" lon="10.267617"><ele>205</ele></trkpt>
   <trkpt lat="50.986876" lon="10.268343"><ele>206.25</ele></trkpt>
   <trkpt lat="50.986803" lon="10.269295"><ele>206.25</ele></trkpt>
   <trkpt lat="50.986757" lon="10.269624"><ele>206.25</ele></trkpt>
   <trkpt lat="50.986641" lon="10.270338"><ele>206.25</ele></trkpt>
   <trkpt lat="50.986589" lon="10.270555"><ele>207</ele></trkpt>
   <trkpt lat="50.986503" lon="10.270807"><ele>206.75</ele></trkpt>
   <trkpt lat="50.986406" lon="10.271021"><ele>205.5</ele></trkpt>
   <trkpt lat="50.986213" lon="10.271383"><ele>206</ele></trkpt>
   <trkpt lat="50.986117" lon="10.271639"><ele>205.75</ele></trkpt>
   <trkpt lat="50.986044" lon="10.271909"><ele>207.75</ele></trkpt>
   <trkpt lat="50.986006" lon="10.272092"><ele>207.5</ele></trkpt>
   <trkpt lat="50.985789" lon="10.273369"><ele>207.5</ele></trkpt>
   <trkpt lat="50.985734" lon="10.273751"><ele>207.75</ele></trkpt>
   <trkpt lat="50.985592" lon="10.274519"><ele>208</ele></trkpt>
   <trkpt lat="50.985279" lon="10.276724"><ele>208.25</ele></trkpt>
   <trkpt lat="50.9851" lon="10.277633"><ele>209.5</ele></trkpt>
   <trkpt lat="50.984848" lon="10.278411"><ele>210</ele></trkpt>
   <trkpt lat="50.984705" lon="10.278792"><ele>210.25</ele></trkpt>
   <trkpt lat="50.984561" lon="10.279352"><ele>209</ele></trkpt>
   <trkpt lat="50.984474" lon="10.279728"><ele>208.25</ele></trkpt>
   <trkpt lat="50.984413" lon="10.280125"><ele>208.75</ele></trkpt>
   <trkpt lat="50.984301" lon="10.281227"><ele>208</ele></trkpt>
   <trkpt lat="50.98425" lon="10.28186"><ele>209.25</ele></trkpt>
   <trkpt lat="50.984196" lon="10.282842"><ele>211</ele></trkpt>
   <trkpt lat="50.984118" lon="10.283289"><ele>210.5</ele></trkpt>
   <trkpt lat="50.983913" lon="10.28364"><ele>209</ele></trkpt>
   <trkpt lat="50.983724" lon="10.283861"><ele>207</ele></trkpt>
   <trkpt lat="50.983624" lon="10.284044"><ele>207.5</ele></trkpt>
   <trkpt lat="50.983514" lon="10.284256"><ele>207.5</ele></trkpt>
   <trkpt lat="50.983047" lon="10.28525"><ele>208.5</ele></trkpt>
   <trkpt lat="50.982803" lon="10.285865"><ele>207.5</ele></trkpt>
   <trkpt lat="50.982669" lon="10.286282"><ele>208</ele></trkpt>
   <trkpt lat="50.98257" lon="10.286642"><ele>207.25</ele></trkpt>
   <trkpt lat="50.982488" lon="10.287033"><ele>209.25</ele></trkpt>
   <trkpt lat="50.982429" lon="10.287453"><ele>209.25</ele></trkpt>
   <trkpt lat="50.982419" lon="10.287602"><ele>209</ele></trkpt>
   <trkpt lat="50.982399" lon="10.288268"><ele>208.5</ele></trkpt>
   <trkpt lat="50.982425" lon="10.288758"><ele>209.25</ele></trkpt>
   <trkpt lat="50.982248" lon="10.290717"><ele>209</ele></trkpt>
   <trkpt lat="50.982208" lon="10.291233"><ele>208.75</ele></trkpt>
   <trkpt lat="50.982224" lon="10.292055"><ele>209.75</ele></trkpt>
   <trkpt lat="50.982207" lon="10.292381"><ele>209.25</ele></trkpt>
   <trkpt lat="50.982185" lon="10.292596"><ele>208.5</ele></trkpt>
   <trkpt lat="50.982176" lon="10.29268"><ele>208.5</ele></trkpt>
   <trkpt lat="50.982105" lon="10.293004"><ele>208.25</ele></trkpt>
   <trkpt lat="50.982046" lon="10.293219"><ele>209.25</ele></trkpt>
   <trkpt lat="50.981872" lon="10.293596"><ele>209</ele></trkpt>
   <trkpt lat="50.981918" lon="10.293682"><ele>209.75</ele></trkpt>
   <trkpt lat="50.982008" lon="10.293746"><ele>210</ele></trkpt>
   <trkpt lat="50.982862" lon="10.293888"><ele>210</ele></trkpt>
   <trkpt lat="50.983025" lon="10.293925"><ele>210</ele></trkpt>
   <trkpt lat="50.982995" lon="10.294807"><ele>211</ele></trkpt>
   <trkpt lat="50.983002" lon="10.295045"><ele>211</ele></trkpt>
   <trkpt lat="50.982992" lon="10.295455"><ele>211</ele></trkpt>
   <trkpt lat="50.982987" lon="10.295658"><ele>210.75</ele></trkpt>
   <trkpt lat="50.982971" lon="10.295907"><ele>210.75</ele></trkpt>
   <trkpt lat="50.982965" lon="10.296099"><ele>210.75</ele></trkpt>
   <trkpt lat="50.982998" lon="10.29689"><ele>211</ele></trkpt>
   <trkpt lat="50.983017" lon="10.297081"><ele>211</ele></trkpt>
   <trkpt lat="50.98307" lon="10.297651"><ele>211.5</ele></trkpt>
   <trkpt lat="50.983107" lon="10.297974"><ele>212</ele></trkpt>
   <trkpt lat="50.983146" lon="10.298274"><ele>212.25</ele></trkpt>
   <trkpt lat="50.983195" lon="10.298643"><ele>212.5</ele></trkpt>
   <trkpt lat="50.983276" lon="10.299058"><ele>212.75</ele></trkpt>
   <trkpt lat="50.983153" lon="10.299129"><ele>212.25</ele></trkpt>
   <trkpt lat="50.982978" lon="10.29924"><ele>212</ele></trkpt>
   <trkpt lat="50.982473" lon="10.299579"><ele>212</ele></trkpt>
   <trkpt lat="50.982451" lon="10.299734"><ele>211.75</ele></trkpt>
   <trkpt lat="50.982536" lon="10.300028"><ele>212</ele></trkpt>
   <trkpt lat="50.982559" lon="10.300126"><ele>212.25</ele></trkpt>
   <trkpt lat="50.982617" lon="10.300335"><ele>212.5</ele></trkpt>
   <trkpt lat="50.982647" lon="10.300433"><ele>212.25</ele></trkpt>
   <trkpt lat="50.98255" lon="10.300508"><ele>212.75</ele></trkpt>
   <trkpt lat="50.982311" lon="10.30069"><ele>211</ele></trkpt>
   <trkpt lat="50.982284" lon="10.300713"><ele>210.5</ele></trkpt>
   <trkpt lat="50.981921" lon="10.301008"><ele>211.75</ele></trkpt>
   <trkpt lat="50.981785" lon="10.301121"><ele>212.75</ele></trkpt>
   <trkpt lat="50.981617" lon="10.301253"><ele>212.75</ele></trkpt>
   <trkpt lat="50.981585" lon="10.301278"><ele>212.75</ele></trkpt>
   <trkpt lat="50.981472" lon="10.301368"><ele>212.75</ele></trkpt>
   <trkpt lat="50.981457" lon="10.301562"><ele>212.25</ele></trkpt>
   <trkpt lat="50.981451" lon="10.301612"><ele>212</ele></trkpt>
   <trkpt lat="50.981433" lon="10.301738"><ele>212</ele></trkpt>
   <trkpt lat="50.981361" lon="10.302218"><ele>212</ele></trkpt>
   <trkpt lat="50.981263" lon="10.302769"><ele>211</ele></trkpt>
   <trkpt lat="50.981138" lon="10.303398"><ele>211</ele></trkpt>
   <trkpt lat="50.981003" lon="10.304133"><ele>211</ele></trkpt>
   <trkpt lat="50.980922" lon="10.304567"><ele>211</ele></trkpt>
   <trkpt lat="50.980831" lon="10.305064"><ele>211</ele></trkpt>
   <trkpt lat="50.980553" lon="10.305738"><ele>211</ele></trkpt>
   <trkpt lat="50.980306" lon="10.306334"><ele>211</ele></trkpt>
   <trkpt lat="50.979436" lon="10.308317"><ele>212</ele></trkpt>
   <trkpt lat="50.979395" lon="10.308398"><ele>212.5</ele></trkpt>
   <trkpt lat="50.979351" lon="10.308451"><ele>213.25</ele></trkpt>
   <trkpt lat="50.979302" lon="10.308473"><ele>214</ele></trkpt>
   <trkpt lat="50.979321" lon="10.308771"><ele>214</ele></trkpt>
   <trkpt lat="50.979386" lon="10.309738"><ele>213</ele></trkpt>
   <trkpt lat="50.979545" lon="10.312496"><ele>214.75</ele></trkpt>
   <trkpt lat="50.979594" lon="10.313316"><ele>215.75</ele></trkpt>
   <trkpt lat="50.979606" lon="10.313505"><ele>215.25</ele></trkpt>
   <trkpt lat="50.979634" lon="10.313978"><ele>214.25</ele></trkpt>
   <trkpt lat="50.979659" lon="10.314402"><ele>213.5</ele></trkpt>
   <trkpt lat="50.979674" lon="10.314663"><ele>213</ele></trkpt>
   <trkpt lat="50.979685" lon="10.314831"><ele>213.25</ele></trkpt>
   <trkpt lat="50.979691" lon="10.314917"><ele>213.75</ele></trkpt>
   <trkpt lat="50.979728" lon="10.315492"><ele>213.75</ele></trkpt>
   <trkpt lat="50.979848" lon="10.317069"><ele>216.25</ele></trkpt>
   <trkpt lat="50.979865" lon="10.31752"><ele>216.25</ele></trkpt>
   <trkpt lat="50.979908" lon="10.318627"><ele>215.25</ele></trkpt>
   <trkpt lat="50.979909" lon="10.318711"><ele>215.5</ele></trkpt>
   <trkpt lat="50.979912" lon="10.319227"><ele>215.75</ele></trkpt>
   <trkpt lat="50.9799" lon="10.319896"><ele>216</ele></trkpt>
   <trkpt lat="50.979878" lon="10.320503"><ele>216.75</ele></trkpt>
   <trkpt lat="50.979824" lon="10.321682"><ele>216.75</ele></trkpt>
   <trkpt lat="50.979796" lon="10.322075"><ele>216.75</ele></trkpt>
   <trkpt lat="50.979748" lon="10.322771"><ele>215</ele></trkpt>
   <trkpt lat="50.979513" lon="10.322707"><ele>215.75</ele></trkpt>
   <trkpt lat="50.979319" lon="10.322671"><ele>216</ele></trkpt>
   <trkpt lat="50.979176" lon="10.322668"><ele>215.75</ele></trkpt>
   <trkpt lat="50.97886" lon="10.32266"><ele>217</ele></trkpt>
   <trkpt lat="50.978823" lon="10.322659"><ele>217</ele></trkpt>
   <trkpt lat="50.978675" lon="10.322656"><ele>217</ele></trkpt>
   <trkpt lat="50.978632" lon="10.322654"><ele>216.75</ele></trkpt>
   <trkpt lat="50.978054" lon="10.322616"><ele>219</ele></trkpt>
   <trkpt lat="50.977623" lon="10.322628"><ele>219.5</ele></trkpt>
   <trkpt lat="50.977558" lon="10.322615"><ele>219.75</ele></trkpt>
   <trkpt lat="50.977482" lon="10.322601"><ele>220</ele></trkpt>
   <trkpt lat="50.977158" lon="10.322621"><ele>220</ele></trkpt>
   <trkpt lat="50.977081" lon="10.322626"><ele>220</ele></trkpt>
   <trkpt lat="50.976928" lon="10.322644"><ele>219.75</ele></trkpt>
   <trkpt lat="50.97689" lon="10.322653"><ele>219.75</ele></trkpt>
  </trkseg>
 </trk>
</gpx>