<?xml version="1.0" encoding="UTF-8"?>
<gpx version="1.1" xmlns="http://www.topografix.com/GPX/1/1" creator="https://github.com/georust/gpx">
  <wpt lat="47.98940210230769" lon="8.376680226576923">
    <ele>731.3</ele>
    <name>08:45-0.6%</name>
    <desc></desc>
  </wpt>
  <wpt lat="48.02268425803646" lon="8.270998192825633">
    <ele>869.5</ele>
    <name>09:25-1.7%</name>
    <desc></desc>
  </wpt>
  <wpt lat="48.05255088196808" lon="8.204433744261323">
    <ele>867.3</ele>
    <name>10:05-1.6%</name>
    <desc></desc>
  </wpt>
  <wpt lat="48.120912861616425" lon="8.169302094897038">
    <ele>1004.7</ele>
    <name>10:45-2.1%</name>
    <desc></desc>
  </wpt>
  <wpt lat="48.13835486741742" lon="8.1591799599732">
    <ele>793.8</ele>
    <name>11:24-1.2%</name>
    <desc></desc>
  </wpt>
  <wpt lat="48.21547343711615" lon="8.142433600689523">
    <ele>468</ele>
    <name>12:04-0.1%</name>
    <desc></desc>
  </wpt>
  <wpt lat="48.26349037225744" lon="8.101213731107599">
    <ele>251.3</ele>
    <name>12:45-1.7%</name>
    <desc></desc>
  </wpt>
  <wpt lat="48.32316391241137" lon="8.11427209622948">
    <ele>483.5</ele>
    <name>13:24-2.8%</name>
    <desc></desc>
  </wpt>
  <wpt lat="48.36012562002905" lon="8.178141174512646">
    <ele>724.4</ele>
    <name>14:05-4.5%</name>
    <desc></desc>
  </wpt>
  <wpt lat="48.362908346624494" lon="8.273448670544909">
    <ele>368.2</ele>
    <name>14:44-0.7%</name>
    <desc></desc>
  </wpt>
  <wpt lat="48.415466663737924" lon="8.236268719604046">
    <ele>661.5</ele>
    <name>15:24-4.0%</name>
    <desc></desc>
  </wpt>
  <wpt lat="48.451651444867906" lon="8.255793959336344">
    <ele>650.2</ele>
    <name>16:04-2.7%</name>
    <desc></desc>
  </wpt>
  <wpt lat="48.505639223561" lon="8.259467506646576">
    <ele>853</ele>
    <name>16:45-3.4%</name>
    <desc></desc>
  </wpt>
  <wpt lat="48.54931166912402" lon="8.266491732804058">
    <ele>714</ele>
    <name>17:25-1.2%</name>
    <desc></desc>
  </wpt>
  <wpt lat="48.59356458066867" lon="8.216761068091337">
    <ele>953.9</ele>
    <name>18:04-3.0%</name>
    <desc></desc>
  </wpt>
  <wpt lat="48.589518289724545" lon="8.321788017812432">
    <ele>554.1</ele>
    <name>18:44-0.3%</name>
    <desc></desc>
  </wpt>
  <wpt lat="48.6483866265911" lon="8.355353117177664">
    <ele>394.7</ele>
    <name>19:25-0.2%</name>
    <desc></desc>
  </wpt>
  <wpt lat="48.70384914074153" lon="8.327980697079628">
    <ele>520.8</ele>
    <name>20:05-2.5%</name>
    <desc></desc>
  </wpt>
  <wpt lat="48.74657926930037" lon="8.295840527453326">
    <ele>356.5</ele>
    <name>20:45-2.4%</name>
    <desc></desc>
  </wpt>
  <wpt lat="48.77201870237608" lon="8.285764016091234">
    <ele>339.4</ele>
    <name>21:24-2.4%</name>
    <desc></desc>
  </wpt>
  <wpt lat="48.81294458964309" lon="8.19762098966493">
    <ele>121.8</ele>
    <name>22:05-0.8%</name>
    <desc></desc>
  </wpt>
  <wpt lat="48.84969062309201" lon="8.105120751007927">
    <ele>120.5</ele>
    <name>22:45-0.3%</name>
    <desc></desc>
  </wpt>
  <wpt lat="48.90850579468497" lon="8.131918160607194">
    <ele>114.4</ele>
    <name>23:24-0.2%</name>
    <desc></desc>
  </wpt>
  <wpt lat="48.97204613726208" lon="8.184440186595035">
    <ele>115.6</ele>
    <name>00:05-0.3%</name>
    <desc></desc>
  </wpt>
  <wpt lat="49.03553068636448" lon="8.26085938082449">
    <ele>109.5</ele>
    <name>00:44-0.4%</name>
    <desc></desc>
  </wpt>
  <trk>
    <name>252 km</name>
    <trkseg>
      <trkpt lat="47.929981" lon="8.448436" />
      <trkpt lat="47.930142" lon="8.448447" />
      <trkpt lat="47.930132" lon="8.448313" />
      <trkpt lat="47.930105" lon="8.447888" />
      <trkpt lat="47.930103" lon="8.447848" />
      <trkpt lat="47.93007" lon="8.447227" />
      <trkpt lat="47.930134" lon="8.447215" />
      <trkpt lat="47.930174" lon="8.447146" />
      <trkpt lat="47.930287" lon="8.446673" />
      <trkpt lat="47.93048" lon="8.446207" />
      <trkpt lat="47.930831" lon="8.445602" />
      <trkpt lat="47.931001" lon="8.445171" />
      <trkpt lat="47.931295" lon="8.443858" />
      <trkpt lat="47.93135" lon="8.443733" />
      <trkpt lat="47.931448" lon="8.443612" />
      <trkpt lat="47.931622" lon="8.443477" />
      <trkpt lat="47.932153" lon="8.443388" />
      <trkpt lat="47.932469" lon="8.443353" />
      <trkpt lat="47.93268" lon="8.443199" />
      <trkpt lat="47.932819" lon="8.4429" />
      <trkpt lat="47.932927" lon="8.442474" />
      <trkpt lat="47.933082" lon="8.441965" />
      <trkpt lat="47.933283" lon="8.441651" />
      <trkpt lat="47.933516" lon="8.441443" />
      <trkpt lat="47.934043" lon="8.441224" />
      <trkpt lat="47.934268" lon="8.441109" />
      <trkpt lat="47.934443" lon="8.440993" />
      <trkpt lat="47.934686" lon="8.440746" />
      <trkpt lat="47.935142" lon="8.440135" />
      <trkpt lat="47.935329" lon="8.43989" />
      <trkpt lat="47.935882" lon="8.439165" />
      <trkpt lat="47.936436" lon="8.43842" />
      <trkpt lat="47.936639" lon="8.438223" />
      <trkpt lat="47.936984" lon="8.438024" />
      <trkpt lat="47.937305" lon="8.437894" />
      <trkpt lat="47.93765" lon="8.437798" />
      <trkpt lat="47.938006" lon="8.437831" />
      <trkpt lat="47.938332" lon="8.437998" />
      <trkpt lat="47.938999" lon="8.438511" />
      <trkpt lat="47.939738" lon="8.438888" />
      <trkpt lat="47.940345" lon="8.4391" />
      <trkpt lat="47.940659" lon="8.439216" />
      <trkpt lat="47.941546" lon="8.439507" />
      <trkpt lat="47.941798" lon="8.439612" />
      <trkpt lat="47.942175" lon="8.43921" />
      <trkpt lat="47.942393" lon="8.439021" />
      <trkpt lat="47.942991" lon="8.438597" />
      <trkpt lat="47.943492" lon="8.438361" />
      <trkpt lat="47.94391" lon="8.438228" />
      <trkpt lat="47.948014" lon="8.437446" />
      <trkpt lat="47.950547" lon="8.436996" />
      <trkpt lat="47.951652" lon="8.436761" />
      <trkpt lat="47.952208" lon="8.436638" />
      <trkpt lat="47.953333" lon="8.436414" />
      <trkpt lat="47.953466" lon="8.43646" />
      <trkpt lat="47.953564" lon="8.436493" />
      <trkpt lat="47.953937" lon="8.436348" />
      <trkpt lat="47.954851" lon="8.435753" />
      <trkpt lat="47.958186" lon="8.432551" />
      <trkpt lat="47.958181" lon="8.432355" />
      <trkpt lat="47.958207" lon="8.432225" />
      <trkpt lat="47.958629" lon="8.431378" />
      <trkpt lat="47.958771" lon="8.431155" />
      <trkpt lat="47.959565" lon="8.430225" />
      <trkpt lat="47.960825" lon="8.428829" />
      <trkpt lat="47.961123" lon="8.428209" />
      <trkpt lat="47.961332" lon="8.427866" />
      <trkpt lat="47.961595" lon="8.427676" />
      <trkpt lat="47.962108" lon="8.427453" />
      <trkpt lat="47.962313" lon="8.427292" />
      <trkpt lat="47.963177" lon="8.426382" />
      <trkpt lat="47.963709" lon="8.42594" />
      <trkpt lat="47.96375" lon="8.425915" />
      <trkpt lat="47.963906" lon="8.425749" />
      <trkpt lat="47.963954" lon="8.425622" />
      <trkpt lat="47.964131" lon="8.42576" />
      <trkpt lat="47.964644" lon="8.425971" />
      <trkpt lat="47.964802" lon="8.426006" />
      <trkpt lat="47.964942" lon="8.426027" />
      <trkpt lat="47.965059" lon="8.426032" />
      <trkpt lat="47.965681" lon="8.426036" />
      <trkpt lat="47.965828" lon="8.426062" />
      <trkpt lat="47.965844" lon="8.425859" />
      <trkpt lat="47.965808" lon="8.425637" />
      <trkpt lat="47.96595" lon="8.425341" />
      <trkpt lat="47.966116" lon="8.425155" />
      <trkpt lat="47.966685" lon="8.424487" />
      <trkpt lat="47.967283" lon="8.423811" />
      <trkpt lat="47.967972" lon="8.423019" />
      <trkpt lat="47.968039" lon="8.422767" />
      <trkpt lat="47.968029" lon="8.422547" />
      <trkpt lat="47.967972" lon="8.422112" />
      <trkpt lat="47.967969" lon="8.421931" />
      <trkpt lat="47.968013" lon="8.421584" />
      <trkpt lat="47.968099" lon="8.421304" />
      <trkpt lat="47.968865" lon="8.420266" />
      <trkpt lat="47.969319" lon="8.419635" />
      <trkpt lat="47.969397" lon="8.419509" />
      <trkpt lat="47.969622" lon="8.419054" />
      <trkpt lat="47.969804" lon="8.418533" />
      <trkpt lat="47.969958" lon="8.41777" />
      <trkpt lat="47.970149" lon="8.416809" />
      <trkpt lat="47.97033" lon="8.416303" />
      <trkpt lat="47.970475" lon="8.416012" />
      <trkpt lat="47.970622" lon="8.415774" />
      <trkpt lat="47.970921" lon="8.415346" />
      <trkpt lat="47.971202" lon="8.415007" />
      <trkpt lat="47.971319" lon="8.414868" />
      <trkpt lat="47.971623" lon="8.414468" />
      <trkpt lat="47.971927" lon="8.414189" />
      <trkpt lat="47.972111" lon="8.414087" />
      <trkpt lat="47.972343" lon="8.414007" />
      <trkpt lat="47.97285" lon="8.41395" />
      <trkpt lat="47.972987" lon="8.413951" />
      <trkpt lat="47.973372" lon="8.414" />
      <trkpt lat="47.97347" lon="8.414062" />
      <trkpt lat="47.973547" lon="8.414166" />
      <trkpt lat="47.973616" lon="8.414324" />
      <trkpt lat="47.973646" lon="8.414473" />
      <trkpt lat="47.973681" lon="8.41462" />
      <trkpt lat="47.973749" lon="8.414758" />
      <trkpt lat="47.974009" lon="8.415044" />
      <trkpt lat="47.974085" lon="8.415126" />
      <trkpt lat="47.974253" lon="8.41471" />
      <trkpt lat="47.974393" lon="8.414108" />
      <trkpt lat="47.974448" lon="8.413501" />
      <trkpt lat="47.974452" lon="8.413031" />
      <trkpt lat="47.974431" lon="8.41266" />
      <trkpt lat="47.974376" lon="8.412258" />
      <trkpt lat="47.974271" lon="8.411783" />
      <trkpt lat="47.974111" lon="8.411316" />
      <trkpt lat="47.973331" lon="8.409616" />
      <trkpt lat="47.97314" lon="8.409065" />
      <trkpt lat="47.97301" lon="8.408556" />
      <trkpt lat="47.972931" lon="8.408008" />
      <trkpt lat="47.972855" lon="8.406531" />
      <trkpt lat="47.972847" lon="8.406144" />
      <trkpt lat="47.972832" lon="8.405477" />
      <trkpt lat="47.972871" lon="8.404931" />
      <trkpt lat="47.972946" lon="8.404416" />
      <trkpt lat="47.973062" lon="8.403919" />
      <trkpt lat="47.974731" lon="8.399664" />
      <trkpt lat="47.975326" lon="8.397938" />
      <trkpt lat="47.975851" lon="8.396315" />
      <trkpt lat="47.976231" lon="8.394858" />
      <trkpt lat="47.976533" lon="8.39393" />
      <trkpt lat="47.976933" lon="8.393097" />
      <trkpt lat="47.977368" lon="8.392507" />
      <trkpt lat="47.978064" lon="8.391858" />
      <trkpt lat="47.978643" lon="8.391537" />
      <trkpt lat="47.9792" lon="8.391356" />
      <trkpt lat="47.979567" lon="8.391191" />
      <trkpt lat="47.979919" lon="8.390935" />
      <trkpt lat="47.980219" lon="8.390561" />
      <trkpt lat="47.980427" lon="8.390207" />
      <trkpt lat="47.980618" lon="8.389722" />
      <trkpt lat="47.981102" lon="8.38808" />
      <trkpt lat="47.981439" lon="8.387111" />
      <trkpt lat="47.982054" lon="8.385825" />
      <trkpt lat="47.98302" lon="8.384346" />
      <trkpt lat="47.983562" lon="8.383464" />
      <trkpt lat="47.984511" lon="8.382682" />
      <trkpt lat="47.986479" lon="8.382379" />
      <trkpt lat="47.987138" lon="8.382136" />
      <trkpt lat="47.987829" lon="8.381591" />
      <trkpt lat="47.988265" lon="8.380802" />
      <trkpt lat="47.988718" lon="8.379415" />
      <trkpt lat="47.988999" lon="8.378356" />
      <trkpt lat="47.989226" lon="8.377323" />
      <trkpt lat="47.989506" lon="8.376301" />
      <trkpt lat="47.989555" lon="8.376083" />
      <trkpt lat="47.98996" lon="8.37508" />
      <trkpt lat="47.990135" lon="8.374338" />
      <trkpt lat="47.990257" lon="8.372217" />
      <trkpt lat="47.99026" lon="8.369946" />
      <trkpt lat="47.990186" lon="8.36873" />
      <trkpt lat="47.990093" lon="8.367727" />
      <trkpt lat="47.990102" lon="8.367066" />
      <trkpt lat="47.990155" lon="8.366724" />
      <trkpt lat="47.990356" lon="8.366181" />
      <trkpt lat="47.990615" lon="8.365662" />
      <trkpt lat="47.991055" lon="8.365137" />
      <trkpt lat="47.99146" lon="8.36439" />
      <trkpt lat="47.991556" lon="8.363846" />
      <trkpt lat="47.991579" lon="8.363714" />
      <trkpt lat="47.991524" lon="8.363094" />
      <trkpt lat="47.991326" lon="8.36249" />
      <trkpt lat="47.990667" lon="8.361264" />
      <trkpt lat="47.990457" lon="8.360918" />
      <trkpt lat="47.990139" lon="8.360486" />
      <trkpt lat="47.989372" lon="8.35953" />
      <trkpt lat="47.989175" lon="8.359193" />
      <trkpt lat="47.989039" lon="8.358847" />
      <trkpt lat="47.988948" lon="8.358466" />
      <trkpt lat="47.988922" lon="8.358087" />
      <trkpt lat="47.988946" lon="8.35773" />
      <trkpt lat="47.989047" lon="8.35729" />
      <trkpt lat="47.990349" lon="8.353595" />
      <trkpt lat="47.990589" lon="8.353017" />
      <trkpt lat="47.990746" lon="8.352797" />
      <trkpt lat="47.990947" lon="8.352615" />
      <trkpt lat="47.991199" lon="8.352457" />
      <trkpt lat="47.991823" lon="8.35217" />
      <trkpt lat="47.992169" lon="8.351954" />
      <trkpt lat="47.992418" lon="8.351746" />
      <trkpt lat="47.992626" lon="8.351511" />
      <trkpt lat="47.992906" lon="8.351117" />
      <trkpt lat="47.993059" lon="8.350815" />
      <trkpt lat="47.993676" lon="8.349308" />
      <trkpt lat="47.994329" lon="8.347949" />
      <trkpt lat="47.994471" lon="8.347585" />
      <trkpt lat="47.994602" lon="8.347153" />
      <trkpt lat="47.994745" lon="8.346454" />
      <trkpt lat="47.994948" lon="8.344745" />
      <trkpt lat="47.995031" lon="8.344083" />
      <trkpt lat="47.995193" lon="8.342763" />
      <trkpt lat="47.995576" lon="8.33965" />
      <trkpt lat="47.99573" lon="8.338754" />
      <trkpt lat="47.995977" lon="8.338118" />
      <trkpt lat="47.996357" lon="8.337464" />
      <trkpt lat="47.996666" lon="8.336904" />
      <trkpt lat="47.996915" lon="8.336318" />
      <trkpt lat="47.997023" lon="8.335997" />
      <trkpt lat="47.997849" lon="8.333034" />
      <trkpt lat="47.998269" lon="8.331845" />
      <trkpt lat="47.99847" lon="8.3313" />
      <trkpt lat="47.998596" lon="8.330945" />
      <trkpt lat="47.998815" lon="8.330421" />
      <trkpt lat="47.998902" lon="8.330254" />
      <trkpt lat="47.998965" lon="8.330157" />
      <trkpt lat="47.998974" lon="8.330142" />
      <trkpt lat="47.999137" lon="8.32992" />
      <trkpt lat="47.999206" lon="8.329846" />
      <trkpt lat="47.999449" lon="8.329615" />
      <trkpt lat="47.999966" lon="8.329109" />
      <trkpt lat="48.000536" lon="8.328608" />
      <trkpt lat="48.000917" lon="8.328464" />
      <trkpt lat="48.001187" lon="8.328486" />
      <trkpt lat="48.001938" lon="8.328934" />
      <trkpt lat="48.002218" lon="8.329044" />
      <trkpt lat="48.002464" lon="8.329077" />
      <trkpt lat="48.002719" lon="8.32906" />
      <trkpt lat="48.003111" lon="8.328977" />
      <trkpt lat="48.00379" lon="8.328833" />
      <trkpt lat="48.00409" lon="8.328733" />
      <trkpt lat="48.00443" lon="8.328517" />
      <trkpt lat="48.004691" lon="8.328236" />
      <trkpt lat="48.005237" lon="8.327349" />
      <trkpt lat="48.005427" lon="8.327116" />
      <trkpt lat="48.005628" lon="8.326981" />
      <trkpt lat="48.006482" lon="8.326981" />
      <trkpt lat="48.006726" lon="8.326887" />
      <trkpt lat="48.007107" lon="8.326603" />
      <trkpt lat="48.007451" lon="8.326268" />
      <trkpt lat="48.007475" lon="8.326242" />
      <trkpt lat="48.007637" lon="8.326032" />
      <trkpt lat="48.007799" lon="8.32576" />
      <trkpt lat="48.008676" lon="8.323866" />
      <trkpt lat="48.009034" lon="8.323094" />
      <trkpt lat="48.009234" lon="8.322766" />
      <trkpt lat="48.009608" lon="8.322299" />
      <trkpt lat="48.009857" lon="8.322077" />
      <trkpt lat="48.010248" lon="8.321836" />
      <trkpt lat="48.010656" lon="8.321665" />
      <trkpt lat="48.012231" lon="8.320922" />
      <trkpt lat="48.013947" lon="8.320182" />
      <trkpt lat="48.014577" lon="8.32002" />
      <trkpt lat="48.014558" lon="8.319614" />
      <trkpt lat="48.014546" lon="8.319319" />
      <trkpt lat="48.014525" lon="8.318976" />
      <trkpt lat="48.014519" lon="8.318858" />
      <trkpt lat="48.014489" lon="8.318318" />
      <trkpt lat="48.014327" lon="8.314826" />
      <trkpt lat="48.014336" lon="8.314638" />
      <trkpt lat="48.014511" lon="8.313971" />
      <trkpt lat="48.014656" lon="8.313212" />
      <trkpt lat="48.014737" lon="8.312494" />
      <trkpt lat="48.014718" lon="8.311825" />
      <trkpt lat="48.014741" lon="8.311595" />
      <trkpt lat="48.014964" lon="8.310296" />
      <trkpt lat="48.015065" lon="8.30986" />
      <trkpt lat="48.015142" lon="8.309647" />
      <trkpt lat="48.015334" lon="8.309278" />
      <trkpt lat="48.015678" lon="8.308136" />
      <trkpt lat="48.015731" lon="8.307917" />
      <trkpt lat="48.016024" lon="8.307018" />
      <trkpt lat="48.016135" lon="8.306431" />
      <trkpt lat="48.016158" lon="8.30612" />
      <trkpt lat="48.016166" lon="8.305294" />
      <trkpt lat="48.016183" lon="8.305082" />
      <trkpt lat="48.016221" lon="8.304777" />
      <trkpt lat="48.016381" lon="8.304092" />
      <trkpt lat="48.016467" lon="8.303822" />
      <trkpt lat="48.016717" lon="8.30329" />
      <trkpt lat="48.016934" lon="8.302585" />
      <trkpt lat="48.017119" lon="8.302096" />
      <trkpt lat="48.01719" lon="8.301926" />
      <trkpt lat="48.017801" lon="8.300478" />
      <trkpt lat="48.017899" lon="8.299674" />
      <trkpt lat="48.018061" lon="8.298915" />
      <trkpt lat="48.018498" lon="8.297608" />
      <trkpt lat="48.018527" lon="8.297293" />
      <trkpt lat="48.018605" lon="8.296747" />
      <trkpt lat="48.018662" lon="8.295483" />
      <trkpt lat="48.018693" lon="8.295165" />
      <trkpt lat="48.018727" lon="8.295027" />
      <trkpt lat="48.018778" lon="8.29489" />
      <trkpt lat="48.018943" lon="8.294706" />
      <trkpt lat="48.019064" lon="8.294669" />
      <trkpt lat="48.019338" lon="8.294676" />
      <trkpt lat="48.01945" lon="8.29461" />
      <trkpt lat="48.019533" lon="8.29442" />
      <trkpt lat="48.019544" lon="8.294264" />
      <trkpt lat="48.019492" lon="8.294025" />
      <trkpt lat="48.019391" lon="8.29384" />
      <trkpt lat="48.019322" lon="8.293771" />
      <trkpt lat="48.01882" lon="8.293475" />
      <trkpt lat="48.018685" lon="8.293299" />
      <trkpt lat="48.018627" lon="8.293054" />
      <trkpt lat="48.018616" lon="8.292739" />
      <trkpt lat="48.018613" lon="8.292401" />
      <trkpt lat="48.018624" lon="8.292054" />
      <trkpt lat="48.018688" lon="8.291582" />
      <trkpt lat="48.018742" lon="8.291299" />
      <trkpt lat="48.019009" lon="8.290237" />
      <trkpt lat="48.019312" lon="8.289392" />
      <trkpt lat="48.019444" lon="8.288994" />
      <trkpt lat="48.020034" lon="8.286834" />
      <trkpt lat="48.020443" lon="8.285495" />
      <trkpt lat="48.020596" lon="8.284787" />
      <trkpt lat="48.020672" lon="8.2843" />
      <trkpt lat="48.020762" lon="8.283723" />
      <trkpt lat="48.020907" lon="8.282137" />
      <trkpt lat="48.021028" lon="8.281211" />
      <trkpt lat="48.021111" lon="8.280822" />
      <trkpt lat="48.021345" lon="8.280269" />
      <trkpt lat="48.021948" lon="8.279195" />
      <trkpt lat="48.022139" lon="8.278746" />
      <trkpt lat="48.022177" lon="8.278584" />
      <trkpt lat="48.022206" lon="8.277443" />
      <trkpt lat="48.022391" lon="8.276207" />
      <trkpt lat="48.022432" lon="8.275608" />
      <trkpt lat="48.022424" lon="8.275324" />
      <trkpt lat="48.022316" lon="8.27475" />
      <trkpt lat="48.022303" lon="8.274534" />
      <trkpt lat="48.022361" lon="8.273932" />
      <trkpt lat="48.022464" lon="8.273153" />
      <trkpt lat="48.022615" lon="8.271513" />
      <trkpt lat="48.022684" lon="8.271009" />
      <trkpt lat="48.022718" lon="8.269585" />
      <trkpt lat="48.022744" lon="8.269367" />
      <trkpt lat="48.022762" lon="8.269305" />
      <trkpt lat="48.023153" lon="8.267987" />
      <trkpt lat="48.023298" lon="8.267621" />
      <trkpt lat="48.023644" lon="8.266895" />
      <trkpt lat="48.023706" lon="8.266807" />
      <trkpt lat="48.023793" lon="8.266718" />
      <trkpt lat="48.023963" lon="8.266499" />
      <trkpt lat="48.024031" lon="8.266355" />
      <trkpt lat="48.024096" lon="8.265705" />
      <trkpt lat="48.024212" lon="8.265051" />
      <trkpt lat="48.024275" lon="8.264178" />
      <trkpt lat="48.0245" lon="8.263447" />
      <trkpt lat="48.02446" lon="8.262854" />
      <trkpt lat="48.024553" lon="8.261643" />
      <trkpt lat="48.024535" lon="8.261101" />
      <trkpt lat="48.024558" lon="8.260623" />
      <trkpt lat="48.02463" lon="8.25982" />
      <trkpt lat="48.024674" lon="8.259544" />
      <trkpt lat="48.024863" lon="8.258922" />
      <trkpt lat="48.024906" lon="8.258662" />
      <trkpt lat="48.024909" lon="8.258283" />
      <trkpt lat="48.024855" lon="8.257698" />
      <trkpt lat="48.024744" lon="8.257018" />
      <trkpt lat="48.024599" lon="8.25656" />
      <trkpt lat="48.024426" lon="8.256171" />
      <trkpt lat="48.024377" lon="8.255987" />
      <trkpt lat="48.024338" lon="8.25525" />
      <trkpt lat="48.024125" lon="8.253795" />
      <trkpt lat="48.024119" lon="8.253386" />
      <trkpt lat="48.024285" lon="8.252182" />
      <trkpt lat="48.024292" lon="8.251906" />
      <trkpt lat="48.024152" lon="8.24961" />
      <trkpt lat="48.024148" lon="8.248506" />
      <trkpt lat="48.024247" lon="8.247069" />
      <trkpt lat="48.024265" lon="8.246707" />
      <trkpt lat="48.024298" lon="8.246491" />
      <trkpt lat="48.024391" lon="8.246152" />
      <trkpt lat="48.024749" lon="8.245236" />
      <trkpt lat="48.024819" lon="8.244878" />
      <trkpt lat="48.024871" lon="8.244442" />
      <trkpt lat="48.024925" lon="8.243068" />
      <trkpt lat="48.024849" lon="8.241571" />
      <trkpt lat="48.024888" lon="8.240683" />
      <trkpt lat="48.024799" lon="8.240178" />
      <trkpt lat="48.024479" lon="8.239401" />
      <trkpt lat="48.024346" lon="8.23895" />
      <trkpt lat="48.024285" lon="8.238609" />
      <trkpt lat="48.024236" lon="8.237568" />
      <trkpt lat="48.024092" lon="8.236706" />
      <trkpt lat="48.024047" lon="8.236126" />
      <trkpt lat="48.02409" lon="8.235426" />
      <trkpt lat="48.024235" lon="8.234615" />
      <trkpt lat="48.024522" lon="8.233258" />
      <trkpt lat="48.02455" lon="8.233019" />
      <trkpt lat="48.024554" lon="8.232716" />
      <trkpt lat="48.024583" lon="8.231982" />
      <trkpt lat="48.024686" lon="8.231322" />
      <trkpt lat="48.024764" lon="8.231136" />
      <trkpt lat="48.024957" lon="8.230803" />
      <trkpt lat="48.0253" lon="8.229723" />
      <trkpt lat="48.025928" lon="8.228449" />
      <trkpt lat="48.026131" lon="8.228168" />
      <trkpt lat="48.026507" lon="8.227783" />
      <trkpt lat="48.026596" lon="8.227656" />
      <trkpt lat="48.026668" lon="8.227503" />
      <trkpt lat="48.026706" lon="8.227331" />
      <trkpt lat="48.026756" lon="8.22686" />
      <trkpt lat="48.027183" lon="8.225635" />
      <trkpt lat="48.027201" lon="8.225302" />
      <trkpt lat="48.027103" lon="8.224993" />
      <trkpt lat="48.027038" lon="8.224888" />
      <trkpt lat="48.026923" lon="8.224781" />
      <trkpt lat="48.026832" lon="8.224749" />
      <trkpt lat="48.026632" lon="8.224772" />
      <trkpt lat="48.026527" lon="8.224828" />
      <trkpt lat="48.026445" lon="8.224942" />
      <trkpt lat="48.026211" lon="8.225667" />
      <trkpt lat="48.026155" lon="8.22576" />
      <trkpt lat="48.026038" lon="8.225833" />
      <trkpt lat="48.025636" lon="8.225926" />
      <trkpt lat="48.025449" lon="8.226073" />
      <trkpt lat="48.02529" lon="8.226276" />
      <trkpt lat="48.025177" lon="8.226349" />
      <trkpt lat="48.025064" lon="8.226375" />
      <trkpt lat="48.025002" lon="8.226356" />
      <trkpt lat="48.024744" lon="8.226167" />
      <trkpt lat="48.024346" lon="8.226048" />
      <trkpt lat="48.024208" lon="8.225971" />
      <trkpt lat="48.024102" lon="8.22587" />
      <trkpt lat="48.024012" lon="8.225727" />
      <trkpt lat="48.0233" lon="8.223878" />
      <trkpt lat="48.023107" lon="8.223222" />
      <trkpt lat="48.022881" lon="8.222248" />
      <trkpt lat="48.022754" lon="8.221291" />
      <trkpt lat="48.022733" lon="8.220807" />
      <trkpt lat="48.02277" lon="8.220308" />
      <trkpt lat="48.02285" lon="8.219899" />
      <trkpt lat="48.023" lon="8.219358" />
      <trkpt lat="48.023064" lon="8.218648" />
      <trkpt lat="48.023138" lon="8.21822" />
      <trkpt lat="48.023515" lon="8.216676" />
      <trkpt lat="48.02377" lon="8.216054" />
      <trkpt lat="48.023968" lon="8.215357" />
      <trkpt lat="48.024111" lon="8.214521" />
      <trkpt lat="48.024422" lon="8.212725" />
      <trkpt lat="48.024492" lon="8.21207" />
      <trkpt lat="48.024496" lon="8.211462" />
      <trkpt lat="48.02443" lon="8.210759" />
      <trkpt lat="48.024309" lon="8.210224" />
      <trkpt lat="48.0235" lon="8.207453" />
      <trkpt lat="48.023091" lon="8.205937" />
      <trkpt lat="48.02307" lon="8.205515" />
      <trkpt lat="48.023125" lon="8.205079" />
      <trkpt lat="48.023336" lon="8.204448" />
      <trkpt lat="48.023727" lon="8.20373" />
      <trkpt lat="48.023966" lon="8.203431" />
      <trkpt lat="48.024305" lon="8.203106" />
      <trkpt lat="48.024549" lon="8.202915" />
      <trkpt lat="48.024711" lon="8.20273" />
      <trkpt lat="48.025084" lon="8.202208" />
      <trkpt lat="48.026261" lon="8.200759" />
      <trkpt lat="48.026473" lon="8.200571" />
      <trkpt lat="48.027457" lon="8.199956" />
      <trkpt lat="48.02799" lon="8.199466" />
      <trkpt lat="48.028087" lon="8.199414" />
      <trkpt lat="48.029323" lon="8.199222" />
      <trkpt lat="48.030151" lon="8.198941" />
      <trkpt lat="48.030653" lon="8.198674" />
      <trkpt lat="48.03153" lon="8.197996" />
      <trkpt lat="48.032369" lon="8.197177" />
      <trkpt lat="48.032756" lon="8.196776" />
      <trkpt lat="48.033528" lon="8.196005" />
      <trkpt lat="48.03376" lon="8.195851" />
      <trkpt lat="48.033988" lon="8.195733" />
      <trkpt lat="48.034787" lon="8.195506" />
      <trkpt lat="48.035001" lon="8.195409" />
      <trkpt lat="48.035102" lon="8.195361" />
      <trkpt lat="48.035278" lon="8.195269" />
      <trkpt lat="48.035621" lon="8.194952" />
      <trkpt lat="48.036625" lon="8.193831" />
      <trkpt lat="48.038425" lon="8.192006" />
      <trkpt lat="48.038945" lon="8.191285" />
      <trkpt lat="48.039052" lon="8.191141" />
      <trkpt lat="48.039137" lon="8.191033" />
      <trkpt lat="48.0393" lon="8.190845" />
      <trkpt lat="48.039502" lon="8.190711" />
      <trkpt lat="48.039808" lon="8.190629" />
      <trkpt lat="48.040037" lon="8.190618" />
      <trkpt lat="48.041818" lon="8.190756" />
      <trkpt lat="48.042119" lon="8.190863" />
      <trkpt lat="48.042584" lon="8.191102" />
      <trkpt lat="48.043578" lon="8.19181" />
      <trkpt lat="48.043747" lon="8.191873" />
      <trkpt lat="48.043896" lon="8.191881" />
      <trkpt lat="48.044146" lon="8.191779" />
      <trkpt lat="48.044283" lon="8.191714" />
      <trkpt lat="48.044339" lon="8.191701" />
      <trkpt lat="48.044676" lon="8.191557" />
      <trkpt lat="48.044847" lon="8.191614" />
      <trkpt lat="48.044895" lon="8.191671" />
      <trkpt lat="48.044921" lon="8.191825" />
      <trkpt lat="48.044958" lon="8.19198" />
      <trkpt lat="48.04496" lon="8.192073" />
      <trkpt lat="48.044963" lon="8.192265" />
      <trkpt lat="48.044958" lon="8.192432" />
      <trkpt lat="48.044955" lon="8.19263" />
      <trkpt lat="48.044953" lon="8.19285" />
      <trkpt lat="48.044969" lon="8.193813" />
      <trkpt lat="48.045054" lon="8.19484" />
      <trkpt lat="48.045054" lon="8.19484" />
      <trkpt lat="48.045229" lon="8.195854" />
      <trkpt lat="48.045333" lon="8.1962" />
      <trkpt lat="48.045377" lon="8.196318" />
      <trkpt lat="48.045451" lon="8.196436" />
      <trkpt lat="48.045616" lon="8.196675" />
      <trkpt lat="48.045857" lon="8.196904" />
      <trkpt lat="48.045911" lon="8.196954" />
      <trkpt lat="48.045927" lon="8.196969" />
      <trkpt lat="48.046067" lon="8.19709" />
      <trkpt lat="48.046159" lon="8.19717" />
      <trkpt lat="48.046274" lon="8.197272" />
      <trkpt lat="48.046391" lon="8.197379" />
      <trkpt lat="48.046576" lon="8.197546" />
      <trkpt lat="48.046673" lon="8.19763" />
      <trkpt lat="48.046747" lon="8.197693" />
      <trkpt lat="48.047215" lon="8.198111" />
      <trkpt lat="48.047634" lon="8.198592" />
      <trkpt lat="48.047831" lon="8.198875" />
      <trkpt lat="48.047997" lon="8.199146" />
      <trkpt lat="48.048046" lon="8.199238" />
      <trkpt lat="48.048326" lon="8.1998" />
      <trkpt lat="48.048471" lon="8.200221" />
      <trkpt lat="48.048561" lon="8.20067" />
      <trkpt lat="48.048569" lon="8.2007" />
      <trkpt lat="48.048593" lon="8.200866" />
      <trkpt lat="48.048612" lon="8.200994" />
      <trkpt lat="48.048641" lon="8.201235" />
      <trkpt lat="48.048698" lon="8.201638" />
      <trkpt lat="48.048733" lon="8.201808" />
      <trkpt lat="48.048779" lon="8.201997" />
      <trkpt lat="48.048813" lon="8.202103" />
      <trkpt lat="48.048824" lon="8.202139" />
      <trkpt lat="48.049052" lon="8.202656" />
      <trkpt lat="48.049436" lon="8.203303" />
      <trkpt lat="48.049525" lon="8.203481" />
      <trkpt lat="48.049732" lon="8.20394" />
      <trkpt lat="48.049991" lon="8.204526" />
      <trkpt lat="48.050187" lon="8.204946" />
      <trkpt lat="48.050488" lon="8.205458" />
      <trkpt lat="48.050618" lon="8.205656" />
      <trkpt lat="48.050756" lon="8.205756" />
      <trkpt lat="48.05084" lon="8.20577" />
      <trkpt lat="48.05107" lon="8.205709" />
      <trkpt lat="48.051525" lon="8.205543" />
      <trkpt lat="48.051874" lon="8.205194" />
      <trkpt lat="48.052832" lon="8.204118" />
      <trkpt lat="48.052889" lon="8.204307" />
      <trkpt lat="48.052906" lon="8.2045" />
      <trkpt lat="48.052993" lon="8.20489" />
      <trkpt lat="48.053006" lon="8.204951" />
      <trkpt lat="48.053101" lon="8.205372" />
      <trkpt lat="48.053269" lon="8.205299" />
      <trkpt lat="48.053497" lon="8.205186" />
      <trkpt lat="48.053607" lon="8.205131" />
      <trkpt lat="48.053624" lon="8.205122" />
      <trkpt lat="48.053757" lon="8.205055" />
      <trkpt lat="48.053923" lon="8.204972" />
      <trkpt lat="48.053991" lon="8.204937" />
      <trkpt lat="48.054055" lon="8.204908" />
      <trkpt lat="48.0546" lon="8.204636" />
      <trkpt lat="48.054862" lon="8.2045" />
      <trkpt lat="48.054727" lon="8.203922" />
      <trkpt lat="48.054609" lon="8.203418" />
      <trkpt lat="48.054565" lon="8.20303" />
      <trkpt lat="48.054332" lon="8.203067" />
      <trkpt lat="48.054003" lon="8.203199" />
      <trkpt lat="48.054003" lon="8.203199" />
      <trkpt lat="48.05335" lon="8.203657" />
      <trkpt lat="48.053581" lon="8.204303" />
      <trkpt lat="48.053757" lon="8.205055" />
      <trkpt lat="48.053923" lon="8.204972" />
      <trkpt lat="48.053991" lon="8.204937" />
      <trkpt lat="48.054055" lon="8.204908" />
      <trkpt lat="48.0546" lon="8.204636" />
      <trkpt lat="48.054862" lon="8.2045" />
      <trkpt lat="48.055808" lon="8.204016" />
      <trkpt lat="48.055705" lon="8.203461" />
      <trkpt lat="48.05565" lon="8.202902" />
      <trkpt lat="48.055112" lon="8.202963" />
      <trkpt lat="48.054565" lon="8.20303" />
      <trkpt lat="48.054332" lon="8.203067" />
      <trkpt lat="48.054003" lon="8.203199" />
      <trkpt lat="48.054003" lon="8.203199" />
      <trkpt lat="48.05335" lon="8.203657" />
      <trkpt lat="48.053581" lon="8.204303" />
      <trkpt lat="48.053757" lon="8.205055" />
      <trkpt lat="48.053923" lon="8.204972" />
      <trkpt lat="48.053991" lon="8.204937" />
      <trkpt lat="48.054055" lon="8.204908" />
      <trkpt lat="48.0546" lon="8.204636" />
      <trkpt lat="48.054862" lon="8.2045" />
      <trkpt lat="48.055808" lon="8.204016" />
      <trkpt lat="48.055705" lon="8.203461" />
      <trkpt lat="48.05565" lon="8.202902" />
      <trkpt lat="48.056061" lon="8.202898" />
      <trkpt lat="48.056122" lon="8.202557" />
      <trkpt lat="48.056184" lon="8.202441" />
      <trkpt lat="48.056256" lon="8.202363" />
      <trkpt lat="48.056635" lon="8.202132" />
      <trkpt lat="48.056844" lon="8.201845" />
      <trkpt lat="48.056914" lon="8.201672" />
      <trkpt lat="48.057147" lon="8.201069" />
      <trkpt lat="48.057263" lon="8.200849" />
      <trkpt lat="48.057395" lon="8.200686" />
      <trkpt lat="48.058212" lon="8.200095" />
      <trkpt lat="48.058471" lon="8.199793" />
      <trkpt lat="48.058948" lon="8.199099" />
      <trkpt lat="48.059381" lon="8.198606" />
      <trkpt lat="48.059571" lon="8.198396" />
      <trkpt lat="48.060828" lon="8.197058" />
      <trkpt lat="48.060865" lon="8.197023" />
      <trkpt lat="48.061401" lon="8.196555" />
      <trkpt lat="48.061853" lon="8.196203" />
      <trkpt lat="48.062291" lon="8.195964" />
      <trkpt lat="48.062966" lon="8.195697" />
      <trkpt lat="48.063649" lon="8.195591" />
      <trkpt lat="48.064425" lon="8.195368" />
      <trkpt lat="48.064916" lon="8.195146" />
      <trkpt lat="48.064947" lon="8.195129" />
      <trkpt lat="48.06524" lon="8.194946" />
      <trkpt lat="48.06544" lon="8.194777" />
      <trkpt lat="48.065995" lon="8.194098" />
      <trkpt lat="48.067341" lon="8.192718" />
      <trkpt lat="48.067917" lon="8.192254" />
      <trkpt lat="48.068334" lon="8.192053" />
      <trkpt lat="48.068863" lon="8.191871" />
      <trkpt lat="48.069249" lon="8.191631" />
      <trkpt lat="48.069565" lon="8.191281" />
      <trkpt lat="48.069918" lon="8.19066" />
      <trkpt lat="48.070062" lon="8.190415" />
      <trkpt lat="48.070102" lon="8.190348" />
      <trkpt lat="48.070303" lon="8.190042" />
      <trkpt lat="48.070462" lon="8.189851" />
      <trkpt lat="48.072536" lon="8.187729" />
      <trkpt lat="48.073033" lon="8.187342" />
      <trkpt lat="48.073634" lon="8.187016" />
      <trkpt lat="48.07409" lon="8.186775" />
      <trkpt lat="48.074372" lon="8.18658" />
      <trkpt lat="48.076917" lon="8.184693" />
      <trkpt lat="48.077086" lon="8.184569" />
      <trkpt lat="48.078428" lon="8.183628" />
      <trkpt lat="48.079128" lon="8.183271" />
      <trkpt lat="48.08163" lon="8.182295" />
      <trkpt lat="48.082027" lon="8.182128" />
      <trkpt lat="48.082095" lon="8.182096" />
      <trkpt lat="48.082234" lon="8.182029" />
      <trkpt lat="48.082791" lon="8.18171" />
      <trkpt lat="48.083526" lon="8.181125" />
      <trkpt lat="48.084093" lon="8.180553" />
      <trkpt lat="48.084609" lon="8.18008" />
      <trkpt lat="48.085312" lon="8.179657" />
      <trkpt lat="48.085491" lon="8.179545" />
      <trkpt lat="48.085814" lon="8.179254" />
      <trkpt lat="48.086168" lon="8.178939" />
      <trkpt lat="48.086409" lon="8.178735" />
      <trkpt lat="48.08653" lon="8.178703" />
      <trkpt lat="48.086838" lon="8.178692" />
      <trkpt lat="48.087395" lon="8.178854" />
      <trkpt lat="48.087895" lon="8.179129" />
      <trkpt lat="48.088304" lon="8.179438" />
      <trkpt lat="48.088609" lon="8.179768" />
      <trkpt lat="48.088673" lon="8.179784" />
      <trkpt lat="48.089101" lon="8.17959" />
      <trkpt lat="48.089712" lon="8.179411" />
      <trkpt lat="48.090068" lon="8.179229" />
      <trkpt lat="48.090297" lon="8.179063" />
      <trkpt lat="48.090967" lon="8.178238" />
      <trkpt lat="48.091192" lon="8.178064" />
      <trkpt lat="48.091358" lon="8.178" />
      <trkpt lat="48.091677" lon="8.177954" />
      <trkpt lat="48.091963" lon="8.177952" />
      <trkpt lat="48.09254" lon="8.178049" />
      <trkpt lat="48.092712" lon="8.17799" />
      <trkpt lat="48.093011" lon="8.177673" />
      <trkpt lat="48.093121" lon="8.177474" />
      <trkpt lat="48.093345" lon="8.176867" />
      <trkpt lat="48.093469" lon="8.176708" />
      <trkpt lat="48.093596" lon="8.176617" />
      <trkpt lat="48.093947" lon="8.176481" />
      <trkpt lat="48.094456" lon="8.176137" />
      <trkpt lat="48.095089" lon="8.175553" />
      <trkpt lat="48.095277" lon="8.175476" />
      <trkpt lat="48.09551" lon="8.17545" />
      <trkpt lat="48.095706" lon="8.175533" />
      <trkpt lat="48.096016" lon="8.175863" />
      <trkpt lat="48.09611" lon="8.175905" />
      <trkpt lat="48.09619" lon="8.175888" />
      <trkpt lat="48.096258" lon="8.175813" />
      <trkpt lat="48.09642" lon="8.175399" />
      <trkpt lat="48.096496" lon="8.175327" />
      <trkpt lat="48.096591" lon="8.175318" />
      <trkpt lat="48.096773" lon="8.175352" />
      <trkpt lat="48.097252" lon="8.175521" />
      <trkpt lat="48.097493" lon="8.175514" />
      <trkpt lat="48.097687" lon="8.175458" />
      <trkpt lat="48.09797" lon="8.175315" />
      <trkpt lat="48.098561" lon="8.174777" />
      <trkpt lat="48.099134" lon="8.174518" />
      <trkpt lat="48.099577" lon="8.174236" />
      <trkpt lat="48.099851" lon="8.17409" />
      <trkpt lat="48.100277" lon="8.173768" />
      <trkpt lat="48.100445" lon="8.173589" />
      <trkpt lat="48.100558" lon="8.173318" />
      <trkpt lat="48.100663" lon="8.172902" />
      <trkpt lat="48.100758" lon="8.172716" />
      <trkpt lat="48.10117" lon="8.172195" />
      <trkpt lat="48.101365" lon="8.172013" />
      <trkpt lat="48.101481" lon="8.171968" />
      <trkpt lat="48.101641" lon="8.171984" />
      <trkpt lat="48.101784" lon="8.172042" />
      <trkpt lat="48.102299" lon="8.17259" />
      <trkpt lat="48.102453" lon="8.172697" />
      <trkpt lat="48.102619" lon="8.172786" />
      <trkpt lat="48.102945" lon="8.172878" />
      <trkpt lat="48.103167" lon="8.172855" />
      <trkpt lat="48.104568" lon="8.172451" />
      <trkpt lat="48.105614" lon="8.172181" />
      <trkpt lat="48.105863" lon="8.172125" />
      <trkpt lat="48.106432" lon="8.172028" />
      <trkpt lat="48.107059" lon="8.171923" />
      <trkpt lat="48.108379" lon="8.171681" />
      <trkpt lat="48.108638" lon="8.171762" />
      <trkpt lat="48.10877" lon="8.171605" />
      <trkpt lat="48.108895" lon="8.171534" />
      <trkpt lat="48.109128" lon="8.171446" />
      <trkpt lat="48.109436" lon="8.171707" />
      <trkpt lat="48.109965" lon="8.172242" />
      <trkpt lat="48.110714" lon="8.172752" />
      <trkpt lat="48.111442" lon="8.173247" />
      <trkpt lat="48.111755" lon="8.173372" />
      <trkpt lat="48.112894" lon="8.173056" />
      <trkpt lat="48.113707" lon="8.173258" />
      <trkpt lat="48.113979" lon="8.173551" />
      <trkpt lat="48.114142" lon="8.173646" />
      <trkpt lat="48.114362" lon="8.173734" />
      <trkpt lat="48.114747" lon="8.173364" />
      <trkpt lat="48.114981" lon="8.173023" />
      <trkpt lat="48.115229" lon="8.172542" />
      <trkpt lat="48.115446" lon="8.172034" />
      <trkpt lat="48.115736" lon="8.171334" />
      <trkpt lat="48.116084" lon="8.170779" />
      <trkpt lat="48.116293" lon="8.170529" />
      <trkpt lat="48.116671" lon="8.170126" />
      <trkpt lat="48.116772" lon="8.170096" />
      <trkpt lat="48.116868" lon="8.170144" />
      <trkpt lat="48.117128" lon="8.170412" />
      <trkpt lat="48.11727" lon="8.170462" />
      <trkpt lat="48.117368" lon="8.17043" />
      <trkpt lat="48.117657" lon="8.170245" />
      <trkpt lat="48.117804" lon="8.170216" />
      <trkpt lat="48.117933" lon="8.170217" />
      <trkpt lat="48.118238" lon="8.170147" />
      <trkpt lat="48.118516" lon="8.169891" />
      <trkpt lat="48.118591" lon="8.169843" />
      <trkpt lat="48.118707" lon="8.169824" />
      <trkpt lat="48.119063" lon="8.169864" />
      <trkpt lat="48.119166" lon="8.169836" />
      <trkpt lat="48.119395" lon="8.169651" />
      <trkpt lat="48.119763" lon="8.169241" />
      <trkpt lat="48.120276" lon="8.169475" />
      <trkpt lat="48.120554" lon="8.16953" />
      <trkpt lat="48.12066" lon="8.169507" />
      <trkpt lat="48.121124" lon="8.169131" />
      <trkpt lat="48.121338" lon="8.168917" />
      <trkpt lat="48.121645" lon="8.168481" />
      <trkpt lat="48.121818" lon="8.168375" />
      <trkpt lat="48.122047" lon="8.168352" />
      <trkpt lat="48.122318" lon="8.168379" />
      <trkpt lat="48.122649" lon="8.168473" />
      <trkpt lat="48.123263" lon="8.168781" />
      <trkpt lat="48.123353" lon="8.168866" />
      <trkpt lat="48.123795" lon="8.169552" />
      <trkpt lat="48.124335" lon="8.17048" />
      <trkpt lat="48.124919" lon="8.171181" />
      <trkpt lat="48.125371" lon="8.171776" />
      <trkpt lat="48.125649" lon="8.172193" />
      <trkpt lat="48.125839" lon="8.172412" />
      <trkpt lat="48.126146" lon="8.172716" />
      <trkpt lat="48.126482" lon="8.172968" />
      <trkpt lat="48.126645" lon="8.173064" />
      <trkpt lat="48.127014" lon="8.173836" />
      <trkpt lat="48.128153" lon="8.175982" />
      <trkpt lat="48.129033" lon="8.177958" />
      <trkpt lat="48.129132" lon="8.178127" />
      <trkpt lat="48.129257" lon="8.178287" />
      <trkpt lat="48.129353" lon="8.178344" />
      <trkpt lat="48.129606" lon="8.178385" />
      <trkpt lat="48.130442" lon="8.178207" />
      <trkpt lat="48.130821" lon="8.178057" />
      <trkpt lat="48.130985" lon="8.178025" />
      <trkpt lat="48.131192" lon="8.178035" />
      <trkpt lat="48.131937" lon="8.178186" />
      <trkpt lat="48.132453" lon="8.178176" />
      <trkpt lat="48.132791" lon="8.178084" />
      <trkpt lat="48.132947" lon="8.178039" />
      <trkpt lat="48.133082" lon="8.178068" />
      <trkpt lat="48.13329" lon="8.178391" />
      <trkpt lat="48.13342" lon="8.178471" />
      <trkpt lat="48.133493" lon="8.178456" />
      <trkpt lat="48.133558" lon="8.17842" />
      <trkpt lat="48.133792" lon="8.178116" />
      <trkpt lat="48.134099" lon="8.177655" />
      <trkpt lat="48.134228" lon="8.177581" />
      <trkpt lat="48.134341" lon="8.177589" />
      <trkpt lat="48.134485" lon="8.177716" />
      <trkpt lat="48.134576" lon="8.177843" />
      <trkpt lat="48.134749" lon="8.178102" />
      <trkpt lat="48.135133" lon="8.178824" />
      <trkpt lat="48.135346" lon="8.179312" />
      <trkpt lat="48.135554" lon="8.179966" />
      <trkpt lat="48.136083" lon="8.1811" />
      <trkpt lat="48.136085" lon="8.181481" />
      <trkpt lat="48.136119" lon="8.181741" />
      <trkpt lat="48.136461" lon="8.182621" />
      <trkpt lat="48.136625" lon="8.182823" />
      <trkpt lat="48.13691" lon="8.182939" />
      <trkpt lat="48.137099" lon="8.183053" />
      <trkpt lat="48.137541" lon="8.183104" />
      <trkpt lat="48.137783" lon="8.183392" />
      <trkpt lat="48.137977" lon="8.183822" />
      <trkpt lat="48.138201" lon="8.184061" />
      <trkpt lat="48.138462" lon="8.184267" />
      <trkpt lat="48.138653" lon="8.184396" />
      <trkpt lat="48.138838" lon="8.184666" />
      <trkpt lat="48.138922" lon="8.184887" />
      <trkpt lat="48.139039" lon="8.18569" />
      <trkpt lat="48.139101" lon="8.18589" />
      <trkpt lat="48.139184" lon="8.186051" />
      <trkpt lat="48.140845" lon="8.188559" />
      <trkpt lat="48.141019" lon="8.188981" />
      <trkpt lat="48.141249" lon="8.189937" />
      <trkpt lat="48.141485" lon="8.191455" />
      <trkpt lat="48.141523" lon="8.191989" />
      <trkpt lat="48.141569" lon="8.192257" />
      <trkpt lat="48.141625" lon="8.192433" />
      <trkpt lat="48.141646" lon="8.192496" />
      <trkpt lat="48.142037" lon="8.1933" />
      <trkpt lat="48.142134" lon="8.193615" />
      <trkpt lat="48.142257" lon="8.194421" />
      <trkpt lat="48.142255" lon="8.194544" />
      <trkpt lat="48.142247" lon="8.195089" />
      <trkpt lat="48.142241" lon="8.195516" />
      <trkpt lat="48.142262" lon="8.195639" />
      <trkpt lat="48.142356" lon="8.196214" />
      <trkpt lat="48.142558" lon="8.196233" />
      <trkpt lat="48.142641" lon="8.196211" />
      <trkpt lat="48.14361" lon="8.195651" />
      <trkpt lat="48.143997" lon="8.195444" />
      <trkpt lat="48.144313" lon="8.195253" />
      <trkpt lat="48.144466" lon="8.195137" />
      <trkpt lat="48.144559" lon="8.195005" />
      <trkpt lat="48.144625" lon="8.194798" />
      <trkpt lat="48.144671" lon="8.194189" />
      <trkpt lat="48.14473" lon="8.19395" />
      <trkpt lat="48.144899" lon="8.193804" />
      <trkpt lat="48.145289" lon="8.193645" />
      <trkpt lat="48.145385" lon="8.193548" />
      <trkpt lat="48.145557" lon="8.193042" />
      <trkpt lat="48.145634" lon="8.192982" />
      <trkpt lat="48.145804" lon="8.192338" />
      <trkpt lat="48.145931" lon="8.191829" />
      <trkpt lat="48.146086" lon="8.191215" />
      <trkpt lat="48.146271" lon="8.190508" />
      <trkpt lat="48.1464" lon="8.189987" />
      <trkpt lat="48.146592" lon="8.189401" />
      <trkpt lat="48.146671" lon="8.189224" />
      <trkpt lat="48.146796" lon="8.188971" />
      <trkpt lat="48.146994" lon="8.188587" />
      <trkpt lat="48.147109" lon="8.188343" />
      <trkpt lat="48.147379" lon="8.187755" />
      <trkpt lat="48.147469" lon="8.187454" />
      <trkpt lat="48.147597" lon="8.18701" />
      <trkpt lat="48.147823" lon="8.186127" />
      <trkpt lat="48.147892" lon="8.185856" />
      <trkpt lat="48.147966" lon="8.185566" />
      <trkpt lat="48.148278" lon="8.18461" />
      <trkpt lat="48.148457" lon="8.184258" />
      <trkpt lat="48.148699" lon="8.183973" />
      <trkpt lat="48.14954" lon="8.183145" />
      <trkpt lat="48.14987" lon="8.18282" />
      <trkpt lat="48.150058" lon="8.182531" />
      <trkpt lat="48.150233" lon="8.182104" />
      <trkpt lat="48.150315" lon="8.181585" />
      <trkpt lat="48.150315" lon="8.181329" />
      <trkpt lat="48.150233" lon="8.180839" />
      <trkpt lat="48.150159" lon="8.180635" />
      <trkpt lat="48.149979" lon="8.180344" />
      <trkpt lat="48.149856" lon="8.180229" />
      <trkpt lat="48.149752" lon="8.180176" />
      <trkpt lat="48.149505" lon="8.180189" />
      <trkpt lat="48.149393" lon="8.180244" />
      <trkpt lat="48.149054" lon="8.180503" />
      <trkpt lat="48.148772" lon="8.180629" />
      <trkpt lat="48.14864" lon="8.180604" />
      <trkpt lat="48.148485" lon="8.180509" />
      <trkpt lat="48.14838" lon="8.180379" />
      <trkpt lat="48.148274" lon="8.180173" />
      <trkpt lat="48.147525" lon="8.17802" />
      <trkpt lat="48.147437" lon="8.177816" />
      <trkpt lat="48.147274" lon="8.177574" />
      <trkpt lat="48.147054" lon="8.177399" />
      <trkpt lat="48.146466" lon="8.177057" />
      <trkpt lat="48.146334" lon="8.17694" />
      <trkpt lat="48.145829" lon="8.176195" />
      <trkpt lat="48.145422" lon="8.175524" />
      <trkpt lat="48.145311" lon="8.175258" />
      <trkpt lat="48.145122" lon="8.174531" />
      <trkpt lat="48.144974" lon="8.173435" />
      <trkpt lat="48.144957" lon="8.173285" />
      <trkpt lat="48.144816" lon="8.172377" />
      <trkpt lat="48.14469" lon="8.171811" />
      <trkpt lat="48.144392" lon="8.171005" />
      <trkpt lat="48.144035" lon="8.170322" />
      <trkpt lat="48.143636" lon="8.16978" />
      <trkpt lat="48.143342" lon="8.169484" />
      <trkpt lat="48.142885" lon="8.16916" />
      <trkpt lat="48.14186" lon="8.168625" />
      <trkpt lat="48.14159" lon="8.168434" />
      <trkpt lat="48.14107" lon="8.167895" />
      <trkpt lat="48.140683" lon="8.167253" />
      <trkpt lat="48.139969" lon="8.165914" />
      <trkpt lat="48.13987" lon="8.165725" />
      <trkpt lat="48.13972" lon="8.165532" />
      <trkpt lat="48.139624" lon="8.165444" />
      <trkpt lat="48.139424" lon="8.165349" />
      <trkpt lat="48.139424" lon="8.165349" />
      <trkpt lat="48.139178" lon="8.165355" />
      <trkpt lat="48.139051" lon="8.165411" />
      <trkpt lat="48.138837" lon="8.165598" />
      <trkpt lat="48.138704" lon="8.165794" />
      <trkpt lat="48.138566" lon="8.166068" />
      <trkpt lat="48.138462" lon="8.166249" />
      <trkpt lat="48.138281" lon="8.166486" />
      <trkpt lat="48.13812" lon="8.166628" />
      <trkpt lat="48.137856" lon="8.166748" />
      <trkpt lat="48.137553" lon="8.166762" />
      <trkpt lat="48.137321" lon="8.166688" />
      <trkpt lat="48.137228" lon="8.166626" />
      <trkpt lat="48.137159" lon="8.166572" />
      <trkpt lat="48.136919" lon="8.16632" />
      <trkpt lat="48.136759" lon="8.166035" />
      <trkpt lat="48.136629" lon="8.165593" />
      <trkpt lat="48.136599" lon="8.165264" />
      <trkpt lat="48.136602" lon="8.16435" />
      <trkpt lat="48.136573" lon="8.164064" />
      <trkpt lat="48.13646" lon="8.163529" />
      <trkpt lat="48.136326" lon="8.163188" />
      <trkpt lat="48.136118" lon="8.162828" />
      <trkpt lat="48.135925" lon="8.162594" />
      <trkpt lat="48.135621" lon="8.162343" />
      <trkpt lat="48.135249" lon="8.162107" />
      <trkpt lat="48.134988" lon="8.161883" />
      <trkpt lat="48.134324" lon="8.161207" />
      <trkpt lat="48.133963" lon="8.161013" />
      <trkpt lat="48.133601" lon="8.160986" />
      <trkpt lat="48.132709" lon="8.161062" />
      <trkpt lat="48.132212" lon="8.161197" />
      <trkpt lat="48.131957" lon="8.1613" />
      <trkpt lat="48.131078" lon="8.161818" />
      <trkpt lat="48.130938" lon="8.161865" />
      <trkpt lat="48.13084" lon="8.161862" />
      <trkpt lat="48.130669" lon="8.161785" />
      <trkpt lat="48.13056" lon="8.16166" />
      <trkpt lat="48.130512" lon="8.161559" />
      <trkpt lat="48.130467" lon="8.161388" />
      <trkpt lat="48.130454" lon="8.161199" />
      <trkpt lat="48.130552" lon="8.1604" />
      <trkpt lat="48.130857" lon="8.159754" />
      <trkpt lat="48.130904" lon="8.159586" />
      <trkpt lat="48.13092" lon="8.159426" />
      <trkpt lat="48.130904" lon="8.159277" />
      <trkpt lat="48.130857" lon="8.159146" />
      <trkpt lat="48.130751" lon="8.159023" />
      <trkpt lat="48.129945" lon="8.158405" />
      <trkpt lat="48.129618" lon="8.15806" />
      <trkpt lat="48.12923" lon="8.157509" />
      <trkpt lat="48.128673" lon="8.157114" />
      <trkpt lat="48.128542" lon="8.156909" />
      <trkpt lat="48.128523" lon="8.156719" />
      <trkpt lat="48.128571" lon="8.156515" />
      <trkpt lat="48.128662" lon="8.156407" />
      <trkpt lat="48.128781" lon="8.156349" />
      <trkpt lat="48.128917" lon="8.156403" />
      <trkpt lat="48.129055" lon="8.156608" />
      <trkpt lat="48.129268" lon="8.157112" />
      <trkpt lat="48.129391" lon="8.157411" />
      <trkpt lat="48.129577" lon="8.15769" />
      <trkpt lat="48.129797" lon="8.157952" />
      <trkpt lat="48.130064" lon="8.158103" />
      <trkpt lat="48.130407" lon="8.158211" />
      <trkpt lat="48.131167" lon="8.158362" />
      <trkpt lat="48.131347" lon="8.158427" />
      <trkpt lat="48.131605" lon="8.158609" />
      <trkpt lat="48.131739" lon="8.158751" />
      <trkpt lat="48.132078" lon="8.159206" />
      <trkpt lat="48.132283" lon="8.159355" />
      <trkpt lat="48.132568" lon="8.159284" />
      <trkpt lat="48.132956" lon="8.159089" />
      <trkpt lat="48.134218" lon="8.158375" />
      <trkpt lat="48.134534" lon="8.158319" />
      <trkpt lat="48.134659" lon="8.158321" />
      <trkpt lat="48.135088" lon="8.158474" />
      <trkpt lat="48.13577" lon="8.158874" />
      <trkpt lat="48.136246" lon="8.158999" />
      <trkpt lat="48.137228" lon="8.159145" />
      <trkpt lat="48.138272" lon="8.159185" />
      <trkpt lat="48.138979" lon="8.159142" />
      <trkpt lat="48.139506" lon="8.159063" />
      <trkpt lat="48.140578" lon="8.15862" />
      <trkpt lat="48.140865" lon="8.158583" />
      <trkpt lat="48.141129" lon="8.158602" />
      <trkpt lat="48.141417" lon="8.158699" />
      <trkpt lat="48.142557" lon="8.159449" />
      <trkpt lat="48.143487" lon="8.159658" />
      <trkpt lat="48.144046" lon="8.160124" />
      <trkpt lat="48.144411" lon="8.160252" />
      <trkpt lat="48.144606" lon="8.160253" />
      <trkpt lat="48.145839" lon="8.159917" />
      <trkpt lat="48.146447" lon="8.159744" />
      <trkpt lat="48.147213" lon="8.159431" />
      <trkpt lat="48.147437" lon="8.159279" />
      <trkpt lat="48.147645" lon="8.159009" />
      <trkpt lat="48.147932" lon="8.158423" />
      <trkpt lat="48.148074" lon="8.15821" />
      <trkpt lat="48.148153" lon="8.158133" />
      <trkpt lat="48.148483" lon="8.157963" />
      <trkpt lat="48.148806" lon="8.15806" />
      <trkpt lat="48.14932" lon="8.158397" />
      <trkpt lat="48.14952" lon="8.158454" />
      <trkpt lat="48.149723" lon="8.158427" />
      <trkpt lat="48.14988" lon="8.158347" />
      <trkpt lat="48.150397" lon="8.157813" />
      <trkpt lat="48.15049" lon="8.157746" />
      <trkpt lat="48.150608" lon="8.157688" />
      <trkpt lat="48.15086" lon="8.157663" />
      <trkpt lat="48.151122" lon="8.157783" />
      <trkpt lat="48.151259" lon="8.157905" />
      <trkpt lat="48.151444" lon="8.158148" />
      <trkpt lat="48.15174" lon="8.158459" />
      <trkpt lat="48.15207" lon="8.15863" />
      <trkpt lat="48.152564" lon="8.15905" />
      <trkpt lat="48.152746" lon="8.159124" />
      <trkpt lat="48.152896" lon="8.159152" />
      <trkpt lat="48.153149" lon="8.15912" />
      <trkpt lat="48.153379" lon="8.158967" />
      <trkpt lat="48.153662" lon="8.158691" />
      <trkpt lat="48.153928" lon="8.158484" />
      <trkpt lat="48.154211" lon="8.158399" />
      <trkpt lat="48.154349" lon="8.15843" />
      <trkpt lat="48.154568" lon="8.158591" />
      <trkpt lat="48.154975" lon="8.159088" />
      <trkpt lat="48.155125" lon="8.159216" />
      <trkpt lat="48.15534" lon="8.159285" />
      <trkpt lat="48.156006" lon="8.159344" />
      <trkpt lat="48.157299" lon="8.159296" />
      <trkpt lat="48.157482" lon="8.159328" />
      <trkpt lat="48.158151" lon="8.159584" />
      <trkpt lat="48.158392" lon="8.159584" />
      <trkpt lat="48.158596" lon="8.159506" />
      <trkpt lat="48.158757" lon="8.159381" />
      <trkpt lat="48.158904" lon="8.159204" />
      <trkpt lat="48.159347" lon="8.158421" />
      <trkpt lat="48.159746" lon="8.157803" />
      <trkpt lat="48.160049" lon="8.15757" />
      <trkpt lat="48.160239" lon="8.157532" />
      <trkpt lat="48.160683" lon="8.157642" />
      <trkpt lat="48.160955" lon="8.157853" />
      <trkpt lat="48.161085" lon="8.157991" />
      <trkpt lat="48.1612" lon="8.158167" />
      <trkpt lat="48.161587" lon="8.158931" />
      <trkpt lat="48.161765" lon="8.159171" />
      <trkpt lat="48.162102" lon="8.159377" />
      <trkpt lat="48.162428" lon="8.159429" />
      <trkpt lat="48.162728" lon="8.15935" />
      <trkpt lat="48.1629" lon="8.159261" />
      <trkpt lat="48.16309" lon="8.159097" />
      <trkpt lat="48.163468" lon="8.158707" />
      <trkpt lat="48.163881" lon="8.158455" />
      <trkpt lat="48.164523" lon="8.158321" />
      <trkpt lat="48.165552" lon="8.158207" />
      <trkpt lat="48.166222" lon="8.158099" />
      <trkpt lat="48.166525" lon="8.158067" />
      <trkpt lat="48.166723" lon="8.15809" />
      <trkpt lat="48.16737" lon="8.158404" />
      <trkpt lat="48.167667" lon="8.158454" />
      <trkpt lat="48.168083" lon="8.158461" />
      <trkpt lat="48.168397" lon="8.158532" />
      <trkpt lat="48.169139" lon="8.158971" />
      <trkpt lat="48.169493" lon="8.159056" />
      <trkpt lat="48.169775" lon="8.159166" />
      <trkpt lat="48.170069" lon="8.159335" />
      <trkpt lat="48.17066" lon="8.159429" />
      <trkpt lat="48.17104" lon="8.159435" />
      <trkpt lat="48.171456" lon="8.159383" />
      <trkpt lat="48.172355" lon="8.159003" />
      <trkpt lat="48.172757" lon="8.158933" />
      <trkpt lat="48.173006" lon="8.158786" />
      <trkpt lat="48.173046" lon="8.158735" />
      <trkpt lat="48.173205" lon="8.158498" />
      <trkpt lat="48.173373" lon="8.158262" />
      <trkpt lat="48.173534" lon="8.158092" />
      <trkpt lat="48.173582" lon="8.158059" />
      <trkpt lat="48.173721" lon="8.157962" />
      <trkpt lat="48.174262" lon="8.157812" />
      <trkpt lat="48.17475" lon="8.157803" />
      <trkpt lat="48.175014" lon="8.15785" />
      <trkpt lat="48.175204" lon="8.157948" />
      <trkpt lat="48.175352" lon="8.15808" />
      <trkpt lat="48.17576" lon="8.15861" />
      <trkpt lat="48.175886" lon="8.158747" />
      <trkpt lat="48.176028" lon="8.158833" />
      <trkpt lat="48.17678" lon="8.158903" />
      <trkpt lat="48.176954" lon="8.158948" />
      <trkpt lat="48.177091" lon="8.159042" />
      <trkpt lat="48.177177" lon="8.159192" />
      <trkpt lat="48.177255" lon="8.159347" />
      <trkpt lat="48.177404" lon="8.159626" />
      <trkpt lat="48.177791" lon="8.15994" />
      <trkpt lat="48.178053" lon="8.160097" />
      <trkpt lat="48.178299" lon="8.160147" />
      <trkpt lat="48.178738" lon="8.160158" />
      <trkpt lat="48.179315" lon="8.160199" />
      <trkpt lat="48.179611" lon="8.160298" />
      <trkpt lat="48.179711" lon="8.160303" />
      <trkpt lat="48.179911" lon="8.160205" />
      <trkpt lat="48.179983" lon="8.160091" />
      <trkpt lat="48.180049" lon="8.159915" />
      <trkpt lat="48.180132" lon="8.159408" />
      <trkpt lat="48.180149" lon="8.159305" />
      <trkpt lat="48.180174" lon="8.159242" />
      <trkpt lat="48.180192" lon="8.159201" />
      <trkpt lat="48.180221" lon="8.159153" />
      <trkpt lat="48.180247" lon="8.159121" />
      <trkpt lat="48.180278" lon="8.159091" />
      <trkpt lat="48.180308" lon="8.159071" />
      <trkpt lat="48.180338" lon="8.159055" />
      <trkpt lat="48.180543" lon="8.159086" />
      <trkpt lat="48.180703" lon="8.159196" />
      <trkpt lat="48.180811" lon="8.159323" />
      <trkpt lat="48.181563" lon="8.160607" />
      <trkpt lat="48.181786" lon="8.160846" />
      <trkpt lat="48.181938" lon="8.160922" />
      <trkpt lat="48.182244" lon="8.160898" />
      <trkpt lat="48.183331" lon="8.160545" />
      <trkpt lat="48.183801" lon="8.160499" />
      <trkpt lat="48.18395" lon="8.160534" />
      <trkpt lat="48.184185" lon="8.160655" />
      <trkpt lat="48.184575" lon="8.161029" />
      <trkpt lat="48.184854" lon="8.1612" />
      <trkpt lat="48.185443" lon="8.161351" />
      <trkpt lat="48.18607" lon="8.161412" />
      <trkpt lat="48.186856" lon="8.16124" />
      <trkpt lat="48.187079" lon="8.161138" />
      <trkpt lat="48.187353" lon="8.160953" />
      <trkpt lat="48.187602" lon="8.160764" />
      <trkpt lat="48.187993" lon="8.160375" />
      <trkpt lat="48.188038" lon="8.160317" />
      <trkpt lat="48.188262" lon="8.160074" />
      <trkpt lat="48.188412" lon="8.159952" />
      <trkpt lat="48.188634" lon="8.15983" />
      <trkpt lat="48.188971" lon="8.159717" />
      <trkpt lat="48.188995" lon="8.159712" />
      <trkpt lat="48.189539" lon="8.159669" />
      <trkpt lat="48.189909" lon="8.159769" />
      <trkpt lat="48.19009" lon="8.159935" />
      <trkpt lat="48.190632" lon="8.160637" />
      <trkpt lat="48.19092" lon="8.160859" />
      <trkpt lat="48.191282" lon="8.161049" />
      <trkpt lat="48.192655" lon="8.161589" />
      <trkpt lat="48.19305" lon="8.161669" />
      <trkpt lat="48.193236" lon="8.161674" />
      <trkpt lat="48.193408" lon="8.161631" />
      <trkpt lat="48.193577" lon="8.161542" />
      <trkpt lat="48.193863" lon="8.161295" />
      <trkpt lat="48.194039" lon="8.161031" />
      <trkpt lat="48.194171" lon="8.16073" />
      <trkpt lat="48.194277" lon="8.160574" />
      <trkpt lat="48.194376" lon="8.160482" />
      <trkpt lat="48.194512" lon="8.160414" />
      <trkpt lat="48.194792" lon="8.160422" />
      <trkpt lat="48.195014" lon="8.16049" />
      <trkpt lat="48.195977" lon="8.160948" />
      <trkpt lat="48.19651" lon="8.161105" />
      <trkpt lat="48.196761" lon="8.161142" />
      <trkpt lat="48.197044" lon="8.161159" />
      <trkpt lat="48.197588" lon="8.161127" />
      <trkpt lat="48.197972" lon="8.161005" />
      <trkpt lat="48.198636" lon="8.160505" />
      <trkpt lat="48.198792" lon="8.160402" />
      <trkpt lat="48.198979" lon="8.160338" />
      <trkpt lat="48.199192" lon="8.160343" />
      <trkpt lat="48.199545" lon="8.160427" />
      <trkpt lat="48.199796" lon="8.160526" />
      <trkpt lat="48.200012" lon="8.16065" />
      <trkpt lat="48.200865" lon="8.16129" />
      <trkpt lat="48.201197" lon="8.161435" />
      <trkpt lat="48.201486" lon="8.161468" />
      <trkpt lat="48.201833" lon="8.161402" />
      <trkpt lat="48.202205" lon="8.161467" />
      <trkpt lat="48.202554" lon="8.161473" />
      <trkpt lat="48.202831" lon="8.16145" />
      <trkpt lat="48.203275" lon="8.161348" />
      <trkpt lat="48.203529" lon="8.16125" />
      <trkpt lat="48.203812" lon="8.161147" />
      <trkpt lat="48.203985" lon="8.161103" />
      <trkpt lat="48.204146" lon="8.161064" />
      <trkpt lat="48.204255" lon="8.161036" />
      <trkpt lat="48.204305" lon="8.161015" />
      <trkpt lat="48.204465" lon="8.160946" />
      <trkpt lat="48.204679" lon="8.160765" />
      <trkpt lat="48.204969" lon="8.160409" />
      <trkpt lat="48.205262" lon="8.159844" />
      <trkpt lat="48.205292" lon="8.159789" />
      <trkpt lat="48.205321" lon="8.159711" />
      <trkpt lat="48.20533" lon="8.159692" />
      <trkpt lat="48.20537" lon="8.159581" />
      <trkpt lat="48.205398" lon="8.159504" />
      <trkpt lat="48.20547" lon="8.159304" />
      <trkpt lat="48.205539" lon="8.159118" />
      <trkpt lat="48.205611" lon="8.158742" />
      <trkpt lat="48.205687" lon="8.15811" />
      <trkpt lat="48.205751" lon="8.157838" />
      <trkpt lat="48.205852" lon="8.157575" />
      <trkpt lat="48.205945" lon="8.157403" />
      <trkpt lat="48.206294" lon="8.15695" />
      <trkpt lat="48.207222" lon="8.155911" />
      <trkpt lat="48.207508" lon="8.155471" />
      <trkpt lat="48.207739" lon="8.155178" />
      <trkpt lat="48.208358" lon="8.15468" />
      <trkpt lat="48.208685" lon="8.154303" />
      <trkpt lat="48.208766" lon="8.154207" />
      <trkpt lat="48.208996" lon="8.153926" />
      <trkpt lat="48.209451" lon="8.153269" />
      <trkpt lat="48.209584" lon="8.15305" />
      <trkpt lat="48.209646" lon="8.152944" />
      <trkpt lat="48.209843" lon="8.152604" />
      <trkpt lat="48.210522" lon="8.151622" />
      <trkpt lat="48.210752" lon="8.151358" />
      <trkpt lat="48.211122" lon="8.151036" />
      <trkpt lat="48.211229" lon="8.15087" />
      <trkpt lat="48.211387" lon="8.150479" />
      <trkpt lat="48.211509" lon="8.149935" />
      <trkpt lat="48.211623" lon="8.149375" />
      <trkpt lat="48.211819" lon="8.148641" />
      <trkpt lat="48.211891" lon="8.148424" />
      <trkpt lat="48.21221" lon="8.14783" />
      <trkpt lat="48.212335" lon="8.147531" />
      <trkpt lat="48.212485" lon="8.147026" />
      <trkpt lat="48.212547" lon="8.146549" />
      <trkpt lat="48.212555" lon="8.146294" />
      <trkpt lat="48.212559" lon="8.146165" />
      <trkpt lat="48.212568" lon="8.145623" />
      <trkpt lat="48.212661" lon="8.14515" />
      <trkpt lat="48.212748" lon="8.144911" />
      <trkpt lat="48.213044" lon="8.144326" />
      <trkpt lat="48.213205" lon="8.143895" />
      <trkpt lat="48.213254" lon="8.143676" />
      <trkpt lat="48.21333" lon="8.143179" />
      <trkpt lat="48.213415" lon="8.142972" />
      <trkpt lat="48.213575" lon="8.142843" />
      <trkpt lat="48.213719" lon="8.142674" />
      <trkpt lat="48.213774" lon="8.142499" />
      <trkpt lat="48.213782" lon="8.14238" />
      <trkpt lat="48.214016" lon="8.142443" />
      <trkpt lat="48.214277" lon="8.142523" />
      <trkpt lat="48.214401" lon="8.142515" />
      <trkpt lat="48.214495" lon="8.142482" />
      <trkpt lat="48.214779" lon="8.142331" />
      <trkpt lat="48.21508" lon="8.142185" />
      <trkpt lat="48.215205" lon="8.142215" />
      <trkpt lat="48.215916" lon="8.142794" />
      <trkpt lat="48.215978" lon="8.142838" />
      <trkpt lat="48.21648" lon="8.143172" />
      <trkpt lat="48.217104" lon="8.143719" />
      <trkpt lat="48.217653" lon="8.144322" />
      <trkpt lat="48.218417" lon="8.145297" />
      <trkpt lat="48.218622" lon="8.1455" />
      <trkpt lat="48.219767" lon="8.146371" />
      <trkpt lat="48.220318" lon="8.146658" />
      <trkpt lat="48.220454" lon="8.146809" />
      <trkpt lat="48.220995" lon="8.147659" />
      <trkpt lat="48.221253" lon="8.147958" />
      <trkpt lat="48.222104" lon="8.148516" />
      <trkpt lat="48.222613" lon="8.148989" />
      <trkpt lat="48.222946" lon="8.149479" />
      <trkpt lat="48.223563" lon="8.15037" />
      <trkpt lat="48.224277" lon="8.15153" />
      <trkpt lat="48.224543" lon="8.15186" />
      <trkpt lat="48.225836" lon="8.152929" />
      <trkpt lat="48.225955" lon="8.153102" />
      <trkpt lat="48.226039" lon="8.15328" />
      <trkpt lat="48.226247" lon="8.15382" />
      <trkpt lat="48.226542" lon="8.15468" />
      <trkpt lat="48.226674" lon="8.155133" />
      <trkpt lat="48.22688" lon="8.156524" />
      <trkpt lat="48.227015" lon="8.157018" />
      <trkpt lat="48.227245" lon="8.157615" />
      <trkpt lat="48.22761" lon="8.158687" />
      <trkpt lat="48.227957" lon="8.160044" />
      <trkpt lat="48.228143" lon="8.159777" />
      <trkpt lat="48.228321" lon="8.159957" />
      <trkpt lat="48.228409" lon="8.160099" />
      <trkpt lat="48.228466" lon="8.160287" />
      <trkpt lat="48.228541" lon="8.160703" />
      <trkpt lat="48.228617" lon="8.16093" />
      <trkpt lat="48.228787" lon="8.161289" />
      <trkpt lat="48.228927" lon="8.161808" />
      <trkpt lat="48.229036" lon="8.162029" />
      <trkpt lat="48.229154" lon="8.162195" />
      <trkpt lat="48.229365" lon="8.162702" />
      <trkpt lat="48.229869" lon="8.163508" />
      <trkpt lat="48.230235" lon="8.163849" />
      <trkpt lat="48.230608" lon="8.164362" />
      <trkpt lat="48.231068" lon="8.165157" />
      <trkpt lat="48.231262" lon="8.165546" />
      <trkpt lat="48.231344" lon="8.165642" />
      <trkpt lat="48.231476" lon="8.165702" />
      <trkpt lat="48.231587" lon="8.165695" />
      <trkpt lat="48.23163" lon="8.165939" />
      <trkpt lat="48.231641" lon="8.166253" />
      <trkpt lat="48.231701" lon="8.166557" />
      <trkpt lat="48.23178" lon="8.166764" />
      <trkpt lat="48.23184" lon="8.166852" />
      <trkpt lat="48.231952" lon="8.166875" />
      <trkpt lat="48.232215" lon="8.16676" />
      <trkpt lat="48.232458" lon="8.166734" />
      <trkpt lat="48.233103" lon="8.16676" />
      <trkpt lat="48.233259" lon="8.166735" />
      <trkpt lat="48.233463" lon="8.166603" />
      <trkpt lat="48.233826" lon="8.166111" />
      <trkpt lat="48.233911" lon="8.166089" />
      <trkpt lat="48.234002" lon="8.16612" />
      <trkpt lat="48.234315" lon="8.166451" />
      <trkpt lat="48.234512" lon="8.166573" />
      <trkpt lat="48.235258" lon="8.166514" />
      <trkpt lat="48.235679" lon="8.166541" />
      <trkpt lat="48.236123" lon="8.166589" />
      <trkpt lat="48.236221" lon="8.166625" />
      <trkpt lat="48.236281" lon="8.166737" />
      <trkpt lat="48.236312" lon="8.166879" />
      <trkpt lat="48.236299" lon="8.167003" />
      <trkpt lat="48.236251" lon="8.167144" />
      <trkpt lat="48.236044" lon="8.167548" />
      <trkpt lat="48.236025" lon="8.167677" />
      <trkpt lat="48.236039" lon="8.167768" />
      <trkpt lat="48.23609" lon="8.16787" />
      <trkpt lat="48.237014" lon="8.168608" />
      <trkpt lat="48.237794" lon="8.169435" />
      <trkpt lat="48.237918" lon="8.169452" />
      <trkpt lat="48.23802" lon="8.169424" />
      <trkpt lat="48.238287" lon="8.168789" />
      <trkpt lat="48.238586" lon="8.16834" />
      <trkpt lat="48.238871" lon="8.168162" />
      <trkpt lat="48.239016" lon="8.168076" />
      <trkpt lat="48.23919" lon="8.167978" />
      <trkpt lat="48.239502" lon="8.167677" />
      <trkpt lat="48.239692" lon="8.167494" />
      <trkpt lat="48.239766" lon="8.167419" />
      <trkpt lat="48.240195" lon="8.166901" />
      <trkpt lat="48.240849" lon="8.166018" />
      <trkpt lat="48.241156" lon="8.165738" />
      <trkpt lat="48.241622" lon="8.164918" />
      <trkpt lat="48.241952" lon="8.164596" />
      <trkpt lat="48.242292" lon="8.163941" />
      <trkpt lat="48.24236" lon="8.163691" />
      <trkpt lat="48.242597" lon="8.163068" />
      <trkpt lat="48.242755" lon="8.162765" />
      <trkpt lat="48.243066" lon="8.162317" />
      <trkpt lat="48.243133" lon="8.162102" />
      <trkpt lat="48.243123" lon="8.161373" />
      <trkpt lat="48.243167" lon="8.160873" />
      <trkpt lat="48.243248" lon="8.160338" />
      <trkpt lat="48.24333" lon="8.159559" />
      <trkpt lat="48.243318" lon="8.158938" />
      <trkpt lat="48.243363" lon="8.158586" />
      <trkpt lat="48.243457" lon="8.158181" />
      <trkpt lat="48.243664" lon="8.157821" />
      <trkpt lat="48.244079" lon="8.157329" />
      <trkpt lat="48.244133" lon="8.157229" />
      <trkpt lat="48.244152" lon="8.157109" />
      <trkpt lat="48.244192" lon="8.155938" />
      <trkpt lat="48.244155" lon="8.155042" />
      <trkpt lat="48.244209" lon="8.15461" />
      <trkpt lat="48.244301" lon="8.152949" />
      <trkpt lat="48.244281" lon="8.152739" />
      <trkpt lat="48.244088" lon="8.152226" />
      <trkpt lat="48.244032" lon="8.151942" />
      <trkpt lat="48.244042" lon="8.151507" />
      <trkpt lat="48.244084" lon="8.151096" />
      <trkpt lat="48.244081" lon="8.150787" />
      <trkpt lat="48.243993" lon="8.150414" />
      <trkpt lat="48.243833" lon="8.149323" />
      <trkpt lat="48.243826" lon="8.148836" />
      <trkpt lat="48.243722" lon="8.148051" />
      <trkpt lat="48.243783" lon="8.147786" />
      <trkpt lat="48.243979" lon="8.147154" />
      <trkpt lat="48.244029" lon="8.146992" />
      <trkpt lat="48.244291" lon="8.146489" />
      <trkpt lat="48.244366" lon="8.146239" />
      <trkpt lat="48.244401" lon="8.146014" />
      <trkpt lat="48.244408" lon="8.14573" />
      <trkpt lat="48.244308" lon="8.143502" />
      <trkpt lat="48.244373" lon="8.141997" />
      <trkpt lat="48.244362" lon="8.141495" />
      <trkpt lat="48.244218" lon="8.141019" />
      <trkpt lat="48.2442" lon="8.140887" />
      <trkpt lat="48.244233" lon="8.140631" />
      <trkpt lat="48.244657" lon="8.138979" />
      <trkpt lat="48.244826" lon="8.138153" />
      <trkpt lat="48.245" lon="8.137497" />
      <trkpt lat="48.245109" lon="8.137212" />
      <trkpt lat="48.245388" lon="8.136694" />
      <trkpt lat="48.246271" lon="8.135463" />
      <trkpt lat="48.246402" lon="8.135246" />
      <trkpt lat="48.24655" lon="8.135039" />
      <trkpt lat="48.246668" lon="8.134828" />
      <trkpt lat="48.246946" lon="8.134475" />
      <trkpt lat="48.247018" lon="8.134336" />
      <trkpt lat="48.247264" lon="8.133533" />
      <trkpt lat="48.247315" lon="8.13329" />
      <trkpt lat="48.24738" lon="8.132664" />
      <trkpt lat="48.247445" lon="8.132317" />
      <trkpt lat="48.24778" lon="8.131575" />
      <trkpt lat="48.247832" lon="8.131391" />
      <trkpt lat="48.24796" lon="8.130656" />
      <trkpt lat="48.2481" lon="8.129822" />
      <trkpt lat="48.248294" lon="8.12889" />
      <trkpt lat="48.248355" lon="8.128686" />
      <trkpt lat="48.248739" lon="8.128086" />
      <trkpt lat="48.248783" lon="8.127601" />
      <trkpt lat="48.248828" lon="8.127379" />
      <trkpt lat="48.24919" lon="8.126754" />
      <trkpt lat="48.249325" lon="8.126247" />
      <trkpt lat="48.249746" lon="8.125163" />
      <trkpt lat="48.249874" lon="8.12455" />
      <trkpt lat="48.249996" lon="8.124191" />
      <trkpt lat="48.250276" lon="8.123585" />
      <trkpt lat="48.250382" lon="8.123275" />
      <trkpt lat="48.250552" lon="8.122624" />
      <trkpt lat="48.250615" lon="8.122427" />
      <trkpt lat="48.251152" lon="8.120752" />
      <trkpt lat="48.25134" lon="8.120236" />
      <trkpt lat="48.25151" lon="8.119941" />
      <trkpt lat="48.251662" lon="8.119762" />
      <trkpt lat="48.25176" lon="8.119589" />
      <trkpt lat="48.251895" lon="8.119191" />
      <trkpt lat="48.25227" lon="8.118474" />
      <trkpt lat="48.252646" lon="8.117482" />
      <trkpt lat="48.252734" lon="8.117012" />
      <trkpt lat="48.252886" lon="8.116236" />
      <trkpt lat="48.252944" lon="8.11505" />
      <trkpt lat="48.25301" lon="8.11476" />
      <trkpt lat="48.25319" lon="8.114237" />
      <trkpt lat="48.253275" lon="8.113898" />
      <trkpt lat="48.253304" lon="8.113688" />
      <trkpt lat="48.253307" lon="8.113288" />
      <trkpt lat="48.253289" lon="8.113128" />
      <trkpt lat="48.253239" lon="8.112988" />
      <trkpt lat="48.252973" lon="8.112763" />
      <trkpt lat="48.252916" lon="8.11221" />
      <trkpt lat="48.252897" lon="8.11186" />
      <trkpt lat="48.252917" lon="8.111243" />
      <trkpt lat="48.252929" lon="8.111112" />
      <trkpt lat="48.253057" lon="8.110679" />
      <trkpt lat="48.253283" lon="8.110711" />
      <trkpt lat="48.253754" lon="8.110601" />
      <trkpt lat="48.254036" lon="8.110442" />
      <trkpt lat="48.254252" lon="8.110204" />
      <trkpt lat="48.25451" lon="8.109776" />
      <trkpt lat="48.254667" lon="8.109553" />
      <trkpt lat="48.254803" lon="8.109435" />
      <trkpt lat="48.25492" lon="8.109363" />
      <trkpt lat="48.255163" lon="8.109285" />
      <trkpt lat="48.25541" lon="8.109149" />
      <trkpt lat="48.255501" lon="8.109078" />
      <trkpt lat="48.255782" lon="8.108698" />
      <trkpt lat="48.255984" lon="8.108385" />
      <trkpt lat="48.256184" lon="8.10809" />
      <trkpt lat="48.256312" lon="8.107916" />
      <trkpt lat="48.256496" lon="8.107696" />
      <trkpt lat="48.256624" lon="8.107568" />
      <trkpt lat="48.256777" lon="8.107435" />
      <trkpt lat="48.256877" lon="8.107358" />
      <trkpt lat="48.257076" lon="8.107209" />
      <trkpt lat="48.257154" lon="8.107152" />
      <trkpt lat="48.257104" lon="8.106854" />
      <trkpt lat="48.257343" lon="8.106829" />
      <trkpt lat="48.257565" lon="8.106732" />
      <trkpt lat="48.258189" lon="8.106264" />
      <trkpt lat="48.258443" lon="8.105998" />
      <trkpt lat="48.258794" lon="8.105536" />
      <trkpt lat="48.259715" lon="8.104027" />
      <trkpt lat="48.259933" lon="8.103829" />
      <trkpt lat="48.26062" lon="8.103363" />
      <trkpt lat="48.260717" lon="8.103279" />
      <trkpt lat="48.260818" lon="8.103108" />
      <trkpt lat="48.261108" lon="8.102434" />
      <trkpt lat="48.261211" lon="8.10225" />
      <trkpt lat="48.261395" lon="8.102162" />
      <trkpt lat="48.261539" lon="8.102163" />
      <trkpt lat="48.26204" lon="8.102272" />
      <trkpt lat="48.26234" lon="8.10211" />
      <trkpt lat="48.262984" lon="8.101676" />
      <trkpt lat="48.263464" lon="8.101242" />
      <trkpt lat="48.263756" lon="8.100929" />
      <trkpt lat="48.2642" lon="8.100411" />
      <trkpt lat="48.265066" lon="8.099173" />
      <trkpt lat="48.265412" lon="8.098732" />
      <trkpt lat="48.265726" lon="8.098377" />
      <trkpt lat="48.266064" lon="8.098063" />
      <trkpt lat="48.266713" lon="8.097547" />
      <trkpt lat="48.267488" lon="8.09672" />
      <trkpt lat="48.268265" lon="8.09568" />
      <trkpt lat="48.269211" lon="8.094389" />
      <trkpt lat="48.269333" lon="8.094256" />
      <trkpt lat="48.271813" lon="8.091551" />
      <trkpt lat="48.271829" lon="8.091533" />
      <trkpt lat="48.271866" lon="8.091497" />
      <trkpt lat="48.272074" lon="8.091344" />
      <trkpt lat="48.27239" lon="8.091133" />
      <trkpt lat="48.273552" lon="8.090466" />
      <trkpt lat="48.273733" lon="8.090406" />
      <trkpt lat="48.274411" lon="8.090299" />
      <trkpt lat="48.274479" lon="8.090282" />
      <trkpt lat="48.274561" lon="8.090205" />
      <trkpt lat="48.274577" lon="8.090303" />
      <trkpt lat="48.274671" lon="8.090293" />
      <trkpt lat="48.275315" lon="8.09025" />
      <trkpt lat="48.276404" lon="8.090159" />
      <trkpt lat="48.276726" lon="8.090101" />
      <trkpt lat="48.277067" lon="8.090034" />
      <trkpt lat="48.277242" lon="8.089999" />
      <trkpt lat="48.277359" lon="8.089973" />
      <trkpt lat="48.27751" lon="8.089951" />
      <trkpt lat="48.277651" lon="8.089944" />
      <trkpt lat="48.278041" lon="8.089995" />
      <trkpt lat="48.278322" lon="8.090081" />
      <trkpt lat="48.27876" lon="8.090278" />
      <trkpt lat="48.279047" lon="8.090396" />
      <trkpt lat="48.279282" lon="8.090558" />
      <trkpt lat="48.279406" lon="8.090605" />
      <trkpt lat="48.279235" lon="8.091846" />
      <trkpt lat="48.279097" lon="8.092703" />
      <trkpt lat="48.279059" lon="8.092973" />
      <trkpt lat="48.278952" lon="8.093635" />
      <trkpt lat="48.278829" lon="8.094044" />
      <trkpt lat="48.278726" lon="8.09426" />
      <trkpt lat="48.27865" lon="8.094389" />
      <trkpt lat="48.278751" lon="8.094581" />
      <trkpt lat="48.278749" lon="8.094833" />
      <trkpt lat="48.278663" lon="8.095156" />
      <trkpt lat="48.278655" lon="8.095305" />
      <trkpt lat="48.278671" lon="8.095461" />
      <trkpt lat="48.278765" lon="8.095705" />
      <trkpt lat="48.278986" lon="8.095848" />
      <trkpt lat="48.279561" lon="8.095984" />
      <trkpt lat="48.279539" lon="8.096411" />
      <trkpt lat="48.279501" lon="8.096646" />
      <trkpt lat="48.279416" lon="8.096687" />
      <trkpt lat="48.278888" lon="8.096639" />
      <trkpt lat="48.278926" lon="8.097182" />
      <trkpt lat="48.278913" lon="8.09827" />
      <trkpt lat="48.27897" lon="8.098949" />
      <trkpt lat="48.279181" lon="8.100616" />
      <trkpt lat="48.27958" lon="8.103229" />
      <trkpt lat="48.280042" lon="8.105448" />
      <trkpt lat="48.28003" lon="8.106799" />
      <trkpt lat="48.280167" lon="8.108245" />
      <trkpt lat="48.280244" lon="8.108393" />
      <trkpt lat="48.281273" lon="8.111369" />
      <trkpt lat="48.281334" lon="8.111654" />
      <trkpt lat="48.281366" lon="8.111638" />
      <trkpt lat="48.282148" lon="8.111138" />
      <trkpt lat="48.282253" lon="8.111075" />
      <trkpt lat="48.282452" lon="8.112035" />
      <trkpt lat="48.283886" lon="8.112218" />
      <trkpt lat="48.284189" lon="8.112212" />
      <trkpt lat="48.284537" lon="8.112145" />
      <trkpt lat="48.285216" lon="8.111866" />
      <trkpt lat="48.285314" lon="8.111817" />
      <trkpt lat="48.285963" lon="8.111218" />
      <trkpt lat="48.286112" lon="8.111095" />
      <trkpt lat="48.286353" lon="8.110895" />
      <trkpt lat="48.286395" lon="8.110894" />
      <trkpt lat="48.286838" lon="8.110882" />
      <trkpt lat="48.286985" lon="8.110756" />
      <trkpt lat="48.287096" lon="8.111109" />
      <trkpt lat="48.287249" lon="8.111645" />
      <trkpt lat="48.287422" lon="8.112003" />
      <trkpt lat="48.287931" lon="8.112677" />
      <trkpt lat="48.288067" lon="8.113114" />
      <trkpt lat="48.288107" lon="8.113559" />
      <trkpt lat="48.288169" lon="8.114392" />
      <trkpt lat="48.288196" lon="8.114705" />
      <trkpt lat="48.288198" lon="8.114742" />
      <trkpt lat="48.288192" lon="8.115292" />
      <trkpt lat="48.288102" lon="8.115702" />
      <trkpt lat="48.287984" lon="8.116042" />
      <trkpt lat="48.287851" lon="8.116427" />
      <trkpt lat="48.287811" lon="8.116546" />
      <trkpt lat="48.287771" lon="8.116683" />
      <trkpt lat="48.287596" lon="8.117175" />
      <trkpt lat="48.28746" lon="8.117569" />
      <trkpt lat="48.287336" lon="8.118023" />
      <trkpt lat="48.287309" lon="8.118419" />
      <trkpt lat="48.287291" lon="8.118687" />
      <trkpt lat="48.287333" lon="8.118758" />
      <trkpt lat="48.287297" lon="8.121252" />
      <trkpt lat="48.287286" lon="8.121998" />
      <trkpt lat="48.28734" lon="8.122702" />
      <trkpt lat="48.28746" lon="8.123336" />
      <trkpt lat="48.287718" lon="8.123913" />
      <trkpt lat="48.287999" lon="8.12438" />
      <trkpt lat="48.288101" lon="8.124441" />
      <trkpt lat="48.288321" lon="8.124574" />
      <trkpt lat="48.28887" lon="8.124647" />
      <trkpt lat="48.289098" lon="8.12468" />
      <trkpt lat="48.289233" lon="8.124844" />
      <trkpt lat="48.289296" lon="8.124961" />
      <trkpt lat="48.289304" lon="8.125032" />
      <trkpt lat="48.289439" lon="8.125056" />
      <trkpt lat="48.289703" lon="8.125539" />
      <trkpt lat="48.290034" lon="8.126007" />
      <trkpt lat="48.290572" lon="8.126364" />
      <trkpt lat="48.291075" lon="8.126383" />
      <trkpt lat="48.291623" lon="8.126194" />
      <trkpt lat="48.292049" lon="8.126056" />
      <trkpt lat="48.292505" lon="8.125938" />
      <trkpt lat="48.293404" lon="8.125935" />
      <trkpt lat="48.293948" lon="8.126001" />
      <trkpt lat="48.294179" lon="8.125985" />
      <trkpt lat="48.294519" lon="8.125876" />
      <trkpt lat="48.294917" lon="8.125856" />
      <trkpt lat="48.295776" lon="8.12597" />
      <trkpt lat="48.296228" lon="8.12613" />
      <trkpt lat="48.296733" lon="8.126181" />
      <trkpt lat="48.297247" lon="8.126319" />
      <trkpt lat="48.297504" lon="8.126625" />
      <trkpt lat="48.297881" lon="8.126836" />
      <trkpt lat="48.29803" lon="8.126852" />
      <trkpt lat="48.298182" lon="8.12681" />
      <trkpt lat="48.298619" lon="8.126589" />
      <trkpt lat="48.298966" lon="8.126493" />
      <trkpt lat="48.299377" lon="8.126544" />
      <trkpt lat="48.299758" lon="8.126656" />
      <trkpt lat="48.300603" lon="8.127015" />
      <trkpt lat="48.300706" lon="8.12706" />
      <trkpt lat="48.30091" lon="8.127149" />
      <trkpt lat="48.301138" lon="8.127254" />
      <trkpt lat="48.302129" lon="8.127294" />
      <trkpt lat="48.302211" lon="8.127251" />
      <trkpt lat="48.303161" lon="8.126681" />
      <trkpt lat="48.303784" lon="8.125929" />
      <trkpt lat="48.304342" lon="8.125193" />
      <trkpt lat="48.304582" lon="8.124835" />
      <trkpt lat="48.304727" lon="8.124829" />
      <trkpt lat="48.3054" lon="8.124612" />
      <trkpt lat="48.306999" lon="8.123921" />
      <trkpt lat="48.307186" lon="8.123679" />
      <trkpt lat="48.307423" lon="8.123511" />
      <trkpt lat="48.309765" lon="8.122572" />
      <trkpt lat="48.310018" lon="8.122347" />
      <trkpt lat="48.310679" lon="8.121394" />
      <trkpt lat="48.311216" lon="8.120369" />
      <trkpt lat="48.311292" lon="8.11999" />
      <trkpt lat="48.311606" lon="8.119752" />
      <trkpt lat="48.312522" lon="8.119225" />
      <trkpt lat="48.313036" lon="8.119039" />
      <trkpt lat="48.313451" lon="8.11893" />
      <trkpt lat="48.313751" lon="8.118734" />
      <trkpt lat="48.314274" lon="8.118218" />
      <trkpt lat="48.314601" lon="8.117631" />
      <trkpt lat="48.315025" lon="8.117073" />
      <trkpt lat="48.315489" lon="8.116673" />
      <trkpt lat="48.315858" lon="8.116512" />
      <trkpt lat="48.315958" lon="8.116321" />
      <trkpt lat="48.316015" lon="8.116075" />
      <trkpt lat="48.317065" lon="8.114302" />
      <trkpt lat="48.317355" lon="8.113921" />
      <trkpt lat="48.317579" lon="8.113779" />
      <trkpt lat="48.318189" lon="8.113748" />
      <trkpt lat="48.318802" lon="8.113586" />
      <trkpt lat="48.318949" lon="8.113499" />
      <trkpt lat="48.31951" lon="8.112994" />
      <trkpt lat="48.319629" lon="8.112928" />
      <trkpt lat="48.319739" lon="8.112928" />
      <trkpt lat="48.319872" lon="8.113005" />
      <trkpt lat="48.320315" lon="8.113377" />
      <trkpt lat="48.320813" lon="8.113745" />
      <trkpt lat="48.320979" lon="8.11376" />
      <trkpt lat="48.321173" lon="8.113753" />
      <trkpt lat="48.321425" lon="8.113752" />
      <trkpt lat="48.321597" lon="8.113787" />
      <trkpt lat="48.322528" lon="8.114137" />
      <trkpt lat="48.322969" lon="8.114303" />
      <trkpt lat="48.323117" lon="8.11429" />
      <trkpt lat="48.323531" lon="8.114132" />
      <trkpt lat="48.324295" lon="8.113859" />
      <trkpt lat="48.324509" lon="8.113852" />
      <trkpt lat="48.324681" lon="8.113924" />
      <trkpt lat="48.325882" lon="8.114917" />
      <trkpt lat="48.326339" lon="8.11554" />
      <trkpt lat="48.326616" lon="8.115842" />
      <trkpt lat="48.327099" lon="8.116264" />
      <trkpt lat="48.327146" lon="8.116392" />
      <trkpt lat="48.327133" lon="8.116483" />
      <trkpt lat="48.327095" lon="8.116553" />
      <trkpt lat="48.326989" lon="8.116607" />
      <trkpt lat="48.326974" lon="8.116649" />
      <trkpt lat="48.326765" lon="8.116804" />
      <trkpt lat="48.326694" lon="8.116903" />
      <trkpt lat="48.326655" lon="8.117055" />
      <trkpt lat="48.326637" lon="8.117321" />
      <trkpt lat="48.326591" lon="8.117442" />
      <trkpt lat="48.326549" lon="8.117484" />
      <trkpt lat="48.326304" lon="8.117429" />
      <trkpt lat="48.326192" lon="8.11745" />
      <trkpt lat="48.326029" lon="8.117616" />
      <trkpt lat="48.325904" lon="8.117882" />
      <trkpt lat="48.325767" lon="8.118513" />
      <trkpt lat="48.325673" lon="8.118782" />
      <trkpt lat="48.325473" lon="8.11898" />
      <trkpt lat="48.325164" lon="8.119146" />
      <trkpt lat="48.325073" lon="8.1192" />
      <trkpt lat="48.325053" lon="8.119314" />
      <trkpt lat="48.325097" lon="8.119377" />
      <trkpt lat="48.325721" lon="8.119357" />
      <trkpt lat="48.325902" lon="8.119194" />
      <trkpt lat="48.326205" lon="8.11918" />
      <trkpt lat="48.326641" lon="8.121162" />
      <trkpt lat="48.326861" lon="8.121332" />
      <trkpt lat="48.327092" lon="8.121113" />
      <trkpt lat="48.327284" lon="8.12082" />
      <trkpt lat="48.327696" lon="8.120202" />
      <trkpt lat="48.32807" lon="8.12003" />
      <trkpt lat="48.328503" lon="8.11969" />
      <trkpt lat="48.328847" lon="8.119752" />
      <trkpt lat="48.329357" lon="8.11992" />
      <trkpt lat="48.3296" lon="8.11998" />
      <trkpt lat="48.32979" lon="8.119915" />
      <trkpt lat="48.330301" lon="8.119138" />
      <trkpt lat="48.330436" lon="8.119082" />
      <trkpt lat="48.330957" lon="8.119124" />
      <trkpt lat="48.331443" lon="8.118641" />
      <trkpt lat="48.331616" lon="8.118503" />
      <trkpt lat="48.332131" lon="8.118291" />
      <trkpt lat="48.332834" lon="8.117796" />
      <trkpt lat="48.332906" lon="8.117917" />
      <trkpt lat="48.333012" lon="8.118456" />
      <trkpt lat="48.333184" lon="8.119008" />
      <trkpt lat="48.333502" lon="8.120878" />
      <trkpt lat="48.334027" lon="8.121878" />
      <trkpt lat="48.334237" lon="8.122125" />
      <trkpt lat="48.334409" lon="8.122597" />
      <trkpt lat="48.334511" lon="8.122775" />
      <trkpt lat="48.334849" lon="8.122976" />
      <trkpt lat="48.335037" lon="8.122977" />
      <trkpt lat="48.335394" lon="8.123133" />
      <trkpt lat="48.336069" lon="8.123218" />
      <trkpt lat="48.33672" lon="8.123199" />
      <trkpt lat="48.337073" lon="8.123066" />
      <trkpt lat="48.337357" lon="8.123025" />
      <trkpt lat="48.337867" lon="8.123033" />
      <trkpt lat="48.338369" lon="8.123102" />
      <trkpt lat="48.338548" lon="8.123072" />
      <trkpt lat="48.338669" lon="8.123015" />
      <trkpt lat="48.33906" lon="8.12296" />
      <trkpt lat="48.339209" lon="8.12317" />
      <trkpt lat="48.339564" lon="8.124057" />
      <trkpt lat="48.339684" lon="8.124295" />
      <trkpt lat="48.340091" lon="8.124843" />
      <trkpt lat="48.340194" lon="8.12495" />
      <trkpt lat="48.340367" lon="8.12535" />
      <trkpt lat="48.34048" lon="8.125824" />
      <trkpt lat="48.34064" lon="8.126974" />
      <trkpt lat="48.340663" lon="8.127145" />
      <trkpt lat="48.340679" lon="8.127763" />
      <trkpt lat="48.340642" lon="8.128009" />
      <trkpt lat="48.340371" lon="8.128558" />
      <trkpt lat="48.340317" lon="8.128833" />
      <trkpt lat="48.340322" lon="8.128967" />
      <trkpt lat="48.340394" lon="8.129117" />
      <trkpt lat="48.340498" lon="8.129187" />
      <trkpt lat="48.340857" lon="8.129289" />
      <trkpt lat="48.341331" lon="8.129251" />
      <trkpt lat="48.341511" lon="8.129138" />
      <trkpt lat="48.341744" lon="8.128881" />
      <trkpt lat="48.342652" lon="8.127476" />
      <trkpt lat="48.342808" lon="8.127137" />
      <trkpt lat="48.34294" lon="8.126772" />
      <trkpt lat="48.342998" lon="8.126483" />
      <trkpt lat="48.343094" lon="8.126171" />
      <trkpt lat="48.343153" lon="8.125885" />
      <trkpt lat="48.343265" lon="8.125567" />
      <trkpt lat="48.343363" lon="8.125416" />
      <trkpt lat="48.343636" lon="8.125277" />
      <trkpt lat="48.343743" lon="8.125279" />
      <trkpt lat="48.34387" lon="8.125398" />
      <trkpt lat="48.344078" lon="8.125818" />
      <trkpt lat="48.344152" lon="8.126054" />
      <trkpt lat="48.344393" lon="8.127319" />
      <trkpt lat="48.344596" lon="8.128239" />
      <trkpt lat="48.344847" lon="8.129944" />
      <trkpt lat="48.344886" lon="8.130379" />
      <trkpt lat="48.344932" lon="8.130493" />
      <trkpt lat="48.34503" lon="8.130585" />
      <trkpt lat="48.344971" lon="8.130822" />
      <trkpt lat="48.344386" lon="8.132261" />
      <trkpt lat="48.344429" lon="8.13257" />
      <trkpt lat="48.344552" lon="8.133153" />
      <trkpt lat="48.344556" lon="8.13399" />
      <trkpt lat="48.344467" lon="8.134848" />
      <trkpt lat="48.344364" lon="8.135297" />
      <trkpt lat="48.344191" lon="8.13582" />
      <trkpt lat="48.343673" lon="8.136739" />
      <trkpt lat="48.343578" lon="8.136847" />
      <trkpt lat="48.343458" lon="8.13689" />
      <trkpt lat="48.342869" lon="8.136898" />
      <trkpt lat="48.342523" lon="8.137015" />
      <trkpt lat="48.342186" lon="8.137236" />
      <trkpt lat="48.342059" lon="8.137435" />
      <trkpt lat="48.342063" lon="8.137571" />
      <trkpt lat="48.342103" lon="8.137665" />
      <trkpt lat="48.342266" lon="8.137711" />
      <trkpt lat="48.342607" lon="8.137945" />
      <trkpt lat="48.342737" lon="8.138135" />
      <trkpt lat="48.34284" lon="8.138395" />
      <trkpt lat="48.343214" lon="8.139794" />
      <trkpt lat="48.343274" lon="8.140196" />
      <trkpt lat="48.343277" lon="8.140362" />
      <trkpt lat="48.343255" lon="8.140506" />
      <trkpt lat="48.343131" lon="8.141018" />
      <trkpt lat="48.343116" lon="8.141271" />
      <trkpt lat="48.343132" lon="8.141378" />
      <trkpt lat="48.343223" lon="8.141552" />
      <trkpt lat="48.34359" lon="8.142011" />
      <trkpt lat="48.343725" lon="8.14225" />
      <trkpt lat="48.343934" lon="8.142388" />
      <trkpt lat="48.344099" lon="8.142424" />
      <trkpt lat="48.344602" lon="8.142424" />
      <trkpt lat="48.344816" lon="8.142456" />
      <trkpt lat="48.34525" lon="8.142673" />
      <trkpt lat="48.345429" lon="8.142866" />
      <trkpt lat="48.345586" lon="8.14316" />
      <trkpt lat="48.345618" lon="8.143369" />
      <trkpt lat="48.34561" lon="8.1435" />
      <trkpt lat="48.345675" lon="8.144055" />
      <trkpt lat="48.34574" lon="8.144287" />
      <trkpt lat="48.3458" lon="8.144795" />
      <trkpt lat="48.345192" lon="8.145492" />
      <trkpt lat="48.344929" lon="8.145913" />
      <trkpt lat="48.34485" lon="8.14665" />
      <trkpt lat="48.344674" lon="8.14697" />
      <trkpt lat="48.344449" lon="8.147125" />
      <trkpt lat="48.344103" lon="8.147091" />
      <trkpt lat="48.343794" lon="8.147121" />
      <trkpt lat="48.343033" lon="8.14721" />
      <trkpt lat="48.342844" lon="8.147333" />
      <trkpt lat="48.342662" lon="8.147524" />
      <trkpt lat="48.342346" lon="8.148064" />
      <trkpt lat="48.342261" lon="8.148475" />
      <trkpt lat="48.342289" lon="8.148865" />
      <trkpt lat="48.34241" lon="8.149678" />
      <trkpt lat="48.342494" lon="8.150029" />
      <trkpt lat="48.342624" lon="8.151146" />
      <trkpt lat="48.343105" lon="8.152568" />
      <trkpt lat="48.343174" lon="8.152886" />
      <trkpt lat="48.343264" lon="8.153123" />
      <trkpt lat="48.34385" lon="8.153941" />
      <trkpt lat="48.344225" lon="8.154311" />
      <trkpt lat="48.345865" lon="8.156232" />
      <trkpt lat="48.346545" lon="8.15749" />
      <trkpt lat="48.346807" lon="8.157817" />
      <trkpt lat="48.347645" lon="8.158608" />
      <trkpt lat="48.348507" lon="8.158812" />
      <trkpt lat="48.348583" lon="8.158948" />
      <trkpt lat="48.348635" lon="8.15911" />
      <trkpt lat="48.348662" lon="8.159531" />
      <trkpt lat="48.348847" lon="8.160075" />
      <trkpt lat="48.349056" lon="8.160519" />
      <trkpt lat="48.349158" lon="8.160727" />
      <trkpt lat="48.349209" lon="8.161177" />
      <trkpt lat="48.349205" lon="8.16122" />
      <trkpt lat="48.349197" lon="8.161366" />
      <trkpt lat="48.349169" lon="8.161524" />
      <trkpt lat="48.349045" lon="8.161712" />
      <trkpt lat="48.348856" lon="8.161864" />
      <trkpt lat="48.348262" lon="8.162159" />
      <trkpt lat="48.348065" lon="8.162357" />
      <trkpt lat="48.348015" lon="8.162445" />
      <trkpt lat="48.347813" lon="8.163161" />
      <trkpt lat="48.347738" lon="8.163798" />
      <trkpt lat="48.347775" lon="8.164122" />
      <trkpt lat="48.348323" lon="8.164909" />
      <trkpt lat="48.348523" lon="8.165317" />
      <trkpt lat="48.348678" lon="8.16581" />
      <trkpt lat="48.348819" lon="8.166156" />
      <trkpt lat="48.349" lon="8.166429" />
      <trkpt lat="48.349185" lon="8.166579" />
      <trkpt lat="48.349358" lon="8.166642" />
      <trkpt lat="48.351289" lon="8.166405" />
      <trkpt lat="48.352222" lon="8.166391" />
      <trkpt lat="48.352969" lon="8.166423" />
      <trkpt lat="48.353497" lon="8.166601" />
      <trkpt lat="48.353845" lon="8.166837" />
      <trkpt lat="48.354194" lon="8.167179" />
      <trkpt lat="48.35473" lon="8.167907" />
      <trkpt lat="48.354957" lon="8.168415" />
      <trkpt lat="48.355071" lon="8.168843" />
      <trkpt lat="48.355145" lon="8.16937" />
      <trkpt lat="48.355183" lon="8.169839" />
      <trkpt lat="48.355163" lon="8.170204" />
      <trkpt lat="48.355" lon="8.170928" />
      <trkpt lat="48.354981" lon="8.171309" />
      <trkpt lat="48.354939" lon="8.172027" />
      <trkpt lat="48.354956" lon="8.17238" />
      <trkpt lat="48.355047" lon="8.173065" />
      <trkpt lat="48.355927" lon="8.173414" />
      <trkpt lat="48.356302" lon="8.173513" />
      <trkpt lat="48.356633" lon="8.173558" />
      <trkpt lat="48.357062" lon="8.173564" />
      <trkpt lat="48.357307" lon="8.17355" />
      <trkpt lat="48.35757" lon="8.173544" />
      <trkpt lat="48.358346" lon="8.17421" />
      <trkpt lat="48.359533" lon="8.176203" />
      <trkpt lat="48.359863" lon="8.177421" />
      <trkpt lat="48.360154" lon="8.178219" />
      <trkpt lat="48.360211" lon="8.178562" />
      <trkpt lat="48.360199" lon="8.178991" />
      <trkpt lat="48.360169" lon="8.179237" />
      <trkpt lat="48.360012" lon="8.1802" />
      <trkpt lat="48.359879" lon="8.180694" />
      <trkpt lat="48.359659" lon="8.180995" />
      <trkpt lat="48.359494" lon="8.181055" />
      <trkpt lat="48.359096" lon="8.1809" />
      <trkpt lat="48.358728" lon="8.180659" />
      <trkpt lat="48.358528" lon="8.18052" />
      <trkpt lat="48.358256" lon="8.180206" />
      <trkpt lat="48.35811" lon="8.180127" />
      <trkpt lat="48.35794" lon="8.180172" />
      <trkpt lat="48.357807" lon="8.180328" />
      <trkpt lat="48.357693" lon="8.180583" />
      <trkpt lat="48.357299" lon="8.181731" />
      <trkpt lat="48.357227" lon="8.182088" />
      <trkpt lat="48.357135" lon="8.183846" />
      <trkpt lat="48.357169" lon="8.184131" />
      <trkpt lat="48.357234" lon="8.184275" />
      <trkpt lat="48.357375" lon="8.184323" />
      <trkpt lat="48.357821" lon="8.184107" />
      <trkpt lat="48.358209" lon="8.184121" />
      <trkpt lat="48.358377" lon="8.184042" />
      <trkpt lat="48.35853" lon="8.183833" />
      <trkpt lat="48.358727" lon="8.183847" />
      <trkpt lat="48.35912" lon="8.184049" />
      <trkpt lat="48.359547" lon="8.184375" />
      <trkpt lat="48.359762" lon="8.184374" />
      <trkpt lat="48.360045" lon="8.18423" />
      <trkpt lat="48.360242" lon="8.184316" />
      <trkpt lat="48.360476" lon="8.184468" />
      <trkpt lat="48.360572" lon="8.184713" />
      <trkpt lat="48.360247" lon="8.185662" />
      <trkpt lat="48.360208" lon="8.185903" />
      <trkpt lat="48.360001" lon="8.186167" />
      <trkpt lat="48.359871" lon="8.186544" />
      <trkpt lat="48.359809" lon="8.186944" />
      <trkpt lat="48.359802" lon="8.1872" />
      <trkpt lat="48.359694" lon="8.187793" />
      <trkpt lat="48.359657" lon="8.188283" />
      <trkpt lat="48.359666" lon="8.188854" />
      <trkpt lat="48.359743" lon="8.18951" />
      <trkpt lat="48.359573" lon="8.190785" />
      <trkpt lat="48.359513" lon="8.191487" />
      <trkpt lat="48.35959" lon="8.19179" />
      <trkpt lat="48.359743" lon="8.192042" />
      <trkpt lat="48.359839" lon="8.19249" />
      <trkpt lat="48.359811" lon="8.192773" />
      <trkpt lat="48.359685" lon="8.192915" />
      <trkpt lat="48.359544" lon="8.192861" />
      <trkpt lat="48.359402" lon="8.192663" />
      <trkpt lat="48.35917" lon="8.192275" />
      <trkpt lat="48.358849" lon="8.191538" />
      <trkpt lat="48.358753" lon="8.191243" />
      <trkpt lat="48.358683" lon="8.190919" />
      <trkpt lat="48.358661" lon="8.190563" />
      <trkpt lat="48.358547" lon="8.189611" />
      <trkpt lat="48.358477" lon="8.189493" />
      <trkpt lat="48.358413" lon="8.189438" />
      <trkpt lat="48.358303" lon="8.189446" />
      <trkpt lat="48.358215" lon="8.189546" />
      <trkpt lat="48.358168" lon="8.189697" />
      <trkpt lat="48.358199" lon="8.189945" />
      <trkpt lat="48.358098" lon="8.190776" />
      <trkpt lat="48.358164" lon="8.19156" />
      <trkpt lat="48.358156" lon="8.192123" />
      <trkpt lat="48.358287" lon="8.192527" />
      <trkpt lat="48.358592" lon="8.193704" />
      <trkpt lat="48.358576" lon="8.194776" />
      <trkpt lat="48.358603" lon="8.195211" />
      <trkpt lat="48.358728" lon="8.196353" />
      <trkpt lat="48.358725" lon="8.196517" />
      <trkpt lat="48.358687" lon="8.196679" />
      <trkpt lat="48.358381" lon="8.197258" />
      <trkpt lat="48.358159" lon="8.198091" />
      <trkpt lat="48.357887" lon="8.198821" />
      <trkpt lat="48.357855" lon="8.199224" />
      <trkpt lat="48.357797" lon="8.20005" />
      <trkpt lat="48.357812" lon="8.20032" />
      <trkpt lat="48.357779" lon="8.200596" />
      <trkpt lat="48.357572" lon="8.201218" />
      <trkpt lat="48.357162" lon="8.201939" />
      <trkpt lat="48.357087" lon="8.202023" />
      <trkpt lat="48.356745" lon="8.202584" />
      <trkpt lat="48.356321" lon="8.203296" />
      <trkpt lat="48.356067" lon="8.203783" />
      <trkpt lat="48.355894" lon="8.204421" />
      <trkpt lat="48.355734" lon="8.205627" />
      <trkpt lat="48.355428" lon="8.206271" />
      <trkpt lat="48.355166" lon="8.206697" />
      <trkpt lat="48.354994" lon="8.206925" />
      <trkpt lat="48.354606" lon="8.207334" />
      <trkpt lat="48.354435" lon="8.208072" />
      <trkpt lat="48.35418" lon="8.209143" />
      <trkpt lat="48.353894" lon="8.210112" />
      <trkpt lat="48.353682" lon="8.211866" />
      <trkpt lat="48.353573" lon="8.212185" />
      <trkpt lat="48.353201" lon="8.212625" />
      <trkpt lat="48.353048" lon="8.212916" />
      <trkpt lat="48.35299" lon="8.213022" />
      <trkpt lat="48.352807" lon="8.213387" />
      <trkpt lat="48.351977" lon="8.215243" />
      <trkpt lat="48.351494" lon="8.21676" />
      <trkpt lat="48.351475" lon="8.216899" />
      <trkpt lat="48.351555" lon="8.217348" />
      <trkpt lat="48.351559" lon="8.217525" />
      <trkpt lat="48.35153" lon="8.218593" />
      <trkpt lat="48.351338" lon="8.219269" />
      <trkpt lat="48.351354" lon="8.219363" />
      <trkpt lat="48.351388" lon="8.219474" />
      <trkpt lat="48.351386" lon="8.219535" />
      <trkpt lat="48.35137" lon="8.219606" />
      <trkpt lat="48.35101" lon="8.220079" />
      <trkpt lat="48.350834" lon="8.22019" />
      <trkpt lat="48.350637" lon="8.220206" />
      <trkpt lat="48.350458" lon="8.220285" />
      <trkpt lat="48.3503" lon="8.220433" />
      <trkpt lat="48.349927" lon="8.220904" />
      <trkpt lat="48.34907" lon="8.22171" />
      <trkpt lat="48.348934" lon="8.221839" />
      <trkpt lat="48.348687" lon="8.221963" />
      <trkpt lat="48.348445" lon="8.221952" />
      <trkpt lat="48.348044" lon="8.221824" />
      <trkpt lat="48.347888" lon="8.221906" />
      <trkpt lat="48.347624" lon="8.222114" />
      <trkpt lat="48.347529" lon="8.222228" />
      <trkpt lat="48.34728" lon="8.222525" />
      <trkpt lat="48.347106" lon="8.222792" />
      <trkpt lat="48.346867" lon="8.223307" />
      <trkpt lat="48.346737" lon="8.223453" />
      <trkpt lat="48.346601" lon="8.223555" />
      <trkpt lat="48.346215" lon="8.223622" />
      <trkpt lat="48.345997" lon="8.223704" />
      <trkpt lat="48.345784" lon="8.223864" />
      <trkpt lat="48.345261" lon="8.22439" />
      <trkpt lat="48.345113" lon="8.224567" />
      <trkpt lat="48.344701" lon="8.22518" />
      <trkpt lat="48.344639" lon="8.225273" />
      <trkpt lat="48.344487" lon="8.225399" />
      <trkpt lat="48.344344" lon="8.225444" />
      <trkpt lat="48.344364" lon="8.225731" />
      <trkpt lat="48.344245" lon="8.226399" />
      <trkpt lat="48.34413" lon="8.226972" />
      <trkpt lat="48.344101" lon="8.227616" />
      <trkpt lat="48.344118" lon="8.227952" />
      <trkpt lat="48.344167" lon="8.228274" />
      <trkpt lat="48.344235" lon="8.228624" />
      <trkpt lat="48.344334" lon="8.228943" />
      <trkpt lat="48.344568" lon="8.2294" />
      <trkpt lat="48.344706" lon="8.229584" />
      <trkpt lat="48.345053" lon="8.229892" />
      <trkpt lat="48.345244" lon="8.230059" />
      <trkpt lat="48.346064" lon="8.230804" />
      <trkpt lat="48.346132" lon="8.230968" />
      <trkpt lat="48.346176" lon="8.231786" />
      <trkpt lat="48.346237" lon="8.232017" />
      <trkpt lat="48.346332" lon="8.232226" />
      <trkpt lat="48.346587" lon="8.23264" />
      <trkpt lat="48.34717" lon="8.233237" />
      <trkpt lat="48.347849" lon="8.234212" />
      <trkpt lat="48.348327" lon="8.23481" />
      <trkpt lat="48.34852" lon="8.235121" />
      <trkpt lat="48.348714" lon="8.235694" />
      <trkpt lat="48.348813" lon="8.236368" />
      <trkpt lat="48.348883" lon="8.236635" />
      <trkpt lat="48.34902" lon="8.236975" />
      <trkpt lat="48.349505" lon="8.237675" />
      <trkpt lat="48.349964" lon="8.238523" />
      <trkpt lat="48.350195" lon="8.238859" />
      <trkpt lat="48.350574" lon="8.239124" />
      <trkpt lat="48.350838" lon="8.239285" />
      <trkpt lat="48.351133" lon="8.239527" />
      <trkpt lat="48.352404" lon="8.241228" />
      <trkpt lat="48.352553" lon="8.241426" />
      <trkpt lat="48.35279" lon="8.24169" />
      <trkpt lat="48.352928" lon="8.241826" />
      <trkpt lat="48.35316" lon="8.24213" />
      <trkpt lat="48.353262" lon="8.242365" />
      <trkpt lat="48.35337" lon="8.242857" />
      <trkpt lat="48.353424" lon="8.243453" />
      <trkpt lat="48.353506" lon="8.243963" />
      <trkpt lat="48.35364" lon="8.244384" />
      <trkpt lat="48.354005" lon="8.245165" />
      <trkpt lat="48.354071" lon="8.245403" />
      <trkpt lat="48.354105" lon="8.245641" />
      <trkpt lat="48.354122" lon="8.246162" />
      <trkpt lat="48.35409" lon="8.246514" />
      <trkpt lat="48.353908" lon="8.247635" />
      <trkpt lat="48.353853" lon="8.247929" />
      <trkpt lat="48.353825" lon="8.248088" />
      <trkpt lat="48.353709" lon="8.24875" />
      <trkpt lat="48.353548" lon="8.249761" />
      <trkpt lat="48.35353" lon="8.250058" />
      <trkpt lat="48.353548" lon="8.2505" />
      <trkpt lat="48.353597" lon="8.250902" />
      <trkpt lat="48.353941" lon="8.252961" />
      <trkpt lat="48.354002" lon="8.253279" />
      <trkpt lat="48.354151" lon="8.253782" />
      <trkpt lat="48.354604" lon="8.254605" />
      <trkpt lat="48.355421" lon="8.255911" />
      <trkpt lat="48.355771" lon="8.256529" />
      <trkpt lat="48.355973" lon="8.257062" />
      <trkpt lat="48.356308" lon="8.258168" />
      <trkpt lat="48.356503" lon="8.258755" />
      <trkpt lat="48.356572" lon="8.258938" />
      <trkpt lat="48.356716" lon="8.259167" />
      <trkpt lat="48.357384" lon="8.25997" />
      <trkpt lat="48.357556" lon="8.260293" />
      <trkpt lat="48.35769" lon="8.260652" />
      <trkpt lat="48.357779" lon="8.261017" />
      <trkpt lat="48.357842" lon="8.261557" />
      <trkpt lat="48.357853" lon="8.262432" />
      <trkpt lat="48.357836" lon="8.26274" />
      <trkpt lat="48.357746" lon="8.263976" />
      <trkpt lat="48.357788" lon="8.26455" />
      <trkpt lat="48.357883" lon="8.264935" />
      <trkpt lat="48.358055" lon="8.265293" />
      <trkpt lat="48.358176" lon="8.265451" />
      <trkpt lat="48.358807" lon="8.266012" />
      <trkpt lat="48.359046" lon="8.266348" />
      <trkpt lat="48.35911" lon="8.266475" />
      <trkpt lat="48.359129" lon="8.266521" />
      <trkpt lat="48.359329" lon="8.266973" />
      <trkpt lat="48.359991" lon="8.268629" />
      <trkpt lat="48.360007" lon="8.268666" />
      <trkpt lat="48.360104" lon="8.268884" />
      <trkpt lat="48.36015" lon="8.26899" />
      <trkpt lat="48.360674" lon="8.270288" />
      <trkpt lat="48.360807" lon="8.270585" />
      <trkpt lat="48.361013" lon="8.270946" />
      <trkpt lat="48.362389" lon="8.272697" />
      <trkpt lat="48.362478" lon="8.272814" />
      <trkpt lat="48.362694" lon="8.273102" />
      <trkpt lat="48.363167" lon="8.273867" />
      <trkpt lat="48.363274" lon="8.273985" />
      <trkpt lat="48.363542" lon="8.274147" />
      <trkpt lat="48.363652" lon="8.274253" />
      <trkpt lat="48.363833" lon="8.274506" />
      <trkpt lat="48.36398" lon="8.274771" />
      <trkpt lat="48.364419" lon="8.275657" />
      <trkpt lat="48.364762" lon="8.276092" />
      <trkpt lat="48.365088" lon="8.276425" />
      <trkpt lat="48.365586" lon="8.276927" />
      <trkpt lat="48.366563" lon="8.277901" />
      <trkpt lat="48.366895" lon="8.278336" />
      <trkpt lat="48.367185" lon="8.278978" />
      <trkpt lat="48.367332" lon="8.27943" />
      <trkpt lat="48.36749" lon="8.279821" />
      <trkpt lat="48.367656" lon="8.280163" />
      <trkpt lat="48.367876" lon="8.280449" />
      <trkpt lat="48.368052" lon="8.280622" />
      <trkpt lat="48.368438" lon="8.280867" />
      <trkpt lat="48.368708" lon="8.280931" />
      <trkpt lat="48.368872" lon="8.280924" />
      <trkpt lat="48.36913" lon="8.280781" />
      <trkpt lat="48.369498" lon="8.280398" />
      <trkpt lat="48.369635" lon="8.280312" />
      <trkpt lat="48.369886" lon="8.280237" />
      <trkpt lat="48.370133" lon="8.280241" />
      <trkpt lat="48.370394" lon="8.280317" />
      <trkpt lat="48.370738" lon="8.280588" />
      <trkpt lat="48.370992" lon="8.280949" />
      <trkpt lat="48.371161" lon="8.281391" />
      <trkpt lat="48.371342" lon="8.281923" />
      <trkpt lat="48.371585" lon="8.282536" />
      <trkpt lat="48.371807" lon="8.28287" />
      <trkpt lat="48.371948" lon="8.283006" />
      <trkpt lat="48.372001" lon="8.283044" />
      <trkpt lat="48.37217" lon="8.283124" />
      <trkpt lat="48.37232" lon="8.283182" />
      <trkpt lat="48.372633" lon="8.283205" />
      <trkpt lat="48.372776" lon="8.283187" />
      <trkpt lat="48.373058" lon="8.283087" />
      <trkpt lat="48.372888" lon="8.281983" />
      <trkpt lat="48.372888" lon="8.281693" />
      <trkpt lat="48.372927" lon="8.281188" />
      <trkpt lat="48.373077" lon="8.279814" />
      <trkpt lat="48.373142" lon="8.279286" />
      <trkpt lat="48.373181" lon="8.279177" />
      <trkpt lat="48.373234" lon="8.279073" />
      <trkpt lat="48.373596" lon="8.278622" />
      <trkpt lat="48.374102" lon="8.277414" />
      <trkpt lat="48.374273" lon="8.277115" />
      <trkpt lat="48.374953" lon="8.276642" />
      <trkpt lat="48.375205" lon="8.276377" />
      <trkpt lat="48.376371" lon="8.27413" />
      <trkpt lat="48.376636" lon="8.273517" />
      <trkpt lat="48.376816" lon="8.273262" />
      <trkpt lat="48.377018" lon="8.273104" />
      <trkpt lat="48.377191" lon="8.273101" />
      <trkpt lat="48.377544" lon="8.273275" />
      <trkpt lat="48.377723" lon="8.273427" />
      <trkpt lat="48.378101" lon="8.274231" />
      <trkpt lat="48.37818" lon="8.274323" />
      <trkpt lat="48.378265" lon="8.274368" />
      <trkpt lat="48.378344" lon="8.274365" />
      <trkpt lat="48.37843" lon="8.274312" />
      <trkpt lat="48.378607" lon="8.274101" />
      <trkpt lat="48.378862" lon="8.273705" />
      <trkpt lat="48.379474" lon="8.272864" />
      <trkpt lat="48.379862" lon="8.272223" />
      <trkpt lat="48.380132" lon="8.271857" />
      <trkpt lat="48.380301" lon="8.271721" />
      <trkpt lat="48.380529" lon="8.271702" />
      <trkpt lat="48.380811" lon="8.271797" />
      <trkpt lat="48.380997" lon="8.27179" />
      <trkpt lat="48.38113" lon="8.271659" />
      <trkpt lat="48.381314" lon="8.27129" />
      <trkpt lat="48.381548" lon="8.271061" />
      <trkpt lat="48.381631" lon="8.271012" />
      <trkpt lat="48.381882" lon="8.271008" />
      <trkpt lat="48.382134" lon="8.271107" />
      <trkpt lat="48.382731" lon="8.27163" />
      <trkpt lat="48.382869" lon="8.271685" />
      <trkpt lat="48.38303" lon="8.271682" />
      <trkpt lat="48.383456" lon="8.271522" />
      <trkpt lat="48.383519" lon="8.271499" />
      <trkpt lat="48.383646" lon="8.27142" />
      <trkpt lat="48.383702" lon="8.271368" />
      <trkpt lat="48.383921" lon="8.271142" />
      <trkpt lat="48.384017" lon="8.27108" />
      <trkpt lat="48.384183" lon="8.271077" />
      <trkpt lat="48.384615" lon="8.271475" />
      <trkpt lat="48.384781" lon="8.271504" />
      <trkpt lat="48.385095" lon="8.27142" />
      <trkpt lat="48.385208" lon="8.271385" />
      <trkpt lat="48.385363" lon="8.271278" />
      <trkpt lat="48.385424" lon="8.271182" />
      <trkpt lat="48.385541" lon="8.270873" />
      <trkpt lat="48.385572" lon="8.270768" />
      <trkpt lat="48.385738" lon="8.270306" />
      <trkpt lat="48.385864" lon="8.270103" />
      <trkpt lat="48.385966" lon="8.270011" />
      <trkpt lat="48.387056" lon="8.269342" />
      <trkpt lat="48.3872" lon="8.269297" />
      <trkpt lat="48.387278" lon="8.269306" />
      <trkpt lat="48.387645" lon="8.269481" />
      <trkpt lat="48.387969" lon="8.269594" />
      <trkpt lat="48.388119" lon="8.269745" />
      <trkpt lat="48.388331" lon="8.27011" />
      <trkpt lat="48.388472" lon="8.27027" />
      <trkpt lat="48.388947" lon="8.270445" />
      <trkpt lat="48.38939" lon="8.27076" />
      <trkpt lat="48.389677" lon="8.270798" />
      <trkpt lat="48.389924" lon="8.27083" />
      <trkpt lat="48.390307" lon="8.270947" />
      <trkpt lat="48.390812" lon="8.270964" />
      <trkpt lat="48.391211" lon="8.271038" />
      <trkpt lat="48.391599" lon="8.271195" />
      <trkpt lat="48.392566" lon="8.27146" />
      <trkpt lat="48.392737" lon="8.271466" />
      <trkpt lat="48.392868" lon="8.271432" />
      <trkpt lat="48.393072" lon="8.271275" />
      <trkpt lat="48.393128" lon="8.271157" />
      <trkpt lat="48.393205" lon="8.2706" />
      <trkpt lat="48.393306" lon="8.270392" />
      <trkpt lat="48.393481" lon="8.270256" />
      <trkpt lat="48.394114" lon="8.270096" />
      <trkpt lat="48.394215" lon="8.270028" />
      <trkpt lat="48.394332" lon="8.26989" />
      <trkpt lat="48.394371" lon="8.269718" />
      <trkpt lat="48.394376" lon="8.269468" />
      <trkpt lat="48.394346" lon="8.268917" />
      <trkpt lat="48.39436" lon="8.268722" />
      <trkpt lat="48.394481" lon="8.268237" />
      <trkpt lat="48.394662" lon="8.267912" />
      <trkpt lat="48.394867" lon="8.267743" />
      <trkpt lat="48.39522" lon="8.267534" />
      <trkpt lat="48.395344" lon="8.267393" />
      <trkpt lat="48.395445" lon="8.267204" />
      <trkpt lat="48.395518" lon="8.266932" />
      <trkpt lat="48.395546" lon="8.266651" />
      <trkpt lat="48.39558" lon="8.265707" />
      <trkpt lat="48.395615" lon="8.265312" />
      <trkpt lat="48.395662" lon="8.26503" />
      <trkpt lat="48.395821" lon="8.264389" />
      <trkpt lat="48.395865" lon="8.26418" />
      <trkpt lat="48.395895" lon="8.264074" />
      <trkpt lat="48.395926" lon="8.263991" />
      <trkpt lat="48.396004" lon="8.263902" />
      <trkpt lat="48.396184" lon="8.263757" />
      <trkpt lat="48.396622" lon="8.263482" />
      <trkpt lat="48.397173" lon="8.263281" />
      <trkpt lat="48.397374" lon="8.263038" />
      <trkpt lat="48.397656" lon="8.262373" />
      <trkpt lat="48.398248" lon="8.261449" />
      <trkpt lat="48.398658" lon="8.261115" />
      <trkpt lat="48.398989" lon="8.260769" />
      <trkpt lat="48.39965" lon="8.259992" />
      <trkpt lat="48.399959" lon="8.259681" />
      <trkpt lat="48.400184" lon="8.259597" />
      <trkpt lat="48.400892" lon="8.259628" />
      <trkpt lat="48.401073" lon="8.259609" />
      <trkpt lat="48.401835" lon="8.259227" />
      <trkpt lat="48.402902" lon="8.259006" />
      <trkpt lat="48.403591" lon="8.258689" />
      <trkpt lat="48.404011" lon="8.258648" />
      <trkpt lat="48.404288" lon="8.258563" />
      <trkpt lat="48.404411" lon="8.258531" />
      <trkpt lat="48.404438" lon="8.258523" />
      <trkpt lat="48.404645" lon="8.258532" />
      <trkpt lat="48.405396" lon="8.259096" />
      <trkpt lat="48.405705" lon="8.259227" />
      <trkpt lat="48.406334" lon="8.259344" />
      <trkpt lat="48.407233" lon="8.259645" />
      <trkpt lat="48.407377" lon="8.259615" />
      <trkpt lat="48.40745" lon="8.259448" />
      <trkpt lat="48.407443" lon="8.259366" />
      <trkpt lat="48.407408" lon="8.259299" />
      <trkpt lat="48.407346" lon="8.259253" />
      <trkpt lat="48.406909" lon="8.25922" />
      <trkpt lat="48.406466" lon="8.258859" />
      <trkpt lat="48.406124" lon="8.25884" />
      <trkpt lat="48.40603" lon="8.258799" />
      <trkpt lat="48.405607" lon="8.258319" />
      <trkpt lat="48.405235" lon="8.257972" />
      <trkpt lat="48.405174" lon="8.257879" />
      <trkpt lat="48.405152" lon="8.257765" />
      <trkpt lat="48.405185" lon="8.257537" />
      <trkpt lat="48.405352" lon="8.257164" />
      <trkpt lat="48.40552" lon="8.256571" />
      <trkpt lat="48.405619" lon="8.256006" />
      <trkpt lat="48.405732" lon="8.254555" />
      <trkpt lat="48.405789" lon="8.254431" />
      <trkpt lat="48.405842" lon="8.254368" />
      <trkpt lat="48.405997" lon="8.254319" />
      <trkpt lat="48.406139" lon="8.254352" />
      <trkpt lat="48.406526" lon="8.254557" />
      <trkpt lat="48.406688" lon="8.254578" />
      <trkpt lat="48.406808" lon="8.254453" />
      <trkpt lat="48.406892" lon="8.254185" />
      <trkpt lat="48.407269" lon="8.252692" />
      <trkpt lat="48.407355" lon="8.252493" />
      <trkpt lat="48.407554" lon="8.252163" />
      <trkpt lat="48.407793" lon="8.251931" />
      <trkpt lat="48.40787" lon="8.251821" />
      <trkpt lat="48.408161" lon="8.251086" />
      <trkpt lat="48.40839" lon="8.250865" />
      <trkpt lat="48.408583" lon="8.250782" />
      <trkpt lat="48.408783" lon="8.250648" />
      <trkpt lat="48.408881" lon="8.250513" />
      <trkpt lat="48.408913" lon="8.250255" />
      <trkpt lat="48.408815" lon="8.249665" />
      <trkpt lat="48.408833" lon="8.249456" />
      <trkpt lat="48.410139" lon="8.246839" />
      <trkpt lat="48.410399" lon="8.246426" />
      <trkpt lat="48.410694" lon="8.246068" />
      <trkpt lat="48.410994" lon="8.245812" />
      <trkpt lat="48.411179" lon="8.245714" />
      <trkpt lat="48.411372" lon="8.245658" />
      <trkpt lat="48.411564" lon="8.245647" />
      <trkpt lat="48.412493" lon="8.245727" />
      <trkpt lat="48.412822" lon="8.245635" />
      <trkpt lat="48.413001" lon="8.245543" />
      <trkpt lat="48.413118" lon="8.245403" />
      <trkpt lat="48.413215" lon="8.245251" />
      <trkpt lat="48.413297" lon="8.245001" />
      <trkpt lat="48.413516" lon="8.244817" />
      <trkpt lat="48.413638" lon="8.244746" />
      <trkpt lat="48.41378" lon="8.244716" />
      <trkpt lat="48.41401" lon="8.244743" />
      <trkpt lat="48.41458" lon="8.244974" />
      <trkpt lat="48.414758" lon="8.245109" />
      <trkpt lat="48.414859" lon="8.245255" />
      <trkpt lat="48.415001" lon="8.245894" />
      <trkpt lat="48.415062" lon="8.245985" />
      <trkpt lat="48.415175" lon="8.246012" />
      <trkpt lat="48.415282" lon="8.245944" />
      <trkpt lat="48.415328" lon="8.245762" />
      <trkpt lat="48.415284" lon="8.245595" />
      <trkpt lat="48.415053" lon="8.245242" />
      <trkpt lat="48.414752" lon="8.244622" />
      <trkpt lat="48.414469" lon="8.244155" />
      <trkpt lat="48.413556" lon="8.242755" />
      <trkpt lat="48.413287" lon="8.242041" />
      <trkpt lat="48.413262" lon="8.241601" />
      <trkpt lat="48.413342" lon="8.241171" />
      <trkpt lat="48.413472" lon="8.240896" />
      <trkpt lat="48.413613" lon="8.240736" />
      <trkpt lat="48.414148" lon="8.240364" />
      <trkpt lat="48.41425" lon="8.240151" />
      <trkpt lat="48.414275" lon="8.239911" />
      <trkpt lat="48.414193" lon="8.239511" />
      <trkpt lat="48.414051" lon="8.239294" />
      <trkpt lat="48.413732" lon="8.238976" />
      <trkpt lat="48.413669" lon="8.238809" />
      <trkpt lat="48.413666" lon="8.23854" />
      <trkpt lat="48.413702" lon="8.238402" />
      <trkpt lat="48.414056" lon="8.23781" />
      <trkpt lat="48.414158" lon="8.236908" />
      <trkpt lat="48.414302" lon="8.236415" />
      <trkpt lat="48.414579" lon="8.236129" />
      <trkpt lat="48.415238" lon="8.235818" />
      <trkpt lat="48.415338" lon="8.235729" />
      <trkpt lat="48.415473" lon="8.235455" />
      <trkpt lat="48.415497" lon="8.235074" />
      <trkpt lat="48.41527" lon="8.234336" />
      <trkpt lat="48.415254" lon="8.234109" />
      <trkpt lat="48.415292" lon="8.234025" />
      <trkpt lat="48.415431" lon="8.233982" />
      <trkpt lat="48.415541" lon="8.234108" />
      <trkpt lat="48.415735" lon="8.235276" />
      <trkpt lat="48.415748" lon="8.235673" />
      <trkpt lat="48.415555" lon="8.236181" />
      <trkpt lat="48.414982" lon="8.23675" />
      <trkpt lat="48.414943" lon="8.237128" />
      <trkpt lat="48.415157" lon="8.237709" />
      <trkpt lat="48.415736" lon="8.238218" />
      <trkpt lat="48.415868" lon="8.238781" />
      <trkpt lat="48.415931" lon="8.239417" />
      <trkpt lat="48.415804" lon="8.240286" />
      <trkpt lat="48.415844" lon="8.240485" />
      <trkpt lat="48.415994" lon="8.240564" />
      <trkpt lat="48.416322" lon="8.2405" />
      <trkpt lat="48.416535" lon="8.240596" />
      <trkpt lat="48.417163" lon="8.241103" />
      <trkpt lat="48.417378" lon="8.241376" />
      <trkpt lat="48.417559" lon="8.241761" />
      <trkpt lat="48.417708" lon="8.241809" />
      <trkpt lat="48.417767" lon="8.241787" />
      <trkpt lat="48.417813" lon="8.241727" />
      <trkpt lat="48.417826" lon="8.241612" />
      <trkpt lat="48.417808" lon="8.241497" />
      <trkpt lat="48.41701" lon="8.240315" />
      <trkpt lat="48.41684" lon="8.239878" />
      <trkpt lat="48.416777" lon="8.2394" />
      <trkpt lat="48.416755" lon="8.238814" />
      <trkpt lat="48.416775" lon="8.238577" />
      <trkpt lat="48.416801" lon="8.238415" />
      <trkpt lat="48.417066" lon="8.237652" />
      <trkpt lat="48.417341" lon="8.236904" />
      <trkpt lat="48.417436" lon="8.236562" />
      <trkpt lat="48.417547" lon="8.235756" />
      <trkpt lat="48.417589" lon="8.235604" />
      <trkpt lat="48.417724" lon="8.235424" />
      <trkpt lat="48.417935" lon="8.235309" />
      <trkpt lat="48.418056" lon="8.235177" />
      <trkpt lat="48.418134" lon="8.234979" />
      <trkpt lat="48.418287" lon="8.233787" />
      <trkpt lat="48.41827" lon="8.232751" />
      <trkpt lat="48.418292" lon="8.23255" />
      <trkpt lat="48.418426" lon="8.231975" />
      <trkpt lat="48.418557" lon="8.23165" />
      <trkpt lat="48.418819" lon="8.231229" />
      <trkpt lat="48.419493" lon="8.230278" />
      <trkpt lat="48.420308" lon="8.229327" />
      <trkpt lat="48.420728" lon="8.228613" />
      <trkpt lat="48.42084" lon="8.228238" />
      <trkpt lat="48.42086" lon="8.228075" />
      <trkpt lat="48.420847" lon="8.227895" />
      <trkpt lat="48.42076" lon="8.227566" />
      <trkpt lat="48.420469" lon="8.227056" />
      <trkpt lat="48.420224" lon="8.226584" />
      <trkpt lat="48.420141" lon="8.22628" />
      <trkpt lat="48.420092" lon="8.225937" />
      <trkpt lat="48.420064" lon="8.225445" />
      <trkpt lat="48.420076" lon="8.225112" />
      <trkpt lat="48.420108" lon="8.224923" />
      <trkpt lat="48.42017" lon="8.224759" />
      <trkpt lat="48.420503" lon="8.224199" />
      <trkpt lat="48.421025" lon="8.223422" />
      <trkpt lat="48.421111" lon="8.223267" />
      <trkpt lat="48.421155" lon="8.223118" />
      <trkpt lat="48.421218" lon="8.222659" />
      <trkpt lat="48.421219" lon="8.222188" />
      <trkpt lat="48.421193" lon="8.221113" />
      <trkpt lat="48.421205" lon="8.220902" />
      <trkpt lat="48.421313" lon="8.220277" />
      <trkpt lat="48.421327" lon="8.220211" />
      <trkpt lat="48.421444" lon="8.219844" />
      <trkpt lat="48.421477" lon="8.219777" />
      <trkpt lat="48.421529" lon="8.219682" />
      <trkpt lat="48.421959" lon="8.218868" />
      <trkpt lat="48.422026" lon="8.21869" />
      <trkpt lat="48.422069" lon="8.218528" />
      <trkpt lat="48.422132" lon="8.218" />
      <trkpt lat="48.422187" lon="8.217445" />
      <trkpt lat="48.42228" lon="8.217038" />
      <trkpt lat="48.422603" lon="8.21609" />
      <trkpt lat="48.422809" lon="8.2155" />
      <trkpt lat="48.423169" lon="8.214838" />
      <trkpt lat="48.423303" lon="8.214445" />
      <trkpt lat="48.423859" lon="8.213453" />
      <trkpt lat="48.423925" lon="8.213337" />
      <trkpt lat="48.424025" lon="8.213158" />
      <trkpt lat="48.424535" lon="8.212259" />
      <trkpt lat="48.424785" lon="8.211873" />
      <trkpt lat="48.425241" lon="8.21139" />
      <trkpt lat="48.425495" lon="8.211128" />
      <trkpt lat="48.425609" lon="8.211009" />
      <trkpt lat="48.42575" lon="8.210741" />
      <trkpt lat="48.425817" lon="8.21052" />
      <trkpt lat="48.42584" lon="8.210207" />
      <trkpt lat="48.42583" lon="8.209617" />
      <trkpt lat="48.425857" lon="8.209387" />
      <trkpt lat="48.425972" lon="8.208951" />
      <trkpt lat="48.426084" lon="8.208739" />
      <trkpt lat="48.42634" lon="8.208409" />
      <trkpt lat="48.42645" lon="8.208342" />
      <trkpt lat="48.426729" lon="8.208235" />
      <trkpt lat="48.427258" lon="8.207969" />
      <trkpt lat="48.427615" lon="8.207679" />
      <trkpt lat="48.427754" lon="8.207517" />
      <trkpt lat="48.427839" lon="8.207365" />
      <trkpt lat="48.428026" lon="8.206925" />
      <trkpt lat="48.428109" lon="8.206759" />
      <trkpt lat="48.428276" lon="8.206733" />
      <trkpt lat="48.428624" lon="8.206756" />
      <trkpt lat="48.428764" lon="8.206688" />
      <trkpt lat="48.429005" lon="8.206488" />
      <trkpt lat="48.429079" lon="8.206433" />
      <trkpt lat="48.429399" lon="8.206169" />
      <trkpt lat="48.429546" lon="8.206684" />
      <trkpt lat="48.429641" lon="8.207058" />
      <trkpt lat="48.429645" lon="8.20708" />
      <trkpt lat="48.429676" lon="8.207212" />
      <trkpt lat="48.429682" lon="8.207241" />
      <trkpt lat="48.429749" lon="8.207562" />
      <trkpt lat="48.429763" lon="8.207624" />
      <trkpt lat="48.429793" lon="8.207755" />
      <trkpt lat="48.429828" lon="8.207892" />
      <trkpt lat="48.429901" lon="8.208159" />
      <trkpt lat="48.429962" lon="8.208324" />
      <trkpt lat="48.430253" lon="8.20899" />
      <trkpt lat="48.43075" lon="8.210144" />
      <trkpt lat="48.431095" lon="8.210983" />
      <trkpt lat="48.431455" lon="8.211692" />
      <trkpt lat="48.431573" lon="8.211827" />
      <trkpt lat="48.431708" lon="8.211938" />
      <trkpt lat="48.431916" lon="8.212059" />
      <trkpt lat="48.432244" lon="8.212156" />
      <trkpt lat="48.432557" lon="8.212149" />
      <trkpt lat="48.4327" lon="8.212158" />
      <trkpt lat="48.432908" lon="8.212227" />
      <trkpt lat="48.433567" lon="8.212848" />
      <trkpt lat="48.433842" lon="8.213229" />
      <trkpt lat="48.433878" lon="8.213289" />
      <trkpt lat="48.434131" lon="8.213755" />
      <trkpt lat="48.434577" lon="8.215243" />
      <trkpt lat="48.434684" lon="8.215446" />
      <trkpt lat="48.434885" lon="8.215657" />
      <trkpt lat="48.435297" lon="8.216129" />
      <trkpt lat="48.435473" lon="8.216268" />
      <trkpt lat="48.435711" lon="8.216422" />
      <trkpt lat="48.435858" lon="8.216566" />
      <trkpt lat="48.435922" lon="8.216668" />
      <trkpt lat="48.436227" lon="8.217372" />
      <trkpt lat="48.436516" lon="8.217818" />
      <trkpt lat="48.437017" lon="8.218376" />
      <trkpt lat="48.437078" lon="8.218444" />
      <trkpt lat="48.438373" lon="8.219788" />
      <trkpt lat="48.439303" lon="8.221287" />
      <trkpt lat="48.439391" lon="8.221387" />
      <trkpt lat="48.439643" lon="8.221638" />
      <trkpt lat="48.439896" lon="8.221948" />
      <trkpt lat="48.44025" lon="8.222449" />
      <trkpt lat="48.440474" lon="8.222858" />
      <trkpt lat="48.440597" lon="8.223067" />
      <trkpt lat="48.440742" lon="8.223214" />
      <trkpt lat="48.440787" lon="8.22324" />
      <trkpt lat="48.44131" lon="8.22323" />
      <trkpt lat="48.441477" lon="8.223265" />
      <trkpt lat="48.441676" lon="8.223385" />
      <trkpt lat="48.441934" lon="8.223649" />
      <trkpt lat="48.442081" lon="8.223845" />
      <trkpt lat="48.442383" lon="8.224384" />
      <trkpt lat="48.442616" lon="8.225044" />
      <trkpt lat="48.442663" lon="8.22525" />
      <trkpt lat="48.44269" lon="8.225426" />
      <trkpt lat="48.442699" lon="8.225808" />
      <trkpt lat="48.442616" lon="8.22654" />
      <trkpt lat="48.442608" lon="8.226917" />
      <trkpt lat="48.442686" lon="8.22722" />
      <trkpt lat="48.442807" lon="8.227379" />
      <trkpt lat="48.44311" lon="8.227638" />
      <trkpt lat="48.443267" lon="8.227779" />
      <trkpt lat="48.443504" lon="8.228066" />
      <trkpt lat="48.443742" lon="8.228493" />
      <trkpt lat="48.444088" lon="8.229224" />
      <trkpt lat="48.444229" lon="8.229442" />
      <trkpt lat="48.444309" lon="8.229513" />
      <trkpt lat="48.444495" lon="8.22957" />
      <trkpt lat="48.444813" lon="8.229554" />
      <trkpt lat="48.445391" lon="8.229538" />
      <trkpt lat="48.445972" lon="8.22946" />
      <trkpt lat="48.446547" lon="8.229505" />
      <trkpt lat="48.446647" lon="8.229521" />
      <trkpt lat="48.447251" lon="8.229646" />
      <trkpt lat="48.447646" lon="8.229788" />
      <trkpt lat="48.448212" lon="8.230035" />
      <trkpt lat="48.448306" lon="8.23007" />
      <trkpt lat="48.448807" lon="8.230121" />
      <trkpt lat="48.449063" lon="8.230263" />
      <trkpt lat="48.449179" lon="8.230418" />
      <trkpt lat="48.449242" lon="8.230562" />
      <trkpt lat="48.449303" lon="8.230873" />
      <trkpt lat="48.449309" lon="8.231011" />
      <trkpt lat="48.449287" lon="8.231186" />
      <trkpt lat="48.449219" lon="8.231418" />
      <trkpt lat="48.449104" lon="8.231777" />
      <trkpt lat="48.449075" lon="8.231981" />
      <trkpt lat="48.449103" lon="8.232445" />
      <trkpt lat="48.449241" lon="8.23332" />
      <trkpt lat="48.449539" lon="8.234254" />
      <trkpt lat="48.449604" lon="8.234469" />
      <trkpt lat="48.449767" lon="8.235031" />
      <trkpt lat="48.449891" lon="8.235732" />
      <trkpt lat="48.449952" lon="8.236064" />
      <trkpt lat="48.450026" lon="8.236453" />
      <trkpt lat="48.450126" lon="8.236742" />
      <trkpt lat="48.450158" lon="8.236803" />
      <trkpt lat="48.450227" lon="8.236958" />
      <trkpt lat="48.450369" lon="8.237258" />
      <trkpt lat="48.450575" lon="8.237689" />
      <trkpt lat="48.450716" lon="8.237986" />
      <trkpt lat="48.450852" lon="8.238234" />
      <trkpt lat="48.450894" lon="8.238307" />
      <trkpt lat="48.450999" lon="8.238387" />
      <trkpt lat="48.451181" lon="8.238436" />
      <trkpt lat="48.451694" lon="8.238396" />
      <trkpt lat="48.451887" lon="8.238466" />
      <trkpt lat="48.452188" lon="8.238727" />
      <trkpt lat="48.45242" lon="8.23909" />
      <trkpt lat="48.452513" lon="8.239344" />
      <trkpt lat="48.452553" lon="8.239592" />
      <trkpt lat="48.45254" lon="8.239725" />
      <trkpt lat="48.452298" lon="8.240649" />
      <trkpt lat="48.452283" lon="8.240708" />
      <trkpt lat="48.452219" lon="8.240969" />
      <trkpt lat="48.452118" lon="8.241399" />
      <trkpt lat="48.452086" lon="8.242037" />
      <trkpt lat="48.452019" lon="8.242719" />
      <trkpt lat="48.451948" lon="8.243135" />
      <trkpt lat="48.451691" lon="8.244253" />
      <trkpt lat="48.451642" lon="8.244444" />
      <trkpt lat="48.451427" lon="8.245479" />
      <trkpt lat="48.451292" lon="8.246352" />
      <trkpt lat="48.451237" lon="8.246536" />
      <trkpt lat="48.450662" lon="8.247617" />
      <trkpt lat="48.450617" lon="8.247753" />
      <trkpt lat="48.450599" lon="8.247917" />
      <trkpt lat="48.450587" lon="8.248868" />
      <trkpt lat="48.450424" lon="8.249768" />
      <trkpt lat="48.450257" lon="8.251163" />
      <trkpt lat="48.450144" lon="8.25158" />
      <trkpt lat="48.449957" lon="8.251929" />
      <trkpt lat="48.449543" lon="8.252268" />
      <trkpt lat="48.449263" lon="8.252617" />
      <trkpt lat="48.448856" lon="8.253468" />
      <trkpt lat="48.448583" lon="8.25417" />
      <trkpt lat="48.44851" lon="8.254415" />
      <trkpt lat="48.448432" lon="8.254869" />
      <trkpt lat="48.4484" lon="8.255337" />
      <trkpt lat="48.44842" lon="8.256078" />
      <trkpt lat="48.448479" lon="8.256302" />
      <trkpt lat="48.448559" lon="8.256389" />
      <trkpt lat="48.448626" lon="8.256415" />
      <trkpt lat="48.448692" lon="8.256403" />
      <trkpt lat="48.448772" lon="8.256332" />
      <trkpt lat="48.448813" lon="8.256232" />
      <trkpt lat="48.448835" lon="8.256088" />
      <trkpt lat="48.448873" lon="8.255272" />
      <trkpt lat="48.44892" lon="8.255085" />
      <trkpt lat="48.448999" lon="8.25489" />
      <trkpt lat="48.449284" lon="8.254422" />
      <trkpt lat="48.449644" lon="8.253933" />
      <trkpt lat="48.449737" lon="8.253875" />
      <trkpt lat="48.449985" lon="8.25383" />
      <trkpt lat="48.450097" lon="8.253867" />
      <trkpt lat="48.450533" lon="8.254127" />
      <trkpt lat="48.451041" lon="8.254345" />
      <trkpt lat="48.451293" lon="8.254522" />
      <trkpt lat="48.451523" lon="8.254838" />
      <trkpt lat="48.451731" lon="8.255269" />
      <trkpt lat="48.451843" lon="8.255601" />
      <trkpt lat="48.451959" lon="8.255859" />
      <trkpt lat="48.45218" lon="8.256236" />
      <trkpt lat="48.45219" lon="8.256389" />
      <trkpt lat="48.452139" lon="8.256462" />
      <trkpt lat="48.452071" lon="8.256436" />
      <trkpt lat="48.451883" lon="8.256034" />
      <trkpt lat="48.451745" lon="8.25588" />
      <trkpt lat="48.450998" lon="8.255193" />
      <trkpt lat="48.45092" lon="8.255159" />
      <trkpt lat="48.450867" lon="8.255177" />
      <trkpt lat="48.450847" lon="8.255311" />
      <trkpt lat="48.450889" lon="8.255412" />
      <trkpt lat="48.451277" lon="8.255798" />
      <trkpt lat="48.451453" lon="8.256118" />
      <trkpt lat="48.452113" lon="8.257787" />
      <trkpt lat="48.452382" lon="8.258226" />
      <trkpt lat="48.45261" lon="8.258409" />
      <trkpt lat="48.452741" lon="8.258456" />
      <trkpt lat="48.452857" lon="8.258457" />
      <trkpt lat="48.452966" lon="8.258412" />
      <trkpt lat="48.453081" lon="8.258344" />
      <trkpt lat="48.453282" lon="8.25806" />
      <trkpt lat="48.453519" lon="8.257583" />
      <trkpt lat="48.453614" lon="8.25732" />
      <trkpt lat="48.45367" lon="8.256846" />
      <trkpt lat="48.453783" lon="8.256359" />
      <trkpt lat="48.453973" lon="8.255775" />
      <trkpt lat="48.454036" lon="8.255719" />
      <trkpt lat="48.4541" lon="8.255769" />
      <trkpt lat="48.454103" lon="8.255924" />
      <trkpt lat="48.453878" lon="8.25674" />
      <trkpt lat="48.453865" lon="8.256937" />
      <trkpt lat="48.453877" lon="8.256998" />
      <trkpt lat="48.453939" lon="8.257063" />
      <trkpt lat="48.454006" lon="8.257013" />
      <trkpt lat="48.454066" lon="8.256678" />
      <trkpt lat="48.454113" lon="8.25653" />
      <trkpt lat="48.454207" lon="8.256376" />
      <trkpt lat="48.454276" lon="8.256345" />
      <trkpt lat="48.454887" lon="8.256467" />
      <trkpt lat="48.456124" lon="8.256331" />
      <trkpt lat="48.456322" lon="8.256217" />
      <trkpt lat="48.456507" lon="8.255893" />
      <trkpt lat="48.456609" lon="8.255584" />
      <trkpt lat="48.456827" lon="8.254628" />
      <trkpt lat="48.456955" lon="8.254239" />
      <trkpt lat="48.457017" lon="8.254127" />
      <trkpt lat="48.457098" lon="8.254096" />
      <trkpt lat="48.45716" lon="8.254102" />
      <trkpt lat="48.457273" lon="8.254184" />
      <trkpt lat="48.457712" lon="8.25474" />
      <trkpt lat="48.457822" lon="8.254919" />
      <trkpt lat="48.457931" lon="8.255214" />
      <trkpt lat="48.458157" lon="8.25674" />
      <trkpt lat="48.4584" lon="8.257865" />
      <trkpt lat="48.458394" lon="8.257966" />
      <trkpt lat="48.458345" lon="8.258033" />
      <trkpt lat="48.458288" lon="8.258024" />
      <trkpt lat="48.458248" lon="8.257976" />
      <trkpt lat="48.458209" lon="8.257701" />
      <trkpt lat="48.458122" lon="8.257359" />
      <trkpt lat="48.45771" lon="8.256387" />
      <trkpt lat="48.457612" lon="8.256288" />
      <trkpt lat="48.457557" lon="8.25629" />
      <trkpt lat="48.457491" lon="8.256382" />
      <trkpt lat="48.457481" lon="8.256464" />
      <trkpt lat="48.457499" lon="8.256558" />
      <trkpt lat="48.45764" lon="8.256848" />
      <trkpt lat="48.457739" lon="8.257239" />
      <trkpt lat="48.457969" lon="8.258515" />
      <trkpt lat="48.458162" lon="8.25914" />
      <trkpt lat="48.458712" lon="8.260359" />
      <trkpt lat="48.459087" lon="8.26098" />
      <trkpt lat="48.459188" lon="8.261092" />
      <trkpt lat="48.459352" lon="8.261142" />
      <trkpt lat="48.459559" lon="8.261124" />
      <trkpt lat="48.460395" lon="8.260987" />
      <trkpt lat="48.461068" lon="8.260751" />
      <trkpt lat="48.461889" lon="8.260376" />
      <trkpt lat="48.46247" lon="8.260198" />
      <trkpt lat="48.462826" lon="8.260238" />
      <trkpt lat="48.463117" lon="8.260334" />
      <trkpt lat="48.463398" lon="8.260611" />
      <trkpt lat="48.464281" lon="8.261737" />
      <trkpt lat="48.464793" lon="8.262583" />
      <trkpt lat="48.465541" lon="8.263789" />
      <trkpt lat="48.4657" lon="8.264" />
      <trkpt lat="48.466366" lon="8.264554" />
      <trkpt lat="48.467012" lon="8.264902" />
      <trkpt lat="48.468519" lon="8.265562" />
      <trkpt lat="48.469076" lon="8.265657" />
      <trkpt lat="48.469775" lon="8.265575" />
      <trkpt lat="48.469935" lon="8.265489" />
      <trkpt lat="48.470155" lon="8.265318" />
      <trkpt lat="48.470553" lon="8.26489" />
      <trkpt lat="48.471196" lon="8.263916" />
      <trkpt lat="48.471422" lon="8.263672" />
      <trkpt lat="48.47164" lon="8.263643" />
      <trkpt lat="48.472593" lon="8.26443" />
      <trkpt lat="48.472823" lon="8.264632" />
      <trkpt lat="48.473601" lon="8.26509" />
      <trkpt lat="48.474046" lon="8.265419" />
      <trkpt lat="48.474289" lon="8.265677" />
      <trkpt lat="48.47448" lon="8.266031" />
      <trkpt lat="48.475098" lon="8.267697" />
      <trkpt lat="48.475285" lon="8.268176" />
      <trkpt lat="48.475633" lon="8.2689" />
      <trkpt lat="48.475823" lon="8.269211" />
      <trkpt lat="48.476834" lon="8.270862" />
      <trkpt lat="48.47708" lon="8.271258" />
      <trkpt lat="48.477477" lon="8.271882" />
      <trkpt lat="48.479166" lon="8.274668" />
      <trkpt lat="48.479268" lon="8.274841" />
      <trkpt lat="48.479286" lon="8.27487" />
      <trkpt lat="48.479335" lon="8.27495" />
      <trkpt lat="48.479387" lon="8.275034" />
      <trkpt lat="48.479571" lon="8.275334" />
      <trkpt lat="48.479967" lon="8.275987" />
      <trkpt lat="48.480029" lon="8.27609" />
      <trkpt lat="48.480215" lon="8.275885" />
      <trkpt lat="48.480514" lon="8.275425" />
      <trkpt lat="48.480764" lon="8.275182" />
      <trkpt lat="48.481013" lon="8.274994" />
      <trkpt lat="48.481038" lon="8.27508" />
      <trkpt lat="48.481327" lon="8.274921" />
      <trkpt lat="48.481885" lon="8.274691" />
      <trkpt lat="48.482071" lon="8.27464" />
      <trkpt lat="48.482867" lon="8.274539" />
      <trkpt lat="48.482939" lon="8.27451" />
      <trkpt lat="48.482987" lon="8.274428" />
      <trkpt lat="48.483229" lon="8.274418" />
      <trkpt lat="48.483332" lon="8.274214" />
      <trkpt lat="48.485945" lon="8.273623" />
      <trkpt lat="48.486435" lon="8.273514" />
      <trkpt lat="48.48656" lon="8.273448" />
      <trkpt lat="48.487078" lon="8.272949" />
      <trkpt lat="48.487558" lon="8.272357" />
      <trkpt lat="48.487856" lon="8.272195" />
      <trkpt lat="48.487895" lon="8.272083" />
      <trkpt lat="48.488572" lon="8.271023" />
      <trkpt lat="48.488778" lon="8.270556" />
      <trkpt lat="48.489232" lon="8.269888" />
      <trkpt lat="48.489553" lon="8.269534" />
      <trkpt lat="48.490441" lon="8.26891" />
      <trkpt lat="48.491451" lon="8.268298" />
      <trkpt lat="48.491648" lon="8.268197" />
      <trkpt lat="48.491893" lon="8.267978" />
      <trkpt lat="48.492273" lon="8.267547" />
      <trkpt lat="48.492412" lon="8.26733" />
      <trkpt lat="48.492649" lon="8.266801" />
      <trkpt lat="48.492902" lon="8.265767" />
      <trkpt lat="48.49296" lon="8.265379" />
      <trkpt lat="48.492982" lon="8.264949" />
      <trkpt lat="48.492965" lon="8.264584" />
      <trkpt lat="48.492895" lon="8.264143" />
      <trkpt lat="48.492642" lon="8.263113" />
      <trkpt lat="48.49259" lon="8.262828" />
      <trkpt lat="48.492612" lon="8.262617" />
      <trkpt lat="48.492677" lon="8.262331" />
      <trkpt lat="48.492804" lon="8.261984" />
      <trkpt lat="48.493397" lon="8.260664" />
      <trkpt lat="48.494241" lon="8.259055" />
      <trkpt lat="48.494381" lon="8.259036" />
      <trkpt lat="48.494617" lon="8.258403" />
      <trkpt lat="48.494788" lon="8.257828" />
      <trkpt lat="48.495041" lon="8.256745" />
      <trkpt lat="48.495155" lon="8.256014" />
      <trkpt lat="48.495213" lon="8.25546" />
      <trkpt lat="48.495251" lon="8.25474" />
      <trkpt lat="48.495258" lon="8.253978" />
      <trkpt lat="48.495219" lon="8.253136" />
      <trkpt lat="48.495095" lon="8.251969" />
      <trkpt lat="48.495011" lon="8.25151" />
      <trkpt lat="48.494885" lon="8.250984" />
      <trkpt lat="48.494991" lon="8.250915" />
      <trkpt lat="48.495607" lon="8.251003" />
      <trkpt lat="48.496665" lon="8.25117" />
      <trkpt lat="48.497122" lon="8.25129" />
      <trkpt lat="48.49727" lon="8.2514" />
      <trkpt lat="48.497451" lon="8.251604" />
      <trkpt lat="48.497627" lon="8.251875" />
      <trkpt lat="48.497855" lon="8.252353" />
      <trkpt lat="48.497975" lon="8.252745" />
      <trkpt lat="48.498032" lon="8.253071" />
      <trkpt lat="48.498083" lon="8.253594" />
      <trkpt lat="48.498156" lon="8.254973" />
      <trkpt lat="48.498142" lon="8.25912" />
      <trkpt lat="48.498169" lon="8.259476" />
      <trkpt lat="48.498327" lon="8.260207" />
      <trkpt lat="48.498637" lon="8.260835" />
      <trkpt lat="48.498704" lon="8.260948" />
      <trkpt lat="48.499231" lon="8.261445" />
      <trkpt lat="48.499404" lon="8.261563" />
      <trkpt lat="48.499605" lon="8.261646" />
      <trkpt lat="48.499835" lon="8.261699" />
      <trkpt lat="48.500109" lon="8.261691" />
      <trkpt lat="48.500392" lon="8.261565" />
      <trkpt lat="48.500485" lon="8.261508" />
      <trkpt lat="48.500742" lon="8.261241" />
      <trkpt lat="48.502088" lon="8.259074" />
      <trkpt lat="48.50235" lon="8.258703" />
      <trkpt lat="48.502584" lon="8.258456" />
      <trkpt lat="48.503244" lon="8.257915" />
      <trkpt lat="48.503515" lon="8.257783" />
      <trkpt lat="48.503997" lon="8.257661" />
      <trkpt lat="48.504224" lon="8.257671" />
      <trkpt lat="48.504588" lon="8.257811" />
      <trkpt lat="48.504916" lon="8.258072" />
      <trkpt lat="48.50521" lon="8.258446" />
      <trkpt lat="48.505376" lon="8.25872" />
      <trkpt lat="48.50548" lon="8.258956" />
      <trkpt lat="48.505633" lon="8.259434" />
      <trkpt lat="48.505831" lon="8.2605" />
      <trkpt lat="48.506003" lon="8.261054" />
      <trkpt lat="48.50609" lon="8.262175" />
      <trkpt lat="48.506177" lon="8.26247" />
      <trkpt lat="48.506305" lon="8.262707" />
      <trkpt lat="48.506454" lon="8.262869" />
      <trkpt lat="48.506801" lon="8.263073" />
      <trkpt lat="48.507121" lon="8.263067" />
      <trkpt lat="48.507537" lon="8.262906" />
      <trkpt lat="48.508335" lon="8.262309" />
      <trkpt lat="48.508962" lon="8.261931" />
      <trkpt lat="48.50931" lon="8.261799" />
      <trkpt lat="48.50958" lon="8.26177" />
      <trkpt lat="48.509906" lon="8.26179" />
      <trkpt lat="48.511926" lon="8.26246" />
      <trkpt lat="48.512122" lon="8.262602" />
      <trkpt lat="48.513706" lon="8.263964" />
      <trkpt lat="48.513867" lon="8.264145" />
      <trkpt lat="48.514002" lon="8.264353" />
      <trkpt lat="48.514425" lon="8.265097" />
      <trkpt lat="48.514568" lon="8.265268" />
      <trkpt lat="48.514647" lon="8.265313" />
      <trkpt lat="48.51472" lon="8.265262" />
      <trkpt lat="48.514742" lon="8.265173" />
      <trkpt lat="48.514699" lon="8.264957" />
      <trkpt lat="48.513753" lon="8.263539" />
      <trkpt lat="48.512507" lon="8.261896" />
      <trkpt lat="48.51212" lon="8.261479" />
      <trkpt lat="48.510039" lon="8.259852" />
      <trkpt lat="48.509707" lon="8.259653" />
      <trkpt lat="48.50896" lon="8.259377" />
      <trkpt lat="48.508636" lon="8.259325" />
      <trkpt lat="48.50842" lon="8.25935" />
      <trkpt lat="48.508028" lon="8.259483" />
      <trkpt lat="48.507936" lon="8.259478" />
      <trkpt lat="48.507773" lon="8.25937" />
      <trkpt lat="48.507676" lon="8.259112" />
      <trkpt lat="48.507667" lon="8.258886" />
      <trkpt lat="48.507732" lon="8.258565" />
      <trkpt lat="48.507842" lon="8.258237" />
      <trkpt lat="48.507901" lon="8.257938" />
      <trkpt lat="48.507896" lon="8.257715" />
      <trkpt lat="48.507648" lon="8.25678" />
      <trkpt lat="48.506976" lon="8.25451" />
      <trkpt lat="48.506765" lon="8.253423" />
      <trkpt lat="48.506529" lon="8.252697" />
      <trkpt lat="48.506379" lon="8.252378" />
      <trkpt lat="48.506318" lon="8.252178" />
      <trkpt lat="48.506301" lon="8.252011" />
      <trkpt lat="48.50632" lon="8.251919" />
      <trkpt lat="48.506394" lon="8.251809" />
      <trkpt lat="48.506506" lon="8.251804" />
      <trkpt lat="48.506562" lon="8.251837" />
      <trkpt lat="48.506693" lon="8.252002" />
      <trkpt lat="48.507634" lon="8.254444" />
      <trkpt lat="48.507798" lon="8.254841" />
      <trkpt lat="48.507948" lon="8.255127" />
      <trkpt lat="48.508265" lon="8.255531" />
      <trkpt lat="48.50859" lon="8.255862" />
      <trkpt lat="48.508902" lon="8.256094" />
      <trkpt lat="48.509569" lon="8.256337" />
      <trkpt lat="48.509936" lon="8.256408" />
      <trkpt lat="48.510267" lon="8.256529" />
      <trkpt lat="48.510727" lon="8.256955" />
      <trkpt lat="48.511668" lon="8.25752" />
      <trkpt lat="48.512049" lon="8.257793" />
      <trkpt lat="48.512192" lon="8.257863" />
      <trkpt lat="48.512673" lon="8.25796" />
      <trkpt lat="48.512894" lon="8.25814" />
      <trkpt lat="48.513198" lon="8.258516" />
      <trkpt lat="48.513322" lon="8.258588" />
      <trkpt lat="48.513869" lon="8.258637" />
      <trkpt lat="48.51417" lon="8.258616" />
      <trkpt lat="48.514661" lon="8.258608" />
      <trkpt lat="48.514852" lon="8.258652" />
      <trkpt lat="48.515026" lon="8.258754" />
      <trkpt lat="48.517124" lon="8.260274" />
      <trkpt lat="48.517507" lon="8.260586" />
      <trkpt lat="48.517776" lon="8.260862" />
      <trkpt lat="48.518813" lon="8.262261" />
      <trkpt lat="48.51897" lon="8.26251" />
      <trkpt lat="48.519135" lon="8.262935" />
      <trkpt lat="48.519362" lon="8.264056" />
      <trkpt lat="48.519421" lon="8.264264" />
      <trkpt lat="48.519512" lon="8.264415" />
      <trkpt lat="48.519816" lon="8.264695" />
      <trkpt lat="48.519999" lon="8.264957" />
      <trkpt lat="48.520096" lon="8.265187" />
      <trkpt lat="48.520192" lon="8.265683" />
      <trkpt lat="48.52025" lon="8.266693" />
      <trkpt lat="48.520278" lon="8.26691" />
      <trkpt lat="48.52037" lon="8.267241" />
      <trkpt lat="48.520545" lon="8.267646" />
      <trkpt lat="48.520598" lon="8.267839" />
      <trkpt lat="48.52062" lon="8.268124" />
      <trkpt lat="48.520528" lon="8.270878" />
      <trkpt lat="48.520541" lon="8.271021" />
      <trkpt lat="48.520653" lon="8.271286" />
      <trkpt lat="48.520841" lon="8.271502" />
      <trkpt lat="48.520975" lon="8.271599" />
      <trkpt lat="48.521825" lon="8.271988" />
      <trkpt lat="48.522117" lon="8.272257" />
      <trkpt lat="48.522323" lon="8.272507" />
      <trkpt lat="48.5226" lon="8.272912" />
      <trkpt lat="48.523124" lon="8.273751" />
      <trkpt lat="48.523564" lon="8.274126" />
      <trkpt lat="48.523813" lon="8.274418" />
      <trkpt lat="48.524093" lon="8.274752" />
      <trkpt lat="48.524367" lon="8.274944" />
      <trkpt lat="48.525138" lon="8.275124" />
      <trkpt lat="48.525491" lon="8.275178" />
      <trkpt lat="48.525662" lon="8.27507" />
      <trkpt lat="48.525752" lon="8.274991" />
      <trkpt lat="48.525799" lon="8.274959" />
      <trkpt lat="48.526308" lon="8.274845" />
      <trkpt lat="48.526746" lon="8.275021" />
      <trkpt lat="48.526879" lon="8.275025" />
      <trkpt lat="48.527459" lon="8.274864" />
      <trkpt lat="48.527622" lon="8.275155" />
      <trkpt lat="48.528348" lon="8.276461" />
      <trkpt lat="48.529019" lon="8.277663" />
      <trkpt lat="48.529167" lon="8.277926" />
      <trkpt lat="48.529285" lon="8.278139" />
      <trkpt lat="48.529628" lon="8.278767" />
      <trkpt lat="48.529668" lon="8.278838" />
      <trkpt lat="48.529781" lon="8.279051" />
      <trkpt lat="48.529872" lon="8.279287" />
      <trkpt lat="48.530063" lon="8.280089" />
      <trkpt lat="48.530226" lon="8.280632" />
      <trkpt lat="48.531129" lon="8.28271" />
      <trkpt lat="48.531529" lon="8.283384" />
      <trkpt lat="48.53193" lon="8.283962" />
      <trkpt lat="48.532262" lon="8.284366" />
      <trkpt lat="48.532455" lon="8.28459" />
      <trkpt lat="48.532542" lon="8.284743" />
      <trkpt lat="48.532646" lon="8.28507" />
      <trkpt lat="48.532706" lon="8.28581" />
      <trkpt lat="48.532784" lon="8.286343" />
      <trkpt lat="48.532864" lon="8.286872" />
      <trkpt lat="48.533073" lon="8.287813" />
      <trkpt lat="48.533105" lon="8.288051" />
      <trkpt lat="48.533107" lon="8.288104" />
      <trkpt lat="48.533107" lon="8.288235" />
      <trkpt lat="48.5331" lon="8.288553" />
      <trkpt lat="48.533113" lon="8.288761" />
      <trkpt lat="48.533186" lon="8.288922" />
      <trkpt lat="48.533201" lon="8.2889" />
      <trkpt lat="48.533243" lon="8.288841" />
      <trkpt lat="48.53345" lon="8.288671" />
      <trkpt lat="48.533576" lon="8.288608" />
      <trkpt lat="48.534029" lon="8.288398" />
      <trkpt lat="48.534851" lon="8.287681" />
      <trkpt lat="48.535323" lon="8.287151" />
      <trkpt lat="48.535432" lon="8.286943" />
      <trkpt lat="48.535433" lon="8.286943" />
      <trkpt lat="48.535796" lon="8.285614" />
      <trkpt lat="48.53601" lon="8.284861" />
      <trkpt lat="48.536124" lon="8.284377" />
      <trkpt lat="48.536399" lon="8.283403" />
      <trkpt lat="48.53667" lon="8.282698" />
      <trkpt lat="48.537025" lon="8.281955" />
      <trkpt lat="48.537169" lon="8.281681" />
      <trkpt lat="48.537363" lon="8.281383" />
      <trkpt lat="48.537532" lon="8.281203" />
      <trkpt lat="48.537736" lon="8.281066" />
      <trkpt lat="48.538198" lon="8.280937" />
      <trkpt lat="48.538444" lon="8.280831" />
      <trkpt lat="48.538854" lon="8.28056" />
      <trkpt lat="48.539037" lon="8.280341" />
      <trkpt lat="48.539522" lon="8.27963" />
      <trkpt lat="48.54089" lon="8.277721" />
      <trkpt lat="48.541584" lon="8.277087" />
      <trkpt lat="48.541877" lon="8.276791" />
      <trkpt lat="48.542044" lon="8.276594" />
      <trkpt lat="48.542209" lon="8.276326" />
      <trkpt lat="48.542358" lon="8.276009" />
      <trkpt lat="48.542799" lon="8.274797" />
      <trkpt lat="48.544267" lon="8.271539" />
      <trkpt lat="48.544418" lon="8.271308" />
      <trkpt lat="48.544637" lon="8.271049" />
      <trkpt lat="48.54491" lon="8.270852" />
      <trkpt lat="48.545143" lon="8.270778" />
      <trkpt lat="48.545318" lon="8.270803" />
      <trkpt lat="48.546253" lon="8.271076" />
      <trkpt lat="48.546441" lon="8.271093" />
      <trkpt lat="48.546587" lon="8.271058" />
      <trkpt lat="48.546672" lon="8.270955" />
      <trkpt lat="48.546715" lon="8.270803" />
      <trkpt lat="48.546708" lon="8.270621" />
      <trkpt lat="48.546655" lon="8.27042" />
      <trkpt lat="48.546361" lon="8.269885" />
      <trkpt lat="48.546308" lon="8.269675" />
      <trkpt lat="48.546321" lon="8.269483" />
      <trkpt lat="48.546396" lon="8.269318" />
      <trkpt lat="48.546576" lon="8.269207" />
      <trkpt lat="48.547179" lon="8.269072" />
      <trkpt lat="48.547581" lon="8.268776" />
      <trkpt lat="48.547795" lon="8.26851" />
      <trkpt lat="48.548096" lon="8.268006" />
      <trkpt lat="48.548404" lon="8.267191" />
      <trkpt lat="48.548566" lon="8.266885" />
      <trkpt lat="48.548713" lon="8.266682" />
      <trkpt lat="48.548874" lon="8.266586" />
      <trkpt lat="48.549329" lon="8.266488" />
      <trkpt lat="48.549427" lon="8.266433" />
      <trkpt lat="48.549494" lon="8.266326" />
      <trkpt lat="48.549511" lon="8.266193" />
      <trkpt lat="48.549489" lon="8.26606" />
      <trkpt lat="48.549388" lon="8.265853" />
      <trkpt lat="48.549332" lon="8.265638" />
      <trkpt lat="48.54934" lon="8.265408" />
      <trkpt lat="48.549742" lon="8.263987" />
      <trkpt lat="48.549878" lon="8.263586" />
      <trkpt lat="48.550062" lon="8.263155" />
      <trkpt lat="48.551027" lon="8.261365" />
      <trkpt lat="48.551224" lon="8.261176" />
      <trkpt lat="48.551634" lon="8.260974" />
      <trkpt lat="48.551975" lon="8.26086" />
      <trkpt lat="48.553315" lon="8.260584" />
      <trkpt lat="48.553441" lon="8.260508" />
      <trkpt lat="48.553521" lon="8.260404" />
      <trkpt lat="48.553601" lon="8.260158" />
      <trkpt lat="48.55364" lon="8.259918" />
      <trkpt lat="48.553628" lon="8.259734" />
      <trkpt lat="48.553573" lon="8.259537" />
      <trkpt lat="48.553446" lon="8.259377" />
      <trkpt lat="48.553312" lon="8.259282" />
      <trkpt lat="48.552444" lon="8.258956" />
      <trkpt lat="48.552238" lon="8.258791" />
      <trkpt lat="48.552094" lon="8.258562" />
      <trkpt lat="48.551984" lon="8.258196" />
      <trkpt lat="48.551946" lon="8.257725" />
      <trkpt lat="48.551894" lon="8.256198" />
      <trkpt lat="48.551797" lon="8.254277" />
      <trkpt lat="48.551739" lon="8.254043" />
      <trkpt lat="48.551427" lon="8.253353" />
      <trkpt lat="48.551338" lon="8.252897" />
      <trkpt lat="48.551293" lon="8.252433" />
      <trkpt lat="48.551273" lon="8.251834" />
      <trkpt lat="48.551317" lon="8.251354" />
      <trkpt lat="48.5514" lon="8.250883" />
      <trkpt lat="48.551571" lon="8.250203" />
      <trkpt lat="48.551793" lon="8.249712" />
      <trkpt lat="48.552028" lon="8.249337" />
      <trkpt lat="48.552254" lon="8.249073" />
      <trkpt lat="48.552571" lon="8.24879" />
      <trkpt lat="48.553204" lon="8.248409" />
      <trkpt lat="48.554638" lon="8.247651" />
      <trkpt lat="48.555161" lon="8.247293" />
      <trkpt lat="48.555327" lon="8.247077" />
      <trkpt lat="48.555439" lon="8.246863" />
      <trkpt lat="48.555495" lon="8.246622" />
      <trkpt lat="48.555499" lon="8.246404" />
      <trkpt lat="48.555455" lon="8.246205" />
      <trkpt lat="48.555377" lon="8.246" />
      <trkpt lat="48.555266" lon="8.245857" />
      <trkpt lat="48.555102" lon="8.245716" />
      <trkpt lat="48.554883" lon="8.245584" />
      <trkpt lat="48.554587" lon="8.245551" />
      <trkpt lat="48.554295" lon="8.245559" />
      <trkpt lat="48.553514" lon="8.245848" />
      <trkpt lat="48.553378" lon="8.245877" />
      <trkpt lat="48.553237" lon="8.245824" />
      <trkpt lat="48.553133" lon="8.245678" />
      <trkpt lat="48.552884" lon="8.245155" />
      <trkpt lat="48.552612" lon="8.244724" />
      <trkpt lat="48.55234" lon="8.244418" />
      <trkpt lat="48.551732" lon="8.243977" />
      <trkpt lat="48.551502" lon="8.24375" />
      <trkpt lat="48.551308" lon="8.243423" />
      <trkpt lat="48.551145" lon="8.242998" />
      <trkpt lat="48.551071" lon="8.242534" />
      <trkpt lat="48.551084" lon="8.24198" />
      <trkpt lat="48.551153" lon="8.241622" />
      <trkpt lat="48.551259" lon="8.24134" />
      <trkpt lat="48.551778" lon="8.240199" />
      <trkpt lat="48.551923" lon="8.239944" />
      <trkpt lat="48.552169" lon="8.239651" />
      <trkpt lat="48.552478" lon="8.239375" />
      <trkpt lat="48.552819" lon="8.239134" />
      <trkpt lat="48.55318" lon="8.238925" />
      <trkpt lat="48.553635" lon="8.238771" />
      <trkpt lat="48.554169" lon="8.238689" />
      <trkpt lat="48.554888" lon="8.238628" />
      <trkpt lat="48.557" lon="8.23801" />
      <trkpt lat="48.559556" lon="8.237433" />
      <trkpt lat="48.559886" lon="8.237298" />
      <trkpt lat="48.560139" lon="8.237127" />
      <trkpt lat="48.560283" lon="8.23697" />
      <trkpt lat="48.560513" lon="8.236608" />
      <trkpt lat="48.561001" lon="8.235824" />
      <trkpt lat="48.561089" lon="8.235634" />
      <trkpt lat="48.561215" lon="8.235216" />
      <trkpt lat="48.561287" lon="8.234475" />
      <trkpt lat="48.561353" lon="8.23425" />
      <trkpt lat="48.561632" lon="8.233709" />
      <trkpt lat="48.561704" lon="8.233415" />
      <trkpt lat="48.561726" lon="8.233212" />
      <trkpt lat="48.561696" lon="8.232987" />
      <trkpt lat="48.561631" lon="8.232791" />
      <trkpt lat="48.561435" lon="8.232563" />
      <trkpt lat="48.561296" lon="8.23251" />
      <trkpt lat="48.56108" lon="8.23255" />
      <trkpt lat="48.560801" lon="8.232789" />
      <trkpt lat="48.560666" lon="8.232862" />
      <trkpt lat="48.56053" lon="8.232855" />
      <trkpt lat="48.560423" lon="8.232781" />
      <trkpt lat="48.56034" lon="8.232656" />
      <trkpt lat="48.560286" lon="8.232494" />
      <trkpt lat="48.560189" lon="8.231684" />
      <trkpt lat="48.559896" lon="8.230559" />
      <trkpt lat="48.559815" lon="8.23011" />
      <trkpt lat="48.559774" lon="8.229593" />
      <trkpt lat="48.559779" lon="8.229142" />
      <trkpt lat="48.559802" lon="8.228527" />
      <trkpt lat="48.559866" lon="8.228025" />
      <trkpt lat="48.559964" lon="8.227421" />
      <trkpt lat="48.560019" lon="8.227172" />
      <trkpt lat="48.560089" lon="8.226863" />
      <trkpt lat="48.560272" lon="8.226168" />
      <trkpt lat="48.560545" lon="8.225285" />
      <trkpt lat="48.560591" lon="8.225136" />
      <trkpt lat="48.560763" lon="8.224572" />
      <trkpt lat="48.56101" lon="8.2237" />
      <trkpt lat="48.561032" lon="8.223598" />
      <trkpt lat="48.56113" lon="8.222682" />
      <trkpt lat="48.561156" lon="8.222384" />
      <trkpt lat="48.56117" lon="8.222225" />
      <trkpt lat="48.561176" lon="8.222176" />
      <trkpt lat="48.561203" lon="8.221952" />
      <trkpt lat="48.561261" lon="8.221721" />
      <trkpt lat="48.56133" lon="8.221591" />
      <trkpt lat="48.561453" lon="8.221445" />
      <trkpt lat="48.561541" lon="8.221347" />
      <trkpt lat="48.561589" lon="8.221303" />
      <trkpt lat="48.561772" lon="8.221246" />
      <trkpt lat="48.562454" lon="8.221705" />
      <trkpt lat="48.562727" lon="8.221931" />
      <trkpt lat="48.562972" lon="8.222186" />
      <trkpt lat="48.563268" lon="8.222464" />
      <trkpt lat="48.563412" lon="8.222561" />
      <trkpt lat="48.563687" lon="8.22272" />
      <trkpt lat="48.563882" lon="8.222787" />
      <trkpt lat="48.565424" lon="8.223274" />
      <trkpt lat="48.56626" lon="8.223475" />
      <trkpt lat="48.566711" lon="8.223541" />
      <trkpt lat="48.567652" lon="8.223572" />
      <trkpt lat="48.569195" lon="8.223413" />
      <trkpt lat="48.56954" lon="8.223391" />
      <trkpt lat="48.569914" lon="8.223413" />
      <trkpt lat="48.570253" lon="8.223555" />
      <trkpt lat="48.570556" lon="8.223761" />
      <trkpt lat="48.571013" lon="8.22418" />
      <trkpt lat="48.571415" lon="8.224692" />
      <trkpt lat="48.571907" lon="8.225267" />
      <trkpt lat="48.572092" lon="8.225518" />
      <trkpt lat="48.572364" lon="8.226044" />
      <trkpt lat="48.572442" lon="8.226213" />
      <trkpt lat="48.572524" lon="8.226361" />
      <trkpt lat="48.572672" lon="8.226493" />
      <trkpt lat="48.572835" lon="8.226519" />
      <trkpt lat="48.573019" lon="8.226446" />
      <trkpt lat="48.573165" lon="8.226268" />
      <trkpt lat="48.57321" lon="8.226173" />
      <trkpt lat="48.573282" lon="8.225919" />
      <trkpt lat="48.573325" lon="8.225589" />
      <trkpt lat="48.573391" lon="8.225107" />
      <trkpt lat="48.573537" lon="8.224478" />
      <trkpt lat="48.57358" lon="8.223859" />
      <trkpt lat="48.573577" lon="8.223546" />
      <trkpt lat="48.573537" lon="8.223057" />
      <trkpt lat="48.573463" lon="8.22241" />
      <trkpt lat="48.573389" lon="8.221634" />
      <trkpt lat="48.573388" lon="8.22097" />
      <trkpt lat="48.573458" lon="8.220355" />
      <trkpt lat="48.573627" lon="8.219773" />
      <trkpt lat="48.573815" lon="8.219376" />
      <trkpt lat="48.574042" lon="8.21902" />
      <trkpt lat="48.574614" lon="8.218274" />
      <trkpt lat="48.575036" lon="8.21789" />
      <trkpt lat="48.575191" lon="8.217788" />
      <trkpt lat="48.575615" lon="8.217641" />
      <trkpt lat="48.57597" lon="8.217626" />
      <trkpt lat="48.576177" lon="8.21766" />
      <trkpt lat="48.577458" lon="8.217955" />
      <trkpt lat="48.578026" lon="8.21816" />
      <trkpt lat="48.578317" lon="8.21833" />
      <trkpt lat="48.578511" lon="8.218487" />
      <trkpt lat="48.579025" lon="8.219057" />
      <trkpt lat="48.579418" lon="8.219544" />
      <trkpt lat="48.580784" lon="8.221349" />
      <trkpt lat="48.581111" lon="8.221689" />
      <trkpt lat="48.581258" lon="8.221785" />
      <trkpt lat="48.581463" lon="8.221825" />
      <trkpt lat="48.581571" lon="8.221819" />
      <trkpt lat="48.581825" lon="8.22173" />
      <trkpt lat="48.582029" lon="8.22158" />
      <trkpt lat="48.582368" lon="8.221262" />
      <trkpt lat="48.582725" lon="8.220823" />
      <trkpt lat="48.583566" lon="8.219301" />
      <trkpt lat="48.584096" lon="8.218448" />
      <trkpt lat="48.584391" lon="8.21782" />
      <trkpt lat="48.584455" lon="8.217606" />
      <trkpt lat="48.584536" lon="8.217152" />
      <trkpt lat="48.584616" lon="8.216072" />
      <trkpt lat="48.584656" lon="8.215773" />
      <trkpt lat="48.584737" lon="8.21546" />
      <trkpt lat="48.58487" lon="8.215169" />
      <trkpt lat="48.584962" lon="8.215037" />
      <trkpt lat="48.585178" lon="8.21483" />
      <trkpt lat="48.585429" lon="8.214707" />
      <trkpt lat="48.585591" lon="8.214683" />
      <trkpt lat="48.585808" lon="8.214702" />
      <trkpt lat="48.586195" lon="8.21488" />
      <trkpt lat="48.586855" lon="8.215364" />
      <trkpt lat="48.587009" lon="8.215483" />
      <trkpt lat="48.587852" lon="8.216084" />
      <trkpt lat="48.588375" lon="8.216325" />
      <trkpt lat="48.588848" lon="8.216461" />
      <trkpt lat="48.589278" lon="8.216506" />
      <trkpt lat="48.589887" lon="8.216476" />
      <trkpt lat="48.590369" lon="8.216358" />
      <trkpt lat="48.59119" lon="8.216046" />
      <trkpt lat="48.591541" lon="8.216011" />
      <trkpt lat="48.591805" lon="8.21603" />
      <trkpt lat="48.592121" lon="8.216128" />
      <trkpt lat="48.59292" lon="8.21646" />
      <trkpt lat="48.594712" lon="8.217297" />
      <trkpt lat="48.595125" lon="8.217417" />
      <trkpt lat="48.5955" lon="8.217389" />
      <trkpt lat="48.595538" lon="8.217638" />
      <trkpt lat="48.595787" lon="8.217619" />
      <trkpt lat="48.595951" lon="8.217519" />
      <trkpt lat="48.596" lon="8.217603" />
      <trkpt lat="48.596174" lon="8.217895" />
      <trkpt lat="48.596197" lon="8.218067" />
      <trkpt lat="48.596137" lon="8.218359" />
      <trkpt lat="48.596063" lon="8.218564" />
      <trkpt lat="48.595622" lon="8.219397" />
      <trkpt lat="48.59549" lon="8.219792" />
      <trkpt lat="48.595004" lon="8.221717" />
      <trkpt lat="48.594947" lon="8.221846" />
      <trkpt lat="48.594848" lon="8.222085" />
      <trkpt lat="48.59454" lon="8.223448" />
      <trkpt lat="48.594414" lon="8.223727" />
      <trkpt lat="48.594293" lon="8.223903" />
      <trkpt lat="48.593703" lon="8.224514" />
      <trkpt lat="48.59266" lon="8.226023" />
      <trkpt lat="48.59237" lon="8.226405" />
      <trkpt lat="48.592317" lon="8.226554" />
      <trkpt lat="48.592129" lon="8.227569" />
      <trkpt lat="48.592028" lon="8.227826" />
      <trkpt lat="48.591889" lon="8.228024" />
      <trkpt lat="48.591728" lon="8.228152" />
      <trkpt lat="48.591418" lon="8.228254" />
      <trkpt lat="48.591044" lon="8.228202" />
      <trkpt lat="48.590868" lon="8.22816" />
      <trkpt lat="48.590586" lon="8.22823" />
      <trkpt lat="48.589709" lon="8.228596" />
      <trkpt lat="48.58936" lon="8.228658" />
      <trkpt lat="48.588994" lon="8.22865" />
      <trkpt lat="48.588516" lon="8.22896" />
      <trkpt lat="48.588424" lon="8.229107" />
      <trkpt lat="48.588402" lon="8.229558" />
      <trkpt lat="48.588451" lon="8.230239" />
      <trkpt lat="48.588679" lon="8.231054" />
      <trkpt lat="48.589329" lon="8.234077" />
      <trkpt lat="48.589672" lon="8.235852" />
      <trkpt lat="48.589692" lon="8.236054" />
      <trkpt lat="48.589669" lon="8.236281" />
      <trkpt lat="48.58963" lon="8.236385" />
      <trkpt lat="48.589554" lon="8.236482" />
      <trkpt lat="48.589498" lon="8.236519" />
      <trkpt lat="48.589334" lon="8.236546" />
      <trkpt lat="48.589025" lon="8.23645" />
      <trkpt lat="48.588935" lon="8.236459" />
      <trkpt lat="48.588712" lon="8.236664" />
      <trkpt lat="48.588595" lon="8.236839" />
      <trkpt lat="48.588533" lon="8.237108" />
      <trkpt lat="48.588563" lon="8.237248" />
      <trkpt lat="48.588673" lon="8.237402" />
      <trkpt lat="48.588824" lon="8.237557" />
      <trkpt lat="48.589304" lon="8.23817" />
      <trkpt lat="48.589438" lon="8.238463" />
      <trkpt lat="48.58992" lon="8.23975" />
      <trkpt lat="48.590034" lon="8.240226" />
      <trkpt lat="48.590034" lon="8.240562" />
      <trkpt lat="48.589978" lon="8.241066" />
      <trkpt lat="48.589935" lon="8.241318" />
      <trkpt lat="48.58982" lon="8.241612" />
      <trkpt lat="48.589725" lon="8.241752" />
      <trkpt lat="48.58963" lon="8.241841" />
      <trkpt lat="48.589483" lon="8.241932" />
      <trkpt lat="48.588985" lon="8.242085" />
      <trkpt lat="48.588808" lon="8.242248" />
      <trkpt lat="48.588744" lon="8.242416" />
      <trkpt lat="48.58875" lon="8.24265" />
      <trkpt lat="48.588803" lon="8.242774" />
      <trkpt lat="48.589227" lon="8.243229" />
      <trkpt lat="48.589428" lon="8.243584" />
      <trkpt lat="48.589539" lon="8.24374" />
      <trkpt lat="48.589609" lon="8.243942" />
      <trkpt lat="48.590014" lon="8.245158" />
      <trkpt lat="48.59011" lon="8.245585" />
      <trkpt lat="48.590089" lon="8.245984" />
      <trkpt lat="48.590025" lon="8.246243" />
      <trkpt lat="48.589902" lon="8.246517" />
      <trkpt lat="48.589815" lon="8.246899" />
      <trkpt lat="48.589795" lon="8.248746" />
      <trkpt lat="48.589732" lon="8.248977" />
      <trkpt lat="48.589627" lon="8.249104" />
      <trkpt lat="48.589519" lon="8.249177" />
      <trkpt lat="48.588716" lon="8.249522" />
      <trkpt lat="48.588452" lon="8.249734" />
      <trkpt lat="48.588357" lon="8.249918" />
      <trkpt lat="48.588321" lon="8.250095" />
      <trkpt lat="48.588339" lon="8.250342" />
      <trkpt lat="48.588482" lon="8.25067" />
      <trkpt lat="48.58865" lon="8.250774" />
      <trkpt lat="48.588934" lon="8.250766" />
      <trkpt lat="48.589005" lon="8.250759" />
      <trkpt lat="48.590182" lon="8.250749" />
      <trkpt lat="48.590525" lon="8.250797" />
      <trkpt lat="48.590844" lon="8.251001" />
      <trkpt lat="48.591036" lon="8.251189" />
      <trkpt lat="48.591259" lon="8.251486" />
      <trkpt lat="48.591465" lon="8.251843" />
      <trkpt lat="48.591742" lon="8.252765" />
      <trkpt lat="48.591761" lon="8.252935" />
      <trkpt lat="48.591773" lon="8.253159" />
      <trkpt lat="48.591747" lon="8.253479" />
      <trkpt lat="48.591763" lon="8.253682" />
      <trkpt lat="48.591801" lon="8.253796" />
      <trkpt lat="48.591847" lon="8.253822" />
      <trkpt lat="48.591742" lon="8.254148" />
      <trkpt lat="48.591598" lon="8.254389" />
      <trkpt lat="48.591204" lon="8.254815" />
      <trkpt lat="48.590861" lon="8.255063" />
      <trkpt lat="48.59063" lon="8.255319" />
      <trkpt lat="48.590485" lon="8.255529" />
      <trkpt lat="48.590409" lon="8.255708" />
      <trkpt lat="48.590319" lon="8.256037" />
      <trkpt lat="48.59021" lon="8.256281" />
      <trkpt lat="48.589819" lon="8.257048" />
      <trkpt lat="48.589564" lon="8.257437" />
      <trkpt lat="48.589444" lon="8.257565" />
      <trkpt lat="48.58894" lon="8.257876" />
      <trkpt lat="48.588839" lon="8.258002" />
      <trkpt lat="48.588797" lon="8.258098" />
      <trkpt lat="48.588786" lon="8.25822" />
      <trkpt lat="48.588821" lon="8.258386" />
      <trkpt lat="48.588927" lon="8.258641" />
      <trkpt lat="48.588966" lon="8.258828" />
      <trkpt lat="48.588979" lon="8.25903" />
      <trkpt lat="48.588958" lon="8.259262" />
      <trkpt lat="48.588886" lon="8.259537" />
      <trkpt lat="48.588505" lon="8.260577" />
      <trkpt lat="48.588397" lon="8.260723" />
      <trkpt lat="48.588006" lon="8.260726" />
      <trkpt lat="48.58788" lon="8.260791" />
      <trkpt lat="48.587801" lon="8.260908" />
      <trkpt lat="48.587759" lon="8.261039" />
      <trkpt lat="48.58777" lon="8.26118" />
      <trkpt lat="48.587911" lon="8.261512" />
      <trkpt lat="48.587984" lon="8.261802" />
      <trkpt lat="48.587989" lon="8.262048" />
      <trkpt lat="48.587923" lon="8.262496" />
      <trkpt lat="48.587944" lon="8.262706" />
      <trkpt lat="48.588016" lon="8.262981" />
      <trkpt lat="48.588053" lon="8.263295" />
      <trkpt lat="48.587981" lon="8.26465" />
      <trkpt lat="48.587869" lon="8.265771" />
      <trkpt lat="48.587794" lon="8.266283" />
      <trkpt lat="48.587786" lon="8.266666" />
      <trkpt lat="48.587846" lon="8.267322" />
      <trkpt lat="48.587878" lon="8.26875" />
      <trkpt lat="48.587823" lon="8.269127" />
      <trkpt lat="48.587742" lon="8.269357" />
      <trkpt lat="48.587494" lon="8.269671" />
      <trkpt lat="48.587154" lon="8.269759" />
      <trkpt lat="48.587101" lon="8.269862" />
      <trkpt lat="48.587102" lon="8.270005" />
      <trkpt lat="48.587146" lon="8.270156" />
      <trkpt lat="48.587262" lon="8.270304" />
      <trkpt lat="48.587636" lon="8.270582" />
      <trkpt lat="48.587805" lon="8.270858" />
      <trkpt lat="48.588066" lon="8.271495" />
      <trkpt lat="48.588324" lon="8.272165" />
      <trkpt lat="48.58841" lon="8.272523" />
      <trkpt lat="48.58839" lon="8.273249" />
      <trkpt lat="48.588496" lon="8.274243" />
      <trkpt lat="48.588481" lon="8.274708" />
      <trkpt lat="48.58825" lon="8.276135" />
      <trkpt lat="48.588172" lon="8.276416" />
      <trkpt lat="48.588035" lon="8.276805" />
      <trkpt lat="48.58768" lon="8.277438" />
      <trkpt lat="48.587615" lon="8.277665" />
      <trkpt lat="48.587671" lon="8.278299" />
      <trkpt lat="48.587643" lon="8.278807" />
      <trkpt lat="48.587541" lon="8.27932" />
      <trkpt lat="48.587407" lon="8.279683" />
      <trkpt lat="48.587255" lon="8.279934" />
      <trkpt lat="48.587171" lon="8.280151" />
      <trkpt lat="48.58699" lon="8.281319" />
      <trkpt lat="48.586982" lon="8.281746" />
      <trkpt lat="48.586897" lon="8.282259" />
      <trkpt lat="48.586712" lon="8.282974" />
      <trkpt lat="48.586513" lon="8.283392" />
      <trkpt lat="48.586399" lon="8.283724" />
      <trkpt lat="48.586332" lon="8.284233" />
      <trkpt lat="48.586336" lon="8.284849" />
      <trkpt lat="48.586309" lon="8.285422" />
      <trkpt lat="48.586253" lon="8.285799" />
      <trkpt lat="48.586165" lon="8.286165" />
      <trkpt lat="48.585947" lon="8.28655" />
      <trkpt lat="48.585892" lon="8.286737" />
      <trkpt lat="48.585917" lon="8.286975" />
      <trkpt lat="48.586065" lon="8.28746" />
      <trkpt lat="48.586095" lon="8.287857" />
      <trkpt lat="48.586091" lon="8.288258" />
      <trkpt lat="48.585977" lon="8.288956" />
      <trkpt lat="48.585914" lon="8.289501" />
      <trkpt lat="48.585836" lon="8.290513" />
      <trkpt lat="48.585824" lon="8.290859" />
      <trkpt lat="48.585916" lon="8.291793" />
      <trkpt lat="48.585918" lon="8.292163" />
      <trkpt lat="48.58585" lon="8.292612" />
      <trkpt lat="48.585844" lon="8.292852" />
      <trkpt lat="48.585955" lon="8.293731" />
      <trkpt lat="48.586225" lon="8.294557" />
      <trkpt lat="48.586268" lon="8.294735" />
      <trkpt lat="48.586348" lon="8.295339" />
      <trkpt lat="48.586508" lon="8.295749" />
      <trkpt lat="48.586681" lon="8.296199" />
      <trkpt lat="48.586867" lon="8.297071" />
      <trkpt lat="48.586939" lon="8.297417" />
      <trkpt lat="48.587136" lon="8.298052" />
      <trkpt lat="48.587204" lon="8.2991" />
      <trkpt lat="48.587399" lon="8.299793" />
      <trkpt lat="48.587427" lon="8.300469" />
      <trkpt lat="48.587483" lon="8.300949" />
      <trkpt lat="48.587579" lon="8.301261" />
      <trkpt lat="48.587964" lon="8.301665" />
      <trkpt lat="48.588201" lon="8.302102" />
      <trkpt lat="48.588339" lon="8.302517" />
      <trkpt lat="48.588286" lon="8.303808" />
      <trkpt lat="48.58811" lon="8.305121" />
      <trkpt lat="48.588114" lon="8.306187" />
      <trkpt lat="48.588182" lon="8.306715" />
      <trkpt lat="48.588272" lon="8.306949" />
      <trkpt lat="48.588892" lon="8.307882" />
      <trkpt lat="48.589117" lon="8.308328" />
      <trkpt lat="48.589212" lon="8.308549" />
      <trkpt lat="48.589279" lon="8.308781" />
      <trkpt lat="48.589278" lon="8.308997" />
      <trkpt lat="48.589204" lon="8.309268" />
      <trkpt lat="48.588819" lon="8.309997" />
      <trkpt lat="48.588511" lon="8.310492" />
      <trkpt lat="48.588407" lon="8.310717" />
      <trkpt lat="48.588352" lon="8.310952" />
      <trkpt lat="48.588269" lon="8.311695" />
      <trkpt lat="48.588263" lon="8.312513" />
      <trkpt lat="48.588322" lon="8.313273" />
      <trkpt lat="48.588409" lon="8.313566" />
      <trkpt lat="48.588649" lon="8.313994" />
      <trkpt lat="48.588818" lon="8.314185" />
      <trkpt lat="48.589156" lon="8.314479" />
      <trkpt lat="48.589244" lon="8.31462" />
      <trkpt lat="48.589271" lon="8.314744" />
      <trkpt lat="48.589274" lon="8.314938" />
      <trkpt lat="48.589214" lon="8.315121" />
      <trkpt lat="48.589104" lon="8.315264" />
      <trkpt lat="48.588935" lon="8.315439" />
      <trkpt lat="48.588602" lon="8.315677" />
      <trkpt lat="48.588471" lon="8.315815" />
      <trkpt lat="48.588264" lon="8.316405" />
      <trkpt lat="48.58802" lon="8.316924" />
      <trkpt lat="48.587952" lon="8.317024" />
      <trkpt lat="48.587829" lon="8.317338" />
      <trkpt lat="48.58762" lon="8.317666" />
      <trkpt lat="48.587559" lon="8.317811" />
      <trkpt lat="48.587518" lon="8.317972" />
      <trkpt lat="48.58749" lon="8.318107" />
      <trkpt lat="48.5875" lon="8.318418" />
      <trkpt lat="48.587565" lon="8.318616" />
      <trkpt lat="48.587977" lon="8.319265" />
      <trkpt lat="48.588109" lon="8.319688" />
      <trkpt lat="48.588355" lon="8.320407" />
      <trkpt lat="48.58853" lon="8.320706" />
      <trkpt lat="48.58879" lon="8.321029" />
      <trkpt lat="48.589473" lon="8.321752" />
      <trkpt lat="48.589727" lon="8.321954" />
      <trkpt lat="48.59041" lon="8.322375" />
      <trkpt lat="48.590564" lon="8.322503" />
      <trkpt lat="48.590743" lon="8.322755" />
      <trkpt lat="48.590817" lon="8.322932" />
      <trkpt lat="48.590865" lon="8.323156" />
      <trkpt lat="48.591045" lon="8.324553" />
      <trkpt lat="48.591065" lon="8.325086" />
      <trkpt lat="48.591029" lon="8.326152" />
      <trkpt lat="48.590987" lon="8.328951" />
      <trkpt lat="48.590985" lon="8.329247" />
      <trkpt lat="48.591025" lon="8.329571" />
      <trkpt lat="48.591147" lon="8.330104" />
      <trkpt lat="48.591363" lon="8.33071" />
      <trkpt lat="48.592638" lon="8.333253" />
      <trkpt lat="48.593008" lon="8.333873" />
      <trkpt lat="48.593868" lon="8.335005" />
      <trkpt lat="48.594024" lon="8.335397" />
      <trkpt lat="48.595027" lon="8.338292" />
      <trkpt lat="48.595143" lon="8.338782" />
      <trkpt lat="48.595368" lon="8.34014" />
      <trkpt lat="48.595822" lon="8.34196" />
      <trkpt lat="48.596044" lon="8.343052" />
      <trkpt lat="48.596143" lon="8.343705" />
      <trkpt lat="48.596664" lon="8.347864" />
      <trkpt lat="48.596889" lon="8.349706" />
      <trkpt lat="48.597129" lon="8.351786" />
      <trkpt lat="48.597242" lon="8.35231" />
      <trkpt lat="48.597416" lon="8.352704" />
      <trkpt lat="48.598608" lon="8.354413" />
      <trkpt lat="48.598737" lon="8.354651" />
      <trkpt lat="48.59889" lon="8.355086" />
      <trkpt lat="48.59898" lon="8.355518" />
      <trkpt lat="48.599153" lon="8.356611" />
      <trkpt lat="48.599249" lon="8.357028" />
      <trkpt lat="48.599368" lon="8.357365" />
      <trkpt lat="48.599618" lon="8.357813" />
      <trkpt lat="48.600021" lon="8.358423" />
      <trkpt lat="48.600324" lon="8.35883" />
      <trkpt lat="48.600599" lon="8.35904" />
      <trkpt lat="48.600859" lon="8.359134" />
      <trkpt lat="48.601053" lon="8.359171" />
      <trkpt lat="48.60183" lon="8.359172" />
      <trkpt lat="48.601918" lon="8.359172" />
      <trkpt lat="48.602122" lon="8.359176" />
      <trkpt lat="48.60274" lon="8.359183" />
      <trkpt lat="48.602803" lon="8.359175" />
      <trkpt lat="48.602984" lon="8.359132" />
      <trkpt lat="48.603299" lon="8.358986" />
      <trkpt lat="48.603492" lon="8.358953" />
      <trkpt lat="48.603709" lon="8.358963" />
      <trkpt lat="48.604015" lon="8.359064" />
      <trkpt lat="48.604729" lon="8.359572" />
      <trkpt lat="48.605289" lon="8.359882" />
      <trkpt lat="48.605992" lon="8.360238" />
      <trkpt lat="48.60611" lon="8.360345" />
      <trkpt lat="48.606179" lon="8.36046" />
      <trkpt lat="48.606296" lon="8.360788" />
      <trkpt lat="48.606415" lon="8.361218" />
      <trkpt lat="48.606507" lon="8.361691" />
      <trkpt lat="48.606615" lon="8.362522" />
      <trkpt lat="48.606651" lon="8.362857" />
      <trkpt lat="48.60671" lon="8.36357" />
      <trkpt lat="48.606695" lon="8.36387" />
      <trkpt lat="48.606555" lon="8.364667" />
      <trkpt lat="48.606506" lon="8.364987" />
      <trkpt lat="48.60644" lon="8.365949" />
      <trkpt lat="48.606445" lon="8.366684" />
      <trkpt lat="48.606401" lon="8.367006" />
      <trkpt lat="48.606347" lon="8.367362" />
      <trkpt lat="48.606247" lon="8.367445" />
      <trkpt lat="48.606326" lon="8.367647" />
      <trkpt lat="48.606363" lon="8.367685" />
      <trkpt lat="48.606392" lon="8.368089" />
      <trkpt lat="48.606402" lon="8.368464" />
      <trkpt lat="48.606429" lon="8.369003" />
      <trkpt lat="48.606566" lon="8.368994" />
      <trkpt lat="48.607082" lon="8.368811" />
      <trkpt lat="48.607347" lon="8.368672" />
      <trkpt lat="48.607962" lon="8.368476" />
      <trkpt lat="48.608442" lon="8.36807" />
      <trkpt lat="48.609269" lon="8.367498" />
      <trkpt lat="48.609556" lon="8.367354" />
      <trkpt lat="48.60991" lon="8.367078" />
      <trkpt lat="48.610211" lon="8.366773" />
      <trkpt lat="48.610765" lon="8.366089" />
      <trkpt lat="48.61102" lon="8.365799" />
      <trkpt lat="48.611445" lon="8.365427" />
      <trkpt lat="48.611573" lon="8.365241" />
      <trkpt lat="48.611843" lon="8.364993" />
      <trkpt lat="48.612156" lon="8.364831" />
      <trkpt lat="48.612801" lon="8.364702" />
      <trkpt lat="48.613588" lon="8.364769" />
      <trkpt lat="48.61403" lon="8.364902" />
      <trkpt lat="48.614556" lon="8.364935" />
      <trkpt lat="48.614988" lon="8.365176" />
      <trkpt lat="48.615154" lon="8.36532" />
      <trkpt lat="48.61529" lon="8.365318" />
      <trkpt lat="48.615488" lon="8.36529" />
      <trkpt lat="48.615568" lon="8.365271" />
      <trkpt lat="48.616101" lon="8.364876" />
      <trkpt lat="48.616845" lon="8.364055" />
      <trkpt lat="48.617267" lon="8.363813" />
      <trkpt lat="48.617688" lon="8.363638" />
      <trkpt lat="48.61841" lon="8.363406" />
      <trkpt lat="48.618639" lon="8.363243" />
      <trkpt lat="48.619116" lon="8.36249" />
      <trkpt lat="48.619193" lon="8.362191" />
      <trkpt lat="48.619245" lon="8.361818" />
      <trkpt lat="48.619316" lon="8.361606" />
      <trkpt lat="48.6197" lon="8.36088" />
      <trkpt lat="48.619899" lon="8.360252" />
      <trkpt lat="48.62006" lon="8.359721" />
      <trkpt lat="48.620359" lon="8.358949" />
      <trkpt lat="48.620647" lon="8.358401" />
      <trkpt lat="48.621624" lon="8.356788" />
      <trkpt lat="48.62185" lon="8.356507" />
      <trkpt lat="48.622193" lon="8.356318" />
      <trkpt lat="48.622681" lon="8.356138" />
      <trkpt lat="48.623186" lon="8.356044" />
      <trkpt lat="48.623509" lon="8.356059" />
      <trkpt lat="48.623837" lon="8.356257" />
      <trkpt lat="48.625021" lon="8.356899" />
      <trkpt lat="48.625189" lon="8.3569" />
      <trkpt lat="48.625543" lon="8.356661" />
      <trkpt lat="48.625661" lon="8.35664" />
      <trkpt lat="48.6259" lon="8.35664" />
      <trkpt lat="48.626069" lon="8.356594" />
      <trkpt lat="48.626311" lon="8.356433" />
      <trkpt lat="48.62668" lon="8.35599" />
      <trkpt lat="48.626841" lon="8.355707" />
      <trkpt lat="48.626979" lon="8.355416" />
      <trkpt lat="48.627161" lon="8.355231" />
      <trkpt lat="48.62738" lon="8.355099" />
      <trkpt lat="48.627675" lon="8.354995" />
      <trkpt lat="48.628138" lon="8.355139" />
      <trkpt lat="48.628587" lon="8.355202" />
      <trkpt lat="48.629588" lon="8.35514" />
      <trkpt lat="48.629988" lon="8.355188" />
      <trkpt lat="48.630431" lon="8.355155" />
      <trkpt lat="48.630971" lon="8.355042" />
      <trkpt lat="48.631241" lon="8.355022" />
      <trkpt lat="48.631481" lon="8.355058" />
      <trkpt lat="48.631692" lon="8.355188" />
      <trkpt lat="48.631815" lon="8.355317" />
      <trkpt lat="48.632155" lon="8.355904" />
      <trkpt lat="48.632453" lon="8.356547" />
      <trkpt lat="48.632773" lon="8.357285" />
      <trkpt lat="48.632866" lon="8.357407" />
      <trkpt lat="48.632971" lon="8.357489" />
      <trkpt lat="48.633319" lon="8.357724" />
      <trkpt lat="48.633468" lon="8.357845" />
      <trkpt lat="48.633645" lon="8.357933" />
      <trkpt lat="48.633842" lon="8.357943" />
      <trkpt lat="48.634078" lon="8.357888" />
      <trkpt lat="48.634459" lon="8.357685" />
      <trkpt lat="48.635696" lon="8.35685" />
      <trkpt lat="48.636057" lon="8.356834" />
      <trkpt lat="48.636147" lon="8.356723" />
      <trkpt lat="48.636288" lon="8.356432" />
      <trkpt lat="48.636636" lon="8.355991" />
      <trkpt lat="48.637414" lon="8.354906" />
      <trkpt lat="48.638281" lon="8.35355" />
      <trkpt lat="48.638565" lon="8.352949" />
      <trkpt lat="48.638885" lon="8.352463" />
      <trkpt lat="48.639118" lon="8.351925" />
      <trkpt lat="48.639164" lon="8.351691" />
      <trkpt lat="48.639172" lon="8.351495" />
      <trkpt lat="48.639124" lon="8.351224" />
      <trkpt lat="48.63914" lon="8.350991" />
      <trkpt lat="48.639218" lon="8.350818" />
      <trkpt lat="48.639331" lon="8.350711" />
      <trkpt lat="48.639474" lon="8.350682" />
      <trkpt lat="48.639603" lon="8.350777" />
      <trkpt lat="48.63981" lon="8.351045" />
      <trkpt lat="48.640158" lon="8.351168" />
      <trkpt lat="48.640727" lon="8.35149" />
      <trkpt lat="48.642191" lon="8.352104" />
      <trkpt lat="48.642679" lon="8.352212" />
      <trkpt lat="48.643378" lon="8.352171" />
      <trkpt lat="48.643855" lon="8.352209" />
      <trkpt lat="48.644314" lon="8.352287" />
      <trkpt lat="48.64597" lon="8.352741" />
      <trkpt lat="48.646457" lon="8.352904" />
      <trkpt lat="48.646601" lon="8.353001" />
      <trkpt lat="48.647602" lon="8.354199" />
      <trkpt lat="48.647991" lon="8.354885" />
      <trkpt lat="48.648635" lon="8.355647" />
      <trkpt lat="48.648771" lon="8.355858" />
      <trkpt lat="48.648949" lon="8.356324" />
      <trkpt lat="48.649104" lon="8.357" />
      <trkpt lat="48.649197" lon="8.357267" />
      <trkpt lat="48.649318" lon="8.357511" />
      <trkpt lat="48.649448" lon="8.35763" />
      <trkpt lat="48.649943" lon="8.357928" />
      <trkpt lat="48.650099" lon="8.358068" />
      <trkpt lat="48.650538" lon="8.358755" />
      <trkpt lat="48.650638" lon="8.358843" />
      <trkpt lat="48.650777" lon="8.358861" />
      <trkpt lat="48.651081" lon="8.358784" />
      <trkpt lat="48.652005" lon="8.358242" />
      <trkpt lat="48.652245" lon="8.357978" />
      <trkpt lat="48.65244" lon="8.357706" />
      <trkpt lat="48.65262" lon="8.357534" />
      <trkpt lat="48.6528" lon="8.357411" />
      <trkpt lat="48.652958" lon="8.357349" />
      <trkpt lat="48.653192" lon="8.35738" />
      <trkpt lat="48.654359" lon="8.3583" />
      <trkpt lat="48.654533" lon="8.358533" />
      <trkpt lat="48.654645" lon="8.358808" />
      <trkpt lat="48.65481" lon="8.359467" />
      <trkpt lat="48.655214" lon="8.36022" />
      <trkpt lat="48.65543" lon="8.36076" />
      <trkpt lat="48.65554" lon="8.361343" />
      <trkpt lat="48.655536" lon="8.361581" />
      <trkpt lat="48.655488" lon="8.361775" />
      <trkpt lat="48.655327" lon="8.362233" />
      <trkpt lat="48.655257" lon="8.362567" />
      <trkpt lat="48.655257" lon="8.362908" />
      <trkpt lat="48.655295" lon="8.363178" />
      <trkpt lat="48.655362" lon="8.363437" />
      <trkpt lat="48.655515" lon="8.36386" />
      <trkpt lat="48.655643" lon="8.36412" />
      <trkpt lat="48.655797" lon="8.364365" />
      <trkpt lat="48.655983" lon="8.364568" />
      <trkpt lat="48.656348" lon="8.364649" />
      <trkpt lat="48.656546" lon="8.364775" />
      <trkpt lat="48.656788" lon="8.364874" />
      <trkpt lat="48.657" lon="8.364853" />
      <trkpt lat="48.657198" lon="8.364716" />
      <trkpt lat="48.657921" lon="8.363795" />
      <trkpt lat="48.658238" lon="8.363088" />
      <trkpt lat="48.6585" lon="8.362875" />
      <trkpt lat="48.658952" lon="8.362766" />
      <trkpt lat="48.65955" lon="8.362535" />
      <trkpt lat="48.659789" lon="8.362544" />
      <trkpt lat="48.660094" lon="8.362625" />
      <trkpt lat="48.660627" lon="8.362607" />
      <trkpt lat="48.660964" lon="8.362664" />
      <trkpt lat="48.661246" lon="8.362618" />
      <trkpt lat="48.661806" lon="8.362369" />
      <trkpt lat="48.662648" lon="8.361824" />
      <trkpt lat="48.662842" lon="8.361764" />
      <trkpt lat="48.663241" lon="8.361824" />
      <trkpt lat="48.66339" lon="8.361908" />
      <trkpt lat="48.66357" lon="8.362113" />
      <trkpt lat="48.663879" lon="8.362652" />
      <trkpt lat="48.66415" lon="8.363258" />
      <trkpt lat="48.664203" lon="8.363448" />
      <trkpt lat="48.664249" lon="8.36376" />
      <trkpt lat="48.664304" lon="8.364281" />
      <trkpt lat="48.664644" lon="8.365421" />
      <trkpt lat="48.664859" lon="8.365692" />
      <trkpt lat="48.665106" lon="8.365858" />
      <trkpt lat="48.665568" lon="8.366099" />
      <trkpt lat="48.665751" lon="8.366078" />
      <trkpt lat="48.666857" lon="8.365472" />
      <trkpt lat="48.666995" lon="8.365336" />
      <trkpt lat="48.667356" lon="8.364766" />
      <trkpt lat="48.667445" lon="8.364715" />
      <trkpt lat="48.667526" lon="8.36471" />
      <trkpt lat="48.66765" lon="8.364796" />
      <trkpt lat="48.667712" lon="8.364841" />
      <trkpt lat="48.66796" lon="8.365019" />
      <trkpt lat="48.668068" lon="8.365046" />
      <trkpt lat="48.668204" lon="8.36502" />
      <trkpt lat="48.668275" lon="8.364891" />
      <trkpt lat="48.668327" lon="8.36452" />
      <trkpt lat="48.668289" lon="8.363518" />
      <trkpt lat="48.668315" lon="8.362968" />
      <trkpt lat="48.668414" lon="8.362627" />
      <trkpt lat="48.668515" lon="8.362388" />
      <trkpt lat="48.66876" lon="8.362097" />
      <trkpt lat="48.668932" lon="8.361949" />
      <trkpt lat="48.669049" lon="8.361713" />
      <trkpt lat="48.669179" lon="8.361053" />
      <trkpt lat="48.669299" lon="8.360604" />
      <trkpt lat="48.669302" lon="8.36038" />
      <trkpt lat="48.669224" lon="8.360154" />
      <trkpt lat="48.669026" lon="8.359911" />
      <trkpt lat="48.668915" lon="8.359669" />
      <trkpt lat="48.66876" lon="8.359192" />
      <trkpt lat="48.668399" lon="8.357833" />
      <trkpt lat="48.668117" lon="8.357306" />
      <trkpt lat="48.667882" lon="8.356749" />
      <trkpt lat="48.667632" lon="8.355919" />
      <trkpt lat="48.667439" lon="8.355411" />
      <trkpt lat="48.667408" lon="8.355236" />
      <trkpt lat="48.667411" lon="8.355106" />
      <trkpt lat="48.667447" lon="8.354982" />
      <trkpt lat="48.667518" lon="8.354888" />
      <trkpt lat="48.667607" lon="8.354856" />
      <trkpt lat="48.667988" lon="8.354864" />
      <trkpt lat="48.668381" lon="8.354906" />
      <trkpt lat="48.669003" lon="8.354842" />
      <trkpt lat="48.669199" lon="8.354903" />
      <trkpt lat="48.669897" lon="8.355303" />
      <trkpt lat="48.670917" lon="8.355861" />
      <trkpt lat="48.671269" lon="8.356098" />
      <trkpt lat="48.67169" lon="8.356451" />
      <trkpt lat="48.672309" lon="8.357111" />
      <trkpt lat="48.672534" lon="8.357386" />
      <trkpt lat="48.672685" lon="8.357723" />
      <trkpt lat="48.673255" lon="8.358544" />
      <trkpt lat="48.674415" lon="8.359831" />
      <trkpt lat="48.674926" lon="8.360501" />
      <trkpt lat="48.675675" lon="8.361287" />
      <trkpt lat="48.676079" lon="8.361607" />
      <trkpt lat="48.676357" lon="8.361754" />
      <trkpt lat="48.676685" lon="8.36189" />
      <trkpt lat="48.677217" lon="8.361988" />
      <trkpt lat="48.678296" lon="8.361892" />
      <trkpt lat="48.679493" lon="8.361415" />
      <trkpt lat="48.679552" lon="8.361364" />
      <trkpt lat="48.679577" lon="8.36128" />
      <trkpt lat="48.679824" lon="8.361195" />
      <trkpt lat="48.680059" lon="8.361103" />
      <trkpt lat="48.680545" lon="8.360932" />
      <trkpt lat="48.680731" lon="8.3609" />
      <trkpt lat="48.680878" lon="8.36095" />
      <trkpt lat="48.680943" lon="8.360934" />
      <trkpt lat="48.681031" lon="8.360837" />
      <trkpt lat="48.680962" lon="8.360737" />
      <trkpt lat="48.680937" lon="8.360653" />
      <trkpt lat="48.680918" lon="8.360447" />
      <trkpt lat="48.680934" lon="8.359823" />
      <trkpt lat="48.680924" lon="8.35966" />
      <trkpt lat="48.681157" lon="8.359684" />
      <trkpt lat="48.681282" lon="8.359664" />
      <trkpt lat="48.681561" lon="8.359499" />
      <trkpt lat="48.681705" lon="8.359348" />
      <trkpt lat="48.681784" lon="8.359196" />
      <trkpt lat="48.681829" lon="8.359048" />
      <trkpt lat="48.681846" lon="8.358906" />
      <trkpt lat="48.6818" lon="8.358646" />
      <trkpt lat="48.681579" lon="8.358117" />
      <trkpt lat="48.681547" lon="8.357989" />
      <trkpt lat="48.681526" lon="8.35764" />
      <trkpt lat="48.681561" lon="8.357506" />
      <trkpt lat="48.681616" lon="8.357428" />
      <trkpt lat="48.681676" lon="8.357396" />
      <trkpt lat="48.681809" lon="8.357439" />
      <trkpt lat="48.681862" lon="8.3575" />
      <trkpt lat="48.681933" lon="8.357326" />
      <trkpt lat="48.681841" lon="8.356725" />
      <trkpt lat="48.682611" lon="8.356412" />
      <trkpt lat="48.682978" lon="8.356277" />
      <trkpt lat="48.683206" lon="8.356096" />
      <trkpt lat="48.683286" lon="8.356069" />
      <trkpt lat="48.683524" lon="8.356311" />
      <trkpt lat="48.683776" lon="8.356427" />
      <trkpt lat="48.684188" lon="8.356243" />
      <trkpt lat="48.684349" lon="8.356132" />
      <trkpt lat="48.684524" lon="8.355929" />
      <trkpt lat="48.684586" lon="8.355784" />
      <trkpt lat="48.684625" lon="8.355593" />
      <trkpt lat="48.684622" lon="8.354832" />
      <trkpt lat="48.684697" lon="8.354555" />
      <trkpt lat="48.685145" lon="8.353834" />
      <trkpt lat="48.685425" lon="8.353327" />
      <trkpt lat="48.685723" lon="8.352954" />
      <trkpt lat="48.685905" lon="8.352638" />
      <trkpt lat="48.686003" lon="8.35231" />
      <trkpt lat="48.686139" lon="8.351323" />
      <trkpt lat="48.686197" lon="8.351192" />
      <trkpt lat="48.686279" lon="8.35109" />
      <trkpt lat="48.686507" lon="8.350875" />
      <trkpt lat="48.686677" lon="8.350835" />
      <trkpt lat="48.68678" lon="8.350897" />
      <trkpt lat="48.686945" lon="8.351079" />
      <trkpt lat="48.687053" lon="8.35108" />
      <trkpt lat="48.687108" lon="8.351049" />
      <trkpt lat="48.687491" lon="8.350707" />
      <trkpt lat="48.687916" lon="8.350468" />
      <trkpt lat="48.688036" lon="8.350436" />
      <trkpt lat="48.688232" lon="8.350463" />
      <trkpt lat="48.688364" lon="8.350428" />
      <trkpt lat="48.689035" lon="8.349778" />
      <trkpt lat="48.689166" lon="8.349614" />
      <trkpt lat="48.689325" lon="8.349079" />
      <trkpt lat="48.689533" lon="8.34879" />
      <trkpt lat="48.689569" lon="8.34871" />
      <trkpt lat="48.689645" lon="8.348332" />
      <trkpt lat="48.689894" lon="8.34786" />
      <trkpt lat="48.689904" lon="8.347752" />
      <trkpt lat="48.689828" lon="8.347382" />
      <trkpt lat="48.689826" lon="8.347232" />
      <trkpt lat="48.689999" lon="8.34628" />
      <trkpt lat="48.690103" lon="8.345846" />
      <trkpt lat="48.690195" lon="8.345615" />
      <trkpt lat="48.690494" lon="8.345035" />
      <trkpt lat="48.690596" lon="8.344916" />
      <trkpt lat="48.690717" lon="8.34486" />
      <trkpt lat="48.690931" lon="8.344792" />
      <trkpt lat="48.69112" lon="8.344425" />
      <trkpt lat="48.691493" lon="8.344017" />
      <trkpt lat="48.691615" lon="8.343941" />
      <trkpt lat="48.691814" lon="8.343909" />
      <trkpt lat="48.691967" lon="8.343833" />
      <trkpt lat="48.692077" lon="8.34369" />
      <trkpt lat="48.692209" lon="8.343395" />
      <trkpt lat="48.692262" lon="8.343333" />
      <trkpt lat="48.692684" lon="8.343063" />
      <trkpt lat="48.693153" lon="8.342508" />
      <trkpt lat="48.6932" lon="8.342359" />
      <trkpt lat="48.69322" lon="8.342162" />
      <trkpt lat="48.693328" lon="8.341852" />
      <trkpt lat="48.693516" lon="8.341541" />
      <trkpt lat="48.693621" lon="8.341426" />
      <trkpt lat="48.69385" lon="8.341284" />
      <trkpt lat="48.694045" lon="8.341262" />
      <trkpt lat="48.694303" lon="8.341319" />
      <trkpt lat="48.694359" lon="8.34134" />
      <trkpt lat="48.694608" lon="8.341493" />
      <trkpt lat="48.694678" lon="8.341506" />
      <trkpt lat="48.694792" lon="8.341453" />
      <trkpt lat="48.694947" lon="8.341287" />
      <trkpt lat="48.695095" lon="8.341147" />
      <trkpt lat="48.695328" lon="8.341002" />
      <trkpt lat="48.695525" lon="8.340983" />
      <trkpt lat="48.695698" lon="8.3409" />
      <trkpt lat="48.695953" lon="8.340694" />
      <trkpt lat="48.696353" lon="8.34045" />
      <trkpt lat="48.696484" lon="8.34023" />
      <trkpt lat="48.696605" lon="8.339851" />
      <trkpt lat="48.696927" lon="8.338108" />
      <trkpt lat="48.696941" lon="8.337893" />
      <trkpt lat="48.696906" lon="8.337521" />
      <trkpt lat="48.696918" lon="8.337368" />
      <trkpt lat="48.696996" lon="8.33714" />
      <trkpt lat="48.697155" lon="8.336982" />
      <trkpt lat="48.697256" lon="8.336955" />
      <trkpt lat="48.697803" lon="8.337097" />
      <trkpt lat="48.697993" lon="8.337075" />
      <trkpt lat="48.698202" lon="8.336909" />
      <trkpt lat="48.698616" lon="8.336383" />
      <trkpt lat="48.698832" lon="8.336078" />
      <trkpt lat="48.699062" lon="8.335673" />
      <trkpt lat="48.699133" lon="8.335386" />
      <trkpt lat="48.699113" lon="8.335225" />
      <trkpt lat="48.699039" lon="8.335026" />
      <trkpt lat="48.698703" lon="8.334468" />
      <trkpt lat="48.698676" lon="8.334313" />
      <trkpt lat="48.698681" lon="8.334168" />
      <trkpt lat="48.698729" lon="8.334036" />
      <trkpt lat="48.699074" lon="8.333564" />
      <trkpt lat="48.699154" lon="8.333363" />
      <trkpt lat="48.699205" lon="8.333092" />
      <trkpt lat="48.69928" lon="8.332899" />
      <trkpt lat="48.699374" lon="8.332754" />
      <trkpt lat="48.699476" lon="8.332655" />
      <trkpt lat="48.699699" lon="8.332534" />
      <trkpt lat="48.699793" lon="8.332443" />
      <trkpt lat="48.699871" lon="8.332315" />
      <trkpt lat="48.699933" lon="8.3321" />
      <trkpt lat="48.69999" lon="8.331706" />
      <trkpt lat="48.700139" lon="8.330986" />
      <trkpt lat="48.700476" lon="8.330037" />
      <trkpt lat="48.700584" lon="8.329289" />
      <trkpt lat="48.70059" lon="8.32834" />
      <trkpt lat="48.700611" lon="8.328235" />
      <trkpt lat="48.700653" lon="8.32816" />
      <trkpt lat="48.70076" lon="8.328074" />
      <trkpt lat="48.700989" lon="8.328104" />
      <trkpt lat="48.701289" lon="8.328216" />
      <trkpt lat="48.701694" lon="8.328074" />
      <trkpt lat="48.701827" lon="8.327897" />
      <trkpt lat="48.701988" lon="8.32747" />
      <trkpt lat="48.702455" lon="8.326693" />
      <trkpt lat="48.702624" lon="8.326355" />
      <trkpt lat="48.702893" lon="8.325987" />
      <trkpt lat="48.702988" lon="8.325915" />
      <trkpt lat="48.703454" lon="8.325724" />
      <trkpt lat="48.703533" lon="8.325716" />
      <trkpt lat="48.703613" lon="8.325765" />
      <trkpt lat="48.70367" lon="8.32585" />
      <trkpt lat="48.703705" lon="8.32599" />
      <trkpt lat="48.703833" lon="8.32735" />
      <trkpt lat="48.703842" lon="8.327948" />
      <trkpt lat="48.70388" lon="8.328122" />
      <trkpt lat="48.703941" lon="8.32823" />
      <trkpt lat="48.704004" lon="8.32828" />
      <trkpt lat="48.70421" lon="8.328318" />
      <trkpt lat="48.704482" lon="8.32823" />
      <trkpt lat="48.705043" lon="8.328187" />
      <trkpt lat="48.705127" lon="8.328235" />
      <trkpt lat="48.705284" lon="8.328441" />
      <trkpt lat="48.705376" lon="8.328492" />
      <trkpt lat="48.705473" lon="8.328492" />
      <trkpt lat="48.705616" lon="8.328438" />
      <trkpt lat="48.705803" lon="8.328285" />
      <trkpt lat="48.706027" lon="8.327862" />
      <trkpt lat="48.706102" lon="8.327776" />
      <trkpt lat="48.706175" lon="8.327744" />
      <trkpt lat="48.706251" lon="8.327755" />
      <trkpt lat="48.70655" lon="8.327999" />
      <trkpt lat="48.706628" lon="8.328101" />
      <trkpt lat="48.706691" lon="8.328256" />
      <trkpt lat="48.706728" lon="8.328417" />
      <trkpt lat="48.706831" lon="8.329345" />
      <trkpt lat="48.706904" lon="8.329765" />
      <trkpt lat="48.706979" lon="8.329968" />
      <trkpt lat="48.707079" lon="8.330102" />
      <trkpt lat="48.707194" lon="8.330198" />
      <trkpt lat="48.707681" lon="8.330357" />
      <trkpt lat="48.708019" lon="8.330416" />
      <trkpt lat="48.708522" lon="8.330389" />
      <trkpt lat="48.708668" lon="8.330319" />
      <trkpt lat="48.709213" lon="8.329833" />
      <trkpt lat="48.709302" lon="8.329809" />
      <trkpt lat="48.709417" lon="8.329871" />
      <trkpt lat="48.70949" lon="8.330059" />
      <trkpt lat="48.70952" lon="8.330598" />
      <trkpt lat="48.709608" lon="8.330839" />
      <trkpt lat="48.709681" lon="8.33093" />
      <trkpt lat="48.709803" lon="8.330971" />
      <trkpt lat="48.710214" lon="8.331011" />
      <trkpt lat="48.710346" lon="8.331062" />
      <trkpt lat="48.710468" lon="8.331193" />
      <trkpt lat="48.710497" lon="8.331427" />
      <trkpt lat="48.710431" lon="8.331762" />
      <trkpt lat="48.710438" lon="8.332111" />
      <trkpt lat="48.710483" lon="8.332258" />
      <trkpt lat="48.710569" lon="8.332416" />
      <trkpt lat="48.710746" lon="8.33265" />
      <trkpt lat="48.710782" lon="8.332765" />
      <trkpt lat="48.710792" lon="8.333905" />
      <trkpt lat="48.710858" lon="8.334492" />
      <trkpt lat="48.710835" lon="8.334686" />
      <trkpt lat="48.710785" lon="8.334852" />
      <trkpt lat="48.710716" lon="8.334986" />
      <trkpt lat="48.710633" lon="8.335077" />
      <trkpt lat="48.71055" lon="8.33512" />
      <trkpt lat="48.710316" lon="8.335005" />
      <trkpt lat="48.710182" lon="8.335016" />
      <trkpt lat="48.710134" lon="8.335057" />
      <trkpt lat="48.71009" lon="8.335241" />
      <trkpt lat="48.710111" lon="8.335345" />
      <trkpt lat="48.710155" lon="8.335423" />
      <trkpt lat="48.710302" lon="8.335493" />
      <trkpt lat="48.710392" lon="8.335477" />
      <trkpt lat="48.710631" lon="8.335345" />
      <trkpt lat="48.710964" lon="8.335061" />
      <trkpt lat="48.711044" lon="8.334924" />
      <trkpt lat="48.711109" lon="8.334734" />
      <trkpt lat="48.711146" lon="8.334503" />
      <trkpt lat="48.711268" lon="8.332596" />
      <trkpt lat="48.71113" lon="8.332019" />
      <trkpt lat="48.711114" lon="8.331751" />
      <trkpt lat="48.711262" lon="8.331126" />
      <trkpt lat="48.711284" lon="8.330893" />
      <trkpt lat="48.71124" lon="8.330685" />
      <trkpt lat="48.711086" lon="8.330421" />
      <trkpt lat="48.710943" lon="8.330311" />
      <trkpt lat="48.710758" lon="8.330284" />
      <trkpt lat="48.71064" lon="8.330167" />
      <trkpt lat="48.710614" lon="8.329981" />
      <trkpt lat="48.710636" lon="8.32986" />
      <trkpt lat="48.710793" lon="8.32958" />
      <trkpt lat="48.710867" lon="8.329434" />
      <trkpt lat="48.710895" lon="8.329302" />
      <trkpt lat="48.710892" lon="8.32917" />
      <trkpt lat="48.710856" lon="8.329048" />
      <trkpt lat="48.710789" lon="8.328935" />
      <trkpt lat="48.710541" lon="8.328779" />
      <trkpt lat="48.709971" lon="8.327808" />
      <trkpt lat="48.709484" lon="8.327189" />
      <trkpt lat="48.709413" lon="8.327138" />
      <trkpt lat="48.709261" lon="8.327127" />
      <trkpt lat="48.708741" lon="8.327527" />
      <trkpt lat="48.70868" lon="8.327533" />
      <trkpt lat="48.708571" lon="8.327434" />
      <trkpt lat="48.708536" lon="8.32731" />
      <trkpt lat="48.708523" lon="8.3271" />
      <trkpt lat="48.708532" lon="8.326639" />
      <trkpt lat="48.708651" lon="8.324879" />
      <trkpt lat="48.708642" lon="8.324659" />
      <trkpt lat="48.708569" lon="8.32426" />
      <trkpt lat="48.708427" lon="8.323931" />
      <trkpt lat="48.708274" lon="8.323729" />
      <trkpt lat="48.707732" lon="8.323241" />
      <trkpt lat="48.707527" lon="8.322951" />
      <trkpt lat="48.707428" lon="8.322739" />
      <trkpt lat="48.707329" lon="8.322307" />
      <trkpt lat="48.707285" lon="8.321372" />
      <trkpt lat="48.707291" lon="8.321097" />
      <trkpt lat="48.707341" lon="8.320656" />
      <trkpt lat="48.707365" lon="8.320477" />
      <trkpt lat="48.707389" lon="8.320277" />
      <trkpt lat="48.707423" lon="8.320034" />
      <trkpt lat="48.707445" lon="8.319703" />
      <trkpt lat="48.707428" lon="8.319123" />
      <trkpt lat="48.707373" lon="8.318783" />
      <trkpt lat="48.707139" lon="8.317965" />
      <trkpt lat="48.707015" lon="8.317273" />
      <trkpt lat="48.706882" lon="8.316712" />
      <trkpt lat="48.706769" lon="8.316446" />
      <trkpt lat="48.706624" lon="8.316192" />
      <trkpt lat="48.706309" lon="8.315683" />
      <trkpt lat="48.706258" lon="8.315535" />
      <trkpt lat="48.706238" lon="8.315371" />
      <trkpt lat="48.706258" lon="8.315234" />
      <trkpt lat="48.706309" lon="8.315122" />
      <trkpt lat="48.706521" lon="8.314829" />
      <trkpt lat="48.706741" lon="8.314577" />
      <trkpt lat="48.707355" lon="8.314145" />
      <trkpt lat="48.707465" lon="8.314041" />
      <trkpt lat="48.707599" lon="8.313762" />
      <trkpt lat="48.707638" lon="8.313611" />
      <trkpt lat="48.707644" lon="8.313434" />
      <trkpt lat="48.707562" lon="8.313115" />
      <trkpt lat="48.707465" lon="8.312976" />
      <trkpt lat="48.707206" lon="8.312764" />
      <trkpt lat="48.707157" lon="8.312686" />
      <trkpt lat="48.70712" lon="8.31256" />
      <trkpt lat="48.707114" lon="8.312413" />
      <trkpt lat="48.707144" lon="8.312295" />
      <trkpt lat="48.707405" lon="8.31194" />
      <trkpt lat="48.70754" lon="8.311452" />
      <trkpt lat="48.707599" lon="8.311393" />
      <trkpt lat="48.707757" lon="8.311385" />
      <trkpt lat="48.707831" lon="8.311431" />
      <trkpt lat="48.708015" lon="8.311686" />
      <trkpt lat="48.708125" lon="8.311766" />
      <trkpt lat="48.708268" lon="8.311822" />
      <trkpt lat="48.708435" lon="8.311809" />
      <trkpt lat="48.708714" lon="8.311777" />
      <trkpt lat="48.708939" lon="8.311683" />
      <trkpt lat="48.709148" lon="8.311549" />
      <trkpt lat="48.709426" lon="8.311291" />
      <trkpt lat="48.709658" lon="8.311163" />
      <trkpt lat="48.709966" lon="8.311082" />
      <trkpt lat="48.710084" lon="8.311082" />
      <trkpt lat="48.710237" lon="8.311117" />
      <trkpt lat="48.710489" lon="8.311272" />
      <trkpt lat="48.71109" lon="8.311879" />
      <trkpt lat="48.711594" lon="8.312179" />
      <trkpt lat="48.711739" lon="8.312241" />
      <trkpt lat="48.711863" lon="8.312254" />
      <trkpt lat="48.712021" lon="8.312233" />
      <trkpt lat="48.71215" lon="8.312174" />
      <trkpt lat="48.712441" lon="8.311988" />
      <trkpt lat="48.712913" lon="8.311518" />
      <trkpt lat="48.713075" lon="8.311432" />
      <trkpt lat="48.713542" lon="8.311338" />
      <trkpt lat="48.713758" lon="8.311348" />
      <trkpt lat="48.71405" lon="8.311443" />
      <trkpt lat="48.714339" lon="8.311598" />
      <trkpt lat="48.714715" lon="8.31194" />
      <trkpt lat="48.714827" lon="8.312103" />
      <trkpt lat="48.715054" lon="8.312654" />
      <trkpt lat="48.715097" lon="8.312756" />
      <trkpt lat="48.715351" lon="8.312946" />
      <trkpt lat="48.71592" lon="8.313169" />
      <trkpt lat="48.71605" lon="8.313162" />
      <trkpt lat="48.716279" lon="8.313038" />
      <trkpt lat="48.716551" lon="8.31281" />
      <trkpt lat="48.71666" lon="8.312627" />
      <trkpt lat="48.716715" lon="8.312402" />
      <trkpt lat="48.716748" lon="8.312083" />
      <trkpt lat="48.716808" lon="8.311934" />
      <trkpt lat="48.716911" lon="8.311869" />
      <trkpt lat="48.717043" lon="8.311899" />
      <trkpt lat="48.717139" lon="8.312035" />
      <trkpt lat="48.717199" lon="8.312181" />
      <trkpt lat="48.717287" lon="8.312553" />
      <trkpt lat="48.717371" lon="8.312736" />
      <trkpt lat="48.717482" lon="8.312842" />
      <trkpt lat="48.717931" lon="8.312956" />
      <trkpt lat="48.718516" lon="8.313294" />
      <trkpt lat="48.718964" lon="8.313348" />
      <trkpt lat="48.719153" lon="8.31332" />
      <trkpt lat="48.719669" lon="8.312931" />
      <trkpt lat="48.719854" lon="8.312897" />
      <trkpt lat="48.72006" lon="8.312918" />
      <trkpt lat="48.720454" lon="8.313082" />
      <trkpt lat="48.7206" lon="8.313082" />
      <trkpt lat="48.720855" lon="8.312952" />
      <trkpt lat="48.721008" lon="8.312942" />
      <trkpt lat="48.721226" lon="8.313029" />
      <trkpt lat="48.721569" lon="8.313236" />
      <trkpt lat="48.722009" lon="8.313602" />
      <trkpt lat="48.722205" lon="8.313716" />
      <trkpt lat="48.722535" lon="8.313779" />
      <trkpt lat="48.72267" lon="8.31376" />
      <trkpt lat="48.723016" lon="8.313367" />
      <trkpt lat="48.723175" lon="8.313261" />
      <trkpt lat="48.723768" lon="8.31297" />
      <trkpt lat="48.723932" lon="8.312854" />
      <trkpt lat="48.724286" lon="8.312345" />
      <trkpt lat="48.724438" lon="8.312209" />
      <trkpt lat="48.724587" lon="8.312154" />
      <trkpt lat="48.724869" lon="8.312115" />
      <trkpt lat="48.725393" lon="8.311946" />
      <trkpt lat="48.725806" lon="8.311908" />
      <trkpt lat="48.725883" lon="8.311856" />
      <trkpt lat="48.725982" lon="8.311711" />
      <trkpt lat="48.726061" lon="8.311645" />
      <trkpt lat="48.726162" lon="8.311648" />
      <trkpt lat="48.726521" lon="8.311863" />
      <trkpt lat="48.726926" lon="8.312023" />
      <trkpt lat="48.727186" lon="8.312067" />
      <trkpt lat="48.727922" lon="8.31171" />
      <trkpt lat="48.728876" lon="8.311732" />
      <trkpt lat="48.729134" lon="8.311635" />
      <trkpt lat="48.729332" lon="8.311495" />
      <trkpt lat="48.729918" lon="8.310975" />
      <trkpt lat="48.730776" lon="8.310068" />
      <trkpt lat="48.731154" lon="8.309714" />
      <trkpt lat="48.731416" lon="8.309532" />
      <trkpt lat="48.73165" lon="8.309451" />
      <trkpt lat="48.732196" lon="8.309361" />
      <trkpt lat="48.732886" lon="8.309069" />
      <trkpt lat="48.733288" lon="8.309052" />
      <trkpt lat="48.733406" lon="8.309018" />
      <trkpt lat="48.733888" lon="8.30877" />
      <trkpt lat="48.734095" lon="8.308599" />
      <trkpt lat="48.734208" lon="8.308461" />
      <trkpt lat="48.734303" lon="8.308207" />
      <trkpt lat="48.734542" lon="8.307355" />
      <trkpt lat="48.734869" lon="8.30688" />
      <trkpt lat="48.735161" lon="8.306186" />
      <trkpt lat="48.735326" lon="8.305478" />
      <trkpt lat="48.735421" lon="8.303931" />
      <trkpt lat="48.735416" lon="8.303605" />
      <trkpt lat="48.73534" lon="8.302599" />
      <trkpt lat="48.7354" lon="8.301816" />
      <trkpt lat="48.735498" lon="8.301141" />
      <trkpt lat="48.735565" lon="8.300899" />
      <trkpt lat="48.735587" lon="8.300819" />
      <trkpt lat="48.735613" lon="8.300721" />
      <trkpt lat="48.735678" lon="8.300544" />
      <trkpt lat="48.735722" lon="8.300421" />
      <trkpt lat="48.735867" lon="8.299986" />
      <trkpt lat="48.735956" lon="8.299814" />
      <trkpt lat="48.736081" lon="8.299696" />
      <trkpt lat="48.736359" lon="8.299527" />
      <trkpt lat="48.736607" lon="8.299299" />
      <trkpt lat="48.736799" lon="8.298945" />
      <trkpt lat="48.73695" lon="8.298232" />
      <trkpt lat="48.737135" lon="8.297845" />
      <trkpt lat="48.737252" lon="8.297446" />
      <trkpt lat="48.737361" lon="8.296667" />
      <trkpt lat="48.737403" lon="8.296451" />
      <trkpt lat="48.737503" lon="8.296287" />
      <trkpt lat="48.738119" lon="8.295866" />
      <trkpt lat="48.738432" lon="8.295689" />
      <trkpt lat="48.738543" lon="8.29549" />
      <trkpt lat="48.738568" lon="8.29519" />
      <trkpt lat="48.738551" lon="8.295037" />
      <trkpt lat="48.738409" lon="8.294514" />
      <trkpt lat="48.738343" lon="8.294053" />
      <trkpt lat="48.738312" lon="8.293683" />
      <trkpt lat="48.738301" lon="8.292814" />
      <trkpt lat="48.73836" lon="8.292205" />
      <trkpt lat="48.738487" lon="8.291376" />
      <trkpt lat="48.738553" lon="8.290765" />
      <trkpt lat="48.738566" lon="8.290641" />
      <trkpt lat="48.738713" lon="8.290054" />
      <trkpt lat="48.738823" lon="8.289813" />
      <trkpt lat="48.738878" lon="8.289939" />
      <trkpt lat="48.739082" lon="8.29015" />
      <trkpt lat="48.739299" lon="8.290239" />
      <trkpt lat="48.739467" lon="8.290256" />
      <trkpt lat="48.739929" lon="8.290197" />
      <trkpt lat="48.740097" lon="8.290251" />
      <trkpt lat="48.740266" lon="8.290371" />
      <trkpt lat="48.741389" lon="8.291467" />
      <trkpt lat="48.742432" lon="8.292307" />
      <trkpt lat="48.742828" lon="8.292628" />
      <trkpt lat="48.743268" lon="8.293113" />
      <trkpt lat="48.743754" lon="8.293797" />
      <trkpt lat="48.74406" lon="8.294264" />
      <trkpt lat="48.744535" lon="8.295067" />
      <trkpt lat="48.74484" lon="8.295703" />
      <trkpt lat="48.745097" lon="8.296389" />
      <trkpt lat="48.745275" lon="8.296765" />
      <trkpt lat="48.74552" lon="8.297079" />
      <trkpt lat="48.745701" lon="8.297174" />
      <trkpt lat="48.745788" lon="8.297158" />
      <trkpt lat="48.745863" lon="8.297098" />
      <trkpt lat="48.745913" lon="8.297" />
      <trkpt lat="48.745936" lon="8.296754" />
      <trkpt lat="48.74588" lon="8.296356" />
      <trkpt lat="48.7459" lon="8.296086" />
      <trkpt lat="48.74613" lon="8.295503" />
      <trkpt lat="48.74612" lon="8.295323" />
      <trkpt lat="48.746078" lon="8.295138" />
      <trkpt lat="48.745781" lon="8.294625" />
      <trkpt lat="48.745479" lon="8.294307" />
      <trkpt lat="48.74547" lon="8.294228" />
      <trkpt lat="48.745517" lon="8.294104" />
      <trkpt lat="48.745604" lon="8.294082" />
      <trkpt lat="48.745643" lon="8.294107" />
      <trkpt lat="48.745879" lon="8.294558" />
      <trkpt lat="48.746048" lon="8.294778" />
      <trkpt lat="48.746401" lon="8.295102" />
      <trkpt lat="48.746507" lon="8.29536" />
      <trkpt lat="48.746621" lon="8.296118" />
      <trkpt lat="48.746738" lon="8.296598" />
      <trkpt lat="48.746841" lon="8.296836" />
      <trkpt lat="48.747116" lon="8.297155" />
      <trkpt lat="48.747318" lon="8.297286" />
      <trkpt lat="48.747681" lon="8.297446" />
      <trkpt lat="48.747926" lon="8.297613" />
      <trkpt lat="48.748165" lon="8.297837" />
      <trkpt lat="48.748297" lon="8.298079" />
      <trkpt lat="48.74828" lon="8.298292" />
      <trkpt lat="48.748203" lon="8.298434" />
      <trkpt lat="48.747928" lon="8.2988" />
      <trkpt lat="48.747678" lon="8.299271" />
      <trkpt lat="48.747427" lon="8.299834" />
      <trkpt lat="48.747123" lon="8.300635" />
      <trkpt lat="48.746957" lon="8.301151" />
      <trkpt lat="48.746861" lon="8.30155" />
      <trkpt lat="48.746886" lon="8.301717" />
      <trkpt lat="48.747268" lon="8.302478" />
      <trkpt lat="48.747635" lon="8.303174" />
      <trkpt lat="48.747796" lon="8.303413" />
      <trkpt lat="48.747953" lon="8.303564" />
      <trkpt lat="48.748201" lon="8.303739" />
      <trkpt lat="48.748609" lon="8.303866" />
      <trkpt lat="48.748753" lon="8.303872" />
      <trkpt lat="48.748908" lon="8.303789" />
      <trkpt lat="48.749078" lon="8.303584" />
      <trkpt lat="48.749325" lon="8.303191" />
      <trkpt lat="48.74949" lon="8.303005" />
      <trkpt lat="48.749617" lon="8.302937" />
      <trkpt lat="48.749749" lon="8.302928" />
      <trkpt lat="48.749916" lon="8.303055" />
      <trkpt lat="48.749981" lon="8.303155" />
      <trkpt lat="48.750024" lon="8.303334" />
      <trkpt lat="48.750021" lon="8.303476" />
      <trkpt lat="48.749848" lon="8.305228" />
      <trkpt lat="48.749872" lon="8.305672" />
      <trkpt lat="48.749946" lon="8.306015" />
      <trkpt lat="48.750063" lon="8.306315" />
      <trkpt lat="48.750382" lon="8.306935" />
      <trkpt lat="48.750627" lon="8.307233" />
      <trkpt lat="48.750997" lon="8.307544" />
      <trkpt lat="48.751289" lon="8.307734" />
      <trkpt lat="48.751651" lon="8.307857" />
      <trkpt lat="48.751866" lon="8.308048" />
      <trkpt lat="48.752234" lon="8.308583" />
      <trkpt lat="48.752524" lon="8.309124" />
      <trkpt lat="48.75279" lon="8.309685" />
      <trkpt lat="48.753123" lon="8.310548" />
      <trkpt lat="48.75343" lon="8.311241" />
      <trkpt lat="48.753589" lon="8.311503" />
      <trkpt lat="48.753709" lon="8.311686" />
      <trkpt lat="48.753794" lon="8.311933" />
      <trkpt lat="48.753867" lon="8.312409" />
      <trkpt lat="48.754584" lon="8.314434" />
      <trkpt lat="48.75466" lon="8.314706" />
      <trkpt lat="48.75484" lon="8.315827" />
      <trkpt lat="48.754912" lon="8.316868" />
      <trkpt lat="48.754946" lon="8.317103" />
      <trkpt lat="48.755031" lon="8.317315" />
      <trkpt lat="48.755142" lon="8.317478" />
      <trkpt lat="48.755362" lon="8.3176" />
      <trkpt lat="48.75571" lon="8.317448" />
      <trkpt lat="48.755814" lon="8.31743" />
      <trkpt lat="48.755899" lon="8.317486" />
      <trkpt lat="48.755946" lon="8.317589" />
      <trkpt lat="48.755954" lon="8.317742" />
      <trkpt lat="48.755885" lon="8.317962" />
      <trkpt lat="48.755861" lon="8.318241" />
      <trkpt lat="48.755932" lon="8.318375" />
      <trkpt lat="48.7564" lon="8.318883" />
      <trkpt lat="48.756589" lon="8.319087" />
      <trkpt lat="48.756698" lon="8.31915" />
      <trkpt lat="48.75692" lon="8.319126" />
      <trkpt lat="48.75731" lon="8.318642" />
      <trkpt lat="48.75741" lon="8.318567" />
      <trkpt lat="48.757497" lon="8.31857" />
      <trkpt lat="48.757565" lon="8.318659" />
      <trkpt lat="48.75759" lon="8.318763" />
      <trkpt lat="48.757593" lon="8.319082" />
      <trkpt lat="48.757619" lon="8.319221" />
      <trkpt lat="48.757673" lon="8.319355" />
      <trkpt lat="48.757745" lon="8.319457" />
      <trkpt lat="48.757846" lon="8.319542" />
      <trkpt lat="48.758138" lon="8.319666" />
      <trkpt lat="48.758443" lon="8.319747" />
      <trkpt lat="48.758815" lon="8.319772" />
      <trkpt lat="48.758984" lon="8.319725" />
      <trkpt lat="48.759325" lon="8.319409" />
      <trkpt lat="48.759446" lon="8.319349" />
      <trkpt lat="48.759546" lon="8.319395" />
      <trkpt lat="48.759603" lon="8.319527" />
      <trkpt lat="48.759659" lon="8.319923" />
      <trkpt lat="48.759778" lon="8.320179" />
      <trkpt lat="48.759925" lon="8.320301" />
      <trkpt lat="48.760291" lon="8.320323" />
      <trkpt lat="48.760397" lon="8.320498" />
      <trkpt lat="48.76041" lon="8.320633" />
      <trkpt lat="48.760438" lon="8.320825" />
      <trkpt lat="48.760496" lon="8.32102" />
      <trkpt lat="48.761302" lon="8.322586" />
      <trkpt lat="48.76149" lon="8.32298" />
      <trkpt lat="48.761637" lon="8.323386" />
      <trkpt lat="48.76183" lon="8.324282" />
      <trkpt lat="48.762067" lon="8.325459" />
      <trkpt lat="48.762291" lon="8.326595" />
      <trkpt lat="48.762362" lon="8.327452" />
      <trkpt lat="48.762701" lon="8.329462" />
      <trkpt lat="48.762713" lon="8.329645" />
      <trkpt lat="48.762667" lon="8.330401" />
      <trkpt lat="48.762639" lon="8.330918" />
      <trkpt lat="48.762652" lon="8.331257" />
      <trkpt lat="48.762656" lon="8.33138" />
      <trkpt lat="48.762665" lon="8.331517" />
      <trkpt lat="48.76269" lon="8.331716" />
      <trkpt lat="48.762707" lon="8.331767" />
      <trkpt lat="48.762728" lon="8.33181" />
      <trkpt lat="48.762871" lon="8.332085" />
      <trkpt lat="48.762916" lon="8.33222" />
      <trkpt lat="48.762961" lon="8.33255" />
      <trkpt lat="48.762972" lon="8.332776" />
      <trkpt lat="48.762994" lon="8.333207" />
      <trkpt lat="48.763042" lon="8.333712" />
      <trkpt lat="48.763037" lon="8.333918" />
      <trkpt lat="48.762936" lon="8.33429" />
      <trkpt lat="48.7629" lon="8.334477" />
      <trkpt lat="48.762908" lon="8.334643" />
      <trkpt lat="48.762923" lon="8.33481" />
      <trkpt lat="48.762916" lon="8.334964" />
      <trkpt lat="48.76283" lon="8.33549" />
      <trkpt lat="48.762839" lon="8.335672" />
      <trkpt lat="48.762916" lon="8.335847" />
      <trkpt lat="48.762961" lon="8.335924" />
      <trkpt lat="48.76309" lon="8.336222" />
      <trkpt lat="48.763124" lon="8.33632" />
      <trkpt lat="48.763165" lon="8.336438" />
      <trkpt lat="48.763405" lon="8.337107" />
      <trkpt lat="48.763446" lon="8.337207" />
      <trkpt lat="48.763591" lon="8.337101" />
      <trkpt lat="48.763903" lon="8.336841" />
      <trkpt lat="48.764061" lon="8.33672" />
      <trkpt lat="48.76421" lon="8.336651" />
      <trkpt lat="48.764665" lon="8.336434" />
      <trkpt lat="48.764846" lon="8.336335" />
      <trkpt lat="48.764959" lon="8.336271" />
      <trkpt lat="48.765221" lon="8.336123" />
      <trkpt lat="48.765678" lon="8.335981" />
      <trkpt lat="48.765751" lon="8.335974" />
      <trkpt lat="48.765982" lon="8.335925" />
      <trkpt lat="48.766505" lon="8.335827" />
      <trkpt lat="48.765982" lon="8.335925" />
      <trkpt lat="48.765751" lon="8.335974" />
      <trkpt lat="48.765678" lon="8.335981" />
      <trkpt lat="48.765221" lon="8.336123" />
      <trkpt lat="48.764959" lon="8.336271" />
      <trkpt lat="48.764846" lon="8.336335" />
      <trkpt lat="48.764665" lon="8.336434" />
      <trkpt lat="48.76421" lon="8.336651" />
      <trkpt lat="48.764061" lon="8.33672" />
      <trkpt lat="48.763903" lon="8.336841" />
      <trkpt lat="48.763591" lon="8.337101" />
      <trkpt lat="48.763446" lon="8.337207" />
      <trkpt lat="48.763405" lon="8.337107" />
      <trkpt lat="48.763165" lon="8.336438" />
      <trkpt lat="48.763124" lon="8.33632" />
      <trkpt lat="48.76309" lon="8.336222" />
      <trkpt lat="48.76357" lon="8.335949" />
      <trkpt lat="48.763717" lon="8.335833" />
      <trkpt lat="48.764254" lon="8.335226" />
      <trkpt lat="48.764337" lon="8.335037" />
      <trkpt lat="48.764433" lon="8.334581" />
      <trkpt lat="48.764586" lon="8.334427" />
      <trkpt lat="48.764941" lon="8.33425" />
      <trkpt lat="48.765153" lon="8.33414" />
      <trkpt lat="48.765391" lon="8.333985" />
      <trkpt lat="48.765427" lon="8.333872" />
      <trkpt lat="48.765399" lon="8.333685" />
      <trkpt lat="48.765178" lon="8.332876" />
      <trkpt lat="48.765066" lon="8.332111" />
      <trkpt lat="48.765082" lon="8.33191" />
      <trkpt lat="48.765118" lon="8.331784" />
      <trkpt lat="48.76526" lon="8.331619" />
      <trkpt lat="48.76542" lon="8.331532" />
      <trkpt lat="48.765482" lon="8.33146" />
      <trkpt lat="48.765626" lon="8.33114" />
      <trkpt lat="48.765745" lon="8.330838" />
      <trkpt lat="48.765433" lon="8.330212" />
      <trkpt lat="48.764973" lon="8.329334" />
      <trkpt lat="48.765091" lon="8.329178" />
      <trkpt lat="48.765208" lon="8.328819" />
      <trkpt lat="48.765256" lon="8.328157" />
      <trkpt lat="48.765308" lon="8.327696" />
      <trkpt lat="48.765387" lon="8.327435" />
      <trkpt lat="48.765467" lon="8.327295" />
      <trkpt lat="48.765583" lon="8.327159" />
      <trkpt lat="48.765825" lon="8.326989" />
      <trkpt lat="48.766062" lon="8.326757" />
      <trkpt lat="48.766521" lon="8.326207" />
      <trkpt lat="48.766999" lon="8.325092" />
      <trkpt lat="48.76706" lon="8.324822" />
      <trkpt lat="48.767149" lon="8.324413" />
      <trkpt lat="48.767167" lon="8.324207" />
      <trkpt lat="48.767176" lon="8.324005" />
      <trkpt lat="48.767076" lon="8.323464" />
      <trkpt lat="48.766726" lon="8.321813" />
      <trkpt lat="48.76674" lon="8.32133" />
      <trkpt lat="48.766676" lon="8.320824" />
      <trkpt lat="48.766724" lon="8.320035" />
      <trkpt lat="48.766981" lon="8.318894" />
      <trkpt lat="48.767019" lon="8.318312" />
      <trkpt lat="48.76717" lon="8.317794" />
      <trkpt lat="48.767306" lon="8.317547" />
      <trkpt lat="48.767544" lon="8.317405" />
      <trkpt lat="48.767675" lon="8.316999" />
      <trkpt lat="48.767791" lon="8.316496" />
      <trkpt lat="48.768208" lon="8.315354" />
      <trkpt lat="48.768226" lon="8.315151" />
      <trkpt lat="48.768056" lon="8.314572" />
      <trkpt lat="48.767992" lon="8.314211" />
      <trkpt lat="48.767821" lon="8.313413" />
      <trkpt lat="48.767682" lon="8.312987" />
      <trkpt lat="48.767552" lon="8.312832" />
      <trkpt lat="48.767472" lon="8.312658" />
      <trkpt lat="48.767434" lon="8.312363" />
      <trkpt lat="48.766931" lon="8.311916" />
      <trkpt lat="48.766709" lon="8.311505" />
      <trkpt lat="48.766918" lon="8.311501" />
      <trkpt lat="48.767007" lon="8.311497" />
      <trkpt lat="48.767305" lon="8.311291" />
      <trkpt lat="48.767678" lon="8.310518" />
      <trkpt lat="48.767824" lon="8.310166" />
      <trkpt lat="48.76789" lon="8.309852" />
      <trkpt lat="48.767956" lon="8.309043" />
      <trkpt lat="48.768038" lon="8.308556" />
      <trkpt lat="48.768103" lon="8.307745" />
      <trkpt lat="48.768154" lon="8.307381" />
      <trkpt lat="48.768279" lon="8.306554" />
      <trkpt lat="48.768421" lon="8.306051" />
      <trkpt lat="48.768592" lon="8.305524" />
      <trkpt lat="48.768821" lon="8.30513" />
      <trkpt lat="48.768981" lon="8.304798" />
      <trkpt lat="48.769099" lon="8.304677" />
      <trkpt lat="48.769185" lon="8.304646" />
      <trkpt lat="48.7693" lon="8.304674" />
      <trkpt lat="48.769784" lon="8.305185" />
      <trkpt lat="48.769897" lon="8.305107" />
      <trkpt lat="48.76984" lon="8.304868" />
      <trkpt lat="48.769773" lon="8.304703" />
      <trkpt lat="48.769579" lon="8.30436" />
      <trkpt lat="48.769467" lon="8.304206" />
      <trkpt lat="48.769301" lon="8.303902" />
      <trkpt lat="48.7692" lon="8.303551" />
      <trkpt lat="48.769194" lon="8.303362" />
      <trkpt lat="48.769357" lon="8.302585" />
      <trkpt lat="48.769377" lon="8.30234" />
      <trkpt lat="48.769353" lon="8.301625" />
      <trkpt lat="48.769288" lon="8.301287" />
      <trkpt lat="48.769164" lon="8.300686" />
      <trkpt lat="48.769116" lon="8.300437" />
      <trkpt lat="48.769094" lon="8.300041" />
      <trkpt lat="48.769162" lon="8.299187" />
      <trkpt lat="48.769139" lon="8.298915" />
      <trkpt lat="48.769075" lon="8.298643" />
      <trkpt lat="48.768836" lon="8.297919" />
      <trkpt lat="48.768383" lon="8.296921" />
      <trkpt lat="48.768297" lon="8.296785" />
      <trkpt lat="48.767965" lon="8.296324" />
      <trkpt lat="48.76746" lon="8.295617" />
      <trkpt lat="48.76699" lon="8.294887" />
      <trkpt lat="48.767061" lon="8.294595" />
      <trkpt lat="48.767178" lon="8.294546" />
      <trkpt lat="48.767319" lon="8.294426" />
      <trkpt lat="48.769953" lon="8.290952" />
      <trkpt lat="48.770255" lon="8.290646" />
      <trkpt lat="48.770561" lon="8.290405" />
      <trkpt lat="48.771235" lon="8.289979" />
      <trkpt lat="48.771516" lon="8.289761" />
      <trkpt lat="48.77168" lon="8.289549" />
      <trkpt lat="48.771783" lon="8.289359" />
      <trkpt lat="48.771862" lon="8.289126" />
      <trkpt lat="48.771919" lon="8.288823" />
      <trkpt lat="48.771966" lon="8.288214" />
      <trkpt lat="48.771965" lon="8.287827" />
      <trkpt lat="48.77186" lon="8.286846" />
      <trkpt lat="48.771864" lon="8.286577" />
      <trkpt lat="48.77188" lon="8.286312" />
      <trkpt lat="48.77198" lon="8.285867" />
      <trkpt lat="48.772154" lon="8.285404" />
      <trkpt lat="48.772421" lon="8.284842" />
      <trkpt lat="48.772537" lon="8.284587" />
      <trkpt lat="48.772661" lon="8.284099" />
      <trkpt lat="48.772732" lon="8.283316" />
      <trkpt lat="48.772792" lon="8.282951" />
      <trkpt lat="48.773032" lon="8.282238" />
      <trkpt lat="48.773105" lon="8.282082" />
      <trkpt lat="48.773633" lon="8.281068" />
      <trkpt lat="48.774022" lon="8.280256" />
      <trkpt lat="48.774166" lon="8.279746" />
      <trkpt lat="48.774222" lon="8.279623" />
      <trkpt lat="48.774337" lon="8.279502" />
      <trkpt lat="48.77451" lon="8.279533" />
      <trkpt lat="48.774788" lon="8.278341" />
      <trkpt lat="48.774799" lon="8.27803" />
      <trkpt lat="48.774774" lon="8.277742" />
      <trkpt lat="48.774655" lon="8.277214" />
      <trkpt lat="48.774351" lon="8.27633" />
      <trkpt lat="48.77428" lon="8.276146" />
      <trkpt lat="48.774375" lon="8.276104" />
      <trkpt lat="48.774489" lon="8.275899" />
      <trkpt lat="48.774513" lon="8.275847" />
      <trkpt lat="48.774544" lon="8.275637" />
      <trkpt lat="48.774298" lon="8.274688" />
      <trkpt lat="48.774273" lon="8.274439" />
      <trkpt lat="48.774282" lon="8.274166" />
      <trkpt lat="48.774341" lon="8.273933" />
      <trkpt lat="48.774522" lon="8.273528" />
      <trkpt lat="48.774963" lon="8.272962" />
      <trkpt lat="48.775005" lon="8.272917" />
      <trkpt lat="48.775066" lon="8.272854" />
      <trkpt lat="48.775419" lon="8.272598" />
      <trkpt lat="48.775767" lon="8.272494" />
      <trkpt lat="48.77596" lon="8.272491" />
      <trkpt lat="48.776188" lon="8.272554" />
      <trkpt lat="48.776426" lon="8.272642" />
      <trkpt lat="48.776629" lon="8.272675" />
      <trkpt lat="48.776815" lon="8.272656" />
      <trkpt lat="48.777156" lon="8.272532" />
      <trkpt lat="48.777316" lon="8.27242" />
      <trkpt lat="48.777623" lon="8.272111" />
      <trkpt lat="48.777769" lon="8.271895" />
      <trkpt lat="48.778013" lon="8.271403" />
      <trkpt lat="48.778085" lon="8.271411" />
      <trkpt lat="48.778125" lon="8.271356" />
      <trkpt lat="48.778128" lon="8.271247" />
      <trkpt lat="48.778096" lon="8.271191" />
      <trkpt lat="48.778194" lon="8.270902" />
      <trkpt lat="48.778339" lon="8.270606" />
      <trkpt lat="48.778551" lon="8.270286" />
      <trkpt lat="48.778767" lon="8.270055" />
      <trkpt lat="48.778808" lon="8.270019" />
      <trkpt lat="48.779178" lon="8.269717" />
      <trkpt lat="48.779464" lon="8.269577" />
      <trkpt lat="48.779763" lon="8.26948" />
      <trkpt lat="48.78" lon="8.269436" />
      <trkpt lat="48.780125" lon="8.269451" />
      <trkpt lat="48.78032" lon="8.269465" />
      <trkpt lat="48.780465" lon="8.26945" />
      <trkpt lat="48.780638" lon="8.269386" />
      <trkpt lat="48.780877" lon="8.269377" />
      <trkpt lat="48.780987" lon="8.269369" />
      <trkpt lat="48.781005" lon="8.269288" />
      <trkpt lat="48.78137" lon="8.269122" />
      <trkpt lat="48.782032" lon="8.268767" />
      <trkpt lat="48.782474" lon="8.268465" />
      <trkpt lat="48.782613" lon="8.268392" />
      <trkpt lat="48.782902" lon="8.26824" />
      <trkpt lat="48.783263" lon="8.268003" />
      <trkpt lat="48.783749" lon="8.267581" />
      <trkpt lat="48.783836" lon="8.267543" />
      <trkpt lat="48.784262" lon="8.267358" />
      <trkpt lat="48.784689" lon="8.267082" />
      <trkpt lat="48.784828" lon="8.266877" />
      <trkpt lat="48.784884" lon="8.266691" />
      <trkpt lat="48.784877" lon="8.266391" />
      <trkpt lat="48.785439" lon="8.265985" />
      <trkpt lat="48.785991" lon="8.265801" />
      <trkpt lat="48.786298" lon="8.265849" />
      <trkpt lat="48.786513" lon="8.265906" />
      <trkpt lat="48.786581" lon="8.265951" />
      <trkpt lat="48.786697" lon="8.266112" />
      <trkpt lat="48.787016" lon="8.266724" />
      <trkpt lat="48.787271" lon="8.267374" />
      <trkpt lat="48.787777" lon="8.268338" />
      <trkpt lat="48.787942" lon="8.268805" />
      <trkpt lat="48.787994" lon="8.269009" />
      <trkpt lat="48.787977" lon="8.269339" />
      <trkpt lat="48.788307" lon="8.269692" />
      <trkpt lat="48.788378" lon="8.269813" />
      <trkpt lat="48.788475" lon="8.270164" />
      <trkpt lat="48.788605" lon="8.270598" />
      <trkpt lat="48.788659" lon="8.270699" />
      <trkpt lat="48.78881" lon="8.270806" />
      <trkpt lat="48.789043" lon="8.270836" />
      <trkpt lat="48.789256" lon="8.270828" />
      <trkpt lat="48.789337" lon="8.270789" />
      <trkpt lat="48.789388" lon="8.270757" />
      <trkpt lat="48.789474" lon="8.270677" />
      <trkpt lat="48.789584" lon="8.270477" />
      <trkpt lat="48.789632" lon="8.270148" />
      <trkpt lat="48.789578" lon="8.269804" />
      <trkpt lat="48.789382" lon="8.269202" />
      <trkpt lat="48.789346" lon="8.269013" />
      <trkpt lat="48.789342" lon="8.268619" />
      <trkpt lat="48.789375" lon="8.268146" />
      <trkpt lat="48.78936" lon="8.267714" />
      <trkpt lat="48.789322" lon="8.267492" />
      <trkpt lat="48.788991" lon="8.26628" />
      <trkpt lat="48.788944" lon="8.266042" />
      <trkpt lat="48.788936" lon="8.265672" />
      <trkpt lat="48.789068" lon="8.265188" />
      <trkpt lat="48.789315" lon="8.264438" />
      <trkpt lat="48.789479" lon="8.264143" />
      <trkpt lat="48.789831" lon="8.263752" />
      <trkpt lat="48.790002" lon="8.263492" />
      <trkpt lat="48.790069" lon="8.263295" />
      <trkpt lat="48.790173" lon="8.262569" />
      <trkpt lat="48.790234" lon="8.262353" />
      <trkpt lat="48.79033" lon="8.262162" />
      <trkpt lat="48.790921" lon="8.261486" />
      <trkpt lat="48.791249" lon="8.261103" />
      <trkpt lat="48.791211" lon="8.261056" />
      <trkpt lat="48.791125" lon="8.260799" />
      <trkpt lat="48.791117" lon="8.260739" />
      <trkpt lat="48.791105" lon="8.260476" />
      <trkpt lat="48.791308" lon="8.257717" />
      <trkpt lat="48.791282" lon="8.256446" />
      <trkpt lat="48.791313" lon="8.255812" />
      <trkpt lat="48.791248" lon="8.25493" />
      <trkpt lat="48.791094" lon="8.253849" />
      <trkpt lat="48.791074" lon="8.253303" />
      <trkpt lat="48.790895" lon="8.252266" />
      <trkpt lat="48.790622" lon="8.251197" />
      <trkpt lat="48.791425" lon="8.249887" />
      <trkpt lat="48.7916" lon="8.249678" />
      <trkpt lat="48.79185" lon="8.249175" />
      <trkpt lat="48.792108" lon="8.248374" />
      <trkpt lat="48.792868" lon="8.246033" />
      <trkpt lat="48.793193" lon="8.244657" />
      <trkpt lat="48.793348" lon="8.243702" />
      <trkpt lat="48.793384" lon="8.243215" />
      <trkpt lat="48.79362" lon="8.241114" />
      <trkpt lat="48.793737" lon="8.240494" />
      <trkpt lat="48.793906" lon="8.239953" />
      <trkpt lat="48.794127" lon="8.23734" />
      <trkpt lat="48.794512" lon="8.235682" />
      <trkpt lat="48.794557" lon="8.235387" />
      <trkpt lat="48.794556" lon="8.235024" />
      <trkpt lat="48.79452" lon="8.23458" />
      <trkpt lat="48.794633" lon="8.233877" />
      <trkpt lat="48.794867" lon="8.233364" />
      <trkpt lat="48.795545" lon="8.23236" />
      <trkpt lat="48.796466" lon="8.231094" />
      <trkpt lat="48.797166" lon="8.23009" />
      <trkpt lat="48.797921" lon="8.229469" />
      <trkpt lat="48.798754" lon="8.228997" />
      <trkpt lat="48.799453" lon="8.228921" />
      <trkpt lat="48.799524" lon="8.228884" />
      <trkpt lat="48.799604" lon="8.228775" />
      <trkpt lat="48.799703" lon="8.228531" />
      <trkpt lat="48.799748" lon="8.228399" />
      <trkpt lat="48.799786" lon="8.228284" />
      <trkpt lat="48.799822" lon="8.228149" />
      <trkpt lat="48.799955" lon="8.227859" />
      <trkpt lat="48.800046" lon="8.227725" />
      <trkpt lat="48.800273" lon="8.22761" />
      <trkpt lat="48.800525" lon="8.227572" />
      <trkpt lat="48.800629" lon="8.227525" />
      <trkpt lat="48.801012" lon="8.227277" />
      <trkpt lat="48.801102" lon="8.227219" />
      <trkpt lat="48.801778" lon="8.226755" />
      <trkpt lat="48.802013" lon="8.22659" />
      <trkpt lat="48.802224" lon="8.226396" />
      <trkpt lat="48.80251" lon="8.226093" />
      <trkpt lat="48.802845" lon="8.225862" />
      <trkpt lat="48.803247" lon="8.225587" />
      <trkpt lat="48.803648" lon="8.225296" />
      <trkpt lat="48.803965" lon="8.225065" />
      <trkpt lat="48.804257" lon="8.224776" />
      <trkpt lat="48.804303" lon="8.224691" />
      <trkpt lat="48.804387" lon="8.224526" />
      <trkpt lat="48.804465" lon="8.224376" />
      <trkpt lat="48.804499" lon="8.224299" />
      <trkpt lat="48.804524" lon="8.224236" />
      <trkpt lat="48.80491" lon="8.223571" />
      <trkpt lat="48.805069" lon="8.223341" />
      <trkpt lat="48.805202" lon="8.223136" />
      <trkpt lat="48.805303" lon="8.222993" />
      <trkpt lat="48.805648" lon="8.222468" />
      <trkpt lat="48.805729" lon="8.222405" />
      <trkpt lat="48.806399" lon="8.222163" />
      <trkpt lat="48.806448" lon="8.221942" />
      <trkpt lat="48.806487" lon="8.221511" />
      <trkpt lat="48.806512" lon="8.22138" />
      <trkpt lat="48.806518" lon="8.221224" />
      <trkpt lat="48.806298" lon="8.220791" />
      <trkpt lat="48.806488" lon="8.220682" />
      <trkpt lat="48.806769" lon="8.220558" />
      <trkpt lat="48.807322" lon="8.22031" />
      <trkpt lat="48.807986" lon="8.219847" />
      <trkpt lat="48.808845" lon="8.219586" />
      <trkpt lat="48.8092" lon="8.219521" />
      <trkpt lat="48.810424" lon="8.21837" />
      <trkpt lat="48.810744" lon="8.217869" />
      <trkpt lat="48.810872" lon="8.217555" />
      <trkpt lat="48.811182" lon="8.216364" />
      <trkpt lat="48.811284" lon="8.215608" />
      <trkpt lat="48.811367" lon="8.214869" />
      <trkpt lat="48.811392" lon="8.214773" />
      <trkpt lat="48.811534" lon="8.214307" />
      <trkpt lat="48.811725" lon="8.213847" />
      <trkpt lat="48.811813" lon="8.213607" />
      <trkpt lat="48.811838" lon="8.213475" />
      <trkpt lat="48.811864" lon="8.213332" />
      <trkpt lat="48.811878" lon="8.212722" />
      <trkpt lat="48.811912" lon="8.211177" />
      <trkpt lat="48.811947" lon="8.211184" />
      <trkpt lat="48.812065" lon="8.211208" />
      <trkpt lat="48.812251" lon="8.211244" />
      <trkpt lat="48.812405" lon="8.211271" />
      <trkpt lat="48.812448" lon="8.211005" />
      <trkpt lat="48.812509" lon="8.210028" />
      <trkpt lat="48.812535" lon="8.209635" />
      <trkpt lat="48.812557" lon="8.209409" />
      <trkpt lat="48.812642" lon="8.208353" />
      <trkpt lat="48.812675" lon="8.208166" />
      <trkpt lat="48.81279" lon="8.207866" />
      <trkpt lat="48.812982" lon="8.207607" />
      <trkpt lat="48.813003" lon="8.207527" />
      <trkpt lat="48.813001" lon="8.207316" />
      <trkpt lat="48.813043" lon="8.207319" />
      <trkpt lat="48.813046" lon="8.207165" />
      <trkpt lat="48.813047" lon="8.207081" />
      <trkpt lat="48.813065" lon="8.207021" />
      <trkpt lat="48.813001" lon="8.206965" />
      <trkpt lat="48.813068" lon="8.206802" />
      <trkpt lat="48.813772" lon="8.20563" />
      <trkpt lat="48.813822" lon="8.205491" />
      <trkpt lat="48.813838" lon="8.205395" />
      <trkpt lat="48.813819" lon="8.205297" />
      <trkpt lat="48.813747" lon="8.205173" />
      <trkpt lat="48.813702" lon="8.205011" />
      <trkpt lat="48.813724" lon="8.204633" />
      <trkpt lat="48.813733" lon="8.204583" />
      <trkpt lat="48.813752" lon="8.204478" />
      <trkpt lat="48.81376" lon="8.204445" />
      <trkpt lat="48.813806" lon="8.204178" />
      <trkpt lat="48.813801" lon="8.204094" />
      <trkpt lat="48.813449" lon="8.202889" />
      <trkpt lat="48.813329" lon="8.202555" />
      <trkpt lat="48.813312" lon="8.202435" />
      <trkpt lat="48.813331" lon="8.202383" />
      <trkpt lat="48.81322" lon="8.201928" />
      <trkpt lat="48.813153" lon="8.201655" />
      <trkpt lat="48.813118" lon="8.201333" />
      <trkpt lat="48.812938" lon="8.200629" />
      <trkpt lat="48.812866" lon="8.20055" />
      <trkpt lat="48.812846" lon="8.200477" />
      <trkpt lat="48.812758" lon="8.200126" />
      <trkpt lat="48.812682" lon="8.199818" />
      <trkpt lat="48.812649" lon="8.199689" />
      <trkpt lat="48.812644" lon="8.199531" />
      <trkpt lat="48.812639" lon="8.199402" />
      <trkpt lat="48.812665" lon="8.19924" />
      <trkpt lat="48.812828" lon="8.19845" />
      <trkpt lat="48.813009" lon="8.197163" />
      <trkpt lat="48.813028" lon="8.196979" />
      <trkpt lat="48.813017" lon="8.195638" />
      <trkpt lat="48.813018" lon="8.195421" />
      <trkpt lat="48.813232" lon="8.195427" />
      <trkpt lat="48.813631" lon="8.195435" />
      <trkpt lat="48.813685" lon="8.195436" />
      <trkpt lat="48.813686" lon="8.195376" />
      <trkpt lat="48.813688" lon="8.1953" />
      <trkpt lat="48.813578" lon="8.195296" />
      <trkpt lat="48.813572" lon="8.194774" />
      <trkpt lat="48.813656" lon="8.194763" />
      <trkpt lat="48.813498" lon="8.194322" />
      <trkpt lat="48.813667" lon="8.194099" />
      <trkpt lat="48.81381" lon="8.193778" />
      <trkpt lat="48.814265" lon="8.192666" />
      <trkpt lat="48.813822" lon="8.191977" />
      <trkpt lat="48.813392" lon="8.19135" />
      <trkpt lat="48.812953" lon="8.190698" />
      <trkpt lat="48.813004" lon="8.190585" />
      <trkpt lat="48.813028" lon="8.190459" />
      <trkpt lat="48.813028" lon="8.190303" />
      <trkpt lat="48.812986" lon="8.190161" />
      <trkpt lat="48.812922" lon="8.190012" />
      <trkpt lat="48.812371" lon="8.188983" />
      <trkpt lat="48.812026" lon="8.188282" />
      <trkpt lat="48.812103" lon="8.188166" />
      <trkpt lat="48.812402" lon="8.187701" />
      <trkpt lat="48.812513" lon="8.187524" />
      <trkpt lat="48.81238" lon="8.187314" />
      <trkpt lat="48.811894" lon="8.18669" />
      <trkpt lat="48.811335" lon="8.185728" />
      <trkpt lat="48.81127" lon="8.185461" />
      <trkpt lat="48.811277" lon="8.185318" />
      <trkpt lat="48.811821" lon="8.183503" />
      <trkpt lat="48.811875" lon="8.183301" />
      <trkpt lat="48.812201" lon="8.182205" />
      <trkpt lat="48.812554" lon="8.181247" />
      <trkpt lat="48.813517" lon="8.179145" />
      <trkpt lat="48.812829" lon="8.178185" />
      <trkpt lat="48.811748" lon="8.177164" />
      <trkpt lat="48.811019" lon="8.176507" />
      <trkpt lat="48.810904" lon="8.176437" />
      <trkpt lat="48.810385" lon="8.175812" />
      <trkpt lat="48.80976" lon="8.175097" />
      <trkpt lat="48.809572" lon="8.174787" />
      <trkpt lat="48.809499" lon="8.174723" />
      <trkpt lat="48.80945" lon="8.174651" />
      <trkpt lat="48.810774" lon="8.172518" />
      <trkpt lat="48.810811" lon="8.172391" />
      <trkpt lat="48.810857" lon="8.172232" />
      <trkpt lat="48.811694" lon="8.170417" />
      <trkpt lat="48.813254" lon="8.166838" />
      <trkpt lat="48.813951" lon="8.165102" />
      <trkpt lat="48.814628" lon="8.163319" />
      <trkpt lat="48.815236" lon="8.16156" />
      <trkpt lat="48.815266" lon="8.161451" />
      <trkpt lat="48.81529" lon="8.16129" />
      <trkpt lat="48.815277" lon="8.161209" />
      <trkpt lat="48.815321" lon="8.161153" />
      <trkpt lat="48.816194" lon="8.158616" />
      <trkpt lat="48.816884" lon="8.156434" />
      <trkpt lat="48.816896" lon="8.156337" />
      <trkpt lat="48.816903" lon="8.156202" />
      <trkpt lat="48.81708" lon="8.155816" />
      <trkpt lat="48.817597" lon="8.154204" />
      <trkpt lat="48.817681" lon="8.153846" />
      <trkpt lat="48.817682" lon="8.153674" />
      <trkpt lat="48.817656" lon="8.153575" />
      <trkpt lat="48.817666" lon="8.153528" />
      <trkpt lat="48.817732" lon="8.153494" />
      <trkpt lat="48.817785" lon="8.153464" />
      <trkpt lat="48.817814" lon="8.153372" />
      <trkpt lat="48.817882" lon="8.153101" />
      <trkpt lat="48.818015" lon="8.153002" />
      <trkpt lat="48.818303" lon="8.152428" />
      <trkpt lat="48.818304" lon="8.152394" />
      <trkpt lat="48.818262" lon="8.152341" />
      <trkpt lat="48.818591" lon="8.151719" />
      <trkpt lat="48.81863" lon="8.151644" />
      <trkpt lat="48.818598" lon="8.151613" />
      <trkpt lat="48.818831" lon="8.151146" />
      <trkpt lat="48.819016" lon="8.150776" />
      <trkpt lat="48.819091" lon="8.150618" />
      <trkpt lat="48.819133" lon="8.15054" />
      <trkpt lat="48.819214" lon="8.150389" />
      <trkpt lat="48.819478" lon="8.149896" />
      <trkpt lat="48.819507" lon="8.149928" />
      <trkpt lat="48.819786" lon="8.14937" />
      <trkpt lat="48.819935" lon="8.14904" />
      <trkpt lat="48.819987" lon="8.149098" />
      <trkpt lat="48.820045" lon="8.149141" />
      <trkpt lat="48.820611" lon="8.148001" />
      <trkpt lat="48.821531" lon="8.146122" />
      <trkpt lat="48.821757" lon="8.145605" />
      <trkpt lat="48.821908" lon="8.145127" />
      <trkpt lat="48.822038" lon="8.144513" />
      <trkpt lat="48.822279" lon="8.143458" />
      <trkpt lat="48.822342" lon="8.143151" />
      <trkpt lat="48.822359" lon="8.143058" />
      <trkpt lat="48.822491" lon="8.142452" />
      <trkpt lat="48.822522" lon="8.142331" />
      <trkpt lat="48.822589" lon="8.14188" />
      <trkpt lat="48.822609" lon="8.141619" />
      <trkpt lat="48.822629" lon="8.141344" />
      <trkpt lat="48.822648" lon="8.141007" />
      <trkpt lat="48.822653" lon="8.140921" />
      <trkpt lat="48.822667" lon="8.14061" />
      <trkpt lat="48.822715" lon="8.140439" />
      <trkpt lat="48.822918" lon="8.140001" />
      <trkpt lat="48.823094" lon="8.139653" />
      <trkpt lat="48.823418" lon="8.13892" />
      <trkpt lat="48.823532" lon="8.138715" />
      <trkpt lat="48.823983" lon="8.138108" />
      <trkpt lat="48.824305" lon="8.137573" />
      <trkpt lat="48.824435" lon="8.137415" />
      <trkpt lat="48.824503" lon="8.137332" />
      <trkpt lat="48.824592" lon="8.137316" />
      <trkpt lat="48.824783" lon="8.137307" />
      <trkpt lat="48.82557" lon="8.137254" />
      <trkpt lat="48.826002" lon="8.137449" />
      <trkpt lat="48.826741" lon="8.137821" />
      <trkpt lat="48.827068" lon="8.137882" />
      <trkpt lat="48.827268" lon="8.138032" />
      <trkpt lat="48.82777" lon="8.13858" />
      <trkpt lat="48.827884" lon="8.138657" />
      <trkpt lat="48.82876" lon="8.138849" />
      <trkpt lat="48.830217" lon="8.138697" />
      <trkpt lat="48.830576" lon="8.138466" />
      <trkpt lat="48.83109" lon="8.138006" />
      <trkpt lat="48.831727" lon="8.137359" />
      <trkpt lat="48.832368" lon="8.136724" />
      <trkpt lat="48.833045" lon="8.136306" />
      <trkpt lat="48.833474" lon="8.136169" />
      <trkpt lat="48.834036" lon="8.136138" />
      <trkpt lat="48.834311" lon="8.136083" />
      <trkpt lat="48.834541" lon="8.135958" />
      <trkpt lat="48.834747" lon="8.135771" />
      <trkpt lat="48.835174" lon="8.135215" />
      <trkpt lat="48.835531" lon="8.134841" />
      <trkpt lat="48.835733" lon="8.134714" />
      <trkpt lat="48.836046" lon="8.134489" />
      <trkpt lat="48.836202" lon="8.134412" />
      <trkpt lat="48.836724" lon="8.13437" />
      <trkpt lat="48.836692" lon="8.134224" />
      <trkpt lat="48.837155" lon="8.134099" />
      <trkpt lat="48.838131" lon="8.133616" />
      <trkpt lat="48.838713" lon="8.133401" />
      <trkpt lat="48.839366" lon="8.133276" />
      <trkpt lat="48.839697" lon="8.133259" />
      <trkpt lat="48.840418" lon="8.133327" />
      <trkpt lat="48.841078" lon="8.133505" />
      <trkpt lat="48.841335" lon="8.133661" />
      <trkpt lat="48.841544" lon="8.133836" />
      <trkpt lat="48.841753" lon="8.134144" />
      <trkpt lat="48.841779" lon="8.134289" />
      <trkpt lat="48.841828" lon="8.134363" />
      <trkpt lat="48.841892" lon="8.134398" />
      <trkpt lat="48.841982" lon="8.134376" />
      <trkpt lat="48.842054" lon="8.134271" />
      <trkpt lat="48.84207" lon="8.134198" />
      <trkpt lat="48.842057" lon="8.134054" />
      <trkpt lat="48.842076" lon="8.13383" />
      <trkpt lat="48.842127" lon="8.133666" />
      <trkpt lat="48.842546" lon="8.132816" />
      <trkpt lat="48.843135" lon="8.13173" />
      <trkpt lat="48.843224" lon="8.131567" />
      <trkpt lat="48.843539" lon="8.130944" />
      <trkpt lat="48.843809" lon="8.130344" />
      <trkpt lat="48.84411" lon="8.129554" />
      <trkpt lat="48.844389" lon="8.128667" />
      <trkpt lat="48.844715" lon="8.127423" />
      <trkpt lat="48.845159" lon="8.125256" />
      <trkpt lat="48.845747" lon="8.122377" />
      <trkpt lat="48.845871" lon="8.121645" />
      <trkpt lat="48.846021" lon="8.120897" />
      <trkpt lat="48.84621" lon="8.120113" />
      <trkpt lat="48.846745" lon="8.118211" />
      <trkpt lat="48.8469" lon="8.11765" />
      <trkpt lat="48.846979" lon="8.117315" />
      <trkpt lat="48.846995" lon="8.117223" />
      <trkpt lat="48.847465" lon="8.114961" />
      <trkpt lat="48.847821" lon="8.113254" />
      <trkpt lat="48.848198" lon="8.111454" />
      <trkpt lat="48.848538" lon="8.109762" />
      <trkpt lat="48.84867" lon="8.109303" />
      <trkpt lat="48.848851" lon="8.108763" />
      <trkpt lat="48.849119" lon="8.1076" />
      <trkpt lat="48.850237" lon="8.102751" />
      <trkpt lat="48.851053" lon="8.098735" />
      <trkpt lat="48.851116" lon="8.098437" />
      <trkpt lat="48.851909" lon="8.094548" />
      <trkpt lat="48.852077" lon="8.093967" />
      <trkpt lat="48.852281" lon="8.093499" />
      <trkpt lat="48.852453" lon="8.093179" />
      <trkpt lat="48.852812" lon="8.092721" />
      <trkpt lat="48.853052" lon="8.092452" />
      <trkpt lat="48.853165" lon="8.09232" />
      <trkpt lat="48.853361" lon="8.092096" />
      <trkpt lat="48.855186" lon="8.090007" />
      <trkpt lat="48.85562" lon="8.08944" />
      <trkpt lat="48.855938" lon="8.089043" />
      <trkpt lat="48.856052" lon="8.089031" />
      <trkpt lat="48.856105" lon="8.088937" />
      <trkpt lat="48.856107" lon="8.088798" />
      <trkpt lat="48.856307" lon="8.088321" />
      <trkpt lat="48.856423" lon="8.088097" />
      <trkpt lat="48.856467" lon="8.088017" />
      <trkpt lat="48.856762" lon="8.087461" />
      <trkpt lat="48.857188" lon="8.086747" />
      <trkpt lat="48.857437" lon="8.08638" />
      <trkpt lat="48.857805" lon="8.085873" />
      <trkpt lat="48.858475" lon="8.085074" />
      <trkpt lat="48.858504" lon="8.085041" />
      <trkpt lat="48.858901" lon="8.084496" />
      <trkpt lat="48.859528" lon="8.083518" />
      <trkpt lat="48.860081" lon="8.082605" />
      <trkpt lat="48.860231" lon="8.082363" />
      <trkpt lat="48.860817" lon="8.081416" />
      <trkpt lat="48.861143" lon="8.081923" />
      <trkpt lat="48.861582" lon="8.082636" />
      <trkpt lat="48.861961" lon="8.083129" />
      <trkpt lat="48.862343" lon="8.083616" />
      <trkpt lat="48.862751" lon="8.084026" />
      <trkpt lat="48.863153" lon="8.084431" />
      <trkpt lat="48.863257" lon="8.084494" />
      <trkpt lat="48.863331" lon="8.084522" />
      <trkpt lat="48.86332" lon="8.084719" />
      <trkpt lat="48.863351" lon="8.085316" />
      <trkpt lat="48.863389" lon="8.085546" />
      <trkpt lat="48.863456" lon="8.085756" />
      <trkpt lat="48.863569" lon="8.085958" />
      <trkpt lat="48.863811" lon="8.086256" />
      <trkpt lat="48.864143" lon="8.086574" />
      <trkpt lat="48.864349" lon="8.086877" />
      <trkpt lat="48.864455" lon="8.087113" />
      <trkpt lat="48.864544" lon="8.087357" />
      <trkpt lat="48.864615" lon="8.08769" />
      <trkpt lat="48.864814" lon="8.08861" />
      <trkpt lat="48.864706" lon="8.088845" />
      <trkpt lat="48.864655" lon="8.088982" />
      <trkpt lat="48.86463" lon="8.089045" />
      <trkpt lat="48.86451" lon="8.089431" />
      <trkpt lat="48.864988" lon="8.089984" />
      <trkpt lat="48.86528" lon="8.090426" />
      <trkpt lat="48.865399" lon="8.090735" />
      <trkpt lat="48.86571" lon="8.091871" />
      <trkpt lat="48.866289" lon="8.093565" />
      <trkpt lat="48.866622" lon="8.094637" />
      <trkpt lat="48.866754" lon="8.095234" />
      <trkpt lat="48.867081" lon="8.096751" />
      <trkpt lat="48.867103" lon="8.096903" />
      <trkpt lat="48.867369" lon="8.09851" />
      <trkpt lat="48.867521" lon="8.09914" />
      <trkpt lat="48.868142" lon="8.101549" />
      <trkpt lat="48.868183" lon="8.101826" />
      <trkpt lat="48.868233" lon="8.103526" />
      <trkpt lat="48.868271" lon="8.103713" />
      <trkpt lat="48.868358" lon="8.103683" />
      <trkpt lat="48.86862" lon="8.103739" />
      <trkpt lat="48.868868" lon="8.10384" />
      <trkpt lat="48.869163" lon="8.104087" />
      <trkpt lat="48.86947" lon="8.104393" />
      <trkpt lat="48.870489" lon="8.105572" />
      <trkpt lat="48.871952" lon="8.108269" />
      <trkpt lat="48.873443" lon="8.1108" />
      <trkpt lat="48.87353" lon="8.111052" />
      <trkpt lat="48.87394" lon="8.114232" />
      <trkpt lat="48.873998" lon="8.114431" />
      <trkpt lat="48.874119" lon="8.114674" />
      <trkpt lat="48.874582" lon="8.115449" />
      <trkpt lat="48.87502" lon="8.116309" />
      <trkpt lat="48.875095" lon="8.116557" />
      <trkpt lat="48.875117" lon="8.116792" />
      <trkpt lat="48.875189" lon="8.117358" />
      <trkpt lat="48.876292" lon="8.122948" />
      <trkpt lat="48.876352" lon="8.123133" />
      <trkpt lat="48.876471" lon="8.123286" />
      <trkpt lat="48.879725" lon="8.125314" />
      <trkpt lat="48.882892" lon="8.127309" />
      <trkpt lat="48.883218" lon="8.127543" />
      <trkpt lat="48.884728" lon="8.128542" />
      <trkpt lat="48.886092" lon="8.129643" />
      <trkpt lat="48.886859" lon="8.130301" />
      <trkpt lat="48.888191" lon="8.131475" />
      <trkpt lat="48.888315" lon="8.131479" />
      <trkpt lat="48.888361" lon="8.131421" />
      <trkpt lat="48.888426" lon="8.131452" />
      <trkpt lat="48.888448" lon="8.131559" />
      <trkpt lat="48.888484" lon="8.131605" />
      <trkpt lat="48.888656" lon="8.131818" />
      <trkpt lat="48.888812" lon="8.131996" />
      <trkpt lat="48.88888" lon="8.132147" />
      <trkpt lat="48.888974" lon="8.132786" />
      <trkpt lat="48.889057" lon="8.133211" />
      <trkpt lat="48.889235" lon="8.133638" />
      <trkpt lat="48.889417" lon="8.133972" />
      <trkpt lat="48.889633" lon="8.134269" />
      <trkpt lat="48.890141" lon="8.134663" />
      <trkpt lat="48.89053" lon="8.134933" />
      <trkpt lat="48.891233" lon="8.135477" />
      <trkpt lat="48.891428" lon="8.135565" />
      <trkpt lat="48.891637" lon="8.135597" />
      <trkpt lat="48.891844" lon="8.135556" />
      <trkpt lat="48.892848" lon="8.135029" />
      <trkpt lat="48.893066" lon="8.135004" />
      <trkpt lat="48.899595" lon="8.13583" />
      <trkpt lat="48.899756" lon="8.135794" />
      <trkpt lat="48.900794" lon="8.135936" />
      <trkpt lat="48.901074" lon="8.135813" />
      <trkpt lat="48.902176" lon="8.134735" />
      <trkpt lat="48.903345" lon="8.133291" />
      <trkpt lat="48.905651" lon="8.130583" />
      <trkpt lat="48.905942" lon="8.130207" />
      <trkpt lat="48.906104" lon="8.130042" />
      <trkpt lat="48.906407" lon="8.129932" />
      <trkpt lat="48.907124" lon="8.130012" />
      <trkpt lat="48.907705" lon="8.130209" />
      <trkpt lat="48.908029" lon="8.130479" />
      <trkpt lat="48.908298" lon="8.130931" />
      <trkpt lat="48.908422" lon="8.131412" />
      <trkpt lat="48.908916" lon="8.134396" />
      <trkpt lat="48.90905" lon="8.134905" />
      <trkpt lat="48.909161" lon="8.135105" />
      <trkpt lat="48.909713" lon="8.135808" />
      <trkpt lat="48.910058" lon="8.13647" />
      <trkpt lat="48.910387" lon="8.136839" />
      <trkpt lat="48.910574" lon="8.137251" />
      <trkpt lat="48.910718" lon="8.137655" />
      <trkpt lat="48.910861" lon="8.138125" />
      <trkpt lat="48.911017" lon="8.138871" />
      <trkpt lat="48.911134" lon="8.139151" />
      <trkpt lat="48.911502" lon="8.139579" />
      <trkpt lat="48.91196" lon="8.140276" />
      <trkpt lat="48.912307" lon="8.140693" />
      <trkpt lat="48.912568" lon="8.140952" />
      <trkpt lat="48.913328" lon="8.14154" />
      <trkpt lat="48.913665" lon="8.141969" />
      <trkpt lat="48.913883" lon="8.142319" />
      <trkpt lat="48.913971" lon="8.142506" />
      <trkpt lat="48.914368" lon="8.14371" />
      <trkpt lat="48.914611" lon="8.144791" />
      <trkpt lat="48.914701" lon="8.144917" />
      <trkpt lat="48.91509" lon="8.145262" />
      <trkpt lat="48.915391" lon="8.145618" />
      <trkpt lat="48.915756" lon="8.145981" />
      <trkpt lat="48.916014" lon="8.146116" />
      <trkpt lat="48.916405" lon="8.146148" />
      <trkpt lat="48.916542" lon="8.146292" />
      <trkpt lat="48.916747" lon="8.146672" />
      <trkpt lat="48.917011" lon="8.147191" />
      <trkpt lat="48.917364" lon="8.147724" />
      <trkpt lat="48.91756" lon="8.147961" />
      <trkpt lat="48.917844" lon="8.148179" />
      <trkpt lat="48.91837" lon="8.148584" />
      <trkpt lat="48.918534" lon="8.148688" />
      <trkpt lat="48.91851" lon="8.148783" />
      <trkpt lat="48.918607" lon="8.148901" />
      <trkpt lat="48.918532" lon="8.149457" />
      <trkpt lat="48.918415" lon="8.149989" />
      <trkpt lat="48.917973" lon="8.151268" />
      <trkpt lat="48.917451" lon="8.152656" />
      <trkpt lat="48.917392" lon="8.152864" />
      <trkpt lat="48.917384" lon="8.153279" />
      <trkpt lat="48.917407" lon="8.153581" />
      <trkpt lat="48.917558" lon="8.153905" />
      <trkpt lat="48.91791" lon="8.154471" />
      <trkpt lat="48.917873" lon="8.154684" />
      <trkpt lat="48.91743" lon="8.156504" />
      <trkpt lat="48.917351" lon="8.156909" />
      <trkpt lat="48.917338" lon="8.157119" />
      <trkpt lat="48.917372" lon="8.157259" />
      <trkpt lat="48.917487" lon="8.157463" />
      <trkpt lat="48.917842" lon="8.157852" />
      <trkpt lat="48.91819" lon="8.158141" />
      <trkpt lat="48.919043" lon="8.158621" />
      <trkpt lat="48.920668" lon="8.160297" />
      <trkpt lat="48.920814" lon="8.16041" />
      <trkpt lat="48.921149" lon="8.160595" />
      <trkpt lat="48.921326" lon="8.160642" />
      <trkpt lat="48.922012" lon="8.160716" />
      <trkpt lat="48.922223" lon="8.160774" />
      <trkpt lat="48.922693" lon="8.161063" />
      <trkpt lat="48.926238" lon="8.165076" />
      <trkpt lat="48.926498" lon="8.165427" />
      <trkpt lat="48.92664" lon="8.165733" />
      <trkpt lat="48.926771" lon="8.166099" />
      <trkpt lat="48.927363" lon="8.168073" />
      <trkpt lat="48.927504" lon="8.168456" />
      <trkpt lat="48.927732" lon="8.168908" />
      <trkpt lat="48.927917" lon="8.16917" />
      <trkpt lat="48.928291" lon="8.169624" />
      <trkpt lat="48.930643" lon="8.172192" />
      <trkpt lat="48.932479" lon="8.174187" />
      <trkpt lat="48.932785" lon="8.174414" />
      <trkpt lat="48.93381" lon="8.174822" />
      <trkpt lat="48.934028" lon="8.174978" />
      <trkpt lat="48.934902" lon="8.175899" />
      <trkpt lat="48.935161" lon="8.176266" />
      <trkpt lat="48.935605" lon="8.177121" />
      <trkpt lat="48.93578" lon="8.177345" />
      <trkpt lat="48.935978" lon="8.177511" />
      <trkpt lat="48.937688" lon="8.178882" />
      <trkpt lat="48.940828" lon="8.181256" />
      <trkpt lat="48.942332" lon="8.182318" />
      <trkpt lat="48.945615" lon="8.184556" />
      <trkpt lat="48.946354" lon="8.18498" />
      <trkpt lat="48.946501" lon="8.185033" />
      <trkpt lat="48.946559" lon="8.185043" />
      <trkpt lat="48.946798" lon="8.185102" />
      <trkpt lat="48.947049" lon="8.185025" />
      <trkpt lat="48.947192" lon="8.184918" />
      <trkpt lat="48.94757" lon="8.184494" />
      <trkpt lat="48.947653" lon="8.184311" />
      <trkpt lat="48.947674" lon="8.184185" />
      <trkpt lat="48.947673" lon="8.184052" />
      <trkpt lat="48.947637" lon="8.183915" />
      <trkpt lat="48.947567" lon="8.183811" />
      <trkpt lat="48.946554" lon="8.183052" />
      <trkpt lat="48.94645" lon="8.182903" />
      <trkpt lat="48.946399" lon="8.182755" />
      <trkpt lat="48.94638" lon="8.182615" />
      <trkpt lat="48.946413" lon="8.182363" />
      <trkpt lat="48.946712" lon="8.181046" />
      <trkpt lat="48.946824" lon="8.18081" />
      <trkpt lat="48.946927" lon="8.180722" />
      <trkpt lat="48.947019" lon="8.180696" />
      <trkpt lat="48.947237" lon="8.180225" />
      <trkpt lat="48.947389" lon="8.179096" />
      <trkpt lat="48.948015" lon="8.178654" />
      <trkpt lat="48.948133" lon="8.178704" />
      <trkpt lat="48.948197" lon="8.178567" />
      <trkpt lat="48.948421" lon="8.178369" />
      <trkpt lat="48.948521" lon="8.178486" />
      <trkpt lat="48.948593" lon="8.178572" />
      <trkpt lat="48.948662" lon="8.178444" />
      <trkpt lat="48.948832" lon="8.17832" />
      <trkpt lat="48.949127" lon="8.178269" />
      <trkpt lat="48.949282" lon="8.178314" />
      <trkpt lat="48.951883" lon="8.179684" />
      <trkpt lat="48.952333" lon="8.179775" />
      <trkpt lat="48.952579" lon="8.179864" />
      <trkpt lat="48.952763" lon="8.180131" />
      <trkpt lat="48.952858" lon="8.180175" />
      <trkpt lat="48.953083" lon="8.180127" />
      <trkpt lat="48.953734" lon="8.180647" />
      <trkpt lat="48.954412" lon="8.181007" />
      <trkpt lat="48.954576" lon="8.181133" />
      <trkpt lat="48.955803" lon="8.182625" />
      <trkpt lat="48.956035" lon="8.18274" />
      <trkpt lat="48.956225" lon="8.182772" />
      <trkpt lat="48.956477" lon="8.18274" />
      <trkpt lat="48.95696" lon="8.182595" />
      <trkpt lat="48.9573" lon="8.182551" />
      <trkpt lat="48.957406" lon="8.182623" />
      <trkpt lat="48.957525" lon="8.182796" />
      <trkpt lat="48.957609" lon="8.182785" />
      <trkpt lat="48.957701" lon="8.182788" />
      <trkpt lat="48.957728" lon="8.18264" />
      <trkpt lat="48.957849" lon="8.182562" />
      <trkpt lat="48.958523" lon="8.182679" />
      <trkpt lat="48.959623" lon="8.182622" />
      <trkpt lat="48.960065" lon="8.182673" />
      <trkpt lat="48.962374" lon="8.18326" />
      <trkpt lat="48.963945" lon="8.183885" />
      <trkpt lat="48.96438" lon="8.184086" />
      <trkpt lat="48.964674" lon="8.184338" />
      <trkpt lat="48.96492" lon="8.184649" />
      <trkpt lat="48.964936" lon="8.184605" />
      <trkpt lat="48.96502" lon="8.184768" />
      <trkpt lat="48.965067" lon="8.184921" />
      <trkpt lat="48.965171" lon="8.184977" />
      <trkpt lat="48.965225" lon="8.184955" />
      <trkpt lat="48.965302" lon="8.184802" />
      <trkpt lat="48.965424" lon="8.184718" />
      <trkpt lat="48.965442" lon="8.184771" />
      <trkpt lat="48.965679" lon="8.184643" />
      <trkpt lat="48.966187" lon="8.184546" />
      <trkpt lat="48.966452" lon="8.184496" />
      <trkpt lat="48.966468" lon="8.184492" />
      <trkpt lat="48.96766" lon="8.184162" />
      <trkpt lat="48.967922" lon="8.184169" />
      <trkpt lat="48.968581" lon="8.184293" />
      <trkpt lat="48.968715" lon="8.184268" />
      <trkpt lat="48.968848" lon="8.184187" />
      <trkpt lat="48.968835" lon="8.18411" />
      <trkpt lat="48.968915" lon="8.183939" />
      <trkpt lat="48.969005" lon="8.183598" />
      <trkpt lat="48.96905" lon="8.183504" />
      <trkpt lat="48.969355" lon="8.183132" />
      <trkpt lat="48.969434" lon="8.183118" />
      <trkpt lat="48.969671" lon="8.182959" />
      <trkpt lat="48.969782" lon="8.182898" />
      <trkpt lat="48.969795" lon="8.182892" />
      <trkpt lat="48.970126" lon="8.182746" />
      <trkpt lat="48.970173" lon="8.182718" />
      <trkpt lat="48.970199" lon="8.182684" />
      <trkpt lat="48.970265" lon="8.182708" />
      <trkpt lat="48.970831" lon="8.183261" />
      <trkpt lat="48.971498" lon="8.183904" />
      <trkpt lat="48.972186" lon="8.184577" />
      <trkpt lat="48.972274" lon="8.184629" />
      <trkpt lat="48.972997" lon="8.184637" />
      <trkpt lat="48.973207" lon="8.184673" />
      <trkpt lat="48.973605" lon="8.184753" />
      <trkpt lat="48.97372" lon="8.184727" />
      <trkpt lat="48.973845" lon="8.18464" />
      <trkpt lat="48.973974" lon="8.184515" />
      <trkpt lat="48.974016" lon="8.184475" />
      <trkpt lat="48.974159" lon="8.184334" />
      <trkpt lat="48.974183" lon="8.184312" />
      <trkpt lat="48.974237" lon="8.184259" />
      <trkpt lat="48.974331" lon="8.18417" />
      <trkpt lat="48.974614" lon="8.183908" />
      <trkpt lat="48.974747" lon="8.18379" />
      <trkpt lat="48.975075" lon="8.183602" />
      <trkpt lat="48.975551" lon="8.183412" />
      <trkpt lat="48.975684" lon="8.183125" />
      <trkpt lat="48.97586" lon="8.182593" />
      <trkpt lat="48.975901" lon="8.182509" />
      <trkpt lat="48.97612" lon="8.182054" />
      <trkpt lat="48.976148" lon="8.182001" />
      <trkpt lat="48.976204" lon="8.181896" />
      <trkpt lat="48.976321" lon="8.182008" />
      <trkpt lat="48.976472" lon="8.182097" />
      <trkpt lat="48.976604" lon="8.182127" />
      <trkpt lat="48.976778" lon="8.18215" />
      <trkpt lat="48.976996" lon="8.182179" />
      <trkpt lat="48.977293" lon="8.182216" />
      <trkpt lat="48.977483" lon="8.18225" />
      <trkpt lat="48.977503" lon="8.182253" />
      <trkpt lat="48.977767" lon="8.182296" />
      <trkpt lat="48.977868" lon="8.18231" />
      <trkpt lat="48.977961" lon="8.182348" />
      <trkpt lat="48.978028" lon="8.182362" />
      <trkpt lat="48.978063" lon="8.182366" />
      <trkpt lat="48.978195" lon="8.18239" />
      <trkpt lat="48.978254" lon="8.182347" />
      <trkpt lat="48.978327" lon="8.182461" />
      <trkpt lat="48.978394" lon="8.182684" />
      <trkpt lat="48.978823" lon="8.184196" />
      <trkpt lat="48.979111" lon="8.18513" />
      <trkpt lat="48.979156" lon="8.185307" />
      <trkpt lat="48.979095" lon="8.185414" />
      <trkpt lat="48.97909" lon="8.185481" />
      <trkpt lat="48.979093" lon="8.185559" />
      <trkpt lat="48.979171" lon="8.185711" />
      <trkpt lat="48.97928" lon="8.185762" />
      <trkpt lat="48.979369" lon="8.185685" />
      <trkpt lat="48.979549" lon="8.185951" />
      <trkpt lat="48.979902" lon="8.186622" />
      <trkpt lat="48.980481" lon="8.187622" />
      <trkpt lat="48.983798" lon="8.193366" />
      <trkpt lat="48.985243" lon="8.195855" />
      <trkpt lat="48.985437" lon="8.196192" />
      <trkpt lat="48.985486" lon="8.196281" />
      <trkpt lat="48.985799" lon="8.19682" />
      <trkpt lat="48.988026" lon="8.200658" />
      <trkpt lat="48.988087" lon="8.200765" />
      <trkpt lat="48.989653" lon="8.203458" />
      <trkpt lat="48.989956" lon="8.203978" />
      <trkpt lat="48.990518" lon="8.204931" />
      <trkpt lat="48.991071" lon="8.20589" />
      <trkpt lat="48.992754" lon="8.208793" />
      <trkpt lat="48.993215" lon="8.209508" />
      <trkpt lat="48.993389" lon="8.209697" />
      <trkpt lat="48.993597" lon="8.20991" />
      <trkpt lat="48.994147" lon="8.210334" />
      <trkpt lat="48.999208" lon="8.214306" />
      <trkpt lat="49.000382" lon="8.215207" />
      <trkpt lat="49.00113" lon="8.215802" />
      <trkpt lat="49.003082" lon="8.217325" />
      <trkpt lat="49.006717" lon="8.220163" />
      <trkpt lat="49.006972" lon="8.22037" />
      <trkpt lat="49.007915" lon="8.221118" />
      <trkpt lat="49.009169" lon="8.222277" />
      <trkpt lat="49.009696" lon="8.222666" />
      <trkpt lat="49.010036" lon="8.222837" />
      <trkpt lat="49.010479" lon="8.223008" />
      <trkpt lat="49.013183" lon="8.223495" />
      <trkpt lat="49.013568" lon="8.223617" />
      <trkpt lat="49.014168" lon="8.223934" />
      <trkpt lat="49.014526" lon="8.224214" />
      <trkpt lat="49.015052" lon="8.224718" />
      <trkpt lat="49.01561" lon="8.225503" />
      <trkpt lat="49.015942" lon="8.22614" />
      <trkpt lat="49.016181" lon="8.226688" />
      <trkpt lat="49.01664" lon="8.227851" />
      <trkpt lat="49.016849" lon="8.228447" />
      <trkpt lat="49.017148" lon="8.229411" />
      <trkpt lat="49.017263" lon="8.229879" />
      <trkpt lat="49.017533" lon="8.231337" />
      <trkpt lat="49.017582" lon="8.231534" />
      <trkpt lat="49.017671" lon="8.231881" />
      <trkpt lat="49.017831" lon="8.232321" />
      <trkpt lat="49.01797" lon="8.232628" />
      <trkpt lat="49.01816" lon="8.232966" />
      <trkpt lat="49.018362" lon="8.233258" />
      <trkpt lat="49.018719" lon="8.233688" />
      <trkpt lat="49.019137" lon="8.234229" />
      <trkpt lat="49.019378" lon="8.234606" />
      <trkpt lat="49.019621" lon="8.235084" />
      <trkpt lat="49.019864" lon="8.235678" />
      <trkpt lat="49.020058" lon="8.236295" />
      <trkpt lat="49.020194" lon="8.236915" />
      <trkpt lat="49.020113" lon="8.236899" />
      <trkpt lat="49.020352" lon="8.238193" />
      <trkpt lat="49.02048" lon="8.238735" />
      <trkpt lat="49.020635" lon="8.239322" />
      <trkpt lat="49.02101" lon="8.240465" />
      <trkpt lat="49.021219" lon="8.241262" />
      <trkpt lat="49.021249" lon="8.241525" />
      <trkpt lat="49.021184" lon="8.241691" />
      <trkpt lat="49.021115" lon="8.241781" />
      <trkpt lat="49.021116" lon="8.241844" />
      <trkpt lat="49.021122" lon="8.241942" />
      <trkpt lat="49.021136" lon="8.242014" />
      <trkpt lat="49.021234" lon="8.242108" />
      <trkpt lat="49.021293" lon="8.24221" />
      <trkpt lat="49.021323" lon="8.242652" />
      <trkpt lat="49.021304" lon="8.243023" />
      <trkpt lat="49.021297" lon="8.243102" />
      <trkpt lat="49.021396" lon="8.243124" />
      <trkpt lat="49.021458" lon="8.243668" />
      <trkpt lat="49.021547" lon="8.243919" />
      <trkpt lat="49.021667" lon="8.244117" />
      <trkpt lat="49.021821" lon="8.2443" />
      <trkpt lat="49.02218" lon="8.244621" />
      <trkpt lat="49.022353" lon="8.244762" />
      <trkpt lat="49.02288" lon="8.245215" />
      <trkpt lat="49.023147" lon="8.245555" />
      <trkpt lat="49.02328" lon="8.245928" />
      <trkpt lat="49.023385" lon="8.24634" />
      <trkpt lat="49.023584" lon="8.247171" />
      <trkpt lat="49.023634" lon="8.247366" />
      <trkpt lat="49.023799" lon="8.248017" />
      <trkpt lat="49.023896" lon="8.248384" />
      <trkpt lat="49.023981" lon="8.248637" />
      <trkpt lat="49.024522" lon="8.249659" />
      <trkpt lat="49.025047" lon="8.250644" />
      <trkpt lat="49.025312" lon="8.251242" />
      <trkpt lat="49.025399" lon="8.251682" />
      <trkpt lat="49.025418" lon="8.251901" />
      <trkpt lat="49.02542" lon="8.25262" />
      <trkpt lat="49.025358" lon="8.253514" />
      <trkpt lat="49.025251" lon="8.254825" />
      <trkpt lat="49.025232" lon="8.255038" />
      <trkpt lat="49.025425" lon="8.255091" />
      <trkpt lat="49.025711" lon="8.25518" />
      <trkpt lat="49.025763" lon="8.255194" />
      <trkpt lat="49.026984" lon="8.255538" />
      <trkpt lat="49.027393" lon="8.255717" />
      <trkpt lat="49.028179" lon="8.256309" />
      <trkpt lat="49.028205" lon="8.25621" />
      <trkpt lat="49.028227" lon="8.256161" />
      <trkpt lat="49.028476" lon="8.256359" />
      <trkpt lat="49.028711" lon="8.256349" />
      <trkpt lat="49.028813" lon="8.25645" />
      <trkpt lat="49.028886" lon="8.256576" />
      <trkpt lat="49.030815" lon="8.257327" />
      <trkpt lat="49.031348" lon="8.257597" />
      <trkpt lat="49.031642" lon="8.257838" />
      <trkpt lat="49.032618" lon="8.259074" />
      <trkpt lat="49.032938" lon="8.259501" />
      <trkpt lat="49.03394" lon="8.260817" />
      <trkpt lat="49.034042" lon="8.260926" />
      <trkpt lat="49.034179" lon="8.261004" />
      <trkpt lat="49.034327" lon="8.261039" />
      <trkpt lat="49.034477" lon="8.261032" />
      <trkpt lat="49.036705" lon="8.260667" />
      <trkpt lat="49.037564" lon="8.260535" />
      <trkpt lat="49.037785" lon="8.260539" />
      <trkpt lat="49.038205" lon="8.260644" />
      <trkpt lat="49.038333" lon="8.260613" />
      <trkpt lat="49.038402" lon="8.260594" />
      <trkpt lat="49.038447" lon="8.260618" />
      <trkpt lat="49.038616" lon="8.260774" />
      <trkpt lat="49.038716" lon="8.260821" />
      <trkpt lat="49.038882" lon="8.260802" />
      <trkpt lat="49.03897" lon="8.260845" />
      <trkpt lat="49.039133" lon="8.261005" />
      <trkpt lat="49.040051" lon="8.261446" />
      <trkpt lat="49.040375" lon="8.261624" />
      <trkpt lat="49.040448" lon="8.261728" />
      <trkpt lat="49.04089" lon="8.261952" />
      <trkpt lat="49.041109" lon="8.262042" />
      <trkpt lat="49.041453" lon="8.262068" />
      <trkpt lat="49.041495" lon="8.262012" />
      <trkpt lat="49.041514" lon="8.262139" />
      <trkpt lat="49.041631" lon="8.262185" />
      <trkpt lat="49.042076" lon="8.262239" />
      <trkpt lat="49.042685" lon="8.262214" />
      <trkpt lat="49.043283" lon="8.262228" />
      <trkpt lat="49.043722" lon="8.262327" />
      <trkpt lat="49.043889" lon="8.262403" />
      <trkpt lat="49.043908" lon="8.26251" />
      <trkpt lat="49.044134" lon="8.262645" />
      <trkpt lat="49.044546" lon="8.263004" />
      <trkpt lat="49.045014" lon="8.263456" />
      <trkpt lat="49.045485" lon="8.263795" />
      <trkpt lat="49.045745" lon="8.263935" />
      <trkpt lat="49.045978" lon="8.264006" />
      <trkpt lat="49.046191" lon="8.264008" />
      <trkpt lat="49.046196" lon="8.264097" />
      <trkpt lat="49.046252" lon="8.264091" />
      <trkpt lat="49.046272" lon="8.264241" />
      <trkpt lat="49.046324" lon="8.264318" />
      <trkpt lat="49.04667" lon="8.264458" />
      <trkpt lat="49.047263" lon="8.264875" />
      <trkpt lat="49.047701" lon="8.265307" />
      <trkpt lat="49.047887" lon="8.265575" />
      <trkpt lat="49.047939" lon="8.26541" />
      <trkpt lat="49.048092" lon="8.264892" />
      <trkpt lat="49.048142" lon="8.264912" />
      <trkpt lat="49.04829" lon="8.264988" />
      <trkpt lat="49.048525" lon="8.265221" />
      <trkpt lat="49.048684" lon="8.265502" />
      <trkpt lat="49.048799" lon="8.265845" />
      <trkpt lat="49.048855" lon="8.265908" />
      <trkpt lat="49.048993" lon="8.26605" />
      <trkpt lat="49.049137" lon="8.266209" />
      <trkpt lat="49.049288" lon="8.266796" />
      <trkpt lat="49.049341" lon="8.266856" />
      <trkpt lat="49.049458" lon="8.267017" />
      <trkpt lat="49.049417" lon="8.267403" />
      <trkpt lat="49.049419" lon="8.267492" />
      <trkpt lat="49.049498" lon="8.267686" />
      <trkpt lat="49.049469" lon="8.267717" />
      <trkpt lat="49.049508" lon="8.267796" />
      <trkpt lat="49.049566" lon="8.267915" />
      <trkpt lat="49.049631" lon="8.268026" />
      <trkpt lat="49.049847" lon="8.268316" />
      <trkpt lat="49.049948" lon="8.268436" />
      <trkpt lat="49.050435" lon="8.26865" />
      <trkpt lat="49.05085" lon="8.268765" />
      <trkpt lat="49.05097" lon="8.268765" />
      <trkpt lat="49.051209" lon="8.268738" />
      <trkpt lat="49.051448" lon="8.268593" />
      <trkpt lat="49.051494" lon="8.268558" />
      <trkpt lat="49.051651" lon="8.268427" />
      <trkpt lat="49.05174" lon="8.268367" />
      <trkpt lat="49.05189" lon="8.268257" />
      <trkpt lat="49.052065" lon="8.268147" />
      <trkpt lat="49.052122" lon="8.268114" />
      <trkpt lat="49.052786" lon="8.267748" />
      <trkpt lat="49.052858" lon="8.267683" />
      <trkpt lat="49.052959" lon="8.267536" />
      <trkpt lat="49.05326" lon="8.267099" />
      <trkpt lat="49.053878" lon="8.266293" />
      <trkpt lat="49.054004" lon="8.266165" />
      <trkpt lat="49.054179" lon="8.266079" />
      <trkpt lat="49.054234" lon="8.266062" />
    </trkseg>
  </trk>
</gpx>