<?xml version="1.0" encoding="UTF-8"?>
<gpx version="1.1" xmlns="http://www.topografix.com/GPX/1/1" creator="https://github.com/georust/gpx">
  <trk>
    <name>[ele] 04: to end</name>
    <trkseg>
      <trkpt lat="48.533576" lon="8.288608">
        <ele>597.5</ele>
      </trkpt>
      <trkpt lat="48.534029" lon="8.288398">
        <ele>598.2</ele>
      </trkpt>
      <trkpt lat="48.534851" lon="8.287681">
        <ele>598.9</ele>
      </trkpt>
      <trkpt lat="48.535323" lon="8.287151">
        <ele>599.1</ele>
      </trkpt>
      <trkpt lat="48.535432" lon="8.286943">
        <ele>599.3</ele>
      </trkpt>
      <trkpt lat="48.535433" lon="8.286943">
        <ele>599.3</ele>
      </trkpt>
      <trkpt lat="48.535796" lon="8.285614">
        <ele>602</ele>
      </trkpt>
      <trkpt lat="48.53601" lon="8.284861">
        <ele>606.1</ele>
      </trkpt>
      <trkpt lat="48.536124" lon="8.284377">
        <ele>609</ele>
      </trkpt>
      <trkpt lat="48.536399" lon="8.283403">
        <ele>610.9</ele>
      </trkpt>
      <trkpt lat="48.53667" lon="8.282698">
        <ele>609.5</ele>
      </trkpt>
      <trkpt lat="48.537025" lon="8.281955">
        <ele>616.5</ele>
      </trkpt>
      <trkpt lat="48.537169" lon="8.281681">
        <ele>619</ele>
      </trkpt>
      <trkpt lat="48.537363" lon="8.281383">
        <ele>620.9</ele>
      </trkpt>
      <trkpt lat="48.537532" lon="8.281203">
        <ele>622.4</ele>
      </trkpt>
      <trkpt lat="48.537736" lon="8.281066">
        <ele>622.8</ele>
      </trkpt>
      <trkpt lat="48.538198" lon="8.280937">
        <ele>626.7</ele>
      </trkpt>
      <trkpt lat="48.538444" lon="8.280831">
        <ele>629.6</ele>
      </trkpt>
      <trkpt lat="48.538854" lon="8.28056">
        <ele>634.1</ele>
      </trkpt>
      <trkpt lat="48.539037" lon="8.280341">
        <ele>634.5</ele>
      </trkpt>
      <trkpt lat="48.539522" lon="8.27963">
        <ele>635.8</ele>
      </trkpt>
      <trkpt lat="48.54089" lon="8.277721">
        <ele>648.5</ele>
      </trkpt>
      <trkpt lat="48.541584" lon="8.277087">
        <ele>652.6</ele>
      </trkpt>
      <trkpt lat="48.541877" lon="8.276791">
        <ele>655.2</ele>
      </trkpt>
      <trkpt lat="48.542044" lon="8.276594">
        <ele>658.1</ele>
      </trkpt>
      <trkpt lat="48.542209" lon="8.276326">
        <ele>661.5</ele>
      </trkpt>
      <trkpt lat="48.542358" lon="8.276009">
        <ele>664.8</ele>
      </trkpt>
      <trkpt lat="48.542799" lon="8.274797">
        <ele>662.8</ele>
      </trkpt>
      <trkpt lat="48.544267" lon="8.271539">
        <ele>678.4</ele>
      </trkpt>
      <trkpt lat="48.544418" lon="8.271308">
        <ele>682</ele>
      </trkpt>
      <trkpt lat="48.544637" lon="8.271049">
        <ele>686.7</ele>
      </trkpt>
      <trkpt lat="48.54491" lon="8.270852">
        <ele>693.4</ele>
      </trkpt>
      <trkpt lat="48.545143" lon="8.270778">
        <ele>698.3</ele>
      </trkpt>
      <trkpt lat="48.545318" lon="8.270803">
        <ele>701.3</ele>
      </trkpt>
      <trkpt lat="48.546253" lon="8.271076">
        <ele>700.6</ele>
      </trkpt>
      <trkpt lat="48.546441" lon="8.271093">
        <ele>700.9</ele>
      </trkpt>
      <trkpt lat="48.546587" lon="8.271058">
        <ele>703.3</ele>
      </trkpt>
      <trkpt lat="48.546672" lon="8.270955">
        <ele>704.7</ele>
      </trkpt>
      <trkpt lat="48.546715" lon="8.270803">
        <ele>705</ele>
      </trkpt>
      <trkpt lat="48.546708" lon="8.270621">
        <ele>703.6</ele>
      </trkpt>
      <trkpt lat="48.546655" lon="8.27042">
        <ele>700.7</ele>
      </trkpt>
      <trkpt lat="48.546361" lon="8.269885">
        <ele>691.9</ele>
      </trkpt>
      <trkpt lat="48.546308" lon="8.269675">
        <ele>691.7</ele>
      </trkpt>
      <trkpt lat="48.546321" lon="8.269483">
        <ele>691.1</ele>
      </trkpt>
      <trkpt lat="48.546396" lon="8.269318">
        <ele>689.9</ele>
      </trkpt>
      <trkpt lat="48.546576" lon="8.269207">
        <ele>693.1</ele>
      </trkpt>
      <trkpt lat="48.547179" lon="8.269072">
        <ele>704.2</ele>
      </trkpt>
      <trkpt lat="48.547581" lon="8.268776">
        <ele>705</ele>
      </trkpt>
      <trkpt lat="48.547795" lon="8.26851">
        <ele>704.4</ele>
      </trkpt>
      <trkpt lat="48.548096" lon="8.268006">
        <ele>707.4</ele>
      </trkpt>
      <trkpt lat="48.548404" lon="8.267191">
        <ele>703.3</ele>
      </trkpt>
      <trkpt lat="48.548566" lon="8.266885">
        <ele>706.3</ele>
      </trkpt>
      <trkpt lat="48.548713" lon="8.266682">
        <ele>709.6</ele>
      </trkpt>
      <trkpt lat="48.548874" lon="8.266586">
        <ele>714</ele>
      </trkpt>
      <trkpt lat="48.549329" lon="8.266488">
        <ele>724.1</ele>
      </trkpt>
      <trkpt lat="48.549427" lon="8.266433">
        <ele>725.4</ele>
      </trkpt>
      <trkpt lat="48.549494" lon="8.266326">
        <ele>726</ele>
      </trkpt>
      <trkpt lat="48.549511" lon="8.266193">
        <ele>725.2</ele>
      </trkpt>
      <trkpt lat="48.549489" lon="8.26606">
        <ele>723.2</ele>
      </trkpt>
      <trkpt lat="48.549388" lon="8.265853">
        <ele>718.6</ele>
      </trkpt>
      <trkpt lat="48.549332" lon="8.265638">
        <ele>715</ele>
      </trkpt>
      <trkpt lat="48.54934" lon="8.265408">
        <ele>713.5</ele>
      </trkpt>
      <trkpt lat="48.549742" lon="8.263987">
        <ele>723.1</ele>
      </trkpt>
      <trkpt lat="48.549878" lon="8.263586">
        <ele>725.2</ele>
      </trkpt>
      <trkpt lat="48.550062" lon="8.263155">
        <ele>726.1</ele>
      </trkpt>
      <trkpt lat="48.551027" lon="8.261365">
        <ele>739</ele>
      </trkpt>
      <trkpt lat="48.551224" lon="8.261176">
        <ele>737.8</ele>
      </trkpt>
      <trkpt lat="48.551634" lon="8.260974">
        <ele>736</ele>
      </trkpt>
      <trkpt lat="48.551975" lon="8.26086">
        <ele>739.4</ele>
      </trkpt>
      <trkpt lat="48.553315" lon="8.260584">
        <ele>754.5</ele>
      </trkpt>
      <trkpt lat="48.553441" lon="8.260508">
        <ele>755.5</ele>
      </trkpt>
      <trkpt lat="48.553521" lon="8.260404">
        <ele>755.9</ele>
      </trkpt>
      <trkpt lat="48.553601" lon="8.260158">
        <ele>757.9</ele>
      </trkpt>
      <trkpt lat="48.55364" lon="8.259918">
        <ele>760.7</ele>
      </trkpt>
      <trkpt lat="48.553628" lon="8.259734">
        <ele>761.9</ele>
      </trkpt>
      <trkpt lat="48.553573" lon="8.259537">
        <ele>762.6</ele>
      </trkpt>
      <trkpt lat="48.553446" lon="8.259377">
        <ele>762.4</ele>
      </trkpt>
      <trkpt lat="48.553312" lon="8.259282">
        <ele>761.5</ele>
      </trkpt>
      <trkpt lat="48.552444" lon="8.258956">
        <ele>756.2</ele>
      </trkpt>
      <trkpt lat="48.552238" lon="8.258791">
        <ele>755.5</ele>
      </trkpt>
      <trkpt lat="48.552094" lon="8.258562">
        <ele>754.1</ele>
      </trkpt>
      <trkpt lat="48.551984" lon="8.258196">
        <ele>753.9</ele>
      </trkpt>
      <trkpt lat="48.551946" lon="8.257725">
        <ele>756.8</ele>
      </trkpt>
      <trkpt lat="48.551894" lon="8.256198">
        <ele>767.9</ele>
      </trkpt>
      <trkpt lat="48.551797" lon="8.254277">
        <ele>779.4</ele>
      </trkpt>
      <trkpt lat="48.551739" lon="8.254043">
        <ele>778.9</ele>
      </trkpt>
      <trkpt lat="48.551427" lon="8.253353">
        <ele>769.8</ele>
      </trkpt>
      <trkpt lat="48.551338" lon="8.252897">
        <ele>770.2</ele>
      </trkpt>
      <trkpt lat="48.551293" lon="8.252433">
        <ele>767.9</ele>
      </trkpt>
      <trkpt lat="48.551273" lon="8.251834">
        <ele>764.4</ele>
      </trkpt>
      <trkpt lat="48.551317" lon="8.251354">
        <ele>767.2</ele>
      </trkpt>
      <trkpt lat="48.5514" lon="8.250883">
        <ele>771.4</ele>
      </trkpt>
      <trkpt lat="48.551571" lon="8.250203">
        <ele>772.6</ele>
      </trkpt>
      <trkpt lat="48.551793" lon="8.249712">
        <ele>773.1</ele>
      </trkpt>
      <trkpt lat="48.552028" lon="8.249337">
        <ele>776.2</ele>
      </trkpt>
      <trkpt lat="48.552254" lon="8.249073">
        <ele>777.7</ele>
      </trkpt>
      <trkpt lat="48.552571" lon="8.24879">
        <ele>780.2</ele>
      </trkpt>
      <trkpt lat="48.553204" lon="8.248409">
        <ele>787</ele>
      </trkpt>
      <trkpt lat="48.554638" lon="8.247651">
        <ele>795.4</ele>
      </trkpt>
      <trkpt lat="48.555161" lon="8.247293">
        <ele>798.4</ele>
      </trkpt>
      <trkpt lat="48.555327" lon="8.247077">
        <ele>800.1</ele>
      </trkpt>
      <trkpt lat="48.555439" lon="8.246863">
        <ele>801.6</ele>
      </trkpt>
      <trkpt lat="48.555495" lon="8.246622">
        <ele>803.5</ele>
      </trkpt>
      <trkpt lat="48.555499" lon="8.246404">
        <ele>804.7</ele>
      </trkpt>
      <trkpt lat="48.555455" lon="8.246205">
        <ele>805.4</ele>
      </trkpt>
      <trkpt lat="48.555377" lon="8.246">
        <ele>807.2</ele>
      </trkpt>
      <trkpt lat="48.555266" lon="8.245857">
        <ele>809.7</ele>
      </trkpt>
      <trkpt lat="48.555102" lon="8.245716">
        <ele>813.7</ele>
      </trkpt>
      <trkpt lat="48.554883" lon="8.245584">
        <ele>817.2</ele>
      </trkpt>
      <trkpt lat="48.554587" lon="8.245551">
        <ele>821.8</ele>
      </trkpt>
      <trkpt lat="48.554295" lon="8.245559">
        <ele>824.3</ele>
      </trkpt>
      <trkpt lat="48.553514" lon="8.245848">
        <ele>818.6</ele>
      </trkpt>
      <trkpt lat="48.553378" lon="8.245877">
        <ele>817.2</ele>
      </trkpt>
      <trkpt lat="48.553237" lon="8.245824">
        <ele>816.6</ele>
      </trkpt>
      <trkpt lat="48.553133" lon="8.245678">
        <ele>817.1</ele>
      </trkpt>
      <trkpt lat="48.552884" lon="8.245155">
        <ele>819.1</ele>
      </trkpt>
      <trkpt lat="48.552612" lon="8.244724">
        <ele>822.8</ele>
      </trkpt>
      <trkpt lat="48.55234" lon="8.244418">
        <ele>821.6</ele>
      </trkpt>
      <trkpt lat="48.551732" lon="8.243977">
        <ele>820.6</ele>
      </trkpt>
      <trkpt lat="48.551502" lon="8.24375">
        <ele>821.4</ele>
      </trkpt>
      <trkpt lat="48.551308" lon="8.243423">
        <ele>822.9</ele>
      </trkpt>
      <trkpt lat="48.551145" lon="8.242998">
        <ele>820</ele>
      </trkpt>
      <trkpt lat="48.551071" lon="8.242534">
        <ele>817.3</ele>
      </trkpt>
      <trkpt lat="48.551084" lon="8.24198">
        <ele>821</ele>
      </trkpt>
      <trkpt lat="48.551153" lon="8.241622">
        <ele>824.1</ele>
      </trkpt>
      <trkpt lat="48.551259" lon="8.24134">
        <ele>826.5</ele>
      </trkpt>
      <trkpt lat="48.551778" lon="8.240199">
        <ele>834.8</ele>
      </trkpt>
      <trkpt lat="48.551923" lon="8.239944">
        <ele>835.7</ele>
      </trkpt>
      <trkpt lat="48.552169" lon="8.239651">
        <ele>835</ele>
      </trkpt>
      <trkpt lat="48.552478" lon="8.239375">
        <ele>837.9</ele>
      </trkpt>
      <trkpt lat="48.552819" lon="8.239134">
        <ele>839.6</ele>
      </trkpt>
      <trkpt lat="48.55318" lon="8.238925">
        <ele>839.9</ele>
      </trkpt>
      <trkpt lat="48.553635" lon="8.238771">
        <ele>842.1</ele>
      </trkpt>
      <trkpt lat="48.554169" lon="8.238689">
        <ele>844.4</ele>
      </trkpt>
      <trkpt lat="48.554888" lon="8.238628">
        <ele>847.7</ele>
      </trkpt>
      <trkpt lat="48.557" lon="8.23801">
        <ele>856.9</ele>
      </trkpt>
      <trkpt lat="48.559556" lon="8.237433">
        <ele>874</ele>
      </trkpt>
      <trkpt lat="48.559886" lon="8.237298">
        <ele>873</ele>
      </trkpt>
      <trkpt lat="48.560139" lon="8.237127">
        <ele>874.8</ele>
      </trkpt>
      <trkpt lat="48.560283" lon="8.23697">
        <ele>874.3</ele>
      </trkpt>
      <trkpt lat="48.560513" lon="8.236608">
        <ele>871</ele>
      </trkpt>
      <trkpt lat="48.561001" lon="8.235824">
        <ele>876.5</ele>
      </trkpt>
      <trkpt lat="48.561089" lon="8.235634">
        <ele>880.6</ele>
      </trkpt>
      <trkpt lat="48.561215" lon="8.235216">
        <ele>885.4</ele>
      </trkpt>
      <trkpt lat="48.561287" lon="8.234475">
        <ele>877.7</ele>
      </trkpt>
      <trkpt lat="48.561353" lon="8.23425">
        <ele>877.4</ele>
      </trkpt>
      <trkpt lat="48.561632" lon="8.233709">
        <ele>883</ele>
      </trkpt>
      <trkpt lat="48.561704" lon="8.233415">
        <ele>885.4</ele>
      </trkpt>
      <trkpt lat="48.561726" lon="8.233212">
        <ele>887.4</ele>
      </trkpt>
      <trkpt lat="48.561696" lon="8.232987">
        <ele>889.1</ele>
      </trkpt>
      <trkpt lat="48.561631" lon="8.232791">
        <ele>891.2</ele>
      </trkpt>
      <trkpt lat="48.561435" lon="8.232563">
        <ele>892.9</ele>
      </trkpt>
      <trkpt lat="48.561296" lon="8.23251">
        <ele>893.2</ele>
      </trkpt>
      <trkpt lat="48.56108" lon="8.23255">
        <ele>893.2</ele>
      </trkpt>
      <trkpt lat="48.560801" lon="8.232789">
        <ele>890.3</ele>
      </trkpt>
      <trkpt lat="48.560666" lon="8.232862">
        <ele>889.6</ele>
      </trkpt>
      <trkpt lat="48.56053" lon="8.232855">
        <ele>887.8</ele>
      </trkpt>
      <trkpt lat="48.560423" lon="8.232781">
        <ele>886.7</ele>
      </trkpt>
      <trkpt lat="48.56034" lon="8.232656">
        <ele>885.9</ele>
      </trkpt>
      <trkpt lat="48.560286" lon="8.232494">
        <ele>886</ele>
      </trkpt>
      <trkpt lat="48.560189" lon="8.231684">
        <ele>891.1</ele>
      </trkpt>
      <trkpt lat="48.559896" lon="8.230559">
        <ele>892.3</ele>
      </trkpt>
      <trkpt lat="48.559815" lon="8.23011">
        <ele>890.3</ele>
      </trkpt>
      <trkpt lat="48.559774" lon="8.229593">
        <ele>892.4</ele>
      </trkpt>
      <trkpt lat="48.559779" lon="8.229142">
        <ele>892.6</ele>
      </trkpt>
      <trkpt lat="48.559802" lon="8.228527">
        <ele>893.2</ele>
      </trkpt>
      <trkpt lat="48.559866" lon="8.228025">
        <ele>896.1</ele>
      </trkpt>
      <trkpt lat="48.559964" lon="8.227421">
        <ele>896.7</ele>
      </trkpt>
      <trkpt lat="48.560019" lon="8.227172">
        <ele>898.7</ele>
      </trkpt>
      <trkpt lat="48.560089" lon="8.226863">
        <ele>902.2</ele>
      </trkpt>
      <trkpt lat="48.560272" lon="8.226168">
        <ele>907.2</ele>
      </trkpt>
      <trkpt lat="48.560545" lon="8.225285">
        <ele>905.2</ele>
      </trkpt>
      <trkpt lat="48.560591" lon="8.225136">
        <ele>904.6</ele>
      </trkpt>
      <trkpt lat="48.560763" lon="8.224572">
        <ele>902</ele>
      </trkpt>
      <trkpt lat="48.56101" lon="8.2237">
        <ele>904.1</ele>
      </trkpt>
      <trkpt lat="48.561032" lon="8.223598">
        <ele>904.2</ele>
      </trkpt>
      <trkpt lat="48.56113" lon="8.222682">
        <ele>909.9</ele>
      </trkpt>
      <trkpt lat="48.561156" lon="8.222384">
        <ele>912.1</ele>
      </trkpt>
      <trkpt lat="48.56117" lon="8.222225">
        <ele>912.8</ele>
      </trkpt>
      <trkpt lat="48.561176" lon="8.222176">
        <ele>913.1</ele>
      </trkpt>
      <trkpt lat="48.561203" lon="8.221952">
        <ele>913.8</ele>
      </trkpt>
      <trkpt lat="48.561261" lon="8.221721">
        <ele>913.9</ele>
      </trkpt>
      <trkpt lat="48.56133" lon="8.221591">
        <ele>913.4</ele>
      </trkpt>
      <trkpt lat="48.561453" lon="8.221445">
        <ele>912.1</ele>
      </trkpt>
      <trkpt lat="48.561541" lon="8.221347">
        <ele>911</ele>
      </trkpt>
      <trkpt lat="48.561589" lon="8.221303">
        <ele>910.6</ele>
      </trkpt>
      <trkpt lat="48.561772" lon="8.221246">
        <ele>910</ele>
      </trkpt>
      <trkpt lat="48.562454" lon="8.221705">
        <ele>914</ele>
      </trkpt>
      <trkpt lat="48.562727" lon="8.221931">
        <ele>912.8</ele>
      </trkpt>
      <trkpt lat="48.562972" lon="8.222186">
        <ele>911.2</ele>
      </trkpt>
      <trkpt lat="48.563268" lon="8.222464">
        <ele>910.2</ele>
      </trkpt>
      <trkpt lat="48.563412" lon="8.222561">
        <ele>909.3</ele>
      </trkpt>
      <trkpt lat="48.563687" lon="8.22272">
        <ele>907.4</ele>
      </trkpt>
      <trkpt lat="48.563882" lon="8.222787">
        <ele>905.4</ele>
      </trkpt>
      <trkpt lat="48.565424" lon="8.223274">
        <ele>890.9</ele>
      </trkpt>
      <trkpt lat="48.56626" lon="8.223475">
        <ele>887.6</ele>
      </trkpt>
      <trkpt lat="48.566711" lon="8.223541">
        <ele>888.6</ele>
      </trkpt>
      <trkpt lat="48.567652" lon="8.223572">
        <ele>878.6</ele>
      </trkpt>
      <trkpt lat="48.569195" lon="8.223413">
        <ele>871.8</ele>
      </trkpt>
      <trkpt lat="48.56954" lon="8.223391">
        <ele>868.9</ele>
      </trkpt>
      <trkpt lat="48.569914" lon="8.223413">
        <ele>867.3</ele>
      </trkpt>
      <trkpt lat="48.570253" lon="8.223555">
        <ele>867.5</ele>
      </trkpt>
      <trkpt lat="48.570556" lon="8.223761">
        <ele>865.5</ele>
      </trkpt>
      <trkpt lat="48.571013" lon="8.22418">
        <ele>862.5</ele>
      </trkpt>
      <trkpt lat="48.571415" lon="8.224692">
        <ele>859.6</ele>
      </trkpt>
      <trkpt lat="48.571907" lon="8.225267">
        <ele>861.6</ele>
      </trkpt>
      <trkpt lat="48.572092" lon="8.225518">
        <ele>859.7</ele>
      </trkpt>
      <trkpt lat="48.572364" lon="8.226044">
        <ele>861.6</ele>
      </trkpt>
      <trkpt lat="48.572442" lon="8.226213">
        <ele>863.1</ele>
      </trkpt>
      <trkpt lat="48.572524" lon="8.226361">
        <ele>863.8</ele>
      </trkpt>
      <trkpt lat="48.572672" lon="8.226493">
        <ele>863.9</ele>
      </trkpt>
      <trkpt lat="48.572835" lon="8.226519">
        <ele>862.6</ele>
      </trkpt>
      <trkpt lat="48.573019" lon="8.226446">
        <ele>861.4</ele>
      </trkpt>
      <trkpt lat="48.573165" lon="8.226268">
        <ele>861.5</ele>
      </trkpt>
      <trkpt lat="48.57321" lon="8.226173">
        <ele>862.3</ele>
      </trkpt>
      <trkpt lat="48.573282" lon="8.225919">
        <ele>862.5</ele>
      </trkpt>
      <trkpt lat="48.573325" lon="8.225589">
        <ele>861.7</ele>
      </trkpt>
      <trkpt lat="48.573391" lon="8.225107">
        <ele>862.5</ele>
      </trkpt>
      <trkpt lat="48.573537" lon="8.224478">
        <ele>867.9</ele>
      </trkpt>
      <trkpt lat="48.57358" lon="8.223859">
        <ele>869.9</ele>
      </trkpt>
      <trkpt lat="48.573577" lon="8.223546">
        <ele>871</ele>
      </trkpt>
      <trkpt lat="48.573537" lon="8.223057">
        <ele>872.4</ele>
      </trkpt>
      <trkpt lat="48.573463" lon="8.22241">
        <ele>875.5</ele>
      </trkpt>
      <trkpt lat="48.573389" lon="8.221634">
        <ele>874.6</ele>
      </trkpt>
      <trkpt lat="48.573388" lon="8.22097">
        <ele>868.7</ele>
      </trkpt>
      <trkpt lat="48.573458" lon="8.220355">
        <ele>871.9</ele>
      </trkpt>
      <trkpt lat="48.573627" lon="8.219773">
        <ele>879.4</ele>
      </trkpt>
      <trkpt lat="48.573815" lon="8.219376">
        <ele>882.2</ele>
      </trkpt>
      <trkpt lat="48.574042" lon="8.21902">
        <ele>885.4</ele>
      </trkpt>
      <trkpt lat="48.574614" lon="8.218274">
        <ele>887.9</ele>
      </trkpt>
      <trkpt lat="48.575036" lon="8.21789">
        <ele>892.7</ele>
      </trkpt>
      <trkpt lat="48.575191" lon="8.217788">
        <ele>893.5</ele>
      </trkpt>
      <trkpt lat="48.575615" lon="8.217641">
        <ele>893.9</ele>
      </trkpt>
      <trkpt lat="48.57597" lon="8.217626">
        <ele>893.7</ele>
      </trkpt>
      <trkpt lat="48.576177" lon="8.21766">
        <ele>895.9</ele>
      </trkpt>
      <trkpt lat="48.577458" lon="8.217955">
        <ele>905.7</ele>
      </trkpt>
      <trkpt lat="48.578026" lon="8.21816">
        <ele>905.7</ele>
      </trkpt>
      <trkpt lat="48.578317" lon="8.21833">
        <ele>907.6</ele>
      </trkpt>
      <trkpt lat="48.578511" lon="8.218487">
        <ele>911.1</ele>
      </trkpt>
      <trkpt lat="48.579025" lon="8.219057">
        <ele>916.7</ele>
      </trkpt>
      <trkpt lat="48.579418" lon="8.219544">
        <ele>918.3</ele>
      </trkpt>
      <trkpt lat="48.580784" lon="8.221349">
        <ele>925</ele>
      </trkpt>
      <trkpt lat="48.581111" lon="8.221689">
        <ele>928.6</ele>
      </trkpt>
      <trkpt lat="48.581258" lon="8.221785">
        <ele>925.7</ele>
      </trkpt>
      <trkpt lat="48.581463" lon="8.221825">
        <ele>921.8</ele>
      </trkpt>
      <trkpt lat="48.581571" lon="8.221819">
        <ele>922.3</ele>
      </trkpt>
      <trkpt lat="48.581825" lon="8.22173">
        <ele>922.5</ele>
      </trkpt>
      <trkpt lat="48.582029" lon="8.22158">
        <ele>921.9</ele>
      </trkpt>
      <trkpt lat="48.582368" lon="8.221262">
        <ele>925.7</ele>
      </trkpt>
      <trkpt lat="48.582725" lon="8.220823">
        <ele>927.3</ele>
      </trkpt>
      <trkpt lat="48.583566" lon="8.219301">
        <ele>931.2</ele>
      </trkpt>
      <trkpt lat="48.584096" lon="8.218448">
        <ele>936.5</ele>
      </trkpt>
      <trkpt lat="48.584391" lon="8.21782">
        <ele>938.5</ele>
      </trkpt>
      <trkpt lat="48.584455" lon="8.217606">
        <ele>939</ele>
      </trkpt>
      <trkpt lat="48.584536" lon="8.217152">
        <ele>938.5</ele>
      </trkpt>
      <trkpt lat="48.584616" lon="8.216072">
        <ele>937.1</ele>
      </trkpt>
      <trkpt lat="48.584656" lon="8.215773">
        <ele>938.9</ele>
      </trkpt>
      <trkpt lat="48.584737" lon="8.21546">
        <ele>942.4</ele>
      </trkpt>
      <trkpt lat="48.58487" lon="8.215169">
        <ele>947.1</ele>
      </trkpt>
      <trkpt lat="48.584962" lon="8.215037">
        <ele>948.8</ele>
      </trkpt>
      <trkpt lat="48.585178" lon="8.21483">
        <ele>950.1</ele>
      </trkpt>
      <trkpt lat="48.585429" lon="8.214707">
        <ele>949.7</ele>
      </trkpt>
      <trkpt lat="48.585591" lon="8.214683">
        <ele>950.3</ele>
      </trkpt>
      <trkpt lat="48.585808" lon="8.214702">
        <ele>951.9</ele>
      </trkpt>
      <trkpt lat="48.586195" lon="8.21488">
        <ele>952.2</ele>
      </trkpt>
      <trkpt lat="48.586855" lon="8.215364">
        <ele>949.8</ele>
      </trkpt>
      <trkpt lat="48.587009" lon="8.215483">
        <ele>949.3</ele>
      </trkpt>
      <trkpt lat="48.587852" lon="8.216084">
        <ele>956.8</ele>
      </trkpt>
      <trkpt lat="48.588375" lon="8.216325">
        <ele>954.1</ele>
      </trkpt>
      <trkpt lat="48.588848" lon="8.216461">
        <ele>954.4</ele>
      </trkpt>
      <trkpt lat="48.589278" lon="8.216506">
        <ele>958.2</ele>
      </trkpt>
      <trkpt lat="48.589887" lon="8.216476">
        <ele>959</ele>
      </trkpt>
      <trkpt lat="48.590369" lon="8.216358">
        <ele>956.6</ele>
      </trkpt>
      <trkpt lat="48.59119" lon="8.216046">
        <ele>953.4</ele>
      </trkpt>
      <trkpt lat="48.591541" lon="8.216011">
        <ele>952.9</ele>
      </trkpt>
      <trkpt lat="48.591805" lon="8.21603">
        <ele>952.9</ele>
      </trkpt>
      <trkpt lat="48.592121" lon="8.216128">
        <ele>953.9</ele>
      </trkpt>
      <trkpt lat="48.59292" lon="8.21646">
        <ele>953.9</ele>
      </trkpt>
      <trkpt lat="48.594712" lon="8.217297">
        <ele>960.8</ele>
      </trkpt>
      <trkpt lat="48.595125" lon="8.217417">
        <ele>959.1</ele>
      </trkpt>
      <trkpt lat="48.5955" lon="8.217389">
        <ele>955.2</ele>
      </trkpt>
      <trkpt lat="48.595538" lon="8.217638">
        <ele>955.7</ele>
      </trkpt>
      <trkpt lat="48.595787" lon="8.217619">
        <ele>955.8</ele>
      </trkpt>
      <trkpt lat="48.595951" lon="8.217519">
        <ele>956.4</ele>
      </trkpt>
      <trkpt lat="48.596" lon="8.217603">
        <ele>956.3</ele>
      </trkpt>
      <trkpt lat="48.596174" lon="8.217895">
        <ele>956</ele>
      </trkpt>
      <trkpt lat="48.596197" lon="8.218067">
        <ele>955.1</ele>
      </trkpt>
      <trkpt lat="48.596137" lon="8.218359">
        <ele>953.2</ele>
      </trkpt>
      <trkpt lat="48.596063" lon="8.218564">
        <ele>951.7</ele>
      </trkpt>
      <trkpt lat="48.595622" lon="8.219397">
        <ele>952.2</ele>
      </trkpt>
      <trkpt lat="48.59549" lon="8.219792">
        <ele>952.3</ele>
      </trkpt>
      <trkpt lat="48.595004" lon="8.221717">
        <ele>949.1</ele>
      </trkpt>
      <trkpt lat="48.594947" lon="8.221846">
        <ele>948.7</ele>
      </trkpt>
      <trkpt lat="48.594848" lon="8.222085">
        <ele>946.2</ele>
      </trkpt>
      <trkpt lat="48.59454" lon="8.223448">
        <ele>931.2</ele>
      </trkpt>
      <trkpt lat="48.594414" lon="8.223727">
        <ele>931.6</ele>
      </trkpt>
      <trkpt lat="48.594293" lon="8.223903">
        <ele>931.5</ele>
      </trkpt>
      <trkpt lat="48.593703" lon="8.224514">
        <ele>921.8</ele>
      </trkpt>
      <trkpt lat="48.59266" lon="8.226023">
        <ele>916.2</ele>
      </trkpt>
      <trkpt lat="48.59237" lon="8.226405">
        <ele>909.7</ele>
      </trkpt>
      <trkpt lat="48.592317" lon="8.226554">
        <ele>906.5</ele>
      </trkpt>
      <trkpt lat="48.592129" lon="8.227569">
        <ele>895.3</ele>
      </trkpt>
      <trkpt lat="48.592028" lon="8.227826">
        <ele>894.2</ele>
      </trkpt>
      <trkpt lat="48.591889" lon="8.228024">
        <ele>894.2</ele>
      </trkpt>
      <trkpt lat="48.591728" lon="8.228152">
        <ele>893.6</ele>
      </trkpt>
      <trkpt lat="48.591418" lon="8.228254">
        <ele>891.3</ele>
      </trkpt>
      <trkpt lat="48.591044" lon="8.228202">
        <ele>889.3</ele>
      </trkpt>
      <trkpt lat="48.590868" lon="8.22816">
        <ele>889.2</ele>
      </trkpt>
      <trkpt lat="48.590586" lon="8.22823">
        <ele>888.4</ele>
      </trkpt>
      <trkpt lat="48.589709" lon="8.228596">
        <ele>885.2</ele>
      </trkpt>
      <trkpt lat="48.58936" lon="8.228658">
        <ele>883.3</ele>
      </trkpt>
      <trkpt lat="48.588994" lon="8.22865">
        <ele>879</ele>
      </trkpt>
      <trkpt lat="48.588516" lon="8.22896">
        <ele>875.9</ele>
      </trkpt>
      <trkpt lat="48.588424" lon="8.229107">
        <ele>878.5</ele>
      </trkpt>
      <trkpt lat="48.588402" lon="8.229558">
        <ele>877</ele>
      </trkpt>
      <trkpt lat="48.588451" lon="8.230239">
        <ele>865.8</ele>
      </trkpt>
      <trkpt lat="48.588679" lon="8.231054">
        <ele>858.7</ele>
      </trkpt>
      <trkpt lat="48.589329" lon="8.234077">
        <ele>845.4</ele>
      </trkpt>
      <trkpt lat="48.589672" lon="8.235852">
        <ele>837.6</ele>
      </trkpt>
      <trkpt lat="48.589692" lon="8.236054">
        <ele>836.8</ele>
      </trkpt>
      <trkpt lat="48.589669" lon="8.236281">
        <ele>835.5</ele>
      </trkpt>
      <trkpt lat="48.58963" lon="8.236385">
        <ele>834.5</ele>
      </trkpt>
      <trkpt lat="48.589554" lon="8.236482">
        <ele>833.6</ele>
      </trkpt>
      <trkpt lat="48.589498" lon="8.236519">
        <ele>833.1</ele>
      </trkpt>
      <trkpt lat="48.589334" lon="8.236546">
        <ele>832.7</ele>
      </trkpt>
      <trkpt lat="48.589025" lon="8.23645">
        <ele>834</ele>
      </trkpt>
      <trkpt lat="48.588935" lon="8.236459">
        <ele>834.3</ele>
      </trkpt>
      <trkpt lat="48.588712" lon="8.236664">
        <ele>834.9</ele>
      </trkpt>
      <trkpt lat="48.588595" lon="8.236839">
        <ele>835.1</ele>
      </trkpt>
      <trkpt lat="48.588533" lon="8.237108">
        <ele>834.1</ele>
      </trkpt>
      <trkpt lat="48.588563" lon="8.237248">
        <ele>833.2</ele>
      </trkpt>
      <trkpt lat="48.588673" lon="8.237402">
        <ele>829.6</ele>
      </trkpt>
      <trkpt lat="48.588824" lon="8.237557">
        <ele>825</ele>
      </trkpt>
      <trkpt lat="48.589304" lon="8.23817">
        <ele>816.2</ele>
      </trkpt>
      <trkpt lat="48.589438" lon="8.238463">
        <ele>814.7</ele>
      </trkpt>
      <trkpt lat="48.58992" lon="8.23975">
        <ele>809</ele>
      </trkpt>
      <trkpt lat="48.590034" lon="8.240226">
        <ele>808</ele>
      </trkpt>
      <trkpt lat="48.590034" lon="8.240562">
        <ele>806.6</ele>
      </trkpt>
      <trkpt lat="48.589978" lon="8.241066">
        <ele>803.7</ele>
      </trkpt>
      <trkpt lat="48.589935" lon="8.241318">
        <ele>800.9</ele>
      </trkpt>
      <trkpt lat="48.58982" lon="8.241612">
        <ele>796.2</ele>
      </trkpt>
      <trkpt lat="48.589725" lon="8.241752">
        <ele>794.1</ele>
      </trkpt>
      <trkpt lat="48.58963" lon="8.241841">
        <ele>793.5</ele>
      </trkpt>
      <trkpt lat="48.589483" lon="8.241932">
        <ele>793.5</ele>
      </trkpt>
      <trkpt lat="48.588985" lon="8.242085">
        <ele>796</ele>
      </trkpt>
      <trkpt lat="48.588808" lon="8.242248">
        <ele>795</ele>
      </trkpt>
      <trkpt lat="48.588744" lon="8.242416">
        <ele>793.3</ele>
      </trkpt>
      <trkpt lat="48.58875" lon="8.24265">
        <ele>791.7</ele>
      </trkpt>
      <trkpt lat="48.588803" lon="8.242774">
        <ele>790</ele>
      </trkpt>
      <trkpt lat="48.589227" lon="8.243229">
        <ele>781.6</ele>
      </trkpt>
      <trkpt lat="48.589428" lon="8.243584">
        <ele>778.8</ele>
      </trkpt>
      <trkpt lat="48.589539" lon="8.24374">
        <ele>777</ele>
      </trkpt>
      <trkpt lat="48.589609" lon="8.243942">
        <ele>775.8</ele>
      </trkpt>
      <trkpt lat="48.590014" lon="8.245158">
        <ele>768.8</ele>
      </trkpt>
      <trkpt lat="48.59011" lon="8.245585">
        <ele>765.9</ele>
      </trkpt>
      <trkpt lat="48.590089" lon="8.245984">
        <ele>766.1</ele>
      </trkpt>
      <trkpt lat="48.590025" lon="8.246243">
        <ele>765.4</ele>
      </trkpt>
      <trkpt lat="48.589902" lon="8.246517">
        <ele>763.5</ele>
      </trkpt>
      <trkpt lat="48.589815" lon="8.246899">
        <ele>762.3</ele>
      </trkpt>
      <trkpt lat="48.589795" lon="8.248746">
        <ele>750.9</ele>
      </trkpt>
      <trkpt lat="48.589732" lon="8.248977">
        <ele>746</ele>
      </trkpt>
      <trkpt lat="48.589627" lon="8.249104">
        <ele>745.6</ele>
      </trkpt>
      <trkpt lat="48.589519" lon="8.249177">
        <ele>746.9</ele>
      </trkpt>
      <trkpt lat="48.588716" lon="8.249522">
        <ele>752.1</ele>
      </trkpt>
      <trkpt lat="48.588452" lon="8.249734">
        <ele>749</ele>
      </trkpt>
      <trkpt lat="48.588357" lon="8.249918">
        <ele>745.2</ele>
      </trkpt>
      <trkpt lat="48.588321" lon="8.250095">
        <ele>742.1</ele>
      </trkpt>
      <trkpt lat="48.588339" lon="8.250342">
        <ele>739</ele>
      </trkpt>
      <trkpt lat="48.588482" lon="8.25067">
        <ele>737.5</ele>
      </trkpt>
      <trkpt lat="48.58865" lon="8.250774">
        <ele>736</ele>
      </trkpt>
      <trkpt lat="48.588934" lon="8.250766">
        <ele>731.1</ele>
      </trkpt>
      <trkpt lat="48.589005" lon="8.250759">
        <ele>729.9</ele>
      </trkpt>
      <trkpt lat="48.590182" lon="8.250749">
        <ele>718.6</ele>
      </trkpt>
      <trkpt lat="48.590525" lon="8.250797">
        <ele>718.7</ele>
      </trkpt>
      <trkpt lat="48.590844" lon="8.251001">
        <ele>712</ele>
      </trkpt>
      <trkpt lat="48.591036" lon="8.251189">
        <ele>706.5</ele>
      </trkpt>
      <trkpt lat="48.591259" lon="8.251486">
        <ele>702.8</ele>
      </trkpt>
      <trkpt lat="48.591465" lon="8.251843">
        <ele>705.1</ele>
      </trkpt>
      <trkpt lat="48.591742" lon="8.252765">
        <ele>693.7</ele>
      </trkpt>
      <trkpt lat="48.591761" lon="8.252935">
        <ele>693.9</ele>
      </trkpt>
      <trkpt lat="48.591773" lon="8.253159">
        <ele>695.9</ele>
      </trkpt>
      <trkpt lat="48.591747" lon="8.253479">
        <ele>699.6</ele>
      </trkpt>
      <trkpt lat="48.591763" lon="8.253682">
        <ele>698.7</ele>
      </trkpt>
      <trkpt lat="48.591801" lon="8.253796">
        <ele>697.1</ele>
      </trkpt>
      <trkpt lat="48.591847" lon="8.253822">
        <ele>695.4</ele>
      </trkpt>
      <trkpt lat="48.591742" lon="8.254148">
        <ele>695.5</ele>
      </trkpt>
      <trkpt lat="48.591598" lon="8.254389">
        <ele>697.2</ele>
      </trkpt>
      <trkpt lat="48.591204" lon="8.254815">
        <ele>698</ele>
      </trkpt>
      <trkpt lat="48.590861" lon="8.255063">
        <ele>706.1</ele>
      </trkpt>
      <trkpt lat="48.59063" lon="8.255319">
        <ele>709.8</ele>
      </trkpt>
      <trkpt lat="48.590485" lon="8.255529">
        <ele>707.7</ele>
      </trkpt>
      <trkpt lat="48.590409" lon="8.255708">
        <ele>705.4</ele>
      </trkpt>
      <trkpt lat="48.590319" lon="8.256037">
        <ele>698.8</ele>
      </trkpt>
      <trkpt lat="48.59021" lon="8.256281">
        <ele>695.6</ele>
      </trkpt>
      <trkpt lat="48.589819" lon="8.257048">
        <ele>694</ele>
      </trkpt>
      <trkpt lat="48.589564" lon="8.257437">
        <ele>690.2</ele>
      </trkpt>
      <trkpt lat="48.589444" lon="8.257565">
        <ele>689.5</ele>
      </trkpt>
      <trkpt lat="48.58894" lon="8.257876">
        <ele>689.5</ele>
      </trkpt>
      <trkpt lat="48.588839" lon="8.258002">
        <ele>691.7</ele>
      </trkpt>
      <trkpt lat="48.588797" lon="8.258098">
        <ele>692.7</ele>
      </trkpt>
      <trkpt lat="48.588786" lon="8.25822">
        <ele>692.8</ele>
      </trkpt>
      <trkpt lat="48.588821" lon="8.258386">
        <ele>691.3</ele>
      </trkpt>
      <trkpt lat="48.588927" lon="8.258641">
        <ele>686.7</ele>
      </trkpt>
      <trkpt lat="48.588966" lon="8.258828">
        <ele>685</ele>
      </trkpt>
      <trkpt lat="48.588979" lon="8.25903">
        <ele>685.3</ele>
      </trkpt>
      <trkpt lat="48.588958" lon="8.259262">
        <ele>687.2</ele>
      </trkpt>
      <trkpt lat="48.588886" lon="8.259537">
        <ele>690.9</ele>
      </trkpt>
      <trkpt lat="48.588505" lon="8.260577">
        <ele>683.6</ele>
      </trkpt>
      <trkpt lat="48.588397" lon="8.260723">
        <ele>681.6</ele>
      </trkpt>
      <trkpt lat="48.588006" lon="8.260726">
        <ele>686.9</ele>
      </trkpt>
      <trkpt lat="48.58788" lon="8.260791">
        <ele>687.2</ele>
      </trkpt>
      <trkpt lat="48.587801" lon="8.260908">
        <ele>686.4</ele>
      </trkpt>
      <trkpt lat="48.587759" lon="8.261039">
        <ele>685.6</ele>
      </trkpt>
      <trkpt lat="48.58777" lon="8.26118">
        <ele>685.4</ele>
      </trkpt>
      <trkpt lat="48.587911" lon="8.261512">
        <ele>682.7</ele>
      </trkpt>
      <trkpt lat="48.587984" lon="8.261802">
        <ele>681.6</ele>
      </trkpt>
      <trkpt lat="48.587989" lon="8.262048">
        <ele>682.4</ele>
      </trkpt>
      <trkpt lat="48.587923" lon="8.262496">
        <ele>682.6</ele>
      </trkpt>
      <trkpt lat="48.587944" lon="8.262706">
        <ele>681.8</ele>
      </trkpt>
      <trkpt lat="48.588016" lon="8.262981">
        <ele>681.1</ele>
      </trkpt>
      <trkpt lat="48.588053" lon="8.263295">
        <ele>679.5</ele>
      </trkpt>
      <trkpt lat="48.587981" lon="8.26465">
        <ele>680.7</ele>
      </trkpt>
      <trkpt lat="48.587869" lon="8.265771">
        <ele>686.2</ele>
      </trkpt>
      <trkpt lat="48.587794" lon="8.266283">
        <ele>688.5</ele>
      </trkpt>
      <trkpt lat="48.587786" lon="8.266666">
        <ele>687.8</ele>
      </trkpt>
      <trkpt lat="48.587846" lon="8.267322">
        <ele>683.2</ele>
      </trkpt>
      <trkpt lat="48.587878" lon="8.26875">
        <ele>685</ele>
      </trkpt>
      <trkpt lat="48.587823" lon="8.269127">
        <ele>686.9</ele>
      </trkpt>
      <trkpt lat="48.587742" lon="8.269357">
        <ele>686.9</ele>
      </trkpt>
      <trkpt lat="48.587494" lon="8.269671">
        <ele>691</ele>
      </trkpt>
      <trkpt lat="48.587154" lon="8.269759">
        <ele>700.6</ele>
      </trkpt>
      <trkpt lat="48.587101" lon="8.269862">
        <ele>700.1</ele>
      </trkpt>
      <trkpt lat="48.587102" lon="8.270005">
        <ele>698.1</ele>
      </trkpt>
      <trkpt lat="48.587146" lon="8.270156">
        <ele>695</ele>
      </trkpt>
      <trkpt lat="48.587262" lon="8.270304">
        <ele>690.8</ele>
      </trkpt>
      <trkpt lat="48.587636" lon="8.270582">
        <ele>682.2</ele>
      </trkpt>
      <trkpt lat="48.587805" lon="8.270858">
        <ele>680.2</ele>
      </trkpt>
      <trkpt lat="48.588066" lon="8.271495">
        <ele>673</ele>
      </trkpt>
      <trkpt lat="48.588324" lon="8.272165">
        <ele>664.5</ele>
      </trkpt>
      <trkpt lat="48.58841" lon="8.272523">
        <ele>661</ele>
      </trkpt>
      <trkpt lat="48.58839" lon="8.273249">
        <ele>659.2</ele>
      </trkpt>
      <trkpt lat="48.588496" lon="8.274243">
        <ele>650.2</ele>
      </trkpt>
      <trkpt lat="48.588481" lon="8.274708">
        <ele>646.1</ele>
      </trkpt>
      <trkpt lat="48.58825" lon="8.276135">
        <ele>639.9</ele>
      </trkpt>
      <trkpt lat="48.588172" lon="8.276416">
        <ele>637.9</ele>
      </trkpt>
      <trkpt lat="48.588035" lon="8.276805">
        <ele>634.8</ele>
      </trkpt>
      <trkpt lat="48.58768" lon="8.277438">
        <ele>634.4</ele>
      </trkpt>
      <trkpt lat="48.587615" lon="8.277665">
        <ele>634.6</ele>
      </trkpt>
      <trkpt lat="48.587671" lon="8.278299">
        <ele>627.6</ele>
      </trkpt>
      <trkpt lat="48.587643" lon="8.278807">
        <ele>624.9</ele>
      </trkpt>
      <trkpt lat="48.587541" lon="8.27932">
        <ele>624.8</ele>
      </trkpt>
      <trkpt lat="48.587407" lon="8.279683">
        <ele>622.5</ele>
      </trkpt>
      <trkpt lat="48.587255" lon="8.279934">
        <ele>626.3</ele>
      </trkpt>
      <trkpt lat="48.587171" lon="8.280151">
        <ele>630.4</ele>
      </trkpt>
      <trkpt lat="48.58699" lon="8.281319">
        <ele>625.8</ele>
      </trkpt>
      <trkpt lat="48.586982" lon="8.281746">
        <ele>624</ele>
      </trkpt>
      <trkpt lat="48.586897" lon="8.282259">
        <ele>623.8</ele>
      </trkpt>
      <trkpt lat="48.586712" lon="8.282974">
        <ele>622.7</ele>
      </trkpt>
      <trkpt lat="48.586513" lon="8.283392">
        <ele>623.2</ele>
      </trkpt>
      <trkpt lat="48.586399" lon="8.283724">
        <ele>626.6</ele>
      </trkpt>
      <trkpt lat="48.586332" lon="8.284233">
        <ele>630</ele>
      </trkpt>
      <trkpt lat="48.586336" lon="8.284849">
        <ele>630.3</ele>
      </trkpt>
      <trkpt lat="48.586309" lon="8.285422">
        <ele>629.2</ele>
      </trkpt>
      <trkpt lat="48.586253" lon="8.285799">
        <ele>625.3</ele>
      </trkpt>
      <trkpt lat="48.586165" lon="8.286165">
        <ele>621.2</ele>
      </trkpt>
      <trkpt lat="48.585947" lon="8.28655">
        <ele>622.4</ele>
      </trkpt>
      <trkpt lat="48.585892" lon="8.286737">
        <ele>622.5</ele>
      </trkpt>
      <trkpt lat="48.585917" lon="8.286975">
        <ele>620.7</ele>
      </trkpt>
      <trkpt lat="48.586065" lon="8.28746">
        <ele>620</ele>
      </trkpt>
      <trkpt lat="48.586095" lon="8.287857">
        <ele>623.5</ele>
      </trkpt>
      <trkpt lat="48.586091" lon="8.288258">
        <ele>628.9</ele>
      </trkpt>
      <trkpt lat="48.585977" lon="8.288956">
        <ele>633.8</ele>
      </trkpt>
      <trkpt lat="48.585914" lon="8.289501">
        <ele>634.3</ele>
      </trkpt>
      <trkpt lat="48.585836" lon="8.290513">
        <ele>642.3</ele>
      </trkpt>
      <trkpt lat="48.585824" lon="8.290859">
        <ele>644.8</ele>
      </trkpt>
      <trkpt lat="48.585916" lon="8.291793">
        <ele>639</ele>
      </trkpt>
      <trkpt lat="48.585918" lon="8.292163">
        <ele>635.7</ele>
      </trkpt>
      <trkpt lat="48.58585" lon="8.292612">
        <ele>630.5</ele>
      </trkpt>
      <trkpt lat="48.585844" lon="8.292852">
        <ele>626.3</ele>
      </trkpt>
      <trkpt lat="48.585955" lon="8.293731">
        <ele>617.4</ele>
      </trkpt>
      <trkpt lat="48.586225" lon="8.294557">
        <ele>613.7</ele>
      </trkpt>
      <trkpt lat="48.586268" lon="8.294735">
        <ele>614.4</ele>
      </trkpt>
      <trkpt lat="48.586348" lon="8.295339">
        <ele>610.8</ele>
      </trkpt>
      <trkpt lat="48.586508" lon="8.295749">
        <ele>604.5</ele>
      </trkpt>
      <trkpt lat="48.586681" lon="8.296199">
        <ele>602.6</ele>
      </trkpt>
      <trkpt lat="48.586867" lon="8.297071">
        <ele>611.2</ele>
      </trkpt>
      <trkpt lat="48.586939" lon="8.297417">
        <ele>614.2</ele>
      </trkpt>
      <trkpt lat="48.587136" lon="8.298052">
        <ele>613.3</ele>
      </trkpt>
      <trkpt lat="48.587204" lon="8.2991">
        <ele>613.1</ele>
      </trkpt>
      <trkpt lat="48.587399" lon="8.299793">
        <ele>599.3</ele>
      </trkpt>
      <trkpt lat="48.587427" lon="8.300469">
        <ele>601.8</ele>
      </trkpt>
      <trkpt lat="48.587483" lon="8.300949">
        <ele>606.2</ele>
      </trkpt>
      <trkpt lat="48.587579" lon="8.301261">
        <ele>607.8</ele>
      </trkpt>
      <trkpt lat="48.587964" lon="8.301665">
        <ele>607.5</ele>
      </trkpt>
      <trkpt lat="48.588201" lon="8.302102">
        <ele>603.6</ele>
      </trkpt>
      <trkpt lat="48.588339" lon="8.302517">
        <ele>597.9</ele>
      </trkpt>
      <trkpt lat="48.588286" lon="8.303808">
        <ele>595.9</ele>
      </trkpt>
      <trkpt lat="48.58811" lon="8.305121">
        <ele>600.7</ele>
      </trkpt>
      <trkpt lat="48.588114" lon="8.306187">
        <ele>607.3</ele>
      </trkpt>
      <trkpt lat="48.588182" lon="8.306715">
        <ele>608</ele>
      </trkpt>
      <trkpt lat="48.588272" lon="8.306949">
        <ele>606.5</ele>
      </trkpt>
      <trkpt lat="48.588892" lon="8.307882">
        <ele>598.7</ele>
      </trkpt>
      <trkpt lat="48.589117" lon="8.308328">
        <ele>594.9</ele>
      </trkpt>
      <trkpt lat="48.589212" lon="8.308549">
        <ele>592.2</ele>
      </trkpt>
      <trkpt lat="48.589279" lon="8.308781">
        <ele>590</ele>
      </trkpt>
      <trkpt lat="48.589278" lon="8.308997">
        <ele>588.5</ele>
      </trkpt>
      <trkpt lat="48.589204" lon="8.309268">
        <ele>587.7</ele>
      </trkpt>
      <trkpt lat="48.588819" lon="8.309997">
        <ele>584.1</ele>
      </trkpt>
      <trkpt lat="48.588511" lon="8.310492">
        <ele>588.7</ele>
      </trkpt>
      <trkpt lat="48.588407" lon="8.310717">
        <ele>591</ele>
      </trkpt>
      <trkpt lat="48.588352" lon="8.310952">
        <ele>591</ele>
      </trkpt>
      <trkpt lat="48.588269" lon="8.311695">
        <ele>587.1</ele>
      </trkpt>
      <trkpt lat="48.588263" lon="8.312513">
        <ele>581.9</ele>
      </trkpt>
      <trkpt lat="48.588322" lon="8.313273">
        <ele>586.8</ele>
      </trkpt>
      <trkpt lat="48.588409" lon="8.313566">
        <ele>585.4</ele>
      </trkpt>
      <trkpt lat="48.588649" lon="8.313994">
        <ele>578.9</ele>
      </trkpt>
      <trkpt lat="48.588818" lon="8.314185">
        <ele>574.9</ele>
      </trkpt>
      <trkpt lat="48.589156" lon="8.314479">
        <ele>566.1</ele>
      </trkpt>
      <trkpt lat="48.589244" lon="8.31462">
        <ele>564.3</ele>
      </trkpt>
      <trkpt lat="48.589271" lon="8.314744">
        <ele>563.1</ele>
      </trkpt>
      <trkpt lat="48.589274" lon="8.314938">
        <ele>561.4</ele>
      </trkpt>
      <trkpt lat="48.589214" lon="8.315121">
        <ele>559.8</ele>
      </trkpt>
      <trkpt lat="48.589104" lon="8.315264">
        <ele>559</ele>
      </trkpt>
      <trkpt lat="48.588935" lon="8.315439">
        <ele>558.7</ele>
      </trkpt>
      <trkpt lat="48.588602" lon="8.315677">
        <ele>569.5</ele>
      </trkpt>
      <trkpt lat="48.588471" lon="8.315815">
        <ele>573.1</ele>
      </trkpt>
      <trkpt lat="48.588264" lon="8.316405">
        <ele>559.6</ele>
      </trkpt>
      <trkpt lat="48.58802" lon="8.316924">
        <ele>553.1</ele>
      </trkpt>
      <trkpt lat="48.587952" lon="8.317024">
        <ele>552.5</ele>
      </trkpt>
      <trkpt lat="48.587829" lon="8.317338">
        <ele>549.2</ele>
      </trkpt>
      <trkpt lat="48.58762" lon="8.317666">
        <ele>547.1</ele>
      </trkpt>
      <trkpt lat="48.587559" lon="8.317811">
        <ele>547.1</ele>
      </trkpt>
      <trkpt lat="48.587518" lon="8.317972">
        <ele>547.4</ele>
      </trkpt>
      <trkpt lat="48.58749" lon="8.318107">
        <ele>548.5</ele>
      </trkpt>
      <trkpt lat="48.5875" lon="8.318418">
        <ele>552.1</ele>
      </trkpt>
      <trkpt lat="48.587565" lon="8.318616">
        <ele>555</ele>
      </trkpt>
      <trkpt lat="48.587977" lon="8.319265">
        <ele>562.6</ele>
      </trkpt>
      <trkpt lat="48.588109" lon="8.319688">
        <ele>563.1</ele>
      </trkpt>
      <trkpt lat="48.588355" lon="8.320407">
        <ele>557.4</ele>
      </trkpt>
      <trkpt lat="48.58853" lon="8.320706">
        <ele>555.6</ele>
      </trkpt>
      <trkpt lat="48.58879" lon="8.321029">
        <ele>554.8</ele>
      </trkpt>
      <trkpt lat="48.589473" lon="8.321752">
        <ele>554.1</ele>
      </trkpt>
      <trkpt lat="48.589727" lon="8.321954">
        <ele>555.4</ele>
      </trkpt>
      <trkpt lat="48.59041" lon="8.322375">
        <ele>551.5</ele>
      </trkpt>
      <trkpt lat="48.590564" lon="8.322503">
        <ele>549.2</ele>
      </trkpt>
      <trkpt lat="48.590743" lon="8.322755">
        <ele>546.2</ele>
      </trkpt>
      <trkpt lat="48.590817" lon="8.322932">
        <ele>544.1</ele>
      </trkpt>
      <trkpt lat="48.590865" lon="8.323156">
        <ele>544.3</ele>
      </trkpt>
      <trkpt lat="48.591045" lon="8.324553">
        <ele>544.7</ele>
      </trkpt>
      <trkpt lat="48.591065" lon="8.325086">
        <ele>541.5</ele>
      </trkpt>
      <trkpt lat="48.591029" lon="8.326152">
        <ele>550.3</ele>
      </trkpt>
      <trkpt lat="48.590987" lon="8.328951">
        <ele>534.3</ele>
      </trkpt>
      <trkpt lat="48.590985" lon="8.329247">
        <ele>534.2</ele>
      </trkpt>
      <trkpt lat="48.591025" lon="8.329571">
        <ele>534.7</ele>
      </trkpt>
      <trkpt lat="48.591147" lon="8.330104">
        <ele>537.4</ele>
      </trkpt>
      <trkpt lat="48.591363" lon="8.33071">
        <ele>536.7</ele>
      </trkpt>
      <trkpt lat="48.592638" lon="8.333253">
        <ele>536.1</ele>
      </trkpt>
      <trkpt lat="48.593008" lon="8.333873">
        <ele>536.9</ele>
      </trkpt>
      <trkpt lat="48.593868" lon="8.335005">
        <ele>532.5</ele>
      </trkpt>
      <trkpt lat="48.594024" lon="8.335397">
        <ele>530.9</ele>
      </trkpt>
      <trkpt lat="48.595027" lon="8.338292">
        <ele>532.6</ele>
      </trkpt>
      <trkpt lat="48.595143" lon="8.338782">
        <ele>530.7</ele>
      </trkpt>
      <trkpt lat="48.595368" lon="8.34014">
        <ele>518.5</ele>
      </trkpt>
      <trkpt lat="48.595822" lon="8.34196">
        <ele>514.5</ele>
      </trkpt>
      <trkpt lat="48.596044" lon="8.343052">
        <ele>510.8</ele>
      </trkpt>
      <trkpt lat="48.596143" lon="8.343705">
        <ele>510.3</ele>
      </trkpt>
      <trkpt lat="48.596664" lon="8.347864">
        <ele>507.9</ele>
      </trkpt>
      <trkpt lat="48.596889" lon="8.349706">
        <ele>511.2</ele>
      </trkpt>
      <trkpt lat="48.597129" lon="8.351786">
        <ele>511.6</ele>
      </trkpt>
      <trkpt lat="48.597242" lon="8.35231">
        <ele>507.8</ele>
      </trkpt>
      <trkpt lat="48.597416" lon="8.352704">
        <ele>507.7</ele>
      </trkpt>
      <trkpt lat="48.598608" lon="8.354413">
        <ele>511.9</ele>
      </trkpt>
      <trkpt lat="48.598737" lon="8.354651">
        <ele>513.7</ele>
      </trkpt>
      <trkpt lat="48.59889" lon="8.355086">
        <ele>514.1</ele>
      </trkpt>
      <trkpt lat="48.59898" lon="8.355518">
        <ele>511.9</ele>
      </trkpt>
      <trkpt lat="48.599153" lon="8.356611">
        <ele>511.3</ele>
      </trkpt>
      <trkpt lat="48.599249" lon="8.357028">
        <ele>507.5</ele>
      </trkpt>
      <trkpt lat="48.599368" lon="8.357365">
        <ele>497.7</ele>
      </trkpt>
      <trkpt lat="48.599618" lon="8.357813">
        <ele>489.4</ele>
      </trkpt>
      <trkpt lat="48.600021" lon="8.358423">
        <ele>484.1</ele>
      </trkpt>
      <trkpt lat="48.600324" lon="8.35883">
        <ele>483.4</ele>
      </trkpt>
      <trkpt lat="48.600599" lon="8.35904">
        <ele>483.1</ele>
      </trkpt>
      <trkpt lat="48.600859" lon="8.359134">
        <ele>482.5</ele>
      </trkpt>
      <trkpt lat="48.601053" lon="8.359171">
        <ele>481.9</ele>
      </trkpt>
      <trkpt lat="48.60183" lon="8.359172">
        <ele>478.8</ele>
      </trkpt>
      <trkpt lat="48.601918" lon="8.359172">
        <ele>478.1</ele>
      </trkpt>
      <trkpt lat="48.602122" lon="8.359176">
        <ele>476.7</ele>
      </trkpt>
      <trkpt lat="48.60274" lon="8.359183">
        <ele>477.3</ele>
      </trkpt>
      <trkpt lat="48.602803" lon="8.359175">
        <ele>477.9</ele>
      </trkpt>
      <trkpt lat="48.602984" lon="8.359132">
        <ele>479.4</ele>
      </trkpt>
      <trkpt lat="48.603299" lon="8.358986">
        <ele>482.6</ele>
      </trkpt>
      <trkpt lat="48.603492" lon="8.358953">
        <ele>482.9</ele>
      </trkpt>
      <trkpt lat="48.603709" lon="8.358963">
        <ele>481.3</ele>
      </trkpt>
      <trkpt lat="48.604015" lon="8.359064">
        <ele>479</ele>
      </trkpt>
      <trkpt lat="48.604729" lon="8.359572">
        <ele>477.9</ele>
      </trkpt>
      <trkpt lat="48.605289" lon="8.359882">
        <ele>479.1</ele>
      </trkpt>
      <trkpt lat="48.605992" lon="8.360238">
        <ele>473.5</ele>
      </trkpt>
      <trkpt lat="48.60611" lon="8.360345">
        <ele>474.8</ele>
      </trkpt>
      <trkpt lat="48.606179" lon="8.36046">
        <ele>475.7</ele>
      </trkpt>
      <trkpt lat="48.606296" lon="8.360788">
        <ele>475.4</ele>
      </trkpt>
      <trkpt lat="48.606415" lon="8.361218">
        <ele>473</ele>
      </trkpt>
      <trkpt lat="48.606507" lon="8.361691">
        <ele>475</ele>
      </trkpt>
      <trkpt lat="48.606615" lon="8.362522">
        <ele>473.6</ele>
      </trkpt>
      <trkpt lat="48.606651" lon="8.362857">
        <ele>473.9</ele>
      </trkpt>
      <trkpt lat="48.60671" lon="8.36357">
        <ele>472.3</ele>
      </trkpt>
      <trkpt lat="48.606695" lon="8.36387">
        <ele>469.3</ele>
      </trkpt>
      <trkpt lat="48.606555" lon="8.364667">
        <ele>469.9</ele>
      </trkpt>
      <trkpt lat="48.606506" lon="8.364987">
        <ele>472.5</ele>
      </trkpt>
      <trkpt lat="48.60644" lon="8.365949">
        <ele>474</ele>
      </trkpt>
      <trkpt lat="48.606445" lon="8.366684">
        <ele>468.1</ele>
      </trkpt>
      <trkpt lat="48.606401" lon="8.367006">
        <ele>467.8</ele>
      </trkpt>
      <trkpt lat="48.606347" lon="8.367362">
        <ele>466.5</ele>
      </trkpt>
      <trkpt lat="48.606247" lon="8.367445">
        <ele>467.5</ele>
      </trkpt>
      <trkpt lat="48.606326" lon="8.367647">
        <ele>464.4</ele>
      </trkpt>
      <trkpt lat="48.606363" lon="8.367685">
        <ele>463.7</ele>
      </trkpt>
      <trkpt lat="48.606392" lon="8.368089">
        <ele>461.5</ele>
      </trkpt>
      <trkpt lat="48.606402" lon="8.368464">
        <ele>461.2</ele>
      </trkpt>
      <trkpt lat="48.606429" lon="8.369003">
        <ele>466.5</ele>
      </trkpt>
      <trkpt lat="48.606566" lon="8.368994">
        <ele>468</ele>
      </trkpt>
      <trkpt lat="48.607082" lon="8.368811">
        <ele>471.3</ele>
      </trkpt>
      <trkpt lat="48.607347" lon="8.368672">
        <ele>473.2</ele>
      </trkpt>
      <trkpt lat="48.607962" lon="8.368476">
        <ele>482.9</ele>
      </trkpt>
      <trkpt lat="48.608442" lon="8.36807">
        <ele>476.6</ele>
      </trkpt>
      <trkpt lat="48.609269" lon="8.367498">
        <ele>472.7</ele>
      </trkpt>
      <trkpt lat="48.609556" lon="8.367354">
        <ele>475.8</ele>
      </trkpt>
      <trkpt lat="48.60991" lon="8.367078">
        <ele>474.2</ele>
      </trkpt>
      <trkpt lat="48.610211" lon="8.366773">
        <ele>474.2</ele>
      </trkpt>
      <trkpt lat="48.610765" lon="8.366089">
        <ele>475.9</ele>
      </trkpt>
      <trkpt lat="48.61102" lon="8.365799">
        <ele>476.1</ele>
      </trkpt>
      <trkpt lat="48.611445" lon="8.365427">
        <ele>475.5</ele>
      </trkpt>
      <trkpt lat="48.611573" lon="8.365241">
        <ele>470.7</ele>
      </trkpt>
      <trkpt lat="48.611843" lon="8.364993">
        <ele>467.1</ele>
      </trkpt>
      <trkpt lat="48.612156" lon="8.364831">
        <ele>468</ele>
      </trkpt>
      <trkpt lat="48.612801" lon="8.364702">
        <ele>469</ele>
      </trkpt>
      <trkpt lat="48.613588" lon="8.364769">
        <ele>465.7</ele>
      </trkpt>
      <trkpt lat="48.61403" lon="8.364902">
        <ele>470</ele>
      </trkpt>
      <trkpt lat="48.614556" lon="8.364935">
        <ele>465</ele>
      </trkpt>
      <trkpt lat="48.614988" lon="8.365176">
        <ele>471.4</ele>
      </trkpt>
      <trkpt lat="48.615154" lon="8.36532">
        <ele>474.8</ele>
      </trkpt>
      <trkpt lat="48.61529" lon="8.365318">
        <ele>475</ele>
      </trkpt>
      <trkpt lat="48.615488" lon="8.36529">
        <ele>475.7</ele>
      </trkpt>
      <trkpt lat="48.615568" lon="8.365271">
        <ele>476.3</ele>
      </trkpt>
      <trkpt lat="48.616101" lon="8.364876">
        <ele>480.8</ele>
      </trkpt>
      <trkpt lat="48.616845" lon="8.364055">
        <ele>474.5</ele>
      </trkpt>
      <trkpt lat="48.617267" lon="8.363813">
        <ele>475.4</ele>
      </trkpt>
      <trkpt lat="48.617688" lon="8.363638">
        <ele>477.3</ele>
      </trkpt>
      <trkpt lat="48.61841" lon="8.363406">
        <ele>476.9</ele>
      </trkpt>
      <trkpt lat="48.618639" lon="8.363243">
        <ele>476.5</ele>
      </trkpt>
      <trkpt lat="48.619116" lon="8.36249">
        <ele>473.9</ele>
      </trkpt>
      <trkpt lat="48.619193" lon="8.362191">
        <ele>472.5</ele>
      </trkpt>
      <trkpt lat="48.619245" lon="8.361818">
        <ele>467</ele>
      </trkpt>
      <trkpt lat="48.619316" lon="8.361606">
        <ele>463.9</ele>
      </trkpt>
      <trkpt lat="48.6197" lon="8.36088">
        <ele>463.5</ele>
      </trkpt>
      <trkpt lat="48.619899" lon="8.360252">
        <ele>460.1</ele>
      </trkpt>
      <trkpt lat="48.62006" lon="8.359721">
        <ele>460.4</ele>
      </trkpt>
      <trkpt lat="48.620359" lon="8.358949">
        <ele>458.5</ele>
      </trkpt>
      <trkpt lat="48.620647" lon="8.358401">
        <ele>460</ele>
      </trkpt>
      <trkpt lat="48.621624" lon="8.356788">
        <ele>456</ele>
      </trkpt>
      <trkpt lat="48.62185" lon="8.356507">
        <ele>454.4</ele>
      </trkpt>
      <trkpt lat="48.622193" lon="8.356318">
        <ele>458.6</ele>
      </trkpt>
      <trkpt lat="48.622681" lon="8.356138">
        <ele>462.8</ele>
      </trkpt>
      <trkpt lat="48.623186" lon="8.356044">
        <ele>452.3</ele>
      </trkpt>
      <trkpt lat="48.623509" lon="8.356059">
        <ele>447.9</ele>
      </trkpt>
      <trkpt lat="48.623837" lon="8.356257">
        <ele>453.6</ele>
      </trkpt>
      <trkpt lat="48.625021" lon="8.356899">
        <ele>465.4</ele>
      </trkpt>
      <trkpt lat="48.625189" lon="8.3569">
        <ele>463.6</ele>
      </trkpt>
      <trkpt lat="48.625543" lon="8.356661">
        <ele>455</ele>
      </trkpt>
      <trkpt lat="48.625661" lon="8.35664">
        <ele>455.2</ele>
      </trkpt>
      <trkpt lat="48.6259" lon="8.35664">
        <ele>457.5</ele>
      </trkpt>
      <trkpt lat="48.626069" lon="8.356594">
        <ele>458.4</ele>
      </trkpt>
      <trkpt lat="48.626311" lon="8.356433">
        <ele>457.8</ele>
      </trkpt>
      <trkpt lat="48.62668" lon="8.35599">
        <ele>453.3</ele>
      </trkpt>
      <trkpt lat="48.626841" lon="8.355707">
        <ele>449.3</ele>
      </trkpt>
      <trkpt lat="48.626979" lon="8.355416">
        <ele>443.5</ele>
      </trkpt>
      <trkpt lat="48.627161" lon="8.355231">
        <ele>443.6</ele>
      </trkpt>
      <trkpt lat="48.62738" lon="8.355099">
        <ele>446</ele>
      </trkpt>
      <trkpt lat="48.627675" lon="8.354995">
        <ele>447.3</ele>
      </trkpt>
      <trkpt lat="48.628138" lon="8.355139">
        <ele>452.4</ele>
      </trkpt>
      <trkpt lat="48.628587" lon="8.355202">
        <ele>451.8</ele>
      </trkpt>
      <trkpt lat="48.629588" lon="8.35514">
        <ele>443.4</ele>
      </trkpt>
      <trkpt lat="48.629988" lon="8.355188">
        <ele>448.1</ele>
      </trkpt>
      <trkpt lat="48.630431" lon="8.355155">
        <ele>447.4</ele>
      </trkpt>
      <trkpt lat="48.630971" lon="8.355042">
        <ele>439.8</ele>
      </trkpt>
      <trkpt lat="48.631241" lon="8.355022">
        <ele>439.7</ele>
      </trkpt>
      <trkpt lat="48.631481" lon="8.355058">
        <ele>439.9</ele>
      </trkpt>
      <trkpt lat="48.631692" lon="8.355188">
        <ele>441.3</ele>
      </trkpt>
      <trkpt lat="48.631815" lon="8.355317">
        <ele>443.1</ele>
      </trkpt>
      <trkpt lat="48.632155" lon="8.355904">
        <ele>437.7</ele>
      </trkpt>
      <trkpt lat="48.632453" lon="8.356547">
        <ele>431.4</ele>
      </trkpt>
      <trkpt lat="48.632773" lon="8.357285">
        <ele>437.2</ele>
      </trkpt>
      <trkpt lat="48.632866" lon="8.357407">
        <ele>439.1</ele>
      </trkpt>
      <trkpt lat="48.632971" lon="8.357489">
        <ele>439.8</ele>
      </trkpt>
      <trkpt lat="48.633319" lon="8.357724">
        <ele>439.7</ele>
      </trkpt>
      <trkpt lat="48.633468" lon="8.357845">
        <ele>441</ele>
      </trkpt>
      <trkpt lat="48.633645" lon="8.357933">
        <ele>440.8</ele>
      </trkpt>
      <trkpt lat="48.633842" lon="8.357943">
        <ele>439.1</ele>
      </trkpt>
      <trkpt lat="48.634078" lon="8.357888">
        <ele>438</ele>
      </trkpt>
      <trkpt lat="48.634459" lon="8.357685">
        <ele>438.6</ele>
      </trkpt>
      <trkpt lat="48.635696" lon="8.35685">
        <ele>433.4</ele>
      </trkpt>
      <trkpt lat="48.636057" lon="8.356834">
        <ele>434.9</ele>
      </trkpt>
      <trkpt lat="48.636147" lon="8.356723">
        <ele>433.9</ele>
      </trkpt>
      <trkpt lat="48.636288" lon="8.356432">
        <ele>430.3</ele>
      </trkpt>
      <trkpt lat="48.636636" lon="8.355991">
        <ele>426.1</ele>
      </trkpt>
      <trkpt lat="48.637414" lon="8.354906">
        <ele>424.6</ele>
      </trkpt>
      <trkpt lat="48.638281" lon="8.35355">
        <ele>424.3</ele>
      </trkpt>
      <trkpt lat="48.638565" lon="8.352949">
        <ele>424.4</ele>
      </trkpt>
      <trkpt lat="48.638885" lon="8.352463">
        <ele>425.7</ele>
      </trkpt>
      <trkpt lat="48.639118" lon="8.351925">
        <ele>422.5</ele>
      </trkpt>
      <trkpt lat="48.639164" lon="8.351691">
        <ele>420.4</ele>
      </trkpt>
      <trkpt lat="48.639172" lon="8.351495">
        <ele>417.2</ele>
      </trkpt>
      <trkpt lat="48.639124" lon="8.351224">
        <ele>410.9</ele>
      </trkpt>
      <trkpt lat="48.63914" lon="8.350991">
        <ele>408</ele>
      </trkpt>
      <trkpt lat="48.639218" lon="8.350818">
        <ele>408</ele>
      </trkpt>
      <trkpt lat="48.639331" lon="8.350711">
        <ele>408.8</ele>
      </trkpt>
      <trkpt lat="48.639474" lon="8.350682">
        <ele>410.1</ele>
      </trkpt>
      <trkpt lat="48.639603" lon="8.350777">
        <ele>412.7</ele>
      </trkpt>
      <trkpt lat="48.63981" lon="8.351045">
        <ele>419.4</ele>
      </trkpt>
      <trkpt lat="48.640158" lon="8.351168">
        <ele>415.2</ele>
      </trkpt>
      <trkpt lat="48.640727" lon="8.35149">
        <ele>412.2</ele>
      </trkpt>
      <trkpt lat="48.642191" lon="8.352104">
        <ele>404.2</ele>
      </trkpt>
      <trkpt lat="48.642679" lon="8.352212">
        <ele>404</ele>
      </trkpt>
      <trkpt lat="48.643378" lon="8.352171">
        <ele>402.7</ele>
      </trkpt>
      <trkpt lat="48.643855" lon="8.352209">
        <ele>399.3</ele>
      </trkpt>
      <trkpt lat="48.644314" lon="8.352287">
        <ele>397.7</ele>
      </trkpt>
      <trkpt lat="48.64597" lon="8.352741">
        <ele>387.9</ele>
      </trkpt>
      <trkpt lat="48.646457" lon="8.352904">
        <ele>386.3</ele>
      </trkpt>
      <trkpt lat="48.646601" lon="8.353001">
        <ele>386.6</ele>
      </trkpt>
      <trkpt lat="48.647602" lon="8.354199">
        <ele>398.9</ele>
      </trkpt>
      <trkpt lat="48.647991" lon="8.354885">
        <ele>394.7</ele>
      </trkpt>
      <trkpt lat="48.648635" lon="8.355647">
        <ele>387.6</ele>
      </trkpt>
      <trkpt lat="48.648771" lon="8.355858">
        <ele>385.8</ele>
      </trkpt>
      <trkpt lat="48.648949" lon="8.356324">
        <ele>384.5</ele>
      </trkpt>
      <trkpt lat="48.649104" lon="8.357">
        <ele>384.5</ele>
      </trkpt>
      <trkpt lat="48.649197" lon="8.357267">
        <ele>385.3</ele>
      </trkpt>
      <trkpt lat="48.649318" lon="8.357511">
        <ele>386.8</ele>
      </trkpt>
      <trkpt lat="48.649448" lon="8.35763">
        <ele>386</ele>
      </trkpt>
      <trkpt lat="48.649943" lon="8.357928">
        <ele>378</ele>
      </trkpt>
      <trkpt lat="48.650099" lon="8.358068">
        <ele>378.3</ele>
      </trkpt>
      <trkpt lat="48.650538" lon="8.358755">
        <ele>388.8</ele>
      </trkpt>
      <trkpt lat="48.650638" lon="8.358843">
        <ele>389.6</ele>
      </trkpt>
      <trkpt lat="48.650777" lon="8.358861">
        <ele>387.6</ele>
      </trkpt>
      <trkpt lat="48.651081" lon="8.358784">
        <ele>381.1</ele>
      </trkpt>
      <trkpt lat="48.652005" lon="8.358242">
        <ele>371.5</ele>
      </trkpt>
      <trkpt lat="48.652245" lon="8.357978">
        <ele>369.5</ele>
      </trkpt>
      <trkpt lat="48.65244" lon="8.357706">
        <ele>367.8</ele>
      </trkpt>
      <trkpt lat="48.65262" lon="8.357534">
        <ele>366.5</ele>
      </trkpt>
      <trkpt lat="48.6528" lon="8.357411">
        <ele>364.8</ele>
      </trkpt>
      <trkpt lat="48.652958" lon="8.357349">
        <ele>365.5</ele>
      </trkpt>
      <trkpt lat="48.653192" lon="8.35738">
        <ele>368.7</ele>
      </trkpt>
      <trkpt lat="48.654359" lon="8.3583">
        <ele>376.4</ele>
      </trkpt>
      <trkpt lat="48.654533" lon="8.358533">
        <ele>373.6</ele>
      </trkpt>
      <trkpt lat="48.654645" lon="8.358808">
        <ele>372.4</ele>
      </trkpt>
      <trkpt lat="48.65481" lon="8.359467">
        <ele>372.2</ele>
      </trkpt>
      <trkpt lat="48.655214" lon="8.36022">
        <ele>363.1</ele>
      </trkpt>
      <trkpt lat="48.65543" lon="8.36076">
        <ele>360.6</ele>
      </trkpt>
      <trkpt lat="48.65554" lon="8.361343">
        <ele>357.8</ele>
      </trkpt>
      <trkpt lat="48.655536" lon="8.361581">
        <ele>357.5</ele>
      </trkpt>
      <trkpt lat="48.655488" lon="8.361775">
        <ele>357.9</ele>
      </trkpt>
      <trkpt lat="48.655327" lon="8.362233">
        <ele>356.5</ele>
      </trkpt>
      <trkpt lat="48.655257" lon="8.362567">
        <ele>354.7</ele>
      </trkpt>
      <trkpt lat="48.655257" lon="8.362908">
        <ele>353.4</ele>
      </trkpt>
      <trkpt lat="48.655295" lon="8.363178">
        <ele>353.1</ele>
      </trkpt>
      <trkpt lat="48.655362" lon="8.363437">
        <ele>353.1</ele>
      </trkpt>
      <trkpt lat="48.655515" lon="8.36386">
        <ele>353.4</ele>
      </trkpt>
      <trkpt lat="48.655643" lon="8.36412">
        <ele>353.2</ele>
      </trkpt>
      <trkpt lat="48.655797" lon="8.364365">
        <ele>353.6</ele>
      </trkpt>
      <trkpt lat="48.655983" lon="8.364568">
        <ele>355</ele>
      </trkpt>
      <trkpt lat="48.656348" lon="8.364649">
        <ele>353.9</ele>
      </trkpt>
      <trkpt lat="48.656546" lon="8.364775">
        <ele>354.1</ele>
      </trkpt>
      <trkpt lat="48.656788" lon="8.364874">
        <ele>354</ele>
      </trkpt>
      <trkpt lat="48.657" lon="8.364853">
        <ele>355.7</ele>
      </trkpt>
      <trkpt lat="48.657198" lon="8.364716">
        <ele>358.2</ele>
      </trkpt>
      <trkpt lat="48.657921" lon="8.363795">
        <ele>348.6</ele>
      </trkpt>
      <trkpt lat="48.658238" lon="8.363088">
        <ele>347.4</ele>
      </trkpt>
      <trkpt lat="48.6585" lon="8.362875">
        <ele>351.9</ele>
      </trkpt>
      <trkpt lat="48.658952" lon="8.362766">
        <ele>360.1</ele>
      </trkpt>
      <trkpt lat="48.65955" lon="8.362535">
        <ele>360.4</ele>
      </trkpt>
      <trkpt lat="48.659789" lon="8.362544">
        <ele>358.7</ele>
      </trkpt>
      <trkpt lat="48.660094" lon="8.362625">
        <ele>358.2</ele>
      </trkpt>
      <trkpt lat="48.660627" lon="8.362607">
        <ele>354.8</ele>
      </trkpt>
      <trkpt lat="48.660964" lon="8.362664">
        <ele>355.5</ele>
      </trkpt>
      <trkpt lat="48.661246" lon="8.362618">
        <ele>353.4</ele>
      </trkpt>
      <trkpt lat="48.661806" lon="8.362369">
        <ele>350.2</ele>
      </trkpt>
      <trkpt lat="48.662648" lon="8.361824">
        <ele>348.4</ele>
      </trkpt>
      <trkpt lat="48.662842" lon="8.361764">
        <ele>346.5</ele>
      </trkpt>
      <trkpt lat="48.663241" lon="8.361824">
        <ele>350.6</ele>
      </trkpt>
      <trkpt lat="48.66339" lon="8.361908">
        <ele>351.5</ele>
      </trkpt>
      <trkpt lat="48.66357" lon="8.362113">
        <ele>351.8</ele>
      </trkpt>
      <trkpt lat="48.663879" lon="8.362652">
        <ele>349.1</ele>
      </trkpt>
      <trkpt lat="48.66415" lon="8.363258">
        <ele>349.2</ele>
      </trkpt>
      <trkpt lat="48.664203" lon="8.363448">
        <ele>348.3</ele>
      </trkpt>
      <trkpt lat="48.664249" lon="8.36376">
        <ele>346.2</ele>
      </trkpt>
      <trkpt lat="48.664304" lon="8.364281">
        <ele>342.1</ele>
      </trkpt>
      <trkpt lat="48.664644" lon="8.365421">
        <ele>357.2</ele>
      </trkpt>
      <trkpt lat="48.664859" lon="8.365692">
        <ele>357.3</ele>
      </trkpt>
      <trkpt lat="48.665106" lon="8.365858">
        <ele>355.4</ele>
      </trkpt>
      <trkpt lat="48.665568" lon="8.366099">
        <ele>362.2</ele>
      </trkpt>
      <trkpt lat="48.665751" lon="8.366078">
        <ele>361.4</ele>
      </trkpt>
      <trkpt lat="48.666857" lon="8.365472">
        <ele>352</ele>
      </trkpt>
      <trkpt lat="48.666995" lon="8.365336">
        <ele>350.4</ele>
      </trkpt>
      <trkpt lat="48.667356" lon="8.364766">
        <ele>339.5</ele>
      </trkpt>
      <trkpt lat="48.667445" lon="8.364715">
        <ele>338.1</ele>
      </trkpt>
      <trkpt lat="48.667526" lon="8.36471">
        <ele>337.4</ele>
      </trkpt>
      <trkpt lat="48.66765" lon="8.364796">
        <ele>337.9</ele>
      </trkpt>
      <trkpt lat="48.667712" lon="8.364841">
        <ele>337.9</ele>
      </trkpt>
      <trkpt lat="48.66796" lon="8.365019">
        <ele>339.2</ele>
      </trkpt>
      <trkpt lat="48.668068" lon="8.365046">
        <ele>339.9</ele>
      </trkpt>
      <trkpt lat="48.668204" lon="8.36502">
        <ele>341.4</ele>
      </trkpt>
      <trkpt lat="48.668275" lon="8.364891">
        <ele>343.2</ele>
      </trkpt>
      <trkpt lat="48.668327" lon="8.36452">
        <ele>346.5</ele>
      </trkpt>
      <trkpt lat="48.668289" lon="8.363518">
        <ele>343.9</ele>
      </trkpt>
      <trkpt lat="48.668315" lon="8.362968">
        <ele>341</ele>
      </trkpt>
      <trkpt lat="48.668414" lon="8.362627">
        <ele>337.7</ele>
      </trkpt>
      <trkpt lat="48.668515" lon="8.362388">
        <ele>336.1</ele>
      </trkpt>
      <trkpt lat="48.66876" lon="8.362097">
        <ele>338.5</ele>
      </trkpt>
      <trkpt lat="48.668932" lon="8.361949">
        <ele>342.9</ele>
      </trkpt>
      <trkpt lat="48.669049" lon="8.361713">
        <ele>343.3</ele>
      </trkpt>
      <trkpt lat="48.669179" lon="8.361053">
        <ele>337.2</ele>
      </trkpt>
      <trkpt lat="48.669299" lon="8.360604">
        <ele>336.1</ele>
      </trkpt>
      <trkpt lat="48.669302" lon="8.36038">
        <ele>337.6</ele>
      </trkpt>
      <trkpt lat="48.669224" lon="8.360154">
        <ele>336.9</ele>
      </trkpt>
      <trkpt lat="48.669026" lon="8.359911">
        <ele>335.1</ele>
      </trkpt>
      <trkpt lat="48.668915" lon="8.359669">
        <ele>335.9</ele>
      </trkpt>
      <trkpt lat="48.66876" lon="8.359192">
        <ele>335.9</ele>
      </trkpt>
      <trkpt lat="48.668399" lon="8.357833">
        <ele>342</ele>
      </trkpt>
      <trkpt lat="48.668117" lon="8.357306">
        <ele>341.7</ele>
      </trkpt>
      <trkpt lat="48.667882" lon="8.356749">
        <ele>341.3</ele>
      </trkpt>
      <trkpt lat="48.667632" lon="8.355919">
        <ele>329</ele>
      </trkpt>
      <trkpt lat="48.667439" lon="8.355411">
        <ele>325.4</ele>
      </trkpt>
      <trkpt lat="48.667408" lon="8.355236">
        <ele>324.5</ele>
      </trkpt>
      <trkpt lat="48.667411" lon="8.355106">
        <ele>324.1</ele>
      </trkpt>
      <trkpt lat="48.667447" lon="8.354982">
        <ele>323.8</ele>
      </trkpt>
      <trkpt lat="48.667518" lon="8.354888">
        <ele>324</ele>
      </trkpt>
      <trkpt lat="48.667607" lon="8.354856">
        <ele>324.5</ele>
      </trkpt>
      <trkpt lat="48.667988" lon="8.354864">
        <ele>322.9</ele>
      </trkpt>
      <trkpt lat="48.668381" lon="8.354906">
        <ele>326.4</ele>
      </trkpt>
      <trkpt lat="48.669003" lon="8.354842">
        <ele>323.9</ele>
      </trkpt>
      <trkpt lat="48.669199" lon="8.354903">
        <ele>323.1</ele>
      </trkpt>
      <trkpt lat="48.669897" lon="8.355303">
        <ele>321.5</ele>
      </trkpt>
      <trkpt lat="48.670917" lon="8.355861">
        <ele>319.5</ele>
      </trkpt>
      <trkpt lat="48.671269" lon="8.356098">
        <ele>317.4</ele>
      </trkpt>
      <trkpt lat="48.67169" lon="8.356451">
        <ele>317.1</ele>
      </trkpt>
      <trkpt lat="48.672309" lon="8.357111">
        <ele>318.9</ele>
      </trkpt>
      <trkpt lat="48.672534" lon="8.357386">
        <ele>317.6</ele>
      </trkpt>
      <trkpt lat="48.672685" lon="8.357723">
        <ele>318.7</ele>
      </trkpt>
      <trkpt lat="48.673255" lon="8.358544">
        <ele>314.9</ele>
      </trkpt>
      <trkpt lat="48.674415" lon="8.359831">
        <ele>311.5</ele>
      </trkpt>
      <trkpt lat="48.674926" lon="8.360501">
        <ele>307</ele>
      </trkpt>
      <trkpt lat="48.675675" lon="8.361287">
        <ele>304.7</ele>
      </trkpt>
      <trkpt lat="48.676079" lon="8.361607">
        <ele>308.4</ele>
      </trkpt>
      <trkpt lat="48.676357" lon="8.361754">
        <ele>309.8</ele>
      </trkpt>
      <trkpt lat="48.676685" lon="8.36189">
        <ele>308.6</ele>
      </trkpt>
      <trkpt lat="48.677217" lon="8.361988">
        <ele>306.5</ele>
      </trkpt>
      <trkpt lat="48.678296" lon="8.361892">
        <ele>296.9</ele>
      </trkpt>
      <trkpt lat="48.679493" lon="8.361415">
        <ele>294.9</ele>
      </trkpt>
      <trkpt lat="48.679552" lon="8.361364">
        <ele>294.4</ele>
      </trkpt>
      <trkpt lat="48.679577" lon="8.36128">
        <ele>293</ele>
      </trkpt>
      <trkpt lat="48.679824" lon="8.361195">
        <ele>293.7</ele>
      </trkpt>
      <trkpt lat="48.680059" lon="8.361103">
        <ele>295.6</ele>
      </trkpt>
      <trkpt lat="48.680545" lon="8.360932">
        <ele>296.5</ele>
      </trkpt>
      <trkpt lat="48.680731" lon="8.3609">
        <ele>297.4</ele>
      </trkpt>
      <trkpt lat="48.680878" lon="8.36095">
        <ele>299.6</ele>
      </trkpt>
      <trkpt lat="48.680943" lon="8.360934">
        <ele>300</ele>
      </trkpt>
      <trkpt lat="48.681031" lon="8.360837">
        <ele>299.4</ele>
      </trkpt>
      <trkpt lat="48.680962" lon="8.360737">
        <ele>297.5</ele>
      </trkpt>
      <trkpt lat="48.680937" lon="8.360653">
        <ele>296.1</ele>
      </trkpt>
      <trkpt lat="48.680918" lon="8.360447">
        <ele>293.7</ele>
      </trkpt>
      <trkpt lat="48.680934" lon="8.359823">
        <ele>295.8</ele>
      </trkpt>
      <trkpt lat="48.680924" lon="8.35966">
        <ele>298.8</ele>
      </trkpt>
      <trkpt lat="48.681157" lon="8.359684">
        <ele>300</ele>
      </trkpt>
      <trkpt lat="48.681282" lon="8.359664">
        <ele>300.8</ele>
      </trkpt>
      <trkpt lat="48.681561" lon="8.359499">
        <ele>301.9</ele>
      </trkpt>
      <trkpt lat="48.681705" lon="8.359348">
        <ele>301.9</ele>
      </trkpt>
      <trkpt lat="48.681784" lon="8.359196">
        <ele>302.6</ele>
      </trkpt>
      <trkpt lat="48.681829" lon="8.359048">
        <ele>303</ele>
      </trkpt>
      <trkpt lat="48.681846" lon="8.358906">
        <ele>303.7</ele>
      </trkpt>
      <trkpt lat="48.6818" lon="8.358646">
        <ele>306.5</ele>
      </trkpt>
      <trkpt lat="48.681579" lon="8.358117">
        <ele>311.8</ele>
      </trkpt>
      <trkpt lat="48.681547" lon="8.357989">
        <ele>312.5</ele>
      </trkpt>
      <trkpt lat="48.681526" lon="8.35764">
        <ele>314</ele>
      </trkpt>
      <trkpt lat="48.681561" lon="8.357506">
        <ele>313.9</ele>
      </trkpt>
      <trkpt lat="48.681616" lon="8.357428">
        <ele>313.4</ele>
      </trkpt>
      <trkpt lat="48.681676" lon="8.357396">
        <ele>312.7</ele>
      </trkpt>
      <trkpt lat="48.681809" lon="8.357439">
        <ele>313</ele>
      </trkpt>
      <trkpt lat="48.681862" lon="8.3575">
        <ele>313.3</ele>
      </trkpt>
      <trkpt lat="48.681933" lon="8.357326">
        <ele>315.1</ele>
      </trkpt>
      <trkpt lat="48.681841" lon="8.356725">
        <ele>315.2</ele>
      </trkpt>
      <trkpt lat="48.682611" lon="8.356412">
        <ele>325.2</ele>
      </trkpt>
      <trkpt lat="48.682978" lon="8.356277">
        <ele>324.6</ele>
      </trkpt>
      <trkpt lat="48.683206" lon="8.356096">
        <ele>323.8</ele>
      </trkpt>
      <trkpt lat="48.683286" lon="8.356069">
        <ele>323</ele>
      </trkpt>
      <trkpt lat="48.683524" lon="8.356311">
        <ele>312.7</ele>
      </trkpt>
      <trkpt lat="48.683776" lon="8.356427">
        <ele>307.6</ele>
      </trkpt>
      <trkpt lat="48.684188" lon="8.356243">
        <ele>312.4</ele>
      </trkpt>
      <trkpt lat="48.684349" lon="8.356132">
        <ele>312.2</ele>
      </trkpt>
      <trkpt lat="48.684524" lon="8.355929">
        <ele>312</ele>
      </trkpt>
      <trkpt lat="48.684586" lon="8.355784">
        <ele>311.9</ele>
      </trkpt>
      <trkpt lat="48.684625" lon="8.355593">
        <ele>312.9</ele>
      </trkpt>
      <trkpt lat="48.684622" lon="8.354832">
        <ele>326.4</ele>
      </trkpt>
      <trkpt lat="48.684697" lon="8.354555">
        <ele>327.3</ele>
      </trkpt>
      <trkpt lat="48.685145" lon="8.353834">
        <ele>329.1</ele>
      </trkpt>
      <trkpt lat="48.685425" lon="8.353327">
        <ele>331.5</ele>
      </trkpt>
      <trkpt lat="48.685723" lon="8.352954">
        <ele>334.3</ele>
      </trkpt>
      <trkpt lat="48.685905" lon="8.352638">
        <ele>337.8</ele>
      </trkpt>
      <trkpt lat="48.686003" lon="8.35231">
        <ele>339.2</ele>
      </trkpt>
      <trkpt lat="48.686139" lon="8.351323">
        <ele>339.6</ele>
      </trkpt>
      <trkpt lat="48.686197" lon="8.351192">
        <ele>341.2</ele>
      </trkpt>
      <trkpt lat="48.686279" lon="8.35109">
        <ele>341.8</ele>
      </trkpt>
      <trkpt lat="48.686507" lon="8.350875">
        <ele>343.4</ele>
      </trkpt>
      <trkpt lat="48.686677" lon="8.350835">
        <ele>342.4</ele>
      </trkpt>
      <trkpt lat="48.68678" lon="8.350897">
        <ele>341.3</ele>
      </trkpt>
      <trkpt lat="48.686945" lon="8.351079">
        <ele>341.4</ele>
      </trkpt>
      <trkpt lat="48.687053" lon="8.35108">
        <ele>343</ele>
      </trkpt>
      <trkpt lat="48.687108" lon="8.351049">
        <ele>343.6</ele>
      </trkpt>
      <trkpt lat="48.687491" lon="8.350707">
        <ele>348.3</ele>
      </trkpt>
      <trkpt lat="48.687916" lon="8.350468">
        <ele>352.9</ele>
      </trkpt>
      <trkpt lat="48.688036" lon="8.350436">
        <ele>354.2</ele>
      </trkpt>
      <trkpt lat="48.688232" lon="8.350463">
        <ele>357.8</ele>
      </trkpt>
      <trkpt lat="48.688364" lon="8.350428">
        <ele>359.6</ele>
      </trkpt>
      <trkpt lat="48.689035" lon="8.349778">
        <ele>371.4</ele>
      </trkpt>
      <trkpt lat="48.689166" lon="8.349614">
        <ele>372.9</ele>
      </trkpt>
      <trkpt lat="48.689325" lon="8.349079">
        <ele>370.3</ele>
      </trkpt>
      <trkpt lat="48.689533" lon="8.34879">
        <ele>373.8</ele>
      </trkpt>
      <trkpt lat="48.689569" lon="8.34871">
        <ele>373.7</ele>
      </trkpt>
      <trkpt lat="48.689645" lon="8.348332">
        <ele>369.4</ele>
      </trkpt>
      <trkpt lat="48.689894" lon="8.34786">
        <ele>373</ele>
      </trkpt>
      <trkpt lat="48.689904" lon="8.347752">
        <ele>373.5</ele>
      </trkpt>
      <trkpt lat="48.689828" lon="8.347382">
        <ele>371.1</ele>
      </trkpt>
      <trkpt lat="48.689826" lon="8.347232">
        <ele>371.5</ele>
      </trkpt>
      <trkpt lat="48.689999" lon="8.34628">
        <ele>380.2</ele>
      </trkpt>
      <trkpt lat="48.690103" lon="8.345846">
        <ele>381.3</ele>
      </trkpt>
      <trkpt lat="48.690195" lon="8.345615">
        <ele>381.6</ele>
      </trkpt>
      <trkpt lat="48.690494" lon="8.345035">
        <ele>383.3</ele>
      </trkpt>
      <trkpt lat="48.690596" lon="8.344916">
        <ele>384.5</ele>
      </trkpt>
      <trkpt lat="48.690717" lon="8.34486">
        <ele>386.4</ele>
      </trkpt>
      <trkpt lat="48.690931" lon="8.344792">
        <ele>390.2</ele>
      </trkpt>
      <trkpt lat="48.69112" lon="8.344425">
        <ele>390.1</ele>
      </trkpt>
      <trkpt lat="48.691493" lon="8.344017">
        <ele>392.6</ele>
      </trkpt>
      <trkpt lat="48.691615" lon="8.343941">
        <ele>395.2</ele>
      </trkpt>
      <trkpt lat="48.691814" lon="8.343909">
        <ele>400.4</ele>
      </trkpt>
      <trkpt lat="48.691967" lon="8.343833">
        <ele>402.8</ele>
      </trkpt>
      <trkpt lat="48.692077" lon="8.34369">
        <ele>402.6</ele>
      </trkpt>
      <trkpt lat="48.692209" lon="8.343395">
        <ele>400.7</ele>
      </trkpt>
      <trkpt lat="48.692262" lon="8.343333">
        <ele>401.2</ele>
      </trkpt>
      <trkpt lat="48.692684" lon="8.343063">
        <ele>407.6</ele>
      </trkpt>
      <trkpt lat="48.693153" lon="8.342508">
        <ele>410.3</ele>
      </trkpt>
      <trkpt lat="48.6932" lon="8.342359">
        <ele>411</ele>
      </trkpt>
      <trkpt lat="48.69322" lon="8.342162">
        <ele>411.6</ele>
      </trkpt>
      <trkpt lat="48.693328" lon="8.341852">
        <ele>413.3</ele>
      </trkpt>
      <trkpt lat="48.693516" lon="8.341541">
        <ele>414.5</ele>
      </trkpt>
      <trkpt lat="48.693621" lon="8.341426">
        <ele>415.9</ele>
      </trkpt>
      <trkpt lat="48.69385" lon="8.341284">
        <ele>419</ele>
      </trkpt>
      <trkpt lat="48.694045" lon="8.341262">
        <ele>421.5</ele>
      </trkpt>
      <trkpt lat="48.694303" lon="8.341319">
        <ele>425.1</ele>
      </trkpt>
      <trkpt lat="48.694359" lon="8.34134">
        <ele>425.5</ele>
      </trkpt>
      <trkpt lat="48.694608" lon="8.341493">
        <ele>422.5</ele>
      </trkpt>
      <trkpt lat="48.694678" lon="8.341506">
        <ele>421.7</ele>
      </trkpt>
      <trkpt lat="48.694792" lon="8.341453">
        <ele>422.7</ele>
      </trkpt>
      <trkpt lat="48.694947" lon="8.341287">
        <ele>425.4</ele>
      </trkpt>
      <trkpt lat="48.695095" lon="8.341147">
        <ele>426.1</ele>
      </trkpt>
      <trkpt lat="48.695328" lon="8.341002">
        <ele>426.9</ele>
      </trkpt>
      <trkpt lat="48.695525" lon="8.340983">
        <ele>423.9</ele>
      </trkpt>
      <trkpt lat="48.695698" lon="8.3409">
        <ele>423.4</ele>
      </trkpt>
      <trkpt lat="48.695953" lon="8.340694">
        <ele>425.1</ele>
      </trkpt>
      <trkpt lat="48.696353" lon="8.34045">
        <ele>422.5</ele>
      </trkpt>
      <trkpt lat="48.696484" lon="8.34023">
        <ele>423.2</ele>
      </trkpt>
      <trkpt lat="48.696605" lon="8.339851">
        <ele>420.6</ele>
      </trkpt>
      <trkpt lat="48.696927" lon="8.338108">
        <ele>427.8</ele>
      </trkpt>
      <trkpt lat="48.696941" lon="8.337893">
        <ele>428.9</ele>
      </trkpt>
      <trkpt lat="48.696906" lon="8.337521">
        <ele>435.5</ele>
      </trkpt>
      <trkpt lat="48.696918" lon="8.337368">
        <ele>439.2</ele>
      </trkpt>
      <trkpt lat="48.696996" lon="8.33714">
        <ele>445</ele>
      </trkpt>
      <trkpt lat="48.697155" lon="8.336982">
        <ele>449.3</ele>
      </trkpt>
      <trkpt lat="48.697256" lon="8.336955">
        <ele>449.3</ele>
      </trkpt>
      <trkpt lat="48.697803" lon="8.337097">
        <ele>434.2</ele>
      </trkpt>
      <trkpt lat="48.697993" lon="8.337075">
        <ele>430.3</ele>
      </trkpt>
      <trkpt lat="48.698202" lon="8.336909">
        <ele>428.6</ele>
      </trkpt>
      <trkpt lat="48.698616" lon="8.336383">
        <ele>431</ele>
      </trkpt>
      <trkpt lat="48.698832" lon="8.336078">
        <ele>431.4</ele>
      </trkpt>
      <trkpt lat="48.699062" lon="8.335673">
        <ele>432</ele>
      </trkpt>
      <trkpt lat="48.699133" lon="8.335386">
        <ele>434.2</ele>
      </trkpt>
      <trkpt lat="48.699113" lon="8.335225">
        <ele>436.3</ele>
      </trkpt>
      <trkpt lat="48.699039" lon="8.335026">
        <ele>439.8</ele>
      </trkpt>
      <trkpt lat="48.698703" lon="8.334468">
        <ele>462.2</ele>
      </trkpt>
      <trkpt lat="48.698676" lon="8.334313">
        <ele>464.8</ele>
      </trkpt>
      <trkpt lat="48.698681" lon="8.334168">
        <ele>466.5</ele>
      </trkpt>
      <trkpt lat="48.698729" lon="8.334036">
        <ele>465.6</ele>
      </trkpt>
      <trkpt lat="48.699074" lon="8.333564">
        <ele>460.9</ele>
      </trkpt>
      <trkpt lat="48.699154" lon="8.333363">
        <ele>465.4</ele>
      </trkpt>
      <trkpt lat="48.699205" lon="8.333092">
        <ele>472.6</ele>
      </trkpt>
      <trkpt lat="48.69928" lon="8.332899">
        <ele>474.3</ele>
      </trkpt>
      <trkpt lat="48.699374" lon="8.332754">
        <ele>473.5</ele>
      </trkpt>
      <trkpt lat="48.699476" lon="8.332655">
        <ele>472.1</ele>
      </trkpt>
      <trkpt lat="48.699699" lon="8.332534">
        <ele>468.1</ele>
      </trkpt>
      <trkpt lat="48.699793" lon="8.332443">
        <ele>467.5</ele>
      </trkpt>
      <trkpt lat="48.699871" lon="8.332315">
        <ele>467.4</ele>
      </trkpt>
      <trkpt lat="48.699933" lon="8.3321">
        <ele>470</ele>
      </trkpt>
      <trkpt lat="48.69999" lon="8.331706">
        <ele>478.9</ele>
      </trkpt>
      <trkpt lat="48.700139" lon="8.330986">
        <ele>483</ele>
      </trkpt>
      <trkpt lat="48.700476" lon="8.330037">
        <ele>486.8</ele>
      </trkpt>
      <trkpt lat="48.700584" lon="8.329289">
        <ele>487.3</ele>
      </trkpt>
      <trkpt lat="48.70059" lon="8.32834">
        <ele>509.9</ele>
      </trkpt>
      <trkpt lat="48.700611" lon="8.328235">
        <ele>512.3</ele>
      </trkpt>
      <trkpt lat="48.700653" lon="8.32816">
        <ele>513.2</ele>
      </trkpt>
      <trkpt lat="48.70076" lon="8.328074">
        <ele>511.7</ele>
      </trkpt>
      <trkpt lat="48.700989" lon="8.328104">
        <ele>501.6</ele>
      </trkpt>
      <trkpt lat="48.701289" lon="8.328216">
        <ele>485.8</ele>
      </trkpt>
      <trkpt lat="48.701694" lon="8.328074">
        <ele>483.3</ele>
      </trkpt>
      <trkpt lat="48.701827" lon="8.327897">
        <ele>487.8</ele>
      </trkpt>
      <trkpt lat="48.701988" lon="8.32747">
        <ele>509.6</ele>
      </trkpt>
      <trkpt lat="48.702455" lon="8.326693">
        <ele>510.4</ele>
      </trkpt>
      <trkpt lat="48.702624" lon="8.326355">
        <ele>515.7</ele>
      </trkpt>
      <trkpt lat="48.702893" lon="8.325987">
        <ele>522.8</ele>
      </trkpt>
      <trkpt lat="48.702988" lon="8.325915">
        <ele>523.4</ele>
      </trkpt>
      <trkpt lat="48.703454" lon="8.325724">
        <ele>529.3</ele>
      </trkpt>
      <trkpt lat="48.703533" lon="8.325716">
        <ele>530.2</ele>
      </trkpt>
      <trkpt lat="48.703613" lon="8.325765">
        <ele>531.1</ele>
      </trkpt>
      <trkpt lat="48.70367" lon="8.32585">
        <ele>531.4</ele>
      </trkpt>
      <trkpt lat="48.703705" lon="8.32599">
        <ele>530.1</ele>
      </trkpt>
      <trkpt lat="48.703833" lon="8.32735">
        <ele>523.8</ele>
      </trkpt>
      <trkpt lat="48.703842" lon="8.327948">
        <ele>520.8</ele>
      </trkpt>
      <trkpt lat="48.70388" lon="8.328122">
        <ele>519.2</ele>
      </trkpt>
      <trkpt lat="48.703941" lon="8.32823">
        <ele>519.4</ele>
      </trkpt>
      <trkpt lat="48.704004" lon="8.32828">
        <ele>520.4</ele>
      </trkpt>
      <trkpt lat="48.70421" lon="8.328318">
        <ele>525.1</ele>
      </trkpt>
      <trkpt lat="48.704482" lon="8.32823">
        <ele>536.9</ele>
      </trkpt>
      <trkpt lat="48.705043" lon="8.328187">
        <ele>550.7</ele>
      </trkpt>
      <trkpt lat="48.705127" lon="8.328235">
        <ele>549.1</ele>
      </trkpt>
      <trkpt lat="48.705284" lon="8.328441">
        <ele>540</ele>
      </trkpt>
      <trkpt lat="48.705376" lon="8.328492">
        <ele>538.2</ele>
      </trkpt>
      <trkpt lat="48.705473" lon="8.328492">
        <ele>539.5</ele>
      </trkpt>
      <trkpt lat="48.705616" lon="8.328438">
        <ele>543.5</ele>
      </trkpt>
      <trkpt lat="48.705803" lon="8.328285">
        <ele>550.4</ele>
      </trkpt>
      <trkpt lat="48.706027" lon="8.327862">
        <ele>560.3</ele>
      </trkpt>
      <trkpt lat="48.706102" lon="8.327776">
        <ele>561.2</ele>
      </trkpt>
      <trkpt lat="48.706175" lon="8.327744">
        <ele>560.5</ele>
      </trkpt>
      <trkpt lat="48.706251" lon="8.327755">
        <ele>558.2</ele>
      </trkpt>
      <trkpt lat="48.70655" lon="8.327999">
        <ele>554.6</ele>
      </trkpt>
      <trkpt lat="48.706628" lon="8.328101">
        <ele>554.3</ele>
      </trkpt>
      <trkpt lat="48.706691" lon="8.328256">
        <ele>553.6</ele>
      </trkpt>
      <trkpt lat="48.706728" lon="8.328417">
        <ele>552.6</ele>
      </trkpt>
      <trkpt lat="48.706831" lon="8.329345">
        <ele>553.2</ele>
      </trkpt>
      <trkpt lat="48.706904" lon="8.329765">
        <ele>555.1</ele>
      </trkpt>
      <trkpt lat="48.706979" lon="8.329968">
        <ele>555.4</ele>
      </trkpt>
      <trkpt lat="48.707079" lon="8.330102">
        <ele>554.6</ele>
      </trkpt>
      <trkpt lat="48.707194" lon="8.330198">
        <ele>553.8</ele>
      </trkpt>
      <trkpt lat="48.707681" lon="8.330357">
        <ele>566.1</ele>
      </trkpt>
      <trkpt lat="48.708019" lon="8.330416">
        <ele>577.7</ele>
      </trkpt>
      <trkpt lat="48.708522" lon="8.330389">
        <ele>585</ele>
      </trkpt>
      <trkpt lat="48.708668" lon="8.330319">
        <ele>586.1</ele>
      </trkpt>
      <trkpt lat="48.709213" lon="8.329833">
        <ele>600.7</ele>
      </trkpt>
      <trkpt lat="48.709302" lon="8.329809">
        <ele>601.2</ele>
      </trkpt>
      <trkpt lat="48.709417" lon="8.329871">
        <ele>599.6</ele>
      </trkpt>
      <trkpt lat="48.70949" lon="8.330059">
        <ele>595.8</ele>
      </trkpt>
      <trkpt lat="48.70952" lon="8.330598">
        <ele>586</ele>
      </trkpt>
      <trkpt lat="48.709608" lon="8.330839">
        <ele>584.3</ele>
      </trkpt>
      <trkpt lat="48.709681" lon="8.33093">
        <ele>585.1</ele>
      </trkpt>
      <trkpt lat="48.709803" lon="8.330971">
        <ele>588.6</ele>
      </trkpt>
      <trkpt lat="48.710214" lon="8.331011">
        <ele>602</ele>
      </trkpt>
      <trkpt lat="48.710346" lon="8.331062">
        <ele>603.7</ele>
      </trkpt>
      <trkpt lat="48.710468" lon="8.331193">
        <ele>601.5</ele>
      </trkpt>
      <trkpt lat="48.710497" lon="8.331427">
        <ele>596.9</ele>
      </trkpt>
      <trkpt lat="48.710431" lon="8.331762">
        <ele>591.7</ele>
      </trkpt>
      <trkpt lat="48.710438" lon="8.332111">
        <ele>593.7</ele>
      </trkpt>
      <trkpt lat="48.710483" lon="8.332258">
        <ele>596.7</ele>
      </trkpt>
      <trkpt lat="48.710569" lon="8.332416">
        <ele>601.7</ele>
      </trkpt>
      <trkpt lat="48.710746" lon="8.33265">
        <ele>608.1</ele>
      </trkpt>
      <trkpt lat="48.710782" lon="8.332765">
        <ele>607.8</ele>
      </trkpt>
      <trkpt lat="48.710792" lon="8.333905">
        <ele>608</ele>
      </trkpt>
      <trkpt lat="48.710858" lon="8.334492">
        <ele>614.5</ele>
      </trkpt>
      <trkpt lat="48.710835" lon="8.334686">
        <ele>615.6</ele>
      </trkpt>
      <trkpt lat="48.710785" lon="8.334852">
        <ele>615.8</ele>
      </trkpt>
      <trkpt lat="48.710716" lon="8.334986">
        <ele>615.3</ele>
      </trkpt>
      <trkpt lat="48.710633" lon="8.335077">
        <ele>614.1</ele>
      </trkpt>
      <trkpt lat="48.71055" lon="8.33512">
        <ele>613.4</ele>
      </trkpt>
      <trkpt lat="48.710316" lon="8.335005">
        <ele>609.7</ele>
      </trkpt>
      <trkpt lat="48.710182" lon="8.335016">
        <ele>610</ele>
      </trkpt>
      <trkpt lat="48.710134" lon="8.335057">
        <ele>611.2</ele>
      </trkpt>
      <trkpt lat="48.71009" lon="8.335241">
        <ele>615.3</ele>
      </trkpt>
      <trkpt lat="48.710111" lon="8.335345">
        <ele>617</ele>
      </trkpt>
      <trkpt lat="48.710155" lon="8.335423">
        <ele>618</ele>
      </trkpt>
      <trkpt lat="48.710302" lon="8.335493">
        <ele>618.4</ele>
      </trkpt>
      <trkpt lat="48.710392" lon="8.335477">
        <ele>617.7</ele>
      </trkpt>
      <trkpt lat="48.710631" lon="8.335345">
        <ele>618.5</ele>
      </trkpt>
      <trkpt lat="48.710964" lon="8.335061">
        <ele>624.6</ele>
      </trkpt>
      <trkpt lat="48.711044" lon="8.334924">
        <ele>626</ele>
      </trkpt>
      <trkpt lat="48.711109" lon="8.334734">
        <ele>626.6</ele>
      </trkpt>
      <trkpt lat="48.711146" lon="8.334503">
        <ele>626.3</ele>
      </trkpt>
      <trkpt lat="48.711268" lon="8.332596">
        <ele>629.7</ele>
      </trkpt>
      <trkpt lat="48.71113" lon="8.332019">
        <ele>627.8</ele>
      </trkpt>
      <trkpt lat="48.711114" lon="8.331751">
        <ele>625.7</ele>
      </trkpt>
      <trkpt lat="48.711262" lon="8.331126">
        <ele>629.3</ele>
      </trkpt>
      <trkpt lat="48.711284" lon="8.330893">
        <ele>632.2</ele>
      </trkpt>
      <trkpt lat="48.71124" lon="8.330685">
        <ele>637.3</ele>
      </trkpt>
      <trkpt lat="48.711086" lon="8.330421">
        <ele>642</ele>
      </trkpt>
      <trkpt lat="48.710943" lon="8.330311">
        <ele>642.1</ele>
      </trkpt>
      <trkpt lat="48.710758" lon="8.330284">
        <ele>638.3</ele>
      </trkpt>
      <trkpt lat="48.71064" lon="8.330167">
        <ele>636</ele>
      </trkpt>
      <trkpt lat="48.710614" lon="8.329981">
        <ele>635.9</ele>
      </trkpt>
      <trkpt lat="48.710636" lon="8.32986">
        <ele>636.8</ele>
      </trkpt>
      <trkpt lat="48.710793" lon="8.32958">
        <ele>642.9</ele>
      </trkpt>
      <trkpt lat="48.710867" lon="8.329434">
        <ele>646.8</ele>
      </trkpt>
      <trkpt lat="48.710895" lon="8.329302">
        <ele>649.3</ele>
      </trkpt>
      <trkpt lat="48.710892" lon="8.32917">
        <ele>651.6</ele>
      </trkpt>
      <trkpt lat="48.710856" lon="8.329048">
        <ele>652.8</ele>
      </trkpt>
      <trkpt lat="48.710789" lon="8.328935">
        <ele>653.2</ele>
      </trkpt>
      <trkpt lat="48.710541" lon="8.328779">
        <ele>649.8</ele>
      </trkpt>
      <trkpt lat="48.709971" lon="8.327808">
        <ele>659.4</ele>
      </trkpt>
      <trkpt lat="48.709484" lon="8.327189">
        <ele>673.6</ele>
      </trkpt>
      <trkpt lat="48.709413" lon="8.327138">
        <ele>674.1</ele>
      </trkpt>
      <trkpt lat="48.709261" lon="8.327127">
        <ele>672</ele>
      </trkpt>
      <trkpt lat="48.708741" lon="8.327527">
        <ele>662.8</ele>
      </trkpt>
      <trkpt lat="48.70868" lon="8.327533">
        <ele>661.5</ele>
      </trkpt>
      <trkpt lat="48.708571" lon="8.327434">
        <ele>659.3</ele>
      </trkpt>
      <trkpt lat="48.708536" lon="8.32731">
        <ele>658.6</ele>
      </trkpt>
      <trkpt lat="48.708523" lon="8.3271">
        <ele>658.8</ele>
      </trkpt>
      <trkpt lat="48.708532" lon="8.326639">
        <ele>664.6</ele>
      </trkpt>
      <trkpt lat="48.708651" lon="8.324879">
        <ele>672.5</ele>
      </trkpt>
      <trkpt lat="48.708642" lon="8.324659">
        <ele>672.7</ele>
      </trkpt>
      <trkpt lat="48.708569" lon="8.32426">
        <ele>674.8</ele>
      </trkpt>
      <trkpt lat="48.708427" lon="8.323931">
        <ele>677.2</ele>
      </trkpt>
      <trkpt lat="48.708274" lon="8.323729">
        <ele>678.2</ele>
      </trkpt>
      <trkpt lat="48.707732" lon="8.323241">
        <ele>676.6</ele>
      </trkpt>
      <trkpt lat="48.707527" lon="8.322951">
        <ele>676.6</ele>
      </trkpt>
      <trkpt lat="48.707428" lon="8.322739">
        <ele>676.6</ele>
      </trkpt>
      <trkpt lat="48.707329" lon="8.322307">
        <ele>676.9</ele>
      </trkpt>
      <trkpt lat="48.707285" lon="8.321372">
        <ele>690.9</ele>
      </trkpt>
      <trkpt lat="48.707291" lon="8.321097">
        <ele>692.8</ele>
      </trkpt>
      <trkpt lat="48.707341" lon="8.320656">
        <ele>694.6</ele>
      </trkpt>
      <trkpt lat="48.707365" lon="8.320477">
        <ele>695.8</ele>
      </trkpt>
      <trkpt lat="48.707389" lon="8.320277">
        <ele>697.2</ele>
      </trkpt>
      <trkpt lat="48.707423" lon="8.320034">
        <ele>698.3</ele>
      </trkpt>
      <trkpt lat="48.707445" lon="8.319703">
        <ele>698.2</ele>
      </trkpt>
      <trkpt lat="48.707428" lon="8.319123">
        <ele>695.7</ele>
      </trkpt>
      <trkpt lat="48.707373" lon="8.318783">
        <ele>693.8</ele>
      </trkpt>
      <trkpt lat="48.707139" lon="8.317965">
        <ele>692.5</ele>
      </trkpt>
      <trkpt lat="48.707015" lon="8.317273">
        <ele>685.6</ele>
      </trkpt>
      <trkpt lat="48.706882" lon="8.316712">
        <ele>679.8</ele>
      </trkpt>
      <trkpt lat="48.706769" lon="8.316446">
        <ele>677.8</ele>
      </trkpt>
      <trkpt lat="48.706624" lon="8.316192">
        <ele>676.1</ele>
      </trkpt>
      <trkpt lat="48.706309" lon="8.315683">
        <ele>676.5</ele>
      </trkpt>
      <trkpt lat="48.706258" lon="8.315535">
        <ele>677.1</ele>
      </trkpt>
      <trkpt lat="48.706238" lon="8.315371">
        <ele>677.1</ele>
      </trkpt>
      <trkpt lat="48.706258" lon="8.315234">
        <ele>675.8</ele>
      </trkpt>
      <trkpt lat="48.706309" lon="8.315122">
        <ele>673.6</ele>
      </trkpt>
      <trkpt lat="48.706521" lon="8.314829">
        <ele>666</ele>
      </trkpt>
      <trkpt lat="48.706741" lon="8.314577">
        <ele>662</ele>
      </trkpt>
      <trkpt lat="48.707355" lon="8.314145">
        <ele>659</ele>
      </trkpt>
      <trkpt lat="48.707465" lon="8.314041">
        <ele>657.9</ele>
      </trkpt>
      <trkpt lat="48.707599" lon="8.313762">
        <ele>656.3</ele>
      </trkpt>
      <trkpt lat="48.707638" lon="8.313611">
        <ele>655.6</ele>
      </trkpt>
      <trkpt lat="48.707644" lon="8.313434">
        <ele>654.4</ele>
      </trkpt>
      <trkpt lat="48.707562" lon="8.313115">
        <ele>652.9</ele>
      </trkpt>
      <trkpt lat="48.707465" lon="8.312976">
        <ele>652.2</ele>
      </trkpt>
      <trkpt lat="48.707206" lon="8.312764">
        <ele>651.3</ele>
      </trkpt>
      <trkpt lat="48.707157" lon="8.312686">
        <ele>651.2</ele>
      </trkpt>
      <trkpt lat="48.70712" lon="8.31256">
        <ele>651</ele>
      </trkpt>
      <trkpt lat="48.707114" lon="8.312413">
        <ele>650.4</ele>
      </trkpt>
      <trkpt lat="48.707144" lon="8.312295">
        <ele>649.8</ele>
      </trkpt>
      <trkpt lat="48.707405" lon="8.31194">
        <ele>647.4</ele>
      </trkpt>
      <trkpt lat="48.70754" lon="8.311452">
        <ele>648.1</ele>
      </trkpt>
      <trkpt lat="48.707599" lon="8.311393">
        <ele>648.4</ele>
      </trkpt>
      <trkpt lat="48.707757" lon="8.311385">
        <ele>648.7</ele>
      </trkpt>
      <trkpt lat="48.707831" lon="8.311431">
        <ele>648.6</ele>
      </trkpt>
      <trkpt lat="48.708015" lon="8.311686">
        <ele>644.8</ele>
      </trkpt>
      <trkpt lat="48.708125" lon="8.311766">
        <ele>643.9</ele>
      </trkpt>
      <trkpt lat="48.708268" lon="8.311822">
        <ele>643.5</ele>
      </trkpt>
      <trkpt lat="48.708435" lon="8.311809">
        <ele>642.8</ele>
      </trkpt>
      <trkpt lat="48.708714" lon="8.311777">
        <ele>640.7</ele>
      </trkpt>
      <trkpt lat="48.708939" lon="8.311683">
        <ele>640</ele>
      </trkpt>
      <trkpt lat="48.709148" lon="8.311549">
        <ele>634.8</ele>
      </trkpt>
      <trkpt lat="48.709426" lon="8.311291">
        <ele>633.1</ele>
      </trkpt>
      <trkpt lat="48.709658" lon="8.311163">
        <ele>631.7</ele>
      </trkpt>
      <trkpt lat="48.709966" lon="8.311082">
        <ele>629</ele>
      </trkpt>
      <trkpt lat="48.710084" lon="8.311082">
        <ele>627</ele>
      </trkpt>
      <trkpt lat="48.710237" lon="8.311117">
        <ele>623.6</ele>
      </trkpt>
      <trkpt lat="48.710489" lon="8.311272">
        <ele>616.2</ele>
      </trkpt>
      <trkpt lat="48.71109" lon="8.311879">
        <ele>605.9</ele>
      </trkpt>
      <trkpt lat="48.711594" lon="8.312179">
        <ele>599</ele>
      </trkpt>
      <trkpt lat="48.711739" lon="8.312241">
        <ele>597.9</ele>
      </trkpt>
      <trkpt lat="48.711863" lon="8.312254">
        <ele>597.8</ele>
      </trkpt>
      <trkpt lat="48.712021" lon="8.312233">
        <ele>597.6</ele>
      </trkpt>
      <trkpt lat="48.71215" lon="8.312174">
        <ele>597.4</ele>
      </trkpt>
      <trkpt lat="48.712441" lon="8.311988">
        <ele>596</ele>
      </trkpt>
      <trkpt lat="48.712913" lon="8.311518">
        <ele>597.7</ele>
      </trkpt>
      <trkpt lat="48.713075" lon="8.311432">
        <ele>597.2</ele>
      </trkpt>
      <trkpt lat="48.713542" lon="8.311338">
        <ele>591.8</ele>
      </trkpt>
      <trkpt lat="48.713758" lon="8.311348">
        <ele>589.1</ele>
      </trkpt>
      <trkpt lat="48.71405" lon="8.311443">
        <ele>584.2</ele>
      </trkpt>
      <trkpt lat="48.714339" lon="8.311598">
        <ele>579.2</ele>
      </trkpt>
      <trkpt lat="48.714715" lon="8.31194">
        <ele>577.8</ele>
      </trkpt>
      <trkpt lat="48.714827" lon="8.312103">
        <ele>576.9</ele>
      </trkpt>
      <trkpt lat="48.715054" lon="8.312654">
        <ele>568.3</ele>
      </trkpt>
      <trkpt lat="48.715097" lon="8.312756">
        <ele>566.5</ele>
      </trkpt>
      <trkpt lat="48.715351" lon="8.312946">
        <ele>563.8</ele>
      </trkpt>
      <trkpt lat="48.71592" lon="8.313169">
        <ele>554.8</ele>
      </trkpt>
      <trkpt lat="48.71605" lon="8.313162">
        <ele>552.5</ele>
      </trkpt>
      <trkpt lat="48.716279" lon="8.313038">
        <ele>549.4</ele>
      </trkpt>
      <trkpt lat="48.716551" lon="8.31281">
        <ele>544.4</ele>
      </trkpt>
      <trkpt lat="48.71666" lon="8.312627">
        <ele>543.6</ele>
      </trkpt>
      <trkpt lat="48.716715" lon="8.312402">
        <ele>546</ele>
      </trkpt>
      <trkpt lat="48.716748" lon="8.312083">
        <ele>552.7</ele>
      </trkpt>
      <trkpt lat="48.716808" lon="8.311934">
        <ele>555.8</ele>
      </trkpt>
      <trkpt lat="48.716911" lon="8.311869">
        <ele>557.6</ele>
      </trkpt>
      <trkpt lat="48.717043" lon="8.311899">
        <ele>557.7</ele>
      </trkpt>
      <trkpt lat="48.717139" lon="8.312035">
        <ele>555.6</ele>
      </trkpt>
      <trkpt lat="48.717199" lon="8.312181">
        <ele>552.3</ele>
      </trkpt>
      <trkpt lat="48.717287" lon="8.312553">
        <ele>543.1</ele>
      </trkpt>
      <trkpt lat="48.717371" lon="8.312736">
        <ele>539.3</ele>
      </trkpt>
      <trkpt lat="48.717482" lon="8.312842">
        <ele>537.8</ele>
      </trkpt>
      <trkpt lat="48.717931" lon="8.312956">
        <ele>540.1</ele>
      </trkpt>
      <trkpt lat="48.718516" lon="8.313294">
        <ele>524.2</ele>
      </trkpt>
      <trkpt lat="48.718964" lon="8.313348">
        <ele>516.9</ele>
      </trkpt>
      <trkpt lat="48.719153" lon="8.31332">
        <ele>511.6</ele>
      </trkpt>
      <trkpt lat="48.719669" lon="8.312931">
        <ele>511.6</ele>
      </trkpt>
      <trkpt lat="48.719854" lon="8.312897">
        <ele>510.5</ele>
      </trkpt>
      <trkpt lat="48.72006" lon="8.312918">
        <ele>507.5</ele>
      </trkpt>
      <trkpt lat="48.720454" lon="8.313082">
        <ele>500.8</ele>
      </trkpt>
      <trkpt lat="48.7206" lon="8.313082">
        <ele>499.3</ele>
      </trkpt>
      <trkpt lat="48.720855" lon="8.312952">
        <ele>500</ele>
      </trkpt>
      <trkpt lat="48.721008" lon="8.312942">
        <ele>498.7</ele>
      </trkpt>
      <trkpt lat="48.721226" lon="8.313029">
        <ele>494.7</ele>
      </trkpt>
      <trkpt lat="48.721569" lon="8.313236">
        <ele>489.9</ele>
      </trkpt>
      <trkpt lat="48.722009" lon="8.313602">
        <ele>478.1</ele>
      </trkpt>
      <trkpt lat="48.722205" lon="8.313716">
        <ele>474.5</ele>
      </trkpt>
      <trkpt lat="48.722535" lon="8.313779">
        <ele>471.3</ele>
      </trkpt>
      <trkpt lat="48.72267" lon="8.31376">
        <ele>470.8</ele>
      </trkpt>
      <trkpt lat="48.723016" lon="8.313367">
        <ele>477.9</ele>
      </trkpt>
      <trkpt lat="48.723175" lon="8.313261">
        <ele>475.7</ele>
      </trkpt>
      <trkpt lat="48.723768" lon="8.31297">
        <ele>464.3</ele>
      </trkpt>
      <trkpt lat="48.723932" lon="8.312854">
        <ele>463.4</ele>
      </trkpt>
      <trkpt lat="48.724286" lon="8.312345">
        <ele>468.7</ele>
      </trkpt>
      <trkpt lat="48.724438" lon="8.312209">
        <ele>469.8</ele>
      </trkpt>
      <trkpt lat="48.724587" lon="8.312154">
        <ele>468.4</ele>
      </trkpt>
      <trkpt lat="48.724869" lon="8.312115">
        <ele>462.9</ele>
      </trkpt>
      <trkpt lat="48.725393" lon="8.311946">
        <ele>453.2</ele>
      </trkpt>
      <trkpt lat="48.725806" lon="8.311908">
        <ele>447.3</ele>
      </trkpt>
      <trkpt lat="48.725883" lon="8.311856">
        <ele>447.6</ele>
      </trkpt>
      <trkpt lat="48.725982" lon="8.311711">
        <ele>449.8</ele>
      </trkpt>
      <trkpt lat="48.726061" lon="8.311645">
        <ele>450.2</ele>
      </trkpt>
      <trkpt lat="48.726162" lon="8.311648">
        <ele>448.8</ele>
      </trkpt>
      <trkpt lat="48.726521" lon="8.311863">
        <ele>442.1</ele>
      </trkpt>
      <trkpt lat="48.726926" lon="8.312023">
        <ele>442.9</ele>
      </trkpt>
      <trkpt lat="48.727186" lon="8.312067">
        <ele>438.5</ele>
      </trkpt>
      <trkpt lat="48.727922" lon="8.31171">
        <ele>441.6</ele>
      </trkpt>
      <trkpt lat="48.728876" lon="8.311732">
        <ele>420.6</ele>
      </trkpt>
      <trkpt lat="48.729134" lon="8.311635">
        <ele>419.4</ele>
      </trkpt>
      <trkpt lat="48.729332" lon="8.311495">
        <ele>420.3</ele>
      </trkpt>
      <trkpt lat="48.729918" lon="8.310975">
        <ele>417.1</ele>
      </trkpt>
      <trkpt lat="48.730776" lon="8.310068">
        <ele>410.2</ele>
      </trkpt>
      <trkpt lat="48.731154" lon="8.309714">
        <ele>409.9</ele>
      </trkpt>
      <trkpt lat="48.731416" lon="8.309532">
        <ele>409.2</ele>
      </trkpt>
      <trkpt lat="48.73165" lon="8.309451">
        <ele>404.7</ele>
      </trkpt>
      <trkpt lat="48.732196" lon="8.309361">
        <ele>395</ele>
      </trkpt>
      <trkpt lat="48.732886" lon="8.309069">
        <ele>398.9</ele>
      </trkpt>
      <trkpt lat="48.733288" lon="8.309052">
        <ele>388.1</ele>
      </trkpt>
      <trkpt lat="48.733406" lon="8.309018">
        <ele>384.3</ele>
      </trkpt>
      <trkpt lat="48.733888" lon="8.30877">
        <ele>377.2</ele>
      </trkpt>
      <trkpt lat="48.734095" lon="8.308599">
        <ele>375.7</ele>
      </trkpt>
      <trkpt lat="48.734208" lon="8.308461">
        <ele>375.7</ele>
      </trkpt>
      <trkpt lat="48.734303" lon="8.308207">
        <ele>378.5</ele>
      </trkpt>
      <trkpt lat="48.734542" lon="8.307355">
        <ele>381.9</ele>
      </trkpt>
      <trkpt lat="48.734869" lon="8.30688">
        <ele>371.8</ele>
      </trkpt>
      <trkpt lat="48.735161" lon="8.306186">
        <ele>358.2</ele>
      </trkpt>
      <trkpt lat="48.735326" lon="8.305478">
        <ele>352.3</ele>
      </trkpt>
      <trkpt lat="48.735421" lon="8.303931">
        <ele>341.5</ele>
      </trkpt>
      <trkpt lat="48.735416" lon="8.303605">
        <ele>340.4</ele>
      </trkpt>
      <trkpt lat="48.73534" lon="8.302599">
        <ele>324.4</ele>
      </trkpt>
      <trkpt lat="48.7354" lon="8.301816">
        <ele>321.7</ele>
      </trkpt>
      <trkpt lat="48.735498" lon="8.301141">
        <ele>317.9</ele>
      </trkpt>
      <trkpt lat="48.735565" lon="8.300899">
        <ele>316.3</ele>
      </trkpt>
      <trkpt lat="48.735587" lon="8.300819">
        <ele>315.8</ele>
      </trkpt>
      <trkpt lat="48.735613" lon="8.300721">
        <ele>315</ele>
      </trkpt>
      <trkpt lat="48.735678" lon="8.300544">
        <ele>314.2</ele>
      </trkpt>
      <trkpt lat="48.735722" lon="8.300421">
        <ele>313.5</ele>
      </trkpt>
      <trkpt lat="48.735867" lon="8.299986">
        <ele>311.7</ele>
      </trkpt>
      <trkpt lat="48.735956" lon="8.299814">
        <ele>311.4</ele>
      </trkpt>
      <trkpt lat="48.736081" lon="8.299696">
        <ele>310.4</ele>
      </trkpt>
      <trkpt lat="48.736359" lon="8.299527">
        <ele>306.3</ele>
      </trkpt>
      <trkpt lat="48.736607" lon="8.299299">
        <ele>303.1</ele>
      </trkpt>
      <trkpt lat="48.736799" lon="8.298945">
        <ele>303.8</ele>
      </trkpt>
      <trkpt lat="48.73695" lon="8.298232">
        <ele>304.1</ele>
      </trkpt>
      <trkpt lat="48.737135" lon="8.297845">
        <ele>307.3</ele>
      </trkpt>
      <trkpt lat="48.737252" lon="8.297446">
        <ele>309.4</ele>
      </trkpt>
      <trkpt lat="48.737361" lon="8.296667">
        <ele>307.5</ele>
      </trkpt>
      <trkpt lat="48.737403" lon="8.296451">
        <ele>307.6</ele>
      </trkpt>
      <trkpt lat="48.737503" lon="8.296287">
        <ele>306.9</ele>
      </trkpt>
      <trkpt lat="48.738119" lon="8.295866">
        <ele>299.2</ele>
      </trkpt>
      <trkpt lat="48.738432" lon="8.295689">
        <ele>294.9</ele>
      </trkpt>
      <trkpt lat="48.738543" lon="8.29549">
        <ele>295.7</ele>
      </trkpt>
      <trkpt lat="48.738568" lon="8.29519">
        <ele>294.5</ele>
      </trkpt>
      <trkpt lat="48.738551" lon="8.295037">
        <ele>293.7</ele>
      </trkpt>
      <trkpt lat="48.738409" lon="8.294514">
        <ele>288.3</ele>
      </trkpt>
      <trkpt lat="48.738343" lon="8.294053">
        <ele>285.3</ele>
      </trkpt>
      <trkpt lat="48.738312" lon="8.293683">
        <ele>282.4</ele>
      </trkpt>
      <trkpt lat="48.738301" lon="8.292814">
        <ele>278.4</ele>
      </trkpt>
      <trkpt lat="48.73836" lon="8.292205">
        <ele>275.5</ele>
      </trkpt>
      <trkpt lat="48.738487" lon="8.291376">
        <ele>276.9</ele>
      </trkpt>
      <trkpt lat="48.738553" lon="8.290765">
        <ele>274</ele>
      </trkpt>
      <trkpt lat="48.738566" lon="8.290641">
        <ele>273.5</ele>
      </trkpt>
      <trkpt lat="48.738713" lon="8.290054">
        <ele>270.4</ele>
      </trkpt>
      <trkpt lat="48.738823" lon="8.289813">
        <ele>270.6</ele>
      </trkpt>
      <trkpt lat="48.738878" lon="8.289939">
        <ele>271.6</ele>
      </trkpt>
      <trkpt lat="48.739082" lon="8.29015">
        <ele>275.7</ele>
      </trkpt>
      <trkpt lat="48.739299" lon="8.290239">
        <ele>279</ele>
      </trkpt>
      <trkpt lat="48.739467" lon="8.290256">
        <ele>282.4</ele>
      </trkpt>
      <trkpt lat="48.739929" lon="8.290197">
        <ele>287</ele>
      </trkpt>
      <trkpt lat="48.740097" lon="8.290251">
        <ele>287.2</ele>
      </trkpt>
      <trkpt lat="48.740266" lon="8.290371">
        <ele>288.5</ele>
      </trkpt>
      <trkpt lat="48.741389" lon="8.291467">
        <ele>294.7</ele>
      </trkpt>
      <trkpt lat="48.742432" lon="8.292307">
        <ele>296.7</ele>
      </trkpt>
      <trkpt lat="48.742828" lon="8.292628">
        <ele>298.3</ele>
      </trkpt>
      <trkpt lat="48.743268" lon="8.293113">
        <ele>302.5</ele>
      </trkpt>
      <trkpt lat="48.743754" lon="8.293797">
        <ele>304.8</ele>
      </trkpt>
      <trkpt lat="48.74406" lon="8.294264">
        <ele>303.2</ele>
      </trkpt>
      <trkpt lat="48.744535" lon="8.295067">
        <ele>313.1</ele>
      </trkpt>
      <trkpt lat="48.74484" lon="8.295703">
        <ele>314.1</ele>
      </trkpt>
      <trkpt lat="48.745097" lon="8.296389">
        <ele>318.7</ele>
      </trkpt>
      <trkpt lat="48.745275" lon="8.296765">
        <ele>322.2</ele>
      </trkpt>
      <trkpt lat="48.74552" lon="8.297079">
        <ele>324.4</ele>
      </trkpt>
      <trkpt lat="48.745701" lon="8.297174">
        <ele>325.2</ele>
      </trkpt>
      <trkpt lat="48.745788" lon="8.297158">
        <ele>325.3</ele>
      </trkpt>
      <trkpt lat="48.745863" lon="8.297098">
        <ele>325.3</ele>
      </trkpt>
      <trkpt lat="48.745913" lon="8.297">
        <ele>325.3</ele>
      </trkpt>
      <trkpt lat="48.745936" lon="8.296754">
        <ele>325.7</ele>
      </trkpt>
      <trkpt lat="48.74588" lon="8.296356">
        <ele>325.1</ele>
      </trkpt>
      <trkpt lat="48.7459" lon="8.296086">
        <ele>325.8</ele>
      </trkpt>
      <trkpt lat="48.74613" lon="8.295503">
        <ele>339.3</ele>
      </trkpt>
      <trkpt lat="48.74612" lon="8.295323">
        <ele>342.2</ele>
      </trkpt>
      <trkpt lat="48.746078" lon="8.295138">
        <ele>343.6</ele>
      </trkpt>
      <trkpt lat="48.745781" lon="8.294625">
        <ele>342.8</ele>
      </trkpt>
      <trkpt lat="48.745479" lon="8.294307">
        <ele>342.1</ele>
      </trkpt>
      <trkpt lat="48.74547" lon="8.294228">
        <ele>344.2</ele>
      </trkpt>
      <trkpt lat="48.745517" lon="8.294104">
        <ele>349.3</ele>
      </trkpt>
      <trkpt lat="48.745604" lon="8.294082">
        <ele>352.6</ele>
      </trkpt>
      <trkpt lat="48.745643" lon="8.294107">
        <ele>353.1</ele>
      </trkpt>
      <trkpt lat="48.745879" lon="8.294558">
        <ele>348.3</ele>
      </trkpt>
      <trkpt lat="48.746048" lon="8.294778">
        <ele>349.3</ele>
      </trkpt>
      <trkpt lat="48.746401" lon="8.295102">
        <ele>357.6</ele>
      </trkpt>
      <trkpt lat="48.746507" lon="8.29536">
        <ele>356.5</ele>
      </trkpt>
      <trkpt lat="48.746621" lon="8.296118">
        <ele>351.6</ele>
      </trkpt>
      <trkpt lat="48.746738" lon="8.296598">
        <ele>350.7</ele>
      </trkpt>
      <trkpt lat="48.746841" lon="8.296836">
        <ele>352.2</ele>
      </trkpt>
      <trkpt lat="48.747116" lon="8.297155">
        <ele>358.7</ele>
      </trkpt>
      <trkpt lat="48.747318" lon="8.297286">
        <ele>363.1</ele>
      </trkpt>
      <trkpt lat="48.747681" lon="8.297446">
        <ele>369.1</ele>
      </trkpt>
      <trkpt lat="48.747926" lon="8.297613">
        <ele>373.1</ele>
      </trkpt>
      <trkpt lat="48.748165" lon="8.297837">
        <ele>378.2</ele>
      </trkpt>
      <trkpt lat="48.748297" lon="8.298079">
        <ele>380.6</ele>
      </trkpt>
      <trkpt lat="48.74828" lon="8.298292">
        <ele>380.8</ele>
      </trkpt>
      <trkpt lat="48.748203" lon="8.298434">
        <ele>380.5</ele>
      </trkpt>
      <trkpt lat="48.747928" lon="8.2988">
        <ele>377.9</ele>
      </trkpt>
      <trkpt lat="48.747678" lon="8.299271">
        <ele>378.3</ele>
      </trkpt>
      <trkpt lat="48.747427" lon="8.299834">
        <ele>381.4</ele>
      </trkpt>
      <trkpt lat="48.747123" lon="8.300635">
        <ele>385.3</ele>
      </trkpt>
      <trkpt lat="48.746957" lon="8.301151">
        <ele>385.8</ele>
      </trkpt>
      <trkpt lat="48.746861" lon="8.30155">
        <ele>385.1</ele>
      </trkpt>
      <trkpt lat="48.746886" lon="8.301717">
        <ele>385</ele>
      </trkpt>
      <trkpt lat="48.747268" lon="8.302478">
        <ele>384</ele>
      </trkpt>
      <trkpt lat="48.747635" lon="8.303174">
        <ele>376.2</ele>
      </trkpt>
      <trkpt lat="48.747796" lon="8.303413">
        <ele>376.5</ele>
      </trkpt>
      <trkpt lat="48.747953" lon="8.303564">
        <ele>377.2</ele>
      </trkpt>
      <trkpt lat="48.748201" lon="8.303739">
        <ele>377.4</ele>
      </trkpt>
      <trkpt lat="48.748609" lon="8.303866">
        <ele>381</ele>
      </trkpt>
      <trkpt lat="48.748753" lon="8.303872">
        <ele>381.6</ele>
      </trkpt>
      <trkpt lat="48.748908" lon="8.303789">
        <ele>382.5</ele>
      </trkpt>
      <trkpt lat="48.749078" lon="8.303584">
        <ele>384.4</ele>
      </trkpt>
      <trkpt lat="48.749325" lon="8.303191">
        <ele>385.1</ele>
      </trkpt>
      <trkpt lat="48.74949" lon="8.303005">
        <ele>385.5</ele>
      </trkpt>
      <trkpt lat="48.749617" lon="8.302937">
        <ele>385.9</ele>
      </trkpt>
      <trkpt lat="48.749749" lon="8.302928">
        <ele>385.5</ele>
      </trkpt>
      <trkpt lat="48.749916" lon="8.303055">
        <ele>383.2</ele>
      </trkpt>
      <trkpt lat="48.749981" lon="8.303155">
        <ele>381.7</ele>
      </trkpt>
      <trkpt lat="48.750024" lon="8.303334">
        <ele>379.3</ele>
      </trkpt>
      <trkpt lat="48.750021" lon="8.303476">
        <ele>377.4</ele>
      </trkpt>
      <trkpt lat="48.749848" lon="8.305228">
        <ele>363.3</ele>
      </trkpt>
      <trkpt lat="48.749872" lon="8.305672">
        <ele>360.9</ele>
      </trkpt>
      <trkpt lat="48.749946" lon="8.306015">
        <ele>359.1</ele>
      </trkpt>
      <trkpt lat="48.750063" lon="8.306315">
        <ele>358</ele>
      </trkpt>
      <trkpt lat="48.750382" lon="8.306935">
        <ele>354.9</ele>
      </trkpt>
      <trkpt lat="48.750627" lon="8.307233">
        <ele>352.8</ele>
      </trkpt>
      <trkpt lat="48.750997" lon="8.307544">
        <ele>350.6</ele>
      </trkpt>
      <trkpt lat="48.751289" lon="8.307734">
        <ele>349.3</ele>
      </trkpt>
      <trkpt lat="48.751651" lon="8.307857">
        <ele>350.2</ele>
      </trkpt>
      <trkpt lat="48.751866" lon="8.308048">
        <ele>348.1</ele>
      </trkpt>
      <trkpt lat="48.752234" lon="8.308583">
        <ele>344.8</ele>
      </trkpt>
      <trkpt lat="48.752524" lon="8.309124">
        <ele>338.9</ele>
      </trkpt>
      <trkpt lat="48.75279" lon="8.309685">
        <ele>331</ele>
      </trkpt>
      <trkpt lat="48.753123" lon="8.310548">
        <ele>325.2</ele>
      </trkpt>
      <trkpt lat="48.75343" lon="8.311241">
        <ele>323.4</ele>
      </trkpt>
      <trkpt lat="48.753589" lon="8.311503">
        <ele>323.2</ele>
      </trkpt>
      <trkpt lat="48.753709" lon="8.311686">
        <ele>323.3</ele>
      </trkpt>
      <trkpt lat="48.753794" lon="8.311933">
        <ele>322.7</ele>
      </trkpt>
      <trkpt lat="48.753867" lon="8.312409">
        <ele>321.1</ele>
      </trkpt>
      <trkpt lat="48.754584" lon="8.314434">
        <ele>308.7</ele>
      </trkpt>
      <trkpt lat="48.75466" lon="8.314706">
        <ele>307.5</ele>
      </trkpt>
      <trkpt lat="48.75484" lon="8.315827">
        <ele>299.9</ele>
      </trkpt>
      <trkpt lat="48.754912" lon="8.316868">
        <ele>287.5</ele>
      </trkpt>
      <trkpt lat="48.754946" lon="8.317103">
        <ele>283.9</ele>
      </trkpt>
      <trkpt lat="48.755031" lon="8.317315">
        <ele>283.1</ele>
      </trkpt>
      <trkpt lat="48.755142" lon="8.317478">
        <ele>282.4</ele>
      </trkpt>
      <trkpt lat="48.755362" lon="8.3176">
        <ele>284.7</ele>
      </trkpt>
      <trkpt lat="48.75571" lon="8.317448">
        <ele>299.5</ele>
      </trkpt>
      <trkpt lat="48.755814" lon="8.31743">
        <ele>303.2</ele>
      </trkpt>
      <trkpt lat="48.755899" lon="8.317486">
        <ele>303.1</ele>
      </trkpt>
      <trkpt lat="48.755946" lon="8.317589">
        <ele>300</ele>
      </trkpt>
      <trkpt lat="48.755954" lon="8.317742">
        <ele>294.7</ele>
      </trkpt>
      <trkpt lat="48.755885" lon="8.317962">
        <ele>286.4</ele>
      </trkpt>
      <trkpt lat="48.755861" lon="8.318241">
        <ele>278.7</ele>
      </trkpt>
      <trkpt lat="48.755932" lon="8.318375">
        <ele>278.1</ele>
      </trkpt>
      <trkpt lat="48.7564" lon="8.318883">
        <ele>276.4</ele>
      </trkpt>
      <trkpt lat="48.756589" lon="8.319087">
        <ele>274</ele>
      </trkpt>
      <trkpt lat="48.756698" lon="8.31915">
        <ele>273.9</ele>
      </trkpt>
      <trkpt lat="48.75692" lon="8.319126">
        <ele>276</ele>
      </trkpt>
      <trkpt lat="48.75731" lon="8.318642">
        <ele>286.3</ele>
      </trkpt>
      <trkpt lat="48.75741" lon="8.318567">
        <ele>287.3</ele>
      </trkpt>
      <trkpt lat="48.757497" lon="8.31857">
        <ele>286.5</ele>
      </trkpt>
      <trkpt lat="48.757565" lon="8.318659">
        <ele>284.4</ele>
      </trkpt>
      <trkpt lat="48.75759" lon="8.318763">
        <ele>282</ele>
      </trkpt>
      <trkpt lat="48.757593" lon="8.319082">
        <ele>274.5</ele>
      </trkpt>
      <trkpt lat="48.757619" lon="8.319221">
        <ele>271.5</ele>
      </trkpt>
      <trkpt lat="48.757673" lon="8.319355">
        <ele>269.2</ele>
      </trkpt>
      <trkpt lat="48.757745" lon="8.319457">
        <ele>267.4</ele>
      </trkpt>
      <trkpt lat="48.757846" lon="8.319542">
        <ele>265.8</ele>
      </trkpt>
      <trkpt lat="48.758138" lon="8.319666">
        <ele>261.7</ele>
      </trkpt>
      <trkpt lat="48.758443" lon="8.319747">
        <ele>259.1</ele>
      </trkpt>
      <trkpt lat="48.758815" lon="8.319772">
        <ele>259.6</ele>
      </trkpt>
      <trkpt lat="48.758984" lon="8.319725">
        <ele>260.3</ele>
      </trkpt>
      <trkpt lat="48.759325" lon="8.319409">
        <ele>265.3</ele>
      </trkpt>
      <trkpt lat="48.759446" lon="8.319349">
        <ele>266</ele>
      </trkpt>
      <trkpt lat="48.759546" lon="8.319395">
        <ele>264.2</ele>
      </trkpt>
      <trkpt lat="48.759603" lon="8.319527">
        <ele>260.1</ele>
      </trkpt>
      <trkpt lat="48.759659" lon="8.319923">
        <ele>250.8</ele>
      </trkpt>
      <trkpt lat="48.759778" lon="8.320179">
        <ele>246.1</ele>
      </trkpt>
      <trkpt lat="48.759925" lon="8.320301">
        <ele>245.3</ele>
      </trkpt>
      <trkpt lat="48.760291" lon="8.320323">
        <ele>250.9</ele>
      </trkpt>
      <trkpt lat="48.760397" lon="8.320498">
        <ele>249.3</ele>
      </trkpt>
      <trkpt lat="48.76041" lon="8.320633">
        <ele>245.9</ele>
      </trkpt>
      <trkpt lat="48.760438" lon="8.320825">
        <ele>240.8</ele>
      </trkpt>
      <trkpt lat="48.760496" lon="8.32102">
        <ele>236.8</ele>
      </trkpt>
      <trkpt lat="48.761302" lon="8.322586">
        <ele>220</ele>
      </trkpt>
      <trkpt lat="48.76149" lon="8.32298">
        <ele>221.7</ele>
      </trkpt>
      <trkpt lat="48.761637" lon="8.323386">
        <ele>221.1</ele>
      </trkpt>
      <trkpt lat="48.76183" lon="8.324282">
        <ele>215.5</ele>
      </trkpt>
      <trkpt lat="48.762067" lon="8.325459">
        <ele>208.6</ele>
      </trkpt>
      <trkpt lat="48.762291" lon="8.326595">
        <ele>207.7</ele>
      </trkpt>
      <trkpt lat="48.762362" lon="8.327452">
        <ele>201.6</ele>
      </trkpt>
      <trkpt lat="48.762701" lon="8.329462">
        <ele>193</ele>
      </trkpt>
      <trkpt lat="48.762713" lon="8.329645">
        <ele>191.7</ele>
      </trkpt>
      <trkpt lat="48.762667" lon="8.330401">
        <ele>188.6</ele>
      </trkpt>
      <trkpt lat="48.762639" lon="8.330918">
        <ele>186.7</ele>
      </trkpt>
      <trkpt lat="48.762652" lon="8.331257">
        <ele>183.5</ele>
      </trkpt>
      <trkpt lat="48.762656" lon="8.33138">
        <ele>182.4</ele>
      </trkpt>
      <trkpt lat="48.762665" lon="8.331517">
        <ele>181.1</ele>
      </trkpt>
      <trkpt lat="48.76269" lon="8.331716">
        <ele>180.4</ele>
      </trkpt>
      <trkpt lat="48.762707" lon="8.331767">
        <ele>180.2</ele>
      </trkpt>
      <trkpt lat="48.762728" lon="8.33181">
        <ele>180.1</ele>
      </trkpt>
      <trkpt lat="48.762871" lon="8.332085">
        <ele>181</ele>
      </trkpt>
      <trkpt lat="48.762916" lon="8.33222">
        <ele>181.4</ele>
      </trkpt>
      <trkpt lat="48.762961" lon="8.33255">
        <ele>181.8</ele>
      </trkpt>
      <trkpt lat="48.762972" lon="8.332776">
        <ele>181.6</ele>
      </trkpt>
      <trkpt lat="48.762994" lon="8.333207">
        <ele>179.6</ele>
      </trkpt>
      <trkpt lat="48.763042" lon="8.333712">
        <ele>177.8</ele>
      </trkpt>
      <trkpt lat="48.763037" lon="8.333918">
        <ele>177.2</ele>
      </trkpt>
      <trkpt lat="48.762936" lon="8.33429">
        <ele>176.2</ele>
      </trkpt>
      <trkpt lat="48.7629" lon="8.334477">
        <ele>175.9</ele>
      </trkpt>
      <trkpt lat="48.762908" lon="8.334643">
        <ele>175.6</ele>
      </trkpt>
      <trkpt lat="48.762923" lon="8.33481">
        <ele>175.1</ele>
      </trkpt>
      <trkpt lat="48.762916" lon="8.334964">
        <ele>174.5</ele>
      </trkpt>
      <trkpt lat="48.76283" lon="8.33549">
        <ele>173.5</ele>
      </trkpt>
      <trkpt lat="48.762839" lon="8.335672">
        <ele>172.6</ele>
      </trkpt>
      <trkpt lat="48.762916" lon="8.335847">
        <ele>171.2</ele>
      </trkpt>
      <trkpt lat="48.762961" lon="8.335924">
        <ele>170.8</ele>
      </trkpt>
      <trkpt lat="48.76309" lon="8.336222">
        <ele>168.4</ele>
      </trkpt>
      <trkpt lat="48.763124" lon="8.33632">
        <ele>167.5</ele>
      </trkpt>
      <trkpt lat="48.763165" lon="8.336438">
        <ele>166.5</ele>
      </trkpt>
      <trkpt lat="48.763405" lon="8.337107">
        <ele>165.1</ele>
      </trkpt>
      <trkpt lat="48.763446" lon="8.337207">
        <ele>165.6</ele>
      </trkpt>
      <trkpt lat="48.763591" lon="8.337101">
        <ele>165.2</ele>
      </trkpt>
      <trkpt lat="48.763903" lon="8.336841">
        <ele>164.6</ele>
      </trkpt>
      <trkpt lat="48.764061" lon="8.33672">
        <ele>164.2</ele>
      </trkpt>
      <trkpt lat="48.76421" lon="8.336651">
        <ele>163.9</ele>
      </trkpt>
      <trkpt lat="48.764665" lon="8.336434">
        <ele>164.2</ele>
      </trkpt>
      <trkpt lat="48.764846" lon="8.336335">
        <ele>164</ele>
      </trkpt>
      <trkpt lat="48.764959" lon="8.336271">
        <ele>163.6</ele>
      </trkpt>
      <trkpt lat="48.765221" lon="8.336123">
        <ele>163</ele>
      </trkpt>
      <trkpt lat="48.765678" lon="8.335981">
        <ele>164.1</ele>
      </trkpt>
      <trkpt lat="48.765751" lon="8.335974">
        <ele>164.4</ele>
      </trkpt>
      <trkpt lat="48.765982" lon="8.335925">
        <ele>164.8</ele>
      </trkpt>
      <trkpt lat="48.766505" lon="8.335827">
        <ele>163.6</ele>
      </trkpt>
      <trkpt lat="48.765982" lon="8.335925">
        <ele>164.8</ele>
      </trkpt>
      <trkpt lat="48.765751" lon="8.335974">
        <ele>164.4</ele>
      </trkpt>
      <trkpt lat="48.765678" lon="8.335981">
        <ele>164.1</ele>
      </trkpt>
      <trkpt lat="48.765221" lon="8.336123">
        <ele>163</ele>
      </trkpt>
      <trkpt lat="48.764959" lon="8.336271">
        <ele>163.6</ele>
      </trkpt>
      <trkpt lat="48.764846" lon="8.336335">
        <ele>164</ele>
      </trkpt>
      <trkpt lat="48.764665" lon="8.336434">
        <ele>164.2</ele>
      </trkpt>
      <trkpt lat="48.76421" lon="8.336651">
        <ele>163.9</ele>
      </trkpt>
      <trkpt lat="48.764061" lon="8.33672">
        <ele>164.2</ele>
      </trkpt>
      <trkpt lat="48.763903" lon="8.336841">
        <ele>164.6</ele>
      </trkpt>
      <trkpt lat="48.763591" lon="8.337101">
        <ele>165.2</ele>
      </trkpt>
      <trkpt lat="48.763446" lon="8.337207">
        <ele>165.6</ele>
      </trkpt>
      <trkpt lat="48.763405" lon="8.337107">
        <ele>165.1</ele>
      </trkpt>
      <trkpt lat="48.763165" lon="8.336438">
        <ele>166.5</ele>
      </trkpt>
      <trkpt lat="48.763124" lon="8.33632">
        <ele>167.5</ele>
      </trkpt>
      <trkpt lat="48.76309" lon="8.336222">
        <ele>168.4</ele>
      </trkpt>
      <trkpt lat="48.76357" lon="8.335949">
        <ele>170.6</ele>
      </trkpt>
      <trkpt lat="48.763717" lon="8.335833">
        <ele>170.5</ele>
      </trkpt>
      <trkpt lat="48.764254" lon="8.335226">
        <ele>169.5</ele>
      </trkpt>
      <trkpt lat="48.764337" lon="8.335037">
        <ele>169.8</ele>
      </trkpt>
      <trkpt lat="48.764433" lon="8.334581">
        <ele>169.9</ele>
      </trkpt>
      <trkpt lat="48.764586" lon="8.334427">
        <ele>167.7</ele>
      </trkpt>
      <trkpt lat="48.764941" lon="8.33425">
        <ele>166.4</ele>
      </trkpt>
      <trkpt lat="48.765153" lon="8.33414">
        <ele>166.6</ele>
      </trkpt>
      <trkpt lat="48.765391" lon="8.333985">
        <ele>166.7</ele>
      </trkpt>
      <trkpt lat="48.765427" lon="8.333872">
        <ele>167</ele>
      </trkpt>
      <trkpt lat="48.765399" lon="8.333685">
        <ele>167.4</ele>
      </trkpt>
      <trkpt lat="48.765178" lon="8.332876">
        <ele>169.7</ele>
      </trkpt>
      <trkpt lat="48.765066" lon="8.332111">
        <ele>173.3</ele>
      </trkpt>
      <trkpt lat="48.765082" lon="8.33191">
        <ele>174.2</ele>
      </trkpt>
      <trkpt lat="48.765118" lon="8.331784">
        <ele>174.6</ele>
      </trkpt>
      <trkpt lat="48.76526" lon="8.331619">
        <ele>175.4</ele>
      </trkpt>
      <trkpt lat="48.76542" lon="8.331532">
        <ele>176.2</ele>
      </trkpt>
      <trkpt lat="48.765482" lon="8.33146">
        <ele>176.5</ele>
      </trkpt>
      <trkpt lat="48.765626" lon="8.33114">
        <ele>178.3</ele>
      </trkpt>
      <trkpt lat="48.765745" lon="8.330838">
        <ele>181.6</ele>
      </trkpt>
      <trkpt lat="48.765433" lon="8.330212">
        <ele>181</ele>
      </trkpt>
      <trkpt lat="48.764973" lon="8.329334">
        <ele>176.8</ele>
      </trkpt>
      <trkpt lat="48.765091" lon="8.329178">
        <ele>178.2</ele>
      </trkpt>
      <trkpt lat="48.765208" lon="8.328819">
        <ele>179.9</ele>
      </trkpt>
      <trkpt lat="48.765256" lon="8.328157">
        <ele>182.2</ele>
      </trkpt>
      <trkpt lat="48.765308" lon="8.327696">
        <ele>183.4</ele>
      </trkpt>
      <trkpt lat="48.765387" lon="8.327435">
        <ele>183.3</ele>
      </trkpt>
      <trkpt lat="48.765467" lon="8.327295">
        <ele>183.6</ele>
      </trkpt>
      <trkpt lat="48.765583" lon="8.327159">
        <ele>183.9</ele>
      </trkpt>
      <trkpt lat="48.765825" lon="8.326989">
        <ele>185.7</ele>
      </trkpt>
      <trkpt lat="48.766062" lon="8.326757">
        <ele>186.8</ele>
      </trkpt>
      <trkpt lat="48.766521" lon="8.326207">
        <ele>189.4</ele>
      </trkpt>
      <trkpt lat="48.766999" lon="8.325092">
        <ele>192.6</ele>
      </trkpt>
      <trkpt lat="48.76706" lon="8.324822">
        <ele>192.6</ele>
      </trkpt>
      <trkpt lat="48.767149" lon="8.324413">
        <ele>193.9</ele>
      </trkpt>
      <trkpt lat="48.767167" lon="8.324207">
        <ele>193.9</ele>
      </trkpt>
      <trkpt lat="48.767176" lon="8.324005">
        <ele>194.2</ele>
      </trkpt>
      <trkpt lat="48.767076" lon="8.323464">
        <ele>196.2</ele>
      </trkpt>
      <trkpt lat="48.766726" lon="8.321813">
        <ele>197.5</ele>
      </trkpt>
      <trkpt lat="48.76674" lon="8.32133">
        <ele>199</ele>
      </trkpt>
      <trkpt lat="48.766676" lon="8.320824">
        <ele>200.6</ele>
      </trkpt>
      <trkpt lat="48.766724" lon="8.320035">
        <ele>204</ele>
      </trkpt>
      <trkpt lat="48.766981" lon="8.318894">
        <ele>207</ele>
      </trkpt>
      <trkpt lat="48.767019" lon="8.318312">
        <ele>204.4</ele>
      </trkpt>
      <trkpt lat="48.76717" lon="8.317794">
        <ele>205.8</ele>
      </trkpt>
      <trkpt lat="48.767306" lon="8.317547">
        <ele>207.3</ele>
      </trkpt>
      <trkpt lat="48.767544" lon="8.317405">
        <ele>210</ele>
      </trkpt>
      <trkpt lat="48.767675" lon="8.316999">
        <ele>208.8</ele>
      </trkpt>
      <trkpt lat="48.767791" lon="8.316496">
        <ele>210</ele>
      </trkpt>
      <trkpt lat="48.768208" lon="8.315354">
        <ele>216.8</ele>
      </trkpt>
      <trkpt lat="48.768226" lon="8.315151">
        <ele>216.3</ele>
      </trkpt>
      <trkpt lat="48.768056" lon="8.314572">
        <ele>215.4</ele>
      </trkpt>
      <trkpt lat="48.767992" lon="8.314211">
        <ele>216.5</ele>
      </trkpt>
      <trkpt lat="48.767821" lon="8.313413">
        <ele>217.3</ele>
      </trkpt>
      <trkpt lat="48.767682" lon="8.312987">
        <ele>217.4</ele>
      </trkpt>
      <trkpt lat="48.767552" lon="8.312832">
        <ele>218</ele>
      </trkpt>
      <trkpt lat="48.767472" lon="8.312658">
        <ele>219.3</ele>
      </trkpt>
      <trkpt lat="48.767434" lon="8.312363">
        <ele>221.8</ele>
      </trkpt>
      <trkpt lat="48.766931" lon="8.311916">
        <ele>223.5</ele>
      </trkpt>
      <trkpt lat="48.766709" lon="8.311505">
        <ele>224.5</ele>
      </trkpt>
      <trkpt lat="48.766918" lon="8.311501">
        <ele>226</ele>
      </trkpt>
      <trkpt lat="48.767007" lon="8.311497">
        <ele>226.6</ele>
      </trkpt>
      <trkpt lat="48.767305" lon="8.311291">
        <ele>229.7</ele>
      </trkpt>
      <trkpt lat="48.767678" lon="8.310518">
        <ele>238.6</ele>
      </trkpt>
      <trkpt lat="48.767824" lon="8.310166">
        <ele>242.4</ele>
      </trkpt>
      <trkpt lat="48.76789" lon="8.309852">
        <ele>247.6</ele>
      </trkpt>
      <trkpt lat="48.767956" lon="8.309043">
        <ele>252.6</ele>
      </trkpt>
      <trkpt lat="48.768038" lon="8.308556">
        <ele>254.8</ele>
      </trkpt>
      <trkpt lat="48.768103" lon="8.307745">
        <ele>260.4</ele>
      </trkpt>
      <trkpt lat="48.768154" lon="8.307381">
        <ele>263.1</ele>
      </trkpt>
      <trkpt lat="48.768279" lon="8.306554">
        <ele>271.1</ele>
      </trkpt>
      <trkpt lat="48.768421" lon="8.306051">
        <ele>276.8</ele>
      </trkpt>
      <trkpt lat="48.768592" lon="8.305524">
        <ele>284.1</ele>
      </trkpt>
      <trkpt lat="48.768821" lon="8.30513">
        <ele>294.2</ele>
      </trkpt>
      <trkpt lat="48.768981" lon="8.304798">
        <ele>301.6</ele>
      </trkpt>
      <trkpt lat="48.769099" lon="8.304677">
        <ele>305.1</ele>
      </trkpt>
      <trkpt lat="48.769185" lon="8.304646">
        <ele>306.9</ele>
      </trkpt>
      <trkpt lat="48.7693" lon="8.304674">
        <ele>308</ele>
      </trkpt>
      <trkpt lat="48.769784" lon="8.305185">
        <ele>309.5</ele>
      </trkpt>
      <trkpt lat="48.769897" lon="8.305107">
        <ele>312.6</ele>
      </trkpt>
      <trkpt lat="48.76984" lon="8.304868">
        <ele>313.2</ele>
      </trkpt>
      <trkpt lat="48.769773" lon="8.304703">
        <ele>313.9</ele>
      </trkpt>
      <trkpt lat="48.769579" lon="8.30436">
        <ele>318.5</ele>
      </trkpt>
      <trkpt lat="48.769467" lon="8.304206">
        <ele>320.6</ele>
      </trkpt>
      <trkpt lat="48.769301" lon="8.303902">
        <ele>322.6</ele>
      </trkpt>
      <trkpt lat="48.7692" lon="8.303551">
        <ele>323.9</ele>
      </trkpt>
      <trkpt lat="48.769194" lon="8.303362">
        <ele>324.6</ele>
      </trkpt>
      <trkpt lat="48.769357" lon="8.302585">
        <ele>331.6</ele>
      </trkpt>
      <trkpt lat="48.769377" lon="8.30234">
        <ele>333.4</ele>
      </trkpt>
      <trkpt lat="48.769353" lon="8.301625">
        <ele>336.9</ele>
      </trkpt>
      <trkpt lat="48.769288" lon="8.301287">
        <ele>337.5</ele>
      </trkpt>
      <trkpt lat="48.769164" lon="8.300686">
        <ele>340.1</ele>
      </trkpt>
      <trkpt lat="48.769116" lon="8.300437">
        <ele>339.7</ele>
      </trkpt>
      <trkpt lat="48.769094" lon="8.300041">
        <ele>338.9</ele>
      </trkpt>
      <trkpt lat="48.769162" lon="8.299187">
        <ele>347.1</ele>
      </trkpt>
      <trkpt lat="48.769139" lon="8.298915">
        <ele>348.6</ele>
      </trkpt>
      <trkpt lat="48.769075" lon="8.298643">
        <ele>349.7</ele>
      </trkpt>
      <trkpt lat="48.768836" lon="8.297919">
        <ele>355.1</ele>
      </trkpt>
      <trkpt lat="48.768383" lon="8.296921">
        <ele>359</ele>
      </trkpt>
      <trkpt lat="48.768297" lon="8.296785">
        <ele>359.1</ele>
      </trkpt>
      <trkpt lat="48.767965" lon="8.296324">
        <ele>361.4</ele>
      </trkpt>
      <trkpt lat="48.76746" lon="8.295617">
        <ele>364.6</ele>
      </trkpt>
      <trkpt lat="48.76699" lon="8.294887">
        <ele>363.5</ele>
      </trkpt>
      <trkpt lat="48.767061" lon="8.294595">
        <ele>366.1</ele>
      </trkpt>
      <trkpt lat="48.767178" lon="8.294546">
        <ele>367.3</ele>
      </trkpt>
      <trkpt lat="48.767319" lon="8.294426">
        <ele>368.3</ele>
      </trkpt>
      <trkpt lat="48.769953" lon="8.290952">
        <ele>359.5</ele>
      </trkpt>
      <trkpt lat="48.770255" lon="8.290646">
        <ele>352</ele>
      </trkpt>
      <trkpt lat="48.770561" lon="8.290405">
        <ele>350</ele>
      </trkpt>
      <trkpt lat="48.771235" lon="8.289979">
        <ele>352.8</ele>
      </trkpt>
      <trkpt lat="48.771516" lon="8.289761">
        <ele>352.9</ele>
      </trkpt>
      <trkpt lat="48.77168" lon="8.289549">
        <ele>353.9</ele>
      </trkpt>
      <trkpt lat="48.771783" lon="8.289359">
        <ele>354.1</ele>
      </trkpt>
      <trkpt lat="48.771862" lon="8.289126">
        <ele>354.4</ele>
      </trkpt>
      <trkpt lat="48.771919" lon="8.288823">
        <ele>354.9</ele>
      </trkpt>
      <trkpt lat="48.771966" lon="8.288214">
        <ele>355.9</ele>
      </trkpt>
      <trkpt lat="48.771965" lon="8.287827">
        <ele>354.7</ele>
      </trkpt>
      <trkpt lat="48.77186" lon="8.286846">
        <ele>351.3</ele>
      </trkpt>
      <trkpt lat="48.771864" lon="8.286577">
        <ele>346.5</ele>
      </trkpt>
      <trkpt lat="48.77188" lon="8.286312">
        <ele>342.2</ele>
      </trkpt>
      <trkpt lat="48.77198" lon="8.285867">
        <ele>339.4</ele>
      </trkpt>
      <trkpt lat="48.772154" lon="8.285404">
        <ele>342.1</ele>
      </trkpt>
      <trkpt lat="48.772421" lon="8.284842">
        <ele>351.5</ele>
      </trkpt>
      <trkpt lat="48.772537" lon="8.284587">
        <ele>355.7</ele>
      </trkpt>
      <trkpt lat="48.772661" lon="8.284099">
        <ele>363.1</ele>
      </trkpt>
      <trkpt lat="48.772732" lon="8.283316">
        <ele>373.1</ele>
      </trkpt>
      <trkpt lat="48.772792" lon="8.282951">
        <ele>377.2</ele>
      </trkpt>
      <trkpt lat="48.773032" lon="8.282238">
        <ele>381.2</ele>
      </trkpt>
      <trkpt lat="48.773105" lon="8.282082">
        <ele>382.9</ele>
      </trkpt>
      <trkpt lat="48.773633" lon="8.281068">
        <ele>384.7</ele>
      </trkpt>
      <trkpt lat="48.774022" lon="8.280256">
        <ele>377.3</ele>
      </trkpt>
      <trkpt lat="48.774166" lon="8.279746">
        <ele>380.2</ele>
      </trkpt>
      <trkpt lat="48.774222" lon="8.279623">
        <ele>380.8</ele>
      </trkpt>
      <trkpt lat="48.774337" lon="8.279502">
        <ele>377.1</ele>
      </trkpt>
      <trkpt lat="48.77451" lon="8.279533">
        <ele>366.6</ele>
      </trkpt>
      <trkpt lat="48.774788" lon="8.278341">
        <ele>372.5</ele>
      </trkpt>
      <trkpt lat="48.774799" lon="8.27803">
        <ele>374.7</ele>
      </trkpt>
      <trkpt lat="48.774774" lon="8.277742">
        <ele>376</ele>
      </trkpt>
      <trkpt lat="48.774655" lon="8.277214">
        <ele>376</ele>
      </trkpt>
      <trkpt lat="48.774351" lon="8.27633">
        <ele>375.9</ele>
      </trkpt>
      <trkpt lat="48.77428" lon="8.276146">
        <ele>374.9</ele>
      </trkpt>
      <trkpt lat="48.774375" lon="8.276104">
        <ele>375</ele>
      </trkpt>
      <trkpt lat="48.774489" lon="8.275899">
        <ele>375.6</ele>
      </trkpt>
      <trkpt lat="48.774513" lon="8.275847">
        <ele>375.9</ele>
      </trkpt>
      <trkpt lat="48.774544" lon="8.275637">
        <ele>377.1</ele>
      </trkpt>
      <trkpt lat="48.774298" lon="8.274688">
        <ele>383.7</ele>
      </trkpt>
      <trkpt lat="48.774273" lon="8.274439">
        <ele>385.5</ele>
      </trkpt>
      <trkpt lat="48.774282" lon="8.274166">
        <ele>387.9</ele>
      </trkpt>
      <trkpt lat="48.774341" lon="8.273933">
        <ele>390.7</ele>
      </trkpt>
      <trkpt lat="48.774522" lon="8.273528">
        <ele>394.1</ele>
      </trkpt>
      <trkpt lat="48.774963" lon="8.272962">
        <ele>398.1</ele>
      </trkpt>
      <trkpt lat="48.775005" lon="8.272917">
        <ele>398.8</ele>
      </trkpt>
      <trkpt lat="48.775066" lon="8.272854">
        <ele>399.8</ele>
      </trkpt>
      <trkpt lat="48.775419" lon="8.272598">
        <ele>404.4</ele>
      </trkpt>
      <trkpt lat="48.775767" lon="8.272494">
        <ele>407.5</ele>
      </trkpt>
      <trkpt lat="48.77596" lon="8.272491">
        <ele>408.7</ele>
      </trkpt>
      <trkpt lat="48.776188" lon="8.272554">
        <ele>409.6</ele>
      </trkpt>
      <trkpt lat="48.776426" lon="8.272642">
        <ele>411.8</ele>
      </trkpt>
      <trkpt lat="48.776629" lon="8.272675">
        <ele>413.2</ele>
      </trkpt>
      <trkpt lat="48.776815" lon="8.272656">
        <ele>414.5</ele>
      </trkpt>
      <trkpt lat="48.777156" lon="8.272532">
        <ele>416.8</ele>
      </trkpt>
      <trkpt lat="48.777316" lon="8.27242">
        <ele>418.8</ele>
      </trkpt>
      <trkpt lat="48.777623" lon="8.272111">
        <ele>422.1</ele>
      </trkpt>
      <trkpt lat="48.777769" lon="8.271895">
        <ele>423.3</ele>
      </trkpt>
      <trkpt lat="48.778013" lon="8.271403">
        <ele>426</ele>
      </trkpt>
      <trkpt lat="48.778085" lon="8.271411">
        <ele>426.1</ele>
      </trkpt>
      <trkpt lat="48.778125" lon="8.271356">
        <ele>426.2</ele>
      </trkpt>
      <trkpt lat="48.778128" lon="8.271247">
        <ele>426.4</ele>
      </trkpt>
      <trkpt lat="48.778096" lon="8.271191">
        <ele>426.5</ele>
      </trkpt>
      <trkpt lat="48.778194" lon="8.270902">
        <ele>425.8</ele>
      </trkpt>
      <trkpt lat="48.778339" lon="8.270606">
        <ele>424.9</ele>
      </trkpt>
      <trkpt lat="48.778551" lon="8.270286">
        <ele>424.2</ele>
      </trkpt>
      <trkpt lat="48.778767" lon="8.270055">
        <ele>423.3</ele>
      </trkpt>
      <trkpt lat="48.778808" lon="8.270019">
        <ele>423.1</ele>
      </trkpt>
      <trkpt lat="48.779178" lon="8.269717">
        <ele>421.1</ele>
      </trkpt>
      <trkpt lat="48.779464" lon="8.269577">
        <ele>420.4</ele>
      </trkpt>
      <trkpt lat="48.779763" lon="8.26948">
        <ele>419.5</ele>
      </trkpt>
      <trkpt lat="48.78" lon="8.269436">
        <ele>418.3</ele>
      </trkpt>
      <trkpt lat="48.780125" lon="8.269451">
        <ele>418.1</ele>
      </trkpt>
      <trkpt lat="48.78032" lon="8.269465">
        <ele>417.5</ele>
      </trkpt>
      <trkpt lat="48.780465" lon="8.26945">
        <ele>416.9</ele>
      </trkpt>
      <trkpt lat="48.780638" lon="8.269386">
        <ele>415.8</ele>
      </trkpt>
      <trkpt lat="48.780877" lon="8.269377">
        <ele>415.3</ele>
      </trkpt>
      <trkpt lat="48.780987" lon="8.269369">
        <ele>415.1</ele>
      </trkpt>
      <trkpt lat="48.781005" lon="8.269288">
        <ele>413.9</ele>
      </trkpt>
      <trkpt lat="48.78137" lon="8.269122">
        <ele>410</ele>
      </trkpt>
      <trkpt lat="48.782032" lon="8.268767">
        <ele>400.8</ele>
      </trkpt>
      <trkpt lat="48.782474" lon="8.268465">
        <ele>395.2</ele>
      </trkpt>
      <trkpt lat="48.782613" lon="8.268392">
        <ele>394.2</ele>
      </trkpt>
      <trkpt lat="48.782902" lon="8.26824">
        <ele>390</ele>
      </trkpt>
      <trkpt lat="48.783263" lon="8.268003">
        <ele>384.3</ele>
      </trkpt>
      <trkpt lat="48.783749" lon="8.267581">
        <ele>377.5</ele>
      </trkpt>
      <trkpt lat="48.783836" lon="8.267543">
        <ele>377.2</ele>
      </trkpt>
      <trkpt lat="48.784262" lon="8.267358">
        <ele>371.3</ele>
      </trkpt>
      <trkpt lat="48.784689" lon="8.267082">
        <ele>363.8</ele>
      </trkpt>
      <trkpt lat="48.784828" lon="8.266877">
        <ele>359.8</ele>
      </trkpt>
      <trkpt lat="48.784884" lon="8.266691">
        <ele>355.8</ele>
      </trkpt>
      <trkpt lat="48.784877" lon="8.266391">
        <ele>350.6</ele>
      </trkpt>
      <trkpt lat="48.785439" lon="8.265985">
        <ele>346.1</ele>
      </trkpt>
      <trkpt lat="48.785991" lon="8.265801">
        <ele>342</ele>
      </trkpt>
      <trkpt lat="48.786298" lon="8.265849">
        <ele>338.9</ele>
      </trkpt>
      <trkpt lat="48.786513" lon="8.265906">
        <ele>337.2</ele>
      </trkpt>
      <trkpt lat="48.786581" lon="8.265951">
        <ele>337</ele>
      </trkpt>
      <trkpt lat="48.786697" lon="8.266112">
        <ele>337.3</ele>
      </trkpt>
      <trkpt lat="48.787016" lon="8.266724">
        <ele>336</ele>
      </trkpt>
      <trkpt lat="48.787271" lon="8.267374">
        <ele>336.7</ele>
      </trkpt>
      <trkpt lat="48.787777" lon="8.268338">
        <ele>335.3</ele>
      </trkpt>
      <trkpt lat="48.787942" lon="8.268805">
        <ele>338.1</ele>
      </trkpt>
      <trkpt lat="48.787994" lon="8.269009">
        <ele>339.5</ele>
      </trkpt>
      <trkpt lat="48.787977" lon="8.269339">
        <ele>342.5</ele>
      </trkpt>
      <trkpt lat="48.788307" lon="8.269692">
        <ele>336.6</ele>
      </trkpt>
      <trkpt lat="48.788378" lon="8.269813">
        <ele>335.1</ele>
      </trkpt>
      <trkpt lat="48.788475" lon="8.270164">
        <ele>334</ele>
      </trkpt>
      <trkpt lat="48.788605" lon="8.270598">
        <ele>331.2</ele>
      </trkpt>
      <trkpt lat="48.788659" lon="8.270699">
        <ele>330.1</ele>
      </trkpt>
      <trkpt lat="48.78881" lon="8.270806">
        <ele>327.3</ele>
      </trkpt>
      <trkpt lat="48.789043" lon="8.270836">
        <ele>324.5</ele>
      </trkpt>
      <trkpt lat="48.789256" lon="8.270828">
        <ele>323.3</ele>
      </trkpt>
      <trkpt lat="48.789337" lon="8.270789">
        <ele>323</ele>
      </trkpt>
      <trkpt lat="48.789388" lon="8.270757">
        <ele>322.6</ele>
      </trkpt>
      <trkpt lat="48.789474" lon="8.270677">
        <ele>322</ele>
      </trkpt>
      <trkpt lat="48.789584" lon="8.270477">
        <ele>321.5</ele>
      </trkpt>
      <trkpt lat="48.789632" lon="8.270148">
        <ele>320.6</ele>
      </trkpt>
      <trkpt lat="48.789578" lon="8.269804">
        <ele>320.2</ele>
      </trkpt>
      <trkpt lat="48.789382" lon="8.269202">
        <ele>323</ele>
      </trkpt>
      <trkpt lat="48.789346" lon="8.269013">
        <ele>323.3</ele>
      </trkpt>
      <trkpt lat="48.789342" lon="8.268619">
        <ele>321.7</ele>
      </trkpt>
      <trkpt lat="48.789375" lon="8.268146">
        <ele>318.6</ele>
      </trkpt>
      <trkpt lat="48.78936" lon="8.267714">
        <ele>316</ele>
      </trkpt>
      <trkpt lat="48.789322" lon="8.267492">
        <ele>315</ele>
      </trkpt>
      <trkpt lat="48.788991" lon="8.26628">
        <ele>304.7</ele>
      </trkpt>
      <trkpt lat="48.788944" lon="8.266042">
        <ele>303.6</ele>
      </trkpt>
      <trkpt lat="48.788936" lon="8.265672">
        <ele>302.2</ele>
      </trkpt>
      <trkpt lat="48.789068" lon="8.265188">
        <ele>300.9</ele>
      </trkpt>
      <trkpt lat="48.789315" lon="8.264438">
        <ele>295.1</ele>
      </trkpt>
      <trkpt lat="48.789479" lon="8.264143">
        <ele>293.7</ele>
      </trkpt>
      <trkpt lat="48.789831" lon="8.263752">
        <ele>288.7</ele>
      </trkpt>
      <trkpt lat="48.790002" lon="8.263492">
        <ele>285.2</ele>
      </trkpt>
      <trkpt lat="48.790069" lon="8.263295">
        <ele>284.3</ele>
      </trkpt>
      <trkpt lat="48.790173" lon="8.262569">
        <ele>282.2</ele>
      </trkpt>
      <trkpt lat="48.790234" lon="8.262353">
        <ele>279.9</ele>
      </trkpt>
      <trkpt lat="48.79033" lon="8.262162">
        <ele>278</ele>
      </trkpt>
      <trkpt lat="48.790921" lon="8.261486">
        <ele>274.2</ele>
      </trkpt>
      <trkpt lat="48.791249" lon="8.261103">
        <ele>270.3</ele>
      </trkpt>
      <trkpt lat="48.791211" lon="8.261056">
        <ele>269.7</ele>
      </trkpt>
      <trkpt lat="48.791125" lon="8.260799">
        <ele>266</ele>
      </trkpt>
      <trkpt lat="48.791117" lon="8.260739">
        <ele>265.2</ele>
      </trkpt>
      <trkpt lat="48.791105" lon="8.260476">
        <ele>262.8</ele>
      </trkpt>
      <trkpt lat="48.791308" lon="8.257717">
        <ele>254.5</ele>
      </trkpt>
      <trkpt lat="48.791282" lon="8.256446">
        <ele>258.9</ele>
      </trkpt>
      <trkpt lat="48.791313" lon="8.255812">
        <ele>257.3</ele>
      </trkpt>
      <trkpt lat="48.791248" lon="8.25493">
        <ele>252</ele>
      </trkpt>
      <trkpt lat="48.791094" lon="8.253849">
        <ele>246.3</ele>
      </trkpt>
      <trkpt lat="48.791074" lon="8.253303">
        <ele>244.8</ele>
      </trkpt>
      <trkpt lat="48.790895" lon="8.252266">
        <ele>244.9</ele>
      </trkpt>
      <trkpt lat="48.790622" lon="8.251197">
        <ele>238.6</ele>
      </trkpt>
      <trkpt lat="48.791425" lon="8.249887">
        <ele>250.1</ele>
      </trkpt>
      <trkpt lat="48.7916" lon="8.249678">
        <ele>249.5</ele>
      </trkpt>
      <trkpt lat="48.79185" lon="8.249175">
        <ele>243.1</ele>
      </trkpt>
      <trkpt lat="48.792108" lon="8.248374">
        <ele>242.7</ele>
      </trkpt>
      <trkpt lat="48.792868" lon="8.246033">
        <ele>230.6</ele>
      </trkpt>
      <trkpt lat="48.793193" lon="8.244657">
        <ele>223.5</ele>
      </trkpt>
      <trkpt lat="48.793348" lon="8.243702">
        <ele>222.6</ele>
      </trkpt>
      <trkpt lat="48.793384" lon="8.243215">
        <ele>221.5</ele>
      </trkpt>
      <trkpt lat="48.79362" lon="8.241114">
        <ele>215.6</ele>
      </trkpt>
      <trkpt lat="48.793737" lon="8.240494">
        <ele>211.8</ele>
      </trkpt>
      <trkpt lat="48.793906" lon="8.239953">
        <ele>208.3</ele>
      </trkpt>
      <trkpt lat="48.794127" lon="8.23734">
        <ele>200.1</ele>
      </trkpt>
      <trkpt lat="48.794512" lon="8.235682">
        <ele>189.8</ele>
      </trkpt>
      <trkpt lat="48.794557" lon="8.235387">
        <ele>188.3</ele>
      </trkpt>
      <trkpt lat="48.794556" lon="8.235024">
        <ele>186.9</ele>
      </trkpt>
      <trkpt lat="48.79452" lon="8.23458">
        <ele>187.7</ele>
      </trkpt>
      <trkpt lat="48.794633" lon="8.233877">
        <ele>187.2</ele>
      </trkpt>
      <trkpt lat="48.794867" lon="8.233364">
        <ele>183.9</ele>
      </trkpt>
      <trkpt lat="48.795545" lon="8.23236">
        <ele>175.4</ele>
      </trkpt>
      <trkpt lat="48.796466" lon="8.231094">
        <ele>174.8</ele>
      </trkpt>
      <trkpt lat="48.797166" lon="8.23009">
        <ele>164.7</ele>
      </trkpt>
      <trkpt lat="48.797921" lon="8.229469">
        <ele>163.8</ele>
      </trkpt>
      <trkpt lat="48.798754" lon="8.228997">
        <ele>157.3</ele>
      </trkpt>
      <trkpt lat="48.799453" lon="8.228921">
        <ele>161</ele>
      </trkpt>
      <trkpt lat="48.799524" lon="8.228884">
        <ele>160.5</ele>
      </trkpt>
      <trkpt lat="48.799604" lon="8.228775">
        <ele>159.1</ele>
      </trkpt>
      <trkpt lat="48.799703" lon="8.228531">
        <ele>156.8</ele>
      </trkpt>
      <trkpt lat="48.799748" lon="8.228399">
        <ele>156.2</ele>
      </trkpt>
      <trkpt lat="48.799786" lon="8.228284">
        <ele>156</ele>
      </trkpt>
      <trkpt lat="48.799822" lon="8.228149">
        <ele>156.5</ele>
      </trkpt>
      <trkpt lat="48.799955" lon="8.227859">
        <ele>159.1</ele>
      </trkpt>
      <trkpt lat="48.800046" lon="8.227725">
        <ele>160.6</ele>
      </trkpt>
      <trkpt lat="48.800273" lon="8.22761">
        <ele>159.2</ele>
      </trkpt>
      <trkpt lat="48.800525" lon="8.227572">
        <ele>155.3</ele>
      </trkpt>
      <trkpt lat="48.800629" lon="8.227525">
        <ele>153.8</ele>
      </trkpt>
      <trkpt lat="48.801012" lon="8.227277">
        <ele>150.3</ele>
      </trkpt>
      <trkpt lat="48.801102" lon="8.227219">
        <ele>149.7</ele>
      </trkpt>
      <trkpt lat="48.801778" lon="8.226755">
        <ele>145.8</ele>
      </trkpt>
      <trkpt lat="48.802013" lon="8.22659">
        <ele>144.9</ele>
      </trkpt>
      <trkpt lat="48.802224" lon="8.226396">
        <ele>143.8</ele>
      </trkpt>
      <trkpt lat="48.80251" lon="8.226093">
        <ele>143.5</ele>
      </trkpt>
      <trkpt lat="48.802845" lon="8.225862">
        <ele>142</ele>
      </trkpt>
      <trkpt lat="48.803247" lon="8.225587">
        <ele>140.8</ele>
      </trkpt>
      <trkpt lat="48.803648" lon="8.225296">
        <ele>141.1</ele>
      </trkpt>
      <trkpt lat="48.803965" lon="8.225065">
        <ele>139.9</ele>
      </trkpt>
      <trkpt lat="48.804257" lon="8.224776">
        <ele>138</ele>
      </trkpt>
      <trkpt lat="48.804303" lon="8.224691">
        <ele>137.8</ele>
      </trkpt>
      <trkpt lat="48.804387" lon="8.224526">
        <ele>137.3</ele>
      </trkpt>
      <trkpt lat="48.804465" lon="8.224376">
        <ele>136.7</ele>
      </trkpt>
      <trkpt lat="48.804499" lon="8.224299">
        <ele>136.4</ele>
      </trkpt>
      <trkpt lat="48.804524" lon="8.224236">
        <ele>136.3</ele>
      </trkpt>
      <trkpt lat="48.80491" lon="8.223571">
        <ele>136.9</ele>
      </trkpt>
      <trkpt lat="48.805069" lon="8.223341">
        <ele>136.9</ele>
      </trkpt>
      <trkpt lat="48.805202" lon="8.223136">
        <ele>136.3</ele>
      </trkpt>
      <trkpt lat="48.805303" lon="8.222993">
        <ele>135.5</ele>
      </trkpt>
      <trkpt lat="48.805648" lon="8.222468">
        <ele>132.9</ele>
      </trkpt>
      <trkpt lat="48.805729" lon="8.222405">
        <ele>132.6</ele>
      </trkpt>
      <trkpt lat="48.806399" lon="8.222163">
        <ele>131.1</ele>
      </trkpt>
      <trkpt lat="48.806448" lon="8.221942">
        <ele>130.9</ele>
      </trkpt>
      <trkpt lat="48.806487" lon="8.221511">
        <ele>130.3</ele>
      </trkpt>
      <trkpt lat="48.806512" lon="8.22138">
        <ele>130</ele>
      </trkpt>
      <trkpt lat="48.806518" lon="8.221224">
        <ele>130</ele>
      </trkpt>
      <trkpt lat="48.806298" lon="8.220791">
        <ele>130.4</ele>
      </trkpt>
      <trkpt lat="48.806488" lon="8.220682">
        <ele>130.5</ele>
      </trkpt>
      <trkpt lat="48.806769" lon="8.220558">
        <ele>130.1</ele>
      </trkpt>
      <trkpt lat="48.807322" lon="8.22031">
        <ele>128.2</ele>
      </trkpt>
      <trkpt lat="48.807986" lon="8.219847">
        <ele>129.5</ele>
      </trkpt>
      <trkpt lat="48.808845" lon="8.219586">
        <ele>128.4</ele>
      </trkpt>
      <trkpt lat="48.8092" lon="8.219521">
        <ele>127.8</ele>
      </trkpt>
      <trkpt lat="48.810424" lon="8.21837">
        <ele>125.9</ele>
      </trkpt>
      <trkpt lat="48.810744" lon="8.217869">
        <ele>125.3</ele>
      </trkpt>
      <trkpt lat="48.810872" lon="8.217555">
        <ele>126</ele>
      </trkpt>
      <trkpt lat="48.811182" lon="8.216364">
        <ele>125.9</ele>
      </trkpt>
      <trkpt lat="48.811284" lon="8.215608">
        <ele>125.4</ele>
      </trkpt>
      <trkpt lat="48.811367" lon="8.214869">
        <ele>124.1</ele>
      </trkpt>
      <trkpt lat="48.811392" lon="8.214773">
        <ele>123.6</ele>
      </trkpt>
      <trkpt lat="48.811534" lon="8.214307">
        <ele>122</ele>
      </trkpt>
      <trkpt lat="48.811725" lon="8.213847">
        <ele>122.8</ele>
      </trkpt>
      <trkpt lat="48.811813" lon="8.213607">
        <ele>123.4</ele>
      </trkpt>
      <trkpt lat="48.811838" lon="8.213475">
        <ele>123.6</ele>
      </trkpt>
      <trkpt lat="48.811864" lon="8.213332">
        <ele>123.6</ele>
      </trkpt>
      <trkpt lat="48.811878" lon="8.212722">
        <ele>122.5</ele>
      </trkpt>
      <trkpt lat="48.811912" lon="8.211177">
        <ele>120.2</ele>
      </trkpt>
      <trkpt lat="48.811947" lon="8.211184">
        <ele>120.2</ele>
      </trkpt>
      <trkpt lat="48.812065" lon="8.211208">
        <ele>120</ele>
      </trkpt>
      <trkpt lat="48.812251" lon="8.211244">
        <ele>120.3</ele>
      </trkpt>
      <trkpt lat="48.812405" lon="8.211271">
        <ele>120.2</ele>
      </trkpt>
      <trkpt lat="48.812448" lon="8.211005">
        <ele>120.3</ele>
      </trkpt>
      <trkpt lat="48.812509" lon="8.210028">
        <ele>120.6</ele>
      </trkpt>
      <trkpt lat="48.812535" lon="8.209635">
        <ele>119.4</ele>
      </trkpt>
      <trkpt lat="48.812557" lon="8.209409">
        <ele>118.6</ele>
      </trkpt>
      <trkpt lat="48.812642" lon="8.208353">
        <ele>117.8</ele>
      </trkpt>
      <trkpt lat="48.812675" lon="8.208166">
        <ele>118.6</ele>
      </trkpt>
      <trkpt lat="48.81279" lon="8.207866">
        <ele>119.6</ele>
      </trkpt>
      <trkpt lat="48.812982" lon="8.207607">
        <ele>120.2</ele>
      </trkpt>
      <trkpt lat="48.813003" lon="8.207527">
        <ele>120.4</ele>
      </trkpt>
      <trkpt lat="48.813001" lon="8.207316">
        <ele>120</ele>
      </trkpt>
      <trkpt lat="48.813043" lon="8.207319">
        <ele>120.3</ele>
      </trkpt>
      <trkpt lat="48.813046" lon="8.207165">
        <ele>119.9</ele>
      </trkpt>
      <trkpt lat="48.813047" lon="8.207081">
        <ele>119.5</ele>
      </trkpt>
      <trkpt lat="48.813065" lon="8.207021">
        <ele>119.4</ele>
      </trkpt>
      <trkpt lat="48.813001" lon="8.206965">
        <ele>118.8</ele>
      </trkpt>
      <trkpt lat="48.813068" lon="8.206802">
        <ele>118.3</ele>
      </trkpt>
      <trkpt lat="48.813772" lon="8.20563">
        <ele>119.3</ele>
      </trkpt>
      <trkpt lat="48.813822" lon="8.205491">
        <ele>119.6</ele>
      </trkpt>
      <trkpt lat="48.813838" lon="8.205395">
        <ele>120.1</ele>
      </trkpt>
      <trkpt lat="48.813819" lon="8.205297">
        <ele>120.5</ele>
      </trkpt>
      <trkpt lat="48.813747" lon="8.205173">
        <ele>120.4</ele>
      </trkpt>
      <trkpt lat="48.813702" lon="8.205011">
        <ele>120</ele>
      </trkpt>
      <trkpt lat="48.813724" lon="8.204633">
        <ele>120.1</ele>
      </trkpt>
      <trkpt lat="48.813733" lon="8.204583">
        <ele>120.1</ele>
      </trkpt>
      <trkpt lat="48.813752" lon="8.204478">
        <ele>120.1</ele>
      </trkpt>
      <trkpt lat="48.81376" lon="8.204445">
        <ele>120.1</ele>
      </trkpt>
      <trkpt lat="48.813806" lon="8.204178">
        <ele>119.9</ele>
      </trkpt>
      <trkpt lat="48.813801" lon="8.204094">
        <ele>119.8</ele>
      </trkpt>
      <trkpt lat="48.813449" lon="8.202889">
        <ele>117.4</ele>
      </trkpt>
      <trkpt lat="48.813329" lon="8.202555">
        <ele>119.5</ele>
      </trkpt>
      <trkpt lat="48.813312" lon="8.202435">
        <ele>120</ele>
      </trkpt>
      <trkpt lat="48.813331" lon="8.202383">
        <ele>120</ele>
      </trkpt>
      <trkpt lat="48.81322" lon="8.201928">
        <ele>121.4</ele>
      </trkpt>
      <trkpt lat="48.813153" lon="8.201655">
        <ele>121.1</ele>
      </trkpt>
      <trkpt lat="48.813118" lon="8.201333">
        <ele>121</ele>
      </trkpt>
      <trkpt lat="48.812938" lon="8.200629">
        <ele>121.9</ele>
      </trkpt>
      <trkpt lat="48.812866" lon="8.20055">
        <ele>122</ele>
      </trkpt>
      <trkpt lat="48.812846" lon="8.200477">
        <ele>122</ele>
      </trkpt>
      <trkpt lat="48.812758" lon="8.200126">
        <ele>121.9</ele>
      </trkpt>
      <trkpt lat="48.812682" lon="8.199818">
        <ele>121.8</ele>
      </trkpt>
      <trkpt lat="48.812649" lon="8.199689">
        <ele>121.7</ele>
      </trkpt>
      <trkpt lat="48.812644" lon="8.199531">
        <ele>121.6</ele>
      </trkpt>
      <trkpt lat="48.812639" lon="8.199402">
        <ele>121.6</ele>
      </trkpt>
      <trkpt lat="48.812665" lon="8.19924">
        <ele>121.4</ele>
      </trkpt>
      <trkpt lat="48.812828" lon="8.19845">
        <ele>121.8</ele>
      </trkpt>
      <trkpt lat="48.813009" lon="8.197163">
        <ele>121.2</ele>
      </trkpt>
      <trkpt lat="48.813028" lon="8.196979">
        <ele>121.2</ele>
      </trkpt>
      <trkpt lat="48.813017" lon="8.195638">
        <ele>124.9</ele>
      </trkpt>
      <trkpt lat="48.813018" lon="8.195421">
        <ele>125.7</ele>
      </trkpt>
      <trkpt lat="48.813232" lon="8.195427">
        <ele>125.5</ele>
      </trkpt>
      <trkpt lat="48.813631" lon="8.195435">
        <ele>125.6</ele>
      </trkpt>
      <trkpt lat="48.813685" lon="8.195436">
        <ele>125.7</ele>
      </trkpt>
      <trkpt lat="48.813686" lon="8.195376">
        <ele>125.7</ele>
      </trkpt>
      <trkpt lat="48.813688" lon="8.1953">
        <ele>125.6</ele>
      </trkpt>
      <trkpt lat="48.813578" lon="8.195296">
        <ele>125.7</ele>
      </trkpt>
      <trkpt lat="48.813572" lon="8.194774">
        <ele>123.9</ele>
      </trkpt>
      <trkpt lat="48.813656" lon="8.194763">
        <ele>124</ele>
      </trkpt>
      <trkpt lat="48.813498" lon="8.194322">
        <ele>123</ele>
      </trkpt>
      <trkpt lat="48.813667" lon="8.194099">
        <ele>123</ele>
      </trkpt>
      <trkpt lat="48.81381" lon="8.193778">
        <ele>123</ele>
      </trkpt>
      <trkpt lat="48.814265" lon="8.192666">
        <ele>123.8</ele>
      </trkpt>
      <trkpt lat="48.813822" lon="8.191977">
        <ele>125</ele>
      </trkpt>
      <trkpt lat="48.813392" lon="8.19135">
        <ele>123.7</ele>
      </trkpt>
      <trkpt lat="48.812953" lon="8.190698">
        <ele>124.8</ele>
      </trkpt>
      <trkpt lat="48.813004" lon="8.190585">
        <ele>124.7</ele>
      </trkpt>
      <trkpt lat="48.813028" lon="8.190459">
        <ele>124.5</ele>
      </trkpt>
      <trkpt lat="48.813028" lon="8.190303">
        <ele>124</ele>
      </trkpt>
      <trkpt lat="48.812986" lon="8.190161">
        <ele>123.7</ele>
      </trkpt>
      <trkpt lat="48.812922" lon="8.190012">
        <ele>123.8</ele>
      </trkpt>
      <trkpt lat="48.812371" lon="8.188983">
        <ele>124.8</ele>
      </trkpt>
      <trkpt lat="48.812026" lon="8.188282">
        <ele>123.8</ele>
      </trkpt>
      <trkpt lat="48.812103" lon="8.188166">
        <ele>123.7</ele>
      </trkpt>
      <trkpt lat="48.812402" lon="8.187701">
        <ele>122.3</ele>
      </trkpt>
      <trkpt lat="48.812513" lon="8.187524">
        <ele>121.7</ele>
      </trkpt>
      <trkpt lat="48.81238" lon="8.187314">
        <ele>121.4</ele>
      </trkpt>
      <trkpt lat="48.811894" lon="8.18669">
        <ele>120.4</ele>
      </trkpt>
      <trkpt lat="48.811335" lon="8.185728">
        <ele>122.7</ele>
      </trkpt>
      <trkpt lat="48.81127" lon="8.185461">
        <ele>121.9</ele>
      </trkpt>
      <trkpt lat="48.811277" lon="8.185318">
        <ele>121.1</ele>
      </trkpt>
      <trkpt lat="48.811821" lon="8.183503">
        <ele>121</ele>
      </trkpt>
      <trkpt lat="48.811875" lon="8.183301">
        <ele>121.2</ele>
      </trkpt>
      <trkpt lat="48.812201" lon="8.182205">
        <ele>122</ele>
      </trkpt>
      <trkpt lat="48.812554" lon="8.181247">
        <ele>123.1</ele>
      </trkpt>
      <trkpt lat="48.813517" lon="8.179145">
        <ele>121.3</ele>
      </trkpt>
      <trkpt lat="48.812829" lon="8.178185">
        <ele>122.7</ele>
      </trkpt>
      <trkpt lat="48.811748" lon="8.177164">
        <ele>123.2</ele>
      </trkpt>
      <trkpt lat="48.811019" lon="8.176507">
        <ele>123.1</ele>
      </trkpt>
      <trkpt lat="48.810904" lon="8.176437">
        <ele>123.1</ele>
      </trkpt>
      <trkpt lat="48.810385" lon="8.175812">
        <ele>124.2</ele>
      </trkpt>
      <trkpt lat="48.80976" lon="8.175097">
        <ele>124.4</ele>
      </trkpt>
      <trkpt lat="48.809572" lon="8.174787">
        <ele>125.6</ele>
      </trkpt>
      <trkpt lat="48.809499" lon="8.174723">
        <ele>125.4</ele>
      </trkpt>
      <trkpt lat="48.80945" lon="8.174651">
        <ele>125.1</ele>
      </trkpt>
      <trkpt lat="48.810774" lon="8.172518">
        <ele>123.4</ele>
      </trkpt>
      <trkpt lat="48.810811" lon="8.172391">
        <ele>123</ele>
      </trkpt>
      <trkpt lat="48.810857" lon="8.172232">
        <ele>122.4</ele>
      </trkpt>
      <trkpt lat="48.811694" lon="8.170417">
        <ele>117.1</ele>
      </trkpt>
      <trkpt lat="48.813254" lon="8.166838">
        <ele>126.1</ele>
      </trkpt>
      <trkpt lat="48.813951" lon="8.165102">
        <ele>123.8</ele>
      </trkpt>
      <trkpt lat="48.814628" lon="8.163319">
        <ele>123</ele>
      </trkpt>
      <trkpt lat="48.815236" lon="8.16156">
        <ele>123</ele>
      </trkpt>
      <trkpt lat="48.815266" lon="8.161451">
        <ele>123.2</ele>
      </trkpt>
      <trkpt lat="48.81529" lon="8.16129">
        <ele>123.5</ele>
      </trkpt>
      <trkpt lat="48.815277" lon="8.161209">
        <ele>123.6</ele>
      </trkpt>
      <trkpt lat="48.815321" lon="8.161153">
        <ele>123.7</ele>
      </trkpt>
      <trkpt lat="48.816194" lon="8.158616">
        <ele>122.9</ele>
      </trkpt>
      <trkpt lat="48.816884" lon="8.156434">
        <ele>121.5</ele>
      </trkpt>
      <trkpt lat="48.816896" lon="8.156337">
        <ele>121.5</ele>
      </trkpt>
      <trkpt lat="48.816903" lon="8.156202">
        <ele>121.5</ele>
      </trkpt>
      <trkpt lat="48.81708" lon="8.155816">
        <ele>121.9</ele>
      </trkpt>
      <trkpt lat="48.817597" lon="8.154204">
        <ele>120.7</ele>
      </trkpt>
      <trkpt lat="48.817681" lon="8.153846">
        <ele>121</ele>
      </trkpt>
      <trkpt lat="48.817682" lon="8.153674">
        <ele>120.8</ele>
      </trkpt>
      <trkpt lat="48.817656" lon="8.153575">
        <ele>120.6</ele>
      </trkpt>
      <trkpt lat="48.817666" lon="8.153528">
        <ele>120.6</ele>
      </trkpt>
      <trkpt lat="48.817732" lon="8.153494">
        <ele>120.7</ele>
      </trkpt>
      <trkpt lat="48.817785" lon="8.153464">
        <ele>120.7</ele>
      </trkpt>
      <trkpt lat="48.817814" lon="8.153372">
        <ele>120.9</ele>
      </trkpt>
      <trkpt lat="48.817882" lon="8.153101">
        <ele>121.8</ele>
      </trkpt>
      <trkpt lat="48.818015" lon="8.153002">
        <ele>121.4</ele>
      </trkpt>
      <trkpt lat="48.818303" lon="8.152428">
        <ele>122</ele>
      </trkpt>
      <trkpt lat="48.818304" lon="8.152394">
        <ele>122.1</ele>
      </trkpt>
      <trkpt lat="48.818262" lon="8.152341">
        <ele>122.3</ele>
      </trkpt>
      <trkpt lat="48.818591" lon="8.151719">
        <ele>122.4</ele>
      </trkpt>
      <trkpt lat="48.81863" lon="8.151644">
        <ele>122</ele>
      </trkpt>
      <trkpt lat="48.818598" lon="8.151613">
        <ele>122</ele>
      </trkpt>
      <trkpt lat="48.818831" lon="8.151146">
        <ele>119.9</ele>
      </trkpt>
      <trkpt lat="48.819016" lon="8.150776">
        <ele>119.4</ele>
      </trkpt>
      <trkpt lat="48.819091" lon="8.150618">
        <ele>119.5</ele>
      </trkpt>
      <trkpt lat="48.819133" lon="8.15054">
        <ele>119.7</ele>
      </trkpt>
      <trkpt lat="48.819214" lon="8.150389">
        <ele>120</ele>
      </trkpt>
      <trkpt lat="48.819478" lon="8.149896">
        <ele>120.3</ele>
      </trkpt>
      <trkpt lat="48.819507" lon="8.149928">
        <ele>120.4</ele>
      </trkpt>
      <trkpt lat="48.819786" lon="8.14937">
        <ele>120.8</ele>
      </trkpt>
      <trkpt lat="48.819935" lon="8.14904">
        <ele>121.5</ele>
      </trkpt>
      <trkpt lat="48.819987" lon="8.149098">
        <ele>121.5</ele>
      </trkpt>
      <trkpt lat="48.820045" lon="8.149141">
        <ele>121.7</ele>
      </trkpt>
      <trkpt lat="48.820611" lon="8.148001">
        <ele>121.1</ele>
      </trkpt>
      <trkpt lat="48.821531" lon="8.146122">
        <ele>122.5</ele>
      </trkpt>
      <trkpt lat="48.821757" lon="8.145605">
        <ele>121</ele>
      </trkpt>
      <trkpt lat="48.821908" lon="8.145127">
        <ele>121.7</ele>
      </trkpt>
      <trkpt lat="48.822038" lon="8.144513">
        <ele>123.1</ele>
      </trkpt>
      <trkpt lat="48.822279" lon="8.143458">
        <ele>123</ele>
      </trkpt>
      <trkpt lat="48.822342" lon="8.143151">
        <ele>123</ele>
      </trkpt>
      <trkpt lat="48.822359" lon="8.143058">
        <ele>122.9</ele>
      </trkpt>
      <trkpt lat="48.822491" lon="8.142452">
        <ele>123</ele>
      </trkpt>
      <trkpt lat="48.822522" lon="8.142331">
        <ele>123.2</ele>
      </trkpt>
      <trkpt lat="48.822589" lon="8.14188">
        <ele>123</ele>
      </trkpt>
      <trkpt lat="48.822609" lon="8.141619">
        <ele>122.8</ele>
      </trkpt>
      <trkpt lat="48.822629" lon="8.141344">
        <ele>122.6</ele>
      </trkpt>
      <trkpt lat="48.822648" lon="8.141007">
        <ele>121.9</ele>
      </trkpt>
      <trkpt lat="48.822653" lon="8.140921">
        <ele>121.6</ele>
      </trkpt>
      <trkpt lat="48.822667" lon="8.14061">
        <ele>120.8</ele>
      </trkpt>
      <trkpt lat="48.822715" lon="8.140439">
        <ele>120.3</ele>
      </trkpt>
      <trkpt lat="48.822918" lon="8.140001">
        <ele>118.3</ele>
      </trkpt>
      <trkpt lat="48.823094" lon="8.139653">
        <ele>116.4</ele>
      </trkpt>
      <trkpt lat="48.823418" lon="8.13892">
        <ele>116.7</ele>
      </trkpt>
      <trkpt lat="48.823532" lon="8.138715">
        <ele>116.5</ele>
      </trkpt>
      <trkpt lat="48.823983" lon="8.138108">
        <ele>114.7</ele>
      </trkpt>
      <trkpt lat="48.824305" lon="8.137573">
        <ele>113.7</ele>
      </trkpt>
      <trkpt lat="48.824435" lon="8.137415">
        <ele>113.2</ele>
      </trkpt>
      <trkpt lat="48.824503" lon="8.137332">
        <ele>113</ele>
      </trkpt>
      <trkpt lat="48.824592" lon="8.137316">
        <ele>113</ele>
      </trkpt>
      <trkpt lat="48.824783" lon="8.137307">
        <ele>112.9</ele>
      </trkpt>
      <trkpt lat="48.82557" lon="8.137254">
        <ele>113.9</ele>
      </trkpt>
      <trkpt lat="48.826002" lon="8.137449">
        <ele>115.3</ele>
      </trkpt>
      <trkpt lat="48.826741" lon="8.137821">
        <ele>114.9</ele>
      </trkpt>
      <trkpt lat="48.827068" lon="8.137882">
        <ele>114.2</ele>
      </trkpt>
      <trkpt lat="48.827268" lon="8.138032">
        <ele>114.7</ele>
      </trkpt>
      <trkpt lat="48.82777" lon="8.13858">
        <ele>112.4</ele>
      </trkpt>
      <trkpt lat="48.827884" lon="8.138657">
        <ele>112</ele>
      </trkpt>
      <trkpt lat="48.82876" lon="8.138849">
        <ele>114.2</ele>
      </trkpt>
      <trkpt lat="48.830217" lon="8.138697">
        <ele>110.4</ele>
      </trkpt>
      <trkpt lat="48.830576" lon="8.138466">
        <ele>112.9</ele>
      </trkpt>
      <trkpt lat="48.83109" lon="8.138006">
        <ele>115.8</ele>
      </trkpt>
      <trkpt lat="48.831727" lon="8.137359">
        <ele>116.9</ele>
      </trkpt>
      <trkpt lat="48.832368" lon="8.136724">
        <ele>117.9</ele>
      </trkpt>
      <trkpt lat="48.833045" lon="8.136306">
        <ele>117.1</ele>
      </trkpt>
      <trkpt lat="48.833474" lon="8.136169">
        <ele>119</ele>
      </trkpt>
      <trkpt lat="48.834036" lon="8.136138">
        <ele>119.8</ele>
      </trkpt>
      <trkpt lat="48.834311" lon="8.136083">
        <ele>119.3</ele>
      </trkpt>
      <trkpt lat="48.834541" lon="8.135958">
        <ele>117.9</ele>
      </trkpt>
      <trkpt lat="48.834747" lon="8.135771">
        <ele>116.3</ele>
      </trkpt>
      <trkpt lat="48.835174" lon="8.135215">
        <ele>116</ele>
      </trkpt>
      <trkpt lat="48.835531" lon="8.134841">
        <ele>116.2</ele>
      </trkpt>
      <trkpt lat="48.835733" lon="8.134714">
        <ele>117</ele>
      </trkpt>
      <trkpt lat="48.836046" lon="8.134489">
        <ele>119.4</ele>
      </trkpt>
      <trkpt lat="48.836202" lon="8.134412">
        <ele>120</ele>
      </trkpt>
      <trkpt lat="48.836724" lon="8.13437">
        <ele>118.1</ele>
      </trkpt>
      <trkpt lat="48.836692" lon="8.134224">
        <ele>118.4</ele>
      </trkpt>
      <trkpt lat="48.837155" lon="8.134099">
        <ele>116.6</ele>
      </trkpt>
      <trkpt lat="48.838131" lon="8.133616">
        <ele>115.4</ele>
      </trkpt>
      <trkpt lat="48.838713" lon="8.133401">
        <ele>115.4</ele>
      </trkpt>
      <trkpt lat="48.839366" lon="8.133276">
        <ele>116.3</ele>
      </trkpt>
      <trkpt lat="48.839697" lon="8.133259">
        <ele>115.1</ele>
      </trkpt>
      <trkpt lat="48.840418" lon="8.133327">
        <ele>113.1</ele>
      </trkpt>
      <trkpt lat="48.841078" lon="8.133505">
        <ele>114.2</ele>
      </trkpt>
      <trkpt lat="48.841335" lon="8.133661">
        <ele>113.9</ele>
      </trkpt>
      <trkpt lat="48.841544" lon="8.133836">
        <ele>114.1</ele>
      </trkpt>
      <trkpt lat="48.841753" lon="8.134144">
        <ele>114.9</ele>
      </trkpt>
      <trkpt lat="48.841779" lon="8.134289">
        <ele>114.8</ele>
      </trkpt>
      <trkpt lat="48.841828" lon="8.134363">
        <ele>114.9</ele>
      </trkpt>
      <trkpt lat="48.841892" lon="8.134398">
        <ele>115.2</ele>
      </trkpt>
      <trkpt lat="48.841982" lon="8.134376">
        <ele>115.6</ele>
      </trkpt>
      <trkpt lat="48.842054" lon="8.134271">
        <ele>115.9</ele>
      </trkpt>
      <trkpt lat="48.84207" lon="8.134198">
        <ele>115.9</ele>
      </trkpt>
      <trkpt lat="48.842057" lon="8.134054">
        <ele>116.2</ele>
      </trkpt>
      <trkpt lat="48.842076" lon="8.13383">
        <ele>116.8</ele>
      </trkpt>
      <trkpt lat="48.842127" lon="8.133666">
        <ele>117.1</ele>
      </trkpt>
      <trkpt lat="48.842546" lon="8.132816">
        <ele>116.4</ele>
      </trkpt>
      <trkpt lat="48.843135" lon="8.13173">
        <ele>113</ele>
      </trkpt>
      <trkpt lat="48.843224" lon="8.131567">
        <ele>113.1</ele>
      </trkpt>
      <trkpt lat="48.843539" lon="8.130944">
        <ele>114.3</ele>
      </trkpt>
      <trkpt lat="48.843809" lon="8.130344">
        <ele>117.4</ele>
      </trkpt>
      <trkpt lat="48.84411" lon="8.129554">
        <ele>115.8</ele>
      </trkpt>
      <trkpt lat="48.844389" lon="8.128667">
        <ele>116.4</ele>
      </trkpt>
      <trkpt lat="48.844715" lon="8.127423">
        <ele>115.6</ele>
      </trkpt>
      <trkpt lat="48.845159" lon="8.125256">
        <ele>119</ele>
      </trkpt>
      <trkpt lat="48.845747" lon="8.122377">
        <ele>117.3</ele>
      </trkpt>
      <trkpt lat="48.845871" lon="8.121645">
        <ele>118.4</ele>
      </trkpt>
      <trkpt lat="48.846021" lon="8.120897">
        <ele>119.8</ele>
      </trkpt>
      <trkpt lat="48.84621" lon="8.120113">
        <ele>120.1</ele>
      </trkpt>
      <trkpt lat="48.846745" lon="8.118211">
        <ele>120.9</ele>
      </trkpt>
      <trkpt lat="48.8469" lon="8.11765">
        <ele>118.9</ele>
      </trkpt>
      <trkpt lat="48.846979" lon="8.117315">
        <ele>116.3</ele>
      </trkpt>
      <trkpt lat="48.846995" lon="8.117223">
        <ele>115.8</ele>
      </trkpt>
      <trkpt lat="48.847465" lon="8.114961">
        <ele>115</ele>
      </trkpt>
      <trkpt lat="48.847821" lon="8.113254">
        <ele>115</ele>
      </trkpt>
      <trkpt lat="48.848198" lon="8.111454">
        <ele>115.6</ele>
      </trkpt>
      <trkpt lat="48.848538" lon="8.109762">
        <ele>121.4</ele>
      </trkpt>
      <trkpt lat="48.84867" lon="8.109303">
        <ele>122</ele>
      </trkpt>
      <trkpt lat="48.848851" lon="8.108763">
        <ele>124.2</ele>
      </trkpt>
      <trkpt lat="48.849119" lon="8.1076">
        <ele>120.5</ele>
      </trkpt>
      <trkpt lat="48.850237" lon="8.102751">
        <ele>115.1</ele>
      </trkpt>
      <trkpt lat="48.851053" lon="8.098735">
        <ele>117.1</ele>
      </trkpt>
      <trkpt lat="48.851116" lon="8.098437">
        <ele>115.5</ele>
      </trkpt>
      <trkpt lat="48.851909" lon="8.094548">
        <ele>112.7</ele>
      </trkpt>
      <trkpt lat="48.852077" lon="8.093967">
        <ele>113.9</ele>
      </trkpt>
      <trkpt lat="48.852281" lon="8.093499">
        <ele>114.6</ele>
      </trkpt>
      <trkpt lat="48.852453" lon="8.093179">
        <ele>113.7</ele>
      </trkpt>
      <trkpt lat="48.852812" lon="8.092721">
        <ele>112.5</ele>
      </trkpt>
      <trkpt lat="48.853052" lon="8.092452">
        <ele>113.7</ele>
      </trkpt>
      <trkpt lat="48.853165" lon="8.09232">
        <ele>114.6</ele>
      </trkpt>
      <trkpt lat="48.853361" lon="8.092096">
        <ele>114.8</ele>
      </trkpt>
      <trkpt lat="48.855186" lon="8.090007">
        <ele>113.1</ele>
      </trkpt>
      <trkpt lat="48.85562" lon="8.08944">
        <ele>114.6</ele>
      </trkpt>
      <trkpt lat="48.855938" lon="8.089043">
        <ele>115.8</ele>
      </trkpt>
      <trkpt lat="48.856052" lon="8.089031">
        <ele>115.7</ele>
      </trkpt>
      <trkpt lat="48.856105" lon="8.088937">
        <ele>115.8</ele>
      </trkpt>
      <trkpt lat="48.856107" lon="8.088798">
        <ele>115.9</ele>
      </trkpt>
      <trkpt lat="48.856307" lon="8.088321">
        <ele>115.5</ele>
      </trkpt>
      <trkpt lat="48.856423" lon="8.088097">
        <ele>115.3</ele>
      </trkpt>
      <trkpt lat="48.856467" lon="8.088017">
        <ele>115.3</ele>
      </trkpt>
      <trkpt lat="48.856762" lon="8.087461">
        <ele>115.6</ele>
      </trkpt>
      <trkpt lat="48.857188" lon="8.086747">
        <ele>115.1</ele>
      </trkpt>
      <trkpt lat="48.857437" lon="8.08638">
        <ele>114.5</ele>
      </trkpt>
      <trkpt lat="48.857805" lon="8.085873">
        <ele>113.7</ele>
      </trkpt>
      <trkpt lat="48.858475" lon="8.085074">
        <ele>113.7</ele>
      </trkpt>
      <trkpt lat="48.858504" lon="8.085041">
        <ele>113.7</ele>
      </trkpt>
      <trkpt lat="48.858901" lon="8.084496">
        <ele>115.9</ele>
      </trkpt>
      <trkpt lat="48.859528" lon="8.083518">
        <ele>113</ele>
      </trkpt>
      <trkpt lat="48.860081" lon="8.082605">
        <ele>112.8</ele>
      </trkpt>
      <trkpt lat="48.860231" lon="8.082363">
        <ele>113.3</ele>
      </trkpt>
      <trkpt lat="48.860817" lon="8.081416">
        <ele>115</ele>
      </trkpt>
      <trkpt lat="48.861143" lon="8.081923">
        <ele>114.8</ele>
      </trkpt>
      <trkpt lat="48.861582" lon="8.082636">
        <ele>114.5</ele>
      </trkpt>
      <trkpt lat="48.861961" lon="8.083129">
        <ele>115.7</ele>
      </trkpt>
      <trkpt lat="48.862343" lon="8.083616">
        <ele>116.3</ele>
      </trkpt>
      <trkpt lat="48.862751" lon="8.084026">
        <ele>115.4</ele>
      </trkpt>
      <trkpt lat="48.863153" lon="8.084431">
        <ele>115.2</ele>
      </trkpt>
      <trkpt lat="48.863257" lon="8.084494">
        <ele>115.4</ele>
      </trkpt>
      <trkpt lat="48.863331" lon="8.084522">
        <ele>115.6</ele>
      </trkpt>
      <trkpt lat="48.86332" lon="8.084719">
        <ele>115.3</ele>
      </trkpt>
      <trkpt lat="48.863351" lon="8.085316">
        <ele>114.8</ele>
      </trkpt>
      <trkpt lat="48.863389" lon="8.085546">
        <ele>114.9</ele>
      </trkpt>
      <trkpt lat="48.863456" lon="8.085756">
        <ele>114.9</ele>
      </trkpt>
      <trkpt lat="48.863569" lon="8.085958">
        <ele>114.7</ele>
      </trkpt>
      <trkpt lat="48.863811" lon="8.086256">
        <ele>113.9</ele>
      </trkpt>
      <trkpt lat="48.864143" lon="8.086574">
        <ele>112.5</ele>
      </trkpt>
      <trkpt lat="48.864349" lon="8.086877">
        <ele>113.5</ele>
      </trkpt>
      <trkpt lat="48.864455" lon="8.087113">
        <ele>114.3</ele>
      </trkpt>
      <trkpt lat="48.864544" lon="8.087357">
        <ele>114.7</ele>
      </trkpt>
      <trkpt lat="48.864615" lon="8.08769">
        <ele>113.9</ele>
      </trkpt>
      <trkpt lat="48.864814" lon="8.08861">
        <ele>113</ele>
      </trkpt>
      <trkpt lat="48.864706" lon="8.088845">
        <ele>112.9</ele>
      </trkpt>
      <trkpt lat="48.864655" lon="8.088982">
        <ele>113.3</ele>
      </trkpt>
      <trkpt lat="48.86463" lon="8.089045">
        <ele>113.4</ele>
      </trkpt>
      <trkpt lat="48.86451" lon="8.089431">
        <ele>114.6</ele>
      </trkpt>
      <trkpt lat="48.864988" lon="8.089984">
        <ele>116.2</ele>
      </trkpt>
      <trkpt lat="48.86528" lon="8.090426">
        <ele>115.8</ele>
      </trkpt>
      <trkpt lat="48.865399" lon="8.090735">
        <ele>115.1</ele>
      </trkpt>
      <trkpt lat="48.86571" lon="8.091871">
        <ele>117.1</ele>
      </trkpt>
      <trkpt lat="48.866289" lon="8.093565">
        <ele>116.3</ele>
      </trkpt>
      <trkpt lat="48.866622" lon="8.094637">
        <ele>115.1</ele>
      </trkpt>
      <trkpt lat="48.866754" lon="8.095234">
        <ele>115.3</ele>
      </trkpt>
      <trkpt lat="48.867081" lon="8.096751">
        <ele>113.9</ele>
      </trkpt>
      <trkpt lat="48.867103" lon="8.096903">
        <ele>113.3</ele>
      </trkpt>
      <trkpt lat="48.867369" lon="8.09851">
        <ele>110.7</ele>
      </trkpt>
      <trkpt lat="48.867521" lon="8.09914">
        <ele>110.7</ele>
      </trkpt>
      <trkpt lat="48.868142" lon="8.101549">
        <ele>113</ele>
      </trkpt>
      <trkpt lat="48.868183" lon="8.101826">
        <ele>113.1</ele>
      </trkpt>
      <trkpt lat="48.868233" lon="8.103526">
        <ele>111.8</ele>
      </trkpt>
      <trkpt lat="48.868271" lon="8.103713">
        <ele>112.5</ele>
      </trkpt>
      <trkpt lat="48.868358" lon="8.103683">
        <ele>112.8</ele>
      </trkpt>
      <trkpt lat="48.86862" lon="8.103739">
        <ele>113.9</ele>
      </trkpt>
      <trkpt lat="48.868868" lon="8.10384">
        <ele>114.5</ele>
      </trkpt>
      <trkpt lat="48.869163" lon="8.104087">
        <ele>114.6</ele>
      </trkpt>
      <trkpt lat="48.86947" lon="8.104393">
        <ele>113.5</ele>
      </trkpt>
      <trkpt lat="48.870489" lon="8.105572">
        <ele>111.7</ele>
      </trkpt>
      <trkpt lat="48.871952" lon="8.108269">
        <ele>113</ele>
      </trkpt>
      <trkpt lat="48.873443" lon="8.1108">
        <ele>113.4</ele>
      </trkpt>
      <trkpt lat="48.87353" lon="8.111052">
        <ele>113.5</ele>
      </trkpt>
      <trkpt lat="48.87394" lon="8.114232">
        <ele>114.4</ele>
      </trkpt>
      <trkpt lat="48.873998" lon="8.114431">
        <ele>113.5</ele>
      </trkpt>
      <trkpt lat="48.874119" lon="8.114674">
        <ele>112.6</ele>
      </trkpt>
      <trkpt lat="48.874582" lon="8.115449">
        <ele>112.8</ele>
      </trkpt>
      <trkpt lat="48.87502" lon="8.116309">
        <ele>113.5</ele>
      </trkpt>
      <trkpt lat="48.875095" lon="8.116557">
        <ele>114.1</ele>
      </trkpt>
      <trkpt lat="48.875117" lon="8.116792">
        <ele>114.4</ele>
      </trkpt>
      <trkpt lat="48.875189" lon="8.117358">
        <ele>114.1</ele>
      </trkpt>
      <trkpt lat="48.876292" lon="8.122948">
        <ele>113.4</ele>
      </trkpt>
      <trkpt lat="48.876352" lon="8.123133">
        <ele>114</ele>
      </trkpt>
      <trkpt lat="48.876471" lon="8.123286">
        <ele>115</ele>
      </trkpt>
      <trkpt lat="48.879725" lon="8.125314">
        <ele>113.4</ele>
      </trkpt>
      <trkpt lat="48.882892" lon="8.127309">
        <ele>111</ele>
      </trkpt>
      <trkpt lat="48.883218" lon="8.127543">
        <ele>111.8</ele>
      </trkpt>
      <trkpt lat="48.884728" lon="8.128542">
        <ele>117.8</ele>
      </trkpt>
      <trkpt lat="48.886092" lon="8.129643">
        <ele>116.8</ele>
      </trkpt>
      <trkpt lat="48.886859" lon="8.130301">
        <ele>115.8</ele>
      </trkpt>
      <trkpt lat="48.888191" lon="8.131475">
        <ele>117.5</ele>
      </trkpt>
      <trkpt lat="48.888315" lon="8.131479">
        <ele>117</ele>
      </trkpt>
      <trkpt lat="48.888361" lon="8.131421">
        <ele>116.9</ele>
      </trkpt>
      <trkpt lat="48.888426" lon="8.131452">
        <ele>116.3</ele>
      </trkpt>
      <trkpt lat="48.888448" lon="8.131559">
        <ele>115.8</ele>
      </trkpt>
      <trkpt lat="48.888484" lon="8.131605">
        <ele>115.4</ele>
      </trkpt>
      <trkpt lat="48.888656" lon="8.131818">
        <ele>113.6</ele>
      </trkpt>
      <trkpt lat="48.888812" lon="8.131996">
        <ele>113.5</ele>
      </trkpt>
      <trkpt lat="48.88888" lon="8.132147">
        <ele>114.1</ele>
      </trkpt>
      <trkpt lat="48.888974" lon="8.132786">
        <ele>114.2</ele>
      </trkpt>
      <trkpt lat="48.889057" lon="8.133211">
        <ele>113.1</ele>
      </trkpt>
      <trkpt lat="48.889235" lon="8.133638">
        <ele>111.3</ele>
      </trkpt>
      <trkpt lat="48.889417" lon="8.133972">
        <ele>110.6</ele>
      </trkpt>
      <trkpt lat="48.889633" lon="8.134269">
        <ele>110.2</ele>
      </trkpt>
      <trkpt lat="48.890141" lon="8.134663">
        <ele>113.9</ele>
      </trkpt>
      <trkpt lat="48.89053" lon="8.134933">
        <ele>113.4</ele>
      </trkpt>
      <trkpt lat="48.891233" lon="8.135477">
        <ele>114.2</ele>
      </trkpt>
      <trkpt lat="48.891428" lon="8.135565">
        <ele>115.4</ele>
      </trkpt>
      <trkpt lat="48.891637" lon="8.135597">
        <ele>115.7</ele>
      </trkpt>
      <trkpt lat="48.891844" lon="8.135556">
        <ele>115.4</ele>
      </trkpt>
      <trkpt lat="48.892848" lon="8.135029">
        <ele>113.7</ele>
      </trkpt>
      <trkpt lat="48.893066" lon="8.135004">
        <ele>114.3</ele>
      </trkpt>
      <trkpt lat="48.899595" lon="8.13583">
        <ele>117</ele>
      </trkpt>
      <trkpt lat="48.899756" lon="8.135794">
        <ele>116.9</ele>
      </trkpt>
      <trkpt lat="48.900794" lon="8.135936">
        <ele>116</ele>
      </trkpt>
      <trkpt lat="48.901074" lon="8.135813">
        <ele>116</ele>
      </trkpt>
      <trkpt lat="48.902176" lon="8.134735">
        <ele>116.7</ele>
      </trkpt>
      <trkpt lat="48.903345" lon="8.133291">
        <ele>113.6</ele>
      </trkpt>
      <trkpt lat="48.905651" lon="8.130583">
        <ele>113.9</ele>
      </trkpt>
      <trkpt lat="48.905942" lon="8.130207">
        <ele>113.4</ele>
      </trkpt>
      <trkpt lat="48.906104" lon="8.130042">
        <ele>114.3</ele>
      </trkpt>
      <trkpt lat="48.906407" lon="8.129932">
        <ele>115.6</ele>
      </trkpt>
      <trkpt lat="48.907124" lon="8.130012">
        <ele>113.9</ele>
      </trkpt>
      <trkpt lat="48.907705" lon="8.130209">
        <ele>116.2</ele>
      </trkpt>
      <trkpt lat="48.908029" lon="8.130479">
        <ele>116.8</ele>
      </trkpt>
      <trkpt lat="48.908298" lon="8.130931">
        <ele>115.9</ele>
      </trkpt>
      <trkpt lat="48.908422" lon="8.131412">
        <ele>114.4</ele>
      </trkpt>
      <trkpt lat="48.908916" lon="8.134396">
        <ele>114.9</ele>
      </trkpt>
      <trkpt lat="48.90905" lon="8.134905">
        <ele>117</ele>
      </trkpt>
      <trkpt lat="48.909161" lon="8.135105">
        <ele>115.6</ele>
      </trkpt>
      <trkpt lat="48.909713" lon="8.135808">
        <ele>113.2</ele>
      </trkpt>
      <trkpt lat="48.910058" lon="8.13647">
        <ele>113.8</ele>
      </trkpt>
      <trkpt lat="48.910387" lon="8.136839">
        <ele>113.2</ele>
      </trkpt>
      <trkpt lat="48.910574" lon="8.137251">
        <ele>113.6</ele>
      </trkpt>
      <trkpt lat="48.910718" lon="8.137655">
        <ele>111.7</ele>
      </trkpt>
      <trkpt lat="48.910861" lon="8.138125">
        <ele>108.5</ele>
      </trkpt>
      <trkpt lat="48.911017" lon="8.138871">
        <ele>106.2</ele>
      </trkpt>
      <trkpt lat="48.911134" lon="8.139151">
        <ele>106.9</ele>
      </trkpt>
      <trkpt lat="48.911502" lon="8.139579">
        <ele>110.2</ele>
      </trkpt>
      <trkpt lat="48.91196" lon="8.140276">
        <ele>109.8</ele>
      </trkpt>
      <trkpt lat="48.912307" lon="8.140693">
        <ele>110.7</ele>
      </trkpt>
      <trkpt lat="48.912568" lon="8.140952">
        <ele>111.3</ele>
      </trkpt>
      <trkpt lat="48.913328" lon="8.14154">
        <ele>109.5</ele>
      </trkpt>
      <trkpt lat="48.913665" lon="8.141969">
        <ele>109</ele>
      </trkpt>
      <trkpt lat="48.913883" lon="8.142319">
        <ele>109.9</ele>
      </trkpt>
      <trkpt lat="48.913971" lon="8.142506">
        <ele>110.1</ele>
      </trkpt>
      <trkpt lat="48.914368" lon="8.14371">
        <ele>110.3</ele>
      </trkpt>
      <trkpt lat="48.914611" lon="8.144791">
        <ele>107.9</ele>
      </trkpt>
      <trkpt lat="48.914701" lon="8.144917">
        <ele>107.8</ele>
      </trkpt>
      <trkpt lat="48.91509" lon="8.145262">
        <ele>109.2</ele>
      </trkpt>
      <trkpt lat="48.915391" lon="8.145618">
        <ele>110.7</ele>
      </trkpt>
      <trkpt lat="48.915756" lon="8.145981">
        <ele>110.4</ele>
      </trkpt>
      <trkpt lat="48.916014" lon="8.146116">
        <ele>109.9</ele>
      </trkpt>
      <trkpt lat="48.916405" lon="8.146148">
        <ele>111.5</ele>
      </trkpt>
      <trkpt lat="48.916542" lon="8.146292">
        <ele>113.3</ele>
      </trkpt>
      <trkpt lat="48.916747" lon="8.146672">
        <ele>116.2</ele>
      </trkpt>
      <trkpt lat="48.917011" lon="8.147191">
        <ele>111.8</ele>
      </trkpt>
      <trkpt lat="48.917364" lon="8.147724">
        <ele>110.1</ele>
      </trkpt>
      <trkpt lat="48.91756" lon="8.147961">
        <ele>108.6</ele>
      </trkpt>
      <trkpt lat="48.917844" lon="8.148179">
        <ele>106.8</ele>
      </trkpt>
      <trkpt lat="48.91837" lon="8.148584">
        <ele>112.5</ele>
      </trkpt>
      <trkpt lat="48.918534" lon="8.148688">
        <ele>113.4</ele>
      </trkpt>
      <trkpt lat="48.91851" lon="8.148783">
        <ele>113.4</ele>
      </trkpt>
      <trkpt lat="48.918607" lon="8.148901">
        <ele>113.7</ele>
      </trkpt>
      <trkpt lat="48.918532" lon="8.149457">
        <ele>114.2</ele>
      </trkpt>
      <trkpt lat="48.918415" lon="8.149989">
        <ele>113.3</ele>
      </trkpt>
      <trkpt lat="48.917973" lon="8.151268">
        <ele>114.6</ele>
      </trkpt>
      <trkpt lat="48.917451" lon="8.152656">
        <ele>111.7</ele>
      </trkpt>
      <trkpt lat="48.917392" lon="8.152864">
        <ele>111.2</ele>
      </trkpt>
      <trkpt lat="48.917384" lon="8.153279">
        <ele>111.5</ele>
      </trkpt>
      <trkpt lat="48.917407" lon="8.153581">
        <ele>111.5</ele>
      </trkpt>
      <trkpt lat="48.917558" lon="8.153905">
        <ele>110.7</ele>
      </trkpt>
      <trkpt lat="48.91791" lon="8.154471">
        <ele>109.6</ele>
      </trkpt>
      <trkpt lat="48.917873" lon="8.154684">
        <ele>109.7</ele>
      </trkpt>
      <trkpt lat="48.91743" lon="8.156504">
        <ele>111.9</ele>
      </trkpt>
      <trkpt lat="48.917351" lon="8.156909">
        <ele>110.9</ele>
      </trkpt>
      <trkpt lat="48.917338" lon="8.157119">
        <ele>110</ele>
      </trkpt>
      <trkpt lat="48.917372" lon="8.157259">
        <ele>109.4</ele>
      </trkpt>
      <trkpt lat="48.917487" lon="8.157463">
        <ele>109</ele>
      </trkpt>
      <trkpt lat="48.917842" lon="8.157852">
        <ele>110.8</ele>
      </trkpt>
      <trkpt lat="48.91819" lon="8.158141">
        <ele>110.9</ele>
      </trkpt>
      <trkpt lat="48.919043" lon="8.158621">
        <ele>109</ele>
      </trkpt>
      <trkpt lat="48.920668" lon="8.160297">
        <ele>112.3</ele>
      </trkpt>
      <trkpt lat="48.920814" lon="8.16041">
        <ele>112.4</ele>
      </trkpt>
      <trkpt lat="48.921149" lon="8.160595">
        <ele>112</ele>
      </trkpt>
      <trkpt lat="48.921326" lon="8.160642">
        <ele>111.9</ele>
      </trkpt>
      <trkpt lat="48.922012" lon="8.160716">
        <ele>111.5</ele>
      </trkpt>
      <trkpt lat="48.922223" lon="8.160774">
        <ele>110</ele>
      </trkpt>
      <trkpt lat="48.922693" lon="8.161063">
        <ele>109.1</ele>
      </trkpt>
      <trkpt lat="48.926238" lon="8.165076">
        <ele>110.1</ele>
      </trkpt>
      <trkpt lat="48.926498" lon="8.165427">
        <ele>109.2</ele>
      </trkpt>
      <trkpt lat="48.92664" lon="8.165733">
        <ele>109.8</ele>
      </trkpt>
      <trkpt lat="48.926771" lon="8.166099">
        <ele>111.2</ele>
      </trkpt>
      <trkpt lat="48.927363" lon="8.168073">
        <ele>113.2</ele>
      </trkpt>
      <trkpt lat="48.927504" lon="8.168456">
        <ele>113.4</ele>
      </trkpt>
      <trkpt lat="48.927732" lon="8.168908">
        <ele>112.9</ele>
      </trkpt>
      <trkpt lat="48.927917" lon="8.16917">
        <ele>112.9</ele>
      </trkpt>
      <trkpt lat="48.928291" lon="8.169624">
        <ele>111.3</ele>
      </trkpt>
      <trkpt lat="48.930643" lon="8.172192">
        <ele>112.7</ele>
      </trkpt>
      <trkpt lat="48.932479" lon="8.174187">
        <ele>113.3</ele>
      </trkpt>
      <trkpt lat="48.932785" lon="8.174414">
        <ele>114.2</ele>
      </trkpt>
      <trkpt lat="48.93381" lon="8.174822">
        <ele>114.3</ele>
      </trkpt>
      <trkpt lat="48.934028" lon="8.174978">
        <ele>115.4</ele>
      </trkpt>
      <trkpt lat="48.934902" lon="8.175899">
        <ele>114.4</ele>
      </trkpt>
      <trkpt lat="48.935161" lon="8.176266">
        <ele>114.6</ele>
      </trkpt>
      <trkpt lat="48.935605" lon="8.177121">
        <ele>112.7</ele>
      </trkpt>
      <trkpt lat="48.93578" lon="8.177345">
        <ele>115.3</ele>
      </trkpt>
      <trkpt lat="48.935978" lon="8.177511">
        <ele>114.9</ele>
      </trkpt>
      <trkpt lat="48.937688" lon="8.178882">
        <ele>116.9</ele>
      </trkpt>
      <trkpt lat="48.940828" lon="8.181256">
        <ele>113.5</ele>
      </trkpt>
      <trkpt lat="48.942332" lon="8.182318">
        <ele>113.9</ele>
      </trkpt>
      <trkpt lat="48.945615" lon="8.184556">
        <ele>113.6</ele>
      </trkpt>
      <trkpt lat="48.946354" lon="8.18498">
        <ele>111.8</ele>
      </trkpt>
      <trkpt lat="48.946501" lon="8.185033">
        <ele>111.3</ele>
      </trkpt>
      <trkpt lat="48.946559" lon="8.185043">
        <ele>111.1</ele>
      </trkpt>
      <trkpt lat="48.946798" lon="8.185102">
        <ele>110.2</ele>
      </trkpt>
      <trkpt lat="48.947049" lon="8.185025">
        <ele>110.2</ele>
      </trkpt>
      <trkpt lat="48.947192" lon="8.184918">
        <ele>110.6</ele>
      </trkpt>
      <trkpt lat="48.94757" lon="8.184494">
        <ele>110.7</ele>
      </trkpt>
      <trkpt lat="48.947653" lon="8.184311">
        <ele>110.7</ele>
      </trkpt>
      <trkpt lat="48.947674" lon="8.184185">
        <ele>110.1</ele>
      </trkpt>
      <trkpt lat="48.947673" lon="8.184052">
        <ele>109.7</ele>
      </trkpt>
      <trkpt lat="48.947637" lon="8.183915">
        <ele>109.3</ele>
      </trkpt>
      <trkpt lat="48.947567" lon="8.183811">
        <ele>108.8</ele>
      </trkpt>
      <trkpt lat="48.946554" lon="8.183052">
        <ele>112.3</ele>
      </trkpt>
      <trkpt lat="48.94645" lon="8.182903">
        <ele>112.7</ele>
      </trkpt>
      <trkpt lat="48.946399" lon="8.182755">
        <ele>112.8</ele>
      </trkpt>
      <trkpt lat="48.94638" lon="8.182615">
        <ele>112.9</ele>
      </trkpt>
      <trkpt lat="48.946413" lon="8.182363">
        <ele>112.8</ele>
      </trkpt>
      <trkpt lat="48.946712" lon="8.181046">
        <ele>116.2</ele>
      </trkpt>
      <trkpt lat="48.946824" lon="8.18081">
        <ele>114.7</ele>
      </trkpt>
      <trkpt lat="48.946927" lon="8.180722">
        <ele>113.4</ele>
      </trkpt>
      <trkpt lat="48.947019" lon="8.180696">
        <ele>112.7</ele>
      </trkpt>
      <trkpt lat="48.947237" lon="8.180225">
        <ele>110.3</ele>
      </trkpt>
      <trkpt lat="48.947389" lon="8.179096">
        <ele>110.9</ele>
      </trkpt>
      <trkpt lat="48.948015" lon="8.178654">
        <ele>109</ele>
      </trkpt>
      <trkpt lat="48.948133" lon="8.178704">
        <ele>109.4</ele>
      </trkpt>
      <trkpt lat="48.948197" lon="8.178567">
        <ele>109.5</ele>
      </trkpt>
      <trkpt lat="48.948421" lon="8.178369">
        <ele>110</ele>
      </trkpt>
      <trkpt lat="48.948521" lon="8.178486">
        <ele>110</ele>
      </trkpt>
      <trkpt lat="48.948593" lon="8.178572">
        <ele>110</ele>
      </trkpt>
      <trkpt lat="48.948662" lon="8.178444">
        <ele>110</ele>
      </trkpt>
      <trkpt lat="48.948832" lon="8.17832">
        <ele>110</ele>
      </trkpt>
      <trkpt lat="48.949127" lon="8.178269">
        <ele>110.7</ele>
      </trkpt>
      <trkpt lat="48.949282" lon="8.178314">
        <ele>110.8</ele>
      </trkpt>
      <trkpt lat="48.951883" lon="8.179684">
        <ele>105.9</ele>
      </trkpt>
      <trkpt lat="48.952333" lon="8.179775">
        <ele>108.3</ele>
      </trkpt>
      <trkpt lat="48.952579" lon="8.179864">
        <ele>108.9</ele>
      </trkpt>
      <trkpt lat="48.952763" lon="8.180131">
        <ele>108.1</ele>
      </trkpt>
      <trkpt lat="48.952858" lon="8.180175">
        <ele>107.9</ele>
      </trkpt>
      <trkpt lat="48.953083" lon="8.180127">
        <ele>107.9</ele>
      </trkpt>
      <trkpt lat="48.953734" lon="8.180647">
        <ele>107.6</ele>
      </trkpt>
      <trkpt lat="48.954412" lon="8.181007">
        <ele>107</ele>
      </trkpt>
      <trkpt lat="48.954576" lon="8.181133">
        <ele>107.4</ele>
      </trkpt>
      <trkpt lat="48.955803" lon="8.182625">
        <ele>107.3</ele>
      </trkpt>
      <trkpt lat="48.956035" lon="8.18274">
        <ele>107</ele>
      </trkpt>
      <trkpt lat="48.956225" lon="8.182772">
        <ele>108</ele>
      </trkpt>
      <trkpt lat="48.956477" lon="8.18274">
        <ele>109.4</ele>
      </trkpt>
      <trkpt lat="48.95696" lon="8.182595">
        <ele>108.1</ele>
      </trkpt>
      <trkpt lat="48.9573" lon="8.182551">
        <ele>108.7</ele>
      </trkpt>
      <trkpt lat="48.957406" lon="8.182623">
        <ele>108.4</ele>
      </trkpt>
      <trkpt lat="48.957525" lon="8.182796">
        <ele>108.4</ele>
      </trkpt>
      <trkpt lat="48.957609" lon="8.182785">
        <ele>108.4</ele>
      </trkpt>
      <trkpt lat="48.957701" lon="8.182788">
        <ele>108.4</ele>
      </trkpt>
      <trkpt lat="48.957728" lon="8.18264">
        <ele>107.9</ele>
      </trkpt>
      <trkpt lat="48.957849" lon="8.182562">
        <ele>107.8</ele>
      </trkpt>
      <trkpt lat="48.958523" lon="8.182679">
        <ele>108.4</ele>
      </trkpt>
      <trkpt lat="48.959623" lon="8.182622">
        <ele>104.9</ele>
      </trkpt>
      <trkpt lat="48.960065" lon="8.182673">
        <ele>105.2</ele>
      </trkpt>
      <trkpt lat="48.962374" lon="8.18326">
        <ele>106.6</ele>
      </trkpt>
      <trkpt lat="48.963945" lon="8.183885">
        <ele>106.9</ele>
      </trkpt>
      <trkpt lat="48.96438" lon="8.184086">
        <ele>106.8</ele>
      </trkpt>
      <trkpt lat="48.964674" lon="8.184338">
        <ele>108</ele>
      </trkpt>
      <trkpt lat="48.96492" lon="8.184649">
        <ele>109</ele>
      </trkpt>
      <trkpt lat="48.964936" lon="8.184605">
        <ele>109</ele>
      </trkpt>
      <trkpt lat="48.96502" lon="8.184768">
        <ele>109.4</ele>
      </trkpt>
      <trkpt lat="48.965067" lon="8.184921">
        <ele>109.9</ele>
      </trkpt>
      <trkpt lat="48.965171" lon="8.184977">
        <ele>110.1</ele>
      </trkpt>
      <trkpt lat="48.965225" lon="8.184955">
        <ele>110.1</ele>
      </trkpt>
      <trkpt lat="48.965302" lon="8.184802">
        <ele>109.7</ele>
      </trkpt>
      <trkpt lat="48.965424" lon="8.184718">
        <ele>109.8</ele>
      </trkpt>
      <trkpt lat="48.965442" lon="8.184771">
        <ele>110</ele>
      </trkpt>
      <trkpt lat="48.965679" lon="8.184643">
        <ele>110.4</ele>
      </trkpt>
      <trkpt lat="48.966187" lon="8.184546">
        <ele>109.5</ele>
      </trkpt>
      <trkpt lat="48.966452" lon="8.184496">
        <ele>108.9</ele>
      </trkpt>
      <trkpt lat="48.966468" lon="8.184492">
        <ele>108.8</ele>
      </trkpt>
      <trkpt lat="48.96766" lon="8.184162">
        <ele>107</ele>
      </trkpt>
      <trkpt lat="48.967922" lon="8.184169">
        <ele>106.9</ele>
      </trkpt>
      <trkpt lat="48.968581" lon="8.184293">
        <ele>108.8</ele>
      </trkpt>
      <trkpt lat="48.968715" lon="8.184268">
        <ele>108.9</ele>
      </trkpt>
      <trkpt lat="48.968848" lon="8.184187">
        <ele>109</ele>
      </trkpt>
      <trkpt lat="48.968835" lon="8.18411">
        <ele>109</ele>
      </trkpt>
      <trkpt lat="48.968915" lon="8.183939">
        <ele>109</ele>
      </trkpt>
      <trkpt lat="48.969005" lon="8.183598">
        <ele>109.1</ele>
      </trkpt>
      <trkpt lat="48.96905" lon="8.183504">
        <ele>109</ele>
      </trkpt>
      <trkpt lat="48.969355" lon="8.183132">
        <ele>109.5</ele>
      </trkpt>
      <trkpt lat="48.969434" lon="8.183118">
        <ele>109.7</ele>
      </trkpt>
      <trkpt lat="48.969671" lon="8.182959">
        <ele>110.5</ele>
      </trkpt>
      <trkpt lat="48.969782" lon="8.182898">
        <ele>111</ele>
      </trkpt>
      <trkpt lat="48.969795" lon="8.182892">
        <ele>111.1</ele>
      </trkpt>
      <trkpt lat="48.970126" lon="8.182746">
        <ele>112.5</ele>
      </trkpt>
      <trkpt lat="48.970173" lon="8.182718">
        <ele>112.6</ele>
      </trkpt>
      <trkpt lat="48.970199" lon="8.182684">
        <ele>112.6</ele>
      </trkpt>
      <trkpt lat="48.970265" lon="8.182708">
        <ele>112.9</ele>
      </trkpt>
      <trkpt lat="48.970831" lon="8.183261">
        <ele>115.9</ele>
      </trkpt>
      <trkpt lat="48.971498" lon="8.183904">
        <ele>115.6</ele>
      </trkpt>
      <trkpt lat="48.972186" lon="8.184577">
        <ele>116.7</ele>
      </trkpt>
      <trkpt lat="48.972274" lon="8.184629">
        <ele>117.4</ele>
      </trkpt>
      <trkpt lat="48.972997" lon="8.184637">
        <ele>122.6</ele>
      </trkpt>
      <trkpt lat="48.973207" lon="8.184673">
        <ele>122.7</ele>
      </trkpt>
      <trkpt lat="48.973605" lon="8.184753">
        <ele>121</ele>
      </trkpt>
      <trkpt lat="48.97372" lon="8.184727">
        <ele>120.6</ele>
      </trkpt>
      <trkpt lat="48.973845" lon="8.18464">
        <ele>120.1</ele>
      </trkpt>
      <trkpt lat="48.973974" lon="8.184515">
        <ele>119.3</ele>
      </trkpt>
      <trkpt lat="48.974016" lon="8.184475">
        <ele>118.9</ele>
      </trkpt>
      <trkpt lat="48.974159" lon="8.184334">
        <ele>118</ele>
      </trkpt>
      <trkpt lat="48.974183" lon="8.184312">
        <ele>117.9</ele>
      </trkpt>
      <trkpt lat="48.974237" lon="8.184259">
        <ele>117.6</ele>
      </trkpt>
      <trkpt lat="48.974331" lon="8.18417">
        <ele>117.2</ele>
      </trkpt>
      <trkpt lat="48.974614" lon="8.183908">
        <ele>117.3</ele>
      </trkpt>
      <trkpt lat="48.974747" lon="8.18379">
        <ele>117.9</ele>
      </trkpt>
      <trkpt lat="48.975075" lon="8.183602">
        <ele>118.3</ele>
      </trkpt>
      <trkpt lat="48.975551" lon="8.183412">
        <ele>116.9</ele>
      </trkpt>
      <trkpt lat="48.975684" lon="8.183125">
        <ele>115.9</ele>
      </trkpt>
      <trkpt lat="48.97586" lon="8.182593">
        <ele>115.5</ele>
      </trkpt>
      <trkpt lat="48.975901" lon="8.182509">
        <ele>115.4</ele>
      </trkpt>
      <trkpt lat="48.97612" lon="8.182054">
        <ele>115.8</ele>
      </trkpt>
      <trkpt lat="48.976148" lon="8.182001">
        <ele>115.6</ele>
      </trkpt>
      <trkpt lat="48.976204" lon="8.181896">
        <ele>115.5</ele>
      </trkpt>
      <trkpt lat="48.976321" lon="8.182008">
        <ele>115.7</ele>
      </trkpt>
      <trkpt lat="48.976472" lon="8.182097">
        <ele>115.4</ele>
      </trkpt>
      <trkpt lat="48.976604" lon="8.182127">
        <ele>114.5</ele>
      </trkpt>
      <trkpt lat="48.976778" lon="8.18215">
        <ele>113.2</ele>
      </trkpt>
      <trkpt lat="48.976996" lon="8.182179">
        <ele>112</ele>
      </trkpt>
      <trkpt lat="48.977293" lon="8.182216">
        <ele>112.6</ele>
      </trkpt>
      <trkpt lat="48.977483" lon="8.18225">
        <ele>113.1</ele>
      </trkpt>
      <trkpt lat="48.977503" lon="8.182253">
        <ele>113.2</ele>
      </trkpt>
      <trkpt lat="48.977767" lon="8.182296">
        <ele>113.6</ele>
      </trkpt>
      <trkpt lat="48.977868" lon="8.18231">
        <ele>113.9</ele>
      </trkpt>
      <trkpt lat="48.977961" lon="8.182348">
        <ele>114.3</ele>
      </trkpt>
      <trkpt lat="48.978028" lon="8.182362">
        <ele>114.6</ele>
      </trkpt>
      <trkpt lat="48.978063" lon="8.182366">
        <ele>114.7</ele>
      </trkpt>
      <trkpt lat="48.978195" lon="8.18239">
        <ele>115.3</ele>
      </trkpt>
      <trkpt lat="48.978254" lon="8.182347">
        <ele>115.4</ele>
      </trkpt>
      <trkpt lat="48.978327" lon="8.182461">
        <ele>116</ele>
      </trkpt>
      <trkpt lat="48.978394" lon="8.182684">
        <ele>116.9</ele>
      </trkpt>
      <trkpt lat="48.978823" lon="8.184196">
        <ele>117.4</ele>
      </trkpt>
      <trkpt lat="48.979111" lon="8.18513">
        <ele>118.7</ele>
      </trkpt>
      <trkpt lat="48.979156" lon="8.185307">
        <ele>117.8</ele>
      </trkpt>
      <trkpt lat="48.979095" lon="8.185414">
        <ele>116.7</ele>
      </trkpt>
      <trkpt lat="48.97909" lon="8.185481">
        <ele>116.4</ele>
      </trkpt>
      <trkpt lat="48.979093" lon="8.185559">
        <ele>116.5</ele>
      </trkpt>
      <trkpt lat="48.979171" lon="8.185711">
        <ele>117.1</ele>
      </trkpt>
      <trkpt lat="48.97928" lon="8.185762">
        <ele>117.8</ele>
      </trkpt>
      <trkpt lat="48.979369" lon="8.185685">
        <ele>118.4</ele>
      </trkpt>
      <trkpt lat="48.979549" lon="8.185951">
        <ele>119</ele>
      </trkpt>
      <trkpt lat="48.979902" lon="8.186622">
        <ele>119.3</ele>
      </trkpt>
      <trkpt lat="48.980481" lon="8.187622">
        <ele>121.2</ele>
      </trkpt>
      <trkpt lat="48.983798" lon="8.193366">
        <ele>121.2</ele>
      </trkpt>
      <trkpt lat="48.985243" lon="8.195855">
        <ele>128.6</ele>
      </trkpt>
      <trkpt lat="48.985437" lon="8.196192">
        <ele>129.5</ele>
      </trkpt>
      <trkpt lat="48.985486" lon="8.196281">
        <ele>129.7</ele>
      </trkpt>
      <trkpt lat="48.985799" lon="8.19682">
        <ele>128.5</ele>
      </trkpt>
      <trkpt lat="48.988026" lon="8.200658">
        <ele>126.3</ele>
      </trkpt>
      <trkpt lat="48.988087" lon="8.200765">
        <ele>126.7</ele>
      </trkpt>
      <trkpt lat="48.989653" lon="8.203458">
        <ele>123.3</ele>
      </trkpt>
      <trkpt lat="48.989956" lon="8.203978">
        <ele>122.5</ele>
      </trkpt>
      <trkpt lat="48.990518" lon="8.204931">
        <ele>123.1</ele>
      </trkpt>
      <trkpt lat="48.991071" lon="8.20589">
        <ele>124.5</ele>
      </trkpt>
      <trkpt lat="48.992754" lon="8.208793">
        <ele>125.9</ele>
      </trkpt>
      <trkpt lat="48.993215" lon="8.209508">
        <ele>124.5</ele>
      </trkpt>
      <trkpt lat="48.993389" lon="8.209697">
        <ele>125</ele>
      </trkpt>
      <trkpt lat="48.993597" lon="8.20991">
        <ele>125</ele>
      </trkpt>
      <trkpt lat="48.994147" lon="8.210334">
        <ele>126.3</ele>
      </trkpt>
      <trkpt lat="48.999208" lon="8.214306">
        <ele>124</ele>
      </trkpt>
      <trkpt lat="49.000382" lon="8.215207">
        <ele>123.6</ele>
      </trkpt>
      <trkpt lat="49.00113" lon="8.215802">
        <ele>126.3</ele>
      </trkpt>
      <trkpt lat="49.003082" lon="8.217325">
        <ele>127.3</ele>
      </trkpt>
      <trkpt lat="49.006717" lon="8.220163">
        <ele>127.2</ele>
      </trkpt>
      <trkpt lat="49.006972" lon="8.22037">
        <ele>127.4</ele>
      </trkpt>
      <trkpt lat="49.007915" lon="8.221118">
        <ele>123.7</ele>
      </trkpt>
      <trkpt lat="49.009169" lon="8.222277">
        <ele>123</ele>
      </trkpt>
      <trkpt lat="49.009696" lon="8.222666">
        <ele>123.6</ele>
      </trkpt>
      <trkpt lat="49.010036" lon="8.222837">
        <ele>122.4</ele>
      </trkpt>
      <trkpt lat="49.010479" lon="8.223008">
        <ele>121.4</ele>
      </trkpt>
      <trkpt lat="49.013183" lon="8.223495">
        <ele>124.3</ele>
      </trkpt>
      <trkpt lat="49.013568" lon="8.223617">
        <ele>124.1</ele>
      </trkpt>
      <trkpt lat="49.014168" lon="8.223934">
        <ele>125.4</ele>
      </trkpt>
      <trkpt lat="49.014526" lon="8.224214">
        <ele>125.8</ele>
      </trkpt>
      <trkpt lat="49.015052" lon="8.224718">
        <ele>126.6</ele>
      </trkpt>
      <trkpt lat="49.01561" lon="8.225503">
        <ele>125</ele>
      </trkpt>
      <trkpt lat="49.015942" lon="8.22614">
        <ele>120.3</ele>
      </trkpt>
      <trkpt lat="49.016181" lon="8.226688">
        <ele>117.4</ele>
      </trkpt>
      <trkpt lat="49.01664" lon="8.227851">
        <ele>116</ele>
      </trkpt>
      <trkpt lat="49.016849" lon="8.228447">
        <ele>116.1</ele>
      </trkpt>
      <trkpt lat="49.017148" lon="8.229411">
        <ele>113.7</ele>
      </trkpt>
      <trkpt lat="49.017263" lon="8.229879">
        <ele>113.3</ele>
      </trkpt>
      <trkpt lat="49.017533" lon="8.231337">
        <ele>116.6</ele>
      </trkpt>
      <trkpt lat="49.017582" lon="8.231534">
        <ele>115.8</ele>
      </trkpt>
      <trkpt lat="49.017671" lon="8.231881">
        <ele>114.4</ele>
      </trkpt>
      <trkpt lat="49.017831" lon="8.232321">
        <ele>113.2</ele>
      </trkpt>
      <trkpt lat="49.01797" lon="8.232628">
        <ele>112.9</ele>
      </trkpt>
      <trkpt lat="49.01816" lon="8.232966">
        <ele>116.1</ele>
      </trkpt>
      <trkpt lat="49.018362" lon="8.233258">
        <ele>119.8</ele>
      </trkpt>
      <trkpt lat="49.018719" lon="8.233688">
        <ele>118.7</ele>
      </trkpt>
      <trkpt lat="49.019137" lon="8.234229">
        <ele>113.8</ele>
      </trkpt>
      <trkpt lat="49.019378" lon="8.234606">
        <ele>112.1</ele>
      </trkpt>
      <trkpt lat="49.019621" lon="8.235084">
        <ele>110.6</ele>
      </trkpt>
      <trkpt lat="49.019864" lon="8.235678">
        <ele>110.5</ele>
      </trkpt>
      <trkpt lat="49.020058" lon="8.236295">
        <ele>107</ele>
      </trkpt>
      <trkpt lat="49.020194" lon="8.236915">
        <ele>104.4</ele>
      </trkpt>
      <trkpt lat="49.020113" lon="8.236899">
        <ele>103.8</ele>
      </trkpt>
      <trkpt lat="49.020352" lon="8.238193">
        <ele>103.8</ele>
      </trkpt>
      <trkpt lat="49.02048" lon="8.238735">
        <ele>103.7</ele>
      </trkpt>
      <trkpt lat="49.020635" lon="8.239322">
        <ele>104.9</ele>
      </trkpt>
      <trkpt lat="49.02101" lon="8.240465">
        <ele>103.9</ele>
      </trkpt>
      <trkpt lat="49.021219" lon="8.241262">
        <ele>102.1</ele>
      </trkpt>
      <trkpt lat="49.021249" lon="8.241525">
        <ele>101.2</ele>
      </trkpt>
      <trkpt lat="49.021184" lon="8.241691">
        <ele>100.7</ele>
      </trkpt>
      <trkpt lat="49.021115" lon="8.241781">
        <ele>100.4</ele>
      </trkpt>
      <trkpt lat="49.021116" lon="8.241844">
        <ele>100.2</ele>
      </trkpt>
      <trkpt lat="49.021122" lon="8.241942">
        <ele>100.1</ele>
      </trkpt>
      <trkpt lat="49.021136" lon="8.242014">
        <ele>100.1</ele>
      </trkpt>
      <trkpt lat="49.021234" lon="8.242108">
        <ele>100.5</ele>
      </trkpt>
      <trkpt lat="49.021293" lon="8.24221">
        <ele>100.9</ele>
      </trkpt>
      <trkpt lat="49.021323" lon="8.242652">
        <ele>102.1</ele>
      </trkpt>
      <trkpt lat="49.021304" lon="8.243023">
        <ele>102.9</ele>
      </trkpt>
      <trkpt lat="49.021297" lon="8.243102">
        <ele>103.1</ele>
      </trkpt>
      <trkpt lat="49.021396" lon="8.243124">
        <ele>103.5</ele>
      </trkpt>
      <trkpt lat="49.021458" lon="8.243668">
        <ele>105.2</ele>
      </trkpt>
      <trkpt lat="49.021547" lon="8.243919">
        <ele>104.9</ele>
      </trkpt>
      <trkpt lat="49.021667" lon="8.244117">
        <ele>104.1</ele>
      </trkpt>
      <trkpt lat="49.021821" lon="8.2443">
        <ele>104</ele>
      </trkpt>
      <trkpt lat="49.02218" lon="8.244621">
        <ele>104.7</ele>
      </trkpt>
      <trkpt lat="49.022353" lon="8.244762">
        <ele>104.7</ele>
      </trkpt>
      <trkpt lat="49.02288" lon="8.245215">
        <ele>104.7</ele>
      </trkpt>
      <trkpt lat="49.023147" lon="8.245555">
        <ele>104.8</ele>
      </trkpt>
      <trkpt lat="49.02328" lon="8.245928">
        <ele>105.1</ele>
      </trkpt>
      <trkpt lat="49.023385" lon="8.24634">
        <ele>105</ele>
      </trkpt>
      <trkpt lat="49.023584" lon="8.247171">
        <ele>103.8</ele>
      </trkpt>
      <trkpt lat="49.023634" lon="8.247366">
        <ele>103.3</ele>
      </trkpt>
      <trkpt lat="49.023799" lon="8.248017">
        <ele>104</ele>
      </trkpt>
      <trkpt lat="49.023896" lon="8.248384">
        <ele>104</ele>
      </trkpt>
      <trkpt lat="49.023981" lon="8.248637">
        <ele>104.4</ele>
      </trkpt>
      <trkpt lat="49.024522" lon="8.249659">
        <ele>105.9</ele>
      </trkpt>
      <trkpt lat="49.025047" lon="8.250644">
        <ele>105.1</ele>
      </trkpt>
      <trkpt lat="49.025312" lon="8.251242">
        <ele>105.8</ele>
      </trkpt>
      <trkpt lat="49.025399" lon="8.251682">
        <ele>107</ele>
      </trkpt>
      <trkpt lat="49.025418" lon="8.251901">
        <ele>106.9</ele>
      </trkpt>
      <trkpt lat="49.02542" lon="8.25262">
        <ele>105.6</ele>
      </trkpt>
      <trkpt lat="49.025358" lon="8.253514">
        <ele>105.9</ele>
      </trkpt>
      <trkpt lat="49.025251" lon="8.254825">
        <ele>104.8</ele>
      </trkpt>
      <trkpt lat="49.025232" lon="8.255038">
        <ele>105.8</ele>
      </trkpt>
      <trkpt lat="49.025425" lon="8.255091">
        <ele>105.3</ele>
      </trkpt>
      <trkpt lat="49.025711" lon="8.25518">
        <ele>105.4</ele>
      </trkpt>
      <trkpt lat="49.025763" lon="8.255194">
        <ele>105.5</ele>
      </trkpt>
      <trkpt lat="49.026984" lon="8.255538">
        <ele>103.7</ele>
      </trkpt>
      <trkpt lat="49.027393" lon="8.255717">
        <ele>103.6</ele>
      </trkpt>
      <trkpt lat="49.028179" lon="8.256309">
        <ele>103.4</ele>
      </trkpt>
      <trkpt lat="49.028205" lon="8.25621">
        <ele>103.6</ele>
      </trkpt>
      <trkpt lat="49.028227" lon="8.256161">
        <ele>103.8</ele>
      </trkpt>
      <trkpt lat="49.028476" lon="8.256359">
        <ele>103.9</ele>
      </trkpt>
      <trkpt lat="49.028711" lon="8.256349">
        <ele>103.2</ele>
      </trkpt>
      <trkpt lat="49.028813" lon="8.25645">
        <ele>102.7</ele>
      </trkpt>
      <trkpt lat="49.028886" lon="8.256576">
        <ele>102.3</ele>
      </trkpt>
      <trkpt lat="49.030815" lon="8.257327">
        <ele>103.3</ele>
      </trkpt>
      <trkpt lat="49.031348" lon="8.257597">
        <ele>104.1</ele>
      </trkpt>
      <trkpt lat="49.031642" lon="8.257838">
        <ele>104.5</ele>
      </trkpt>
      <trkpt lat="49.032618" lon="8.259074">
        <ele>106.3</ele>
      </trkpt>
      <trkpt lat="49.032938" lon="8.259501">
        <ele>105.9</ele>
      </trkpt>
      <trkpt lat="49.03394" lon="8.260817">
        <ele>107.8</ele>
      </trkpt>
      <trkpt lat="49.034042" lon="8.260926">
        <ele>107.6</ele>
      </trkpt>
      <trkpt lat="49.034179" lon="8.261004">
        <ele>108</ele>
      </trkpt>
      <trkpt lat="49.034327" lon="8.261039">
        <ele>108.9</ele>
      </trkpt>
      <trkpt lat="49.034477" lon="8.261032">
        <ele>109.5</ele>
      </trkpt>
      <trkpt lat="49.036705" lon="8.260667">
        <ele>110.6</ele>
      </trkpt>
      <trkpt lat="49.037564" lon="8.260535">
        <ele>108.2</ele>
      </trkpt>
      <trkpt lat="49.037785" lon="8.260539">
        <ele>107.6</ele>
      </trkpt>
      <trkpt lat="49.038205" lon="8.260644">
        <ele>109.1</ele>
      </trkpt>
      <trkpt lat="49.038333" lon="8.260613">
        <ele>110.3</ele>
      </trkpt>
      <trkpt lat="49.038402" lon="8.260594">
        <ele>111</ele>
      </trkpt>
      <trkpt lat="49.038447" lon="8.260618">
        <ele>110.9</ele>
      </trkpt>
      <trkpt lat="49.038616" lon="8.260774">
        <ele>110.2</ele>
      </trkpt>
      <trkpt lat="49.038716" lon="8.260821">
        <ele>109.6</ele>
      </trkpt>
      <trkpt lat="49.038882" lon="8.260802">
        <ele>109.7</ele>
      </trkpt>
      <trkpt lat="49.03897" lon="8.260845">
        <ele>109.5</ele>
      </trkpt>
      <trkpt lat="49.039133" lon="8.261005">
        <ele>108.9</ele>
      </trkpt>
      <trkpt lat="49.040051" lon="8.261446">
        <ele>110</ele>
      </trkpt>
      <trkpt lat="49.040375" lon="8.261624">
        <ele>106.6</ele>
      </trkpt>
      <trkpt lat="49.040448" lon="8.261728">
        <ele>105.9</ele>
      </trkpt>
      <trkpt lat="49.04089" lon="8.261952">
        <ele>106</ele>
      </trkpt>
      <trkpt lat="49.041109" lon="8.262042">
        <ele>105.3</ele>
      </trkpt>
      <trkpt lat="49.041453" lon="8.262068">
        <ele>106.9</ele>
      </trkpt>
      <trkpt lat="49.041495" lon="8.262012">
        <ele>107.4</ele>
      </trkpt>
      <trkpt lat="49.041514" lon="8.262139">
        <ele>107.2</ele>
      </trkpt>
      <trkpt lat="49.041631" lon="8.262185">
        <ele>108</ele>
      </trkpt>
      <trkpt lat="49.042076" lon="8.262239">
        <ele>107.5</ele>
      </trkpt>
      <trkpt lat="49.042685" lon="8.262214">
        <ele>106.9</ele>
      </trkpt>
      <trkpt lat="49.043283" lon="8.262228">
        <ele>100.7</ele>
      </trkpt>
      <trkpt lat="49.043722" lon="8.262327">
        <ele>100.4</ele>
      </trkpt>
      <trkpt lat="49.043889" lon="8.262403">
        <ele>101.1</ele>
      </trkpt>
      <trkpt lat="49.043908" lon="8.26251">
        <ele>101.5</ele>
      </trkpt>
      <trkpt lat="49.044134" lon="8.262645">
        <ele>102.8</ele>
      </trkpt>
      <trkpt lat="49.044546" lon="8.263004">
        <ele>102</ele>
      </trkpt>
      <trkpt lat="49.045014" lon="8.263456">
        <ele>102</ele>
      </trkpt>
      <trkpt lat="49.045485" lon="8.263795">
        <ele>101.7</ele>
      </trkpt>
      <trkpt lat="49.045745" lon="8.263935">
        <ele>101.9</ele>
      </trkpt>
      <trkpt lat="49.045978" lon="8.264006">
        <ele>101.9</ele>
      </trkpt>
      <trkpt lat="49.046191" lon="8.264008">
        <ele>102.3</ele>
      </trkpt>
      <trkpt lat="49.046196" lon="8.264097">
        <ele>102.3</ele>
      </trkpt>
      <trkpt lat="49.046252" lon="8.264091">
        <ele>102.4</ele>
      </trkpt>
      <trkpt lat="49.046272" lon="8.264241">
        <ele>102.5</ele>
      </trkpt>
      <trkpt lat="49.046324" lon="8.264318">
        <ele>102.7</ele>
      </trkpt>
      <trkpt lat="49.04667" lon="8.264458">
        <ele>104.6</ele>
      </trkpt>
      <trkpt lat="49.047263" lon="8.264875">
        <ele>103.5</ele>
      </trkpt>
      <trkpt lat="49.047701" lon="8.265307">
        <ele>102.6</ele>
      </trkpt>
      <trkpt lat="49.047887" lon="8.265575">
        <ele>103.1</ele>
      </trkpt>
      <trkpt lat="49.047939" lon="8.26541">
        <ele>103.3</ele>
      </trkpt>
      <trkpt lat="49.048092" lon="8.264892">
        <ele>103.8</ele>
      </trkpt>
      <trkpt lat="49.048142" lon="8.264912">
        <ele>103.9</ele>
      </trkpt>
      <trkpt lat="49.04829" lon="8.264988">
        <ele>104.1</ele>
      </trkpt>
      <trkpt lat="49.048525" lon="8.265221">
        <ele>103.6</ele>
      </trkpt>
      <trkpt lat="49.048684" lon="8.265502">
        <ele>102.5</ele>
      </trkpt>
      <trkpt lat="49.048799" lon="8.265845">
        <ele>101.7</ele>
      </trkpt>
      <trkpt lat="49.048855" lon="8.265908">
        <ele>101.6</ele>
      </trkpt>
      <trkpt lat="49.048993" lon="8.26605">
        <ele>101.3</ele>
      </trkpt>
      <trkpt lat="49.049137" lon="8.266209">
        <ele>101.9</ele>
      </trkpt>
      <trkpt lat="49.049288" lon="8.266796">
        <ele>102.4</ele>
      </trkpt>
      <trkpt lat="49.049341" lon="8.266856">
        <ele>102.3</ele>
      </trkpt>
      <trkpt lat="49.049458" lon="8.267017">
        <ele>101.8</ele>
      </trkpt>
      <trkpt lat="49.049417" lon="8.267403">
        <ele>102.1</ele>
      </trkpt>
      <trkpt lat="49.049419" lon="8.267492">
        <ele>102.3</ele>
      </trkpt>
      <trkpt lat="49.049498" lon="8.267686">
        <ele>102.8</ele>
      </trkpt>
      <trkpt lat="49.049469" lon="8.267717">
        <ele>102.9</ele>
      </trkpt>
      <trkpt lat="49.049508" lon="8.267796">
        <ele>103.1</ele>
      </trkpt>
      <trkpt lat="49.049566" lon="8.267915">
        <ele>103.4</ele>
      </trkpt>
      <trkpt lat="49.049631" lon="8.268026">
        <ele>103.3</ele>
      </trkpt>
      <trkpt lat="49.049847" lon="8.268316">
        <ele>103</ele>
      </trkpt>
      <trkpt lat="49.049948" lon="8.268436">
        <ele>103.1</ele>
      </trkpt>
      <trkpt lat="49.050435" lon="8.26865">
        <ele>104.7</ele>
      </trkpt>
      <trkpt lat="49.05085" lon="8.268765">
        <ele>105</ele>
      </trkpt>
      <trkpt lat="49.05097" lon="8.268765">
        <ele>105.4</ele>
      </trkpt>
      <trkpt lat="49.051209" lon="8.268738">
        <ele>106.9</ele>
      </trkpt>
      <trkpt lat="49.051448" lon="8.268593">
        <ele>108.7</ele>
      </trkpt>
      <trkpt lat="49.051494" lon="8.268558">
        <ele>108.8</ele>
      </trkpt>
      <trkpt lat="49.051651" lon="8.268427">
        <ele>108.8</ele>
      </trkpt>
      <trkpt lat="49.05174" lon="8.268367">
        <ele>108.8</ele>
      </trkpt>
      <trkpt lat="49.05189" lon="8.268257">
        <ele>108.2</ele>
      </trkpt>
      <trkpt lat="49.052065" lon="8.268147">
        <ele>107.2</ele>
      </trkpt>
      <trkpt lat="49.052122" lon="8.268114">
        <ele>106.9</ele>
      </trkpt>
      <trkpt lat="49.052786" lon="8.267748">
        <ele>104</ele>
      </trkpt>
      <trkpt lat="49.052858" lon="8.267683">
        <ele>103.9</ele>
      </trkpt>
      <trkpt lat="49.052959" lon="8.267536">
        <ele>103.6</ele>
      </trkpt>
      <trkpt lat="49.05326" lon="8.267099">
        <ele>102.8</ele>
      </trkpt>
      <trkpt lat="49.053878" lon="8.266293">
        <ele>104</ele>
      </trkpt>
      <trkpt lat="49.054004" lon="8.266165">
        <ele>103.5</ele>
      </trkpt>
      <trkpt lat="49.054179" lon="8.266079">
        <ele>103</ele>
      </trkpt>
      <trkpt lat="49.054234" lon="8.266062">
        <ele>102.8</ele>
      </trkpt>
    </trkseg>
  </trk>
</gpx>