<?xml version="1.0" encoding="UTF-8"?>
<gpx version="1.1" xmlns="http://www.topografix.com/GPX/1/1" creator="https://github.com/georust/gpx">
  <trk>
    <name>[flat] 04: to END</name>
    <trkseg>
      <trkpt lat="48.533576" lon="8.288608" />
      <trkpt lat="48.533576" lon="8.288608" />
      <trkpt lat="48.534029" lon="8.288398" />
      <trkpt lat="48.534851" lon="8.287681" />
      <trkpt lat="48.535323" lon="8.287151" />
      <trkpt lat="48.535432" lon="8.286943" />
      <trkpt lat="48.535433" lon="8.286943" />
      <trkpt lat="48.535796" lon="8.285614" />
      <trkpt lat="48.53601" lon="8.284861" />
      <trkpt lat="48.536124" lon="8.284377" />
      <trkpt lat="48.536399" lon="8.283403" />
      <trkpt lat="48.53667" lon="8.282698" />
      <trkpt lat="48.537025" lon="8.281955" />
      <trkpt lat="48.537169" lon="8.281681" />
      <trkpt lat="48.537363" lon="8.281383" />
      <trkpt lat="48.537532" lon="8.281203" />
      <trkpt lat="48.537736" lon="8.281066" />
      <trkpt lat="48.538198" lon="8.280937" />
      <trkpt lat="48.538444" lon="8.280831" />
      <trkpt lat="48.538854" lon="8.28056" />
      <trkpt lat="48.539037" lon="8.280341" />
      <trkpt lat="48.539522" lon="8.27963" />
      <trkpt lat="48.54089" lon="8.277721" />
      <trkpt lat="48.541584" lon="8.277087" />
      <trkpt lat="48.541877" lon="8.276791" />
      <trkpt lat="48.542044" lon="8.276594" />
      <trkpt lat="48.542209" lon="8.276326" />
      <trkpt lat="48.542358" lon="8.276009" />
      <trkpt lat="48.542799" lon="8.274797" />
      <trkpt lat="48.544267" lon="8.271539" />
      <trkpt lat="48.544418" lon="8.271308" />
      <trkpt lat="48.544637" lon="8.271049" />
      <trkpt lat="48.54491" lon="8.270852" />
      <trkpt lat="48.545143" lon="8.270778" />
      <trkpt lat="48.545318" lon="8.270803" />
      <trkpt lat="48.546253" lon="8.271076" />
      <trkpt lat="48.546441" lon="8.271093" />
      <trkpt lat="48.546587" lon="8.271058" />
      <trkpt lat="48.546672" lon="8.270955" />
      <trkpt lat="48.546715" lon="8.270803" />
      <trkpt lat="48.546708" lon="8.270621" />
      <trkpt lat="48.546655" lon="8.27042" />
      <trkpt lat="48.546361" lon="8.269885" />
      <trkpt lat="48.546308" lon="8.269675" />
      <trkpt lat="48.546321" lon="8.269483" />
      <trkpt lat="48.546396" lon="8.269318" />
      <trkpt lat="48.546576" lon="8.269207" />
      <trkpt lat="48.547179" lon="8.269072" />
      <trkpt lat="48.547581" lon="8.268776" />
      <trkpt lat="48.547795" lon="8.26851" />
      <trkpt lat="48.548096" lon="8.268006" />
      <trkpt lat="48.548404" lon="8.267191" />
      <trkpt lat="48.548566" lon="8.266885" />
      <trkpt lat="48.548713" lon="8.266682" />
      <trkpt lat="48.548874" lon="8.266586" />
      <trkpt lat="48.549329" lon="8.266488" />
      <trkpt lat="48.549427" lon="8.266433" />
      <trkpt lat="48.549494" lon="8.266326" />
      <trkpt lat="48.549511" lon="8.266193" />
      <trkpt lat="48.549489" lon="8.26606" />
      <trkpt lat="48.549388" lon="8.265853" />
      <trkpt lat="48.549332" lon="8.265638" />
      <trkpt lat="48.54934" lon="8.265408" />
      <trkpt lat="48.549742" lon="8.263987" />
      <trkpt lat="48.549878" lon="8.263586" />
      <trkpt lat="48.550062" lon="8.263155" />
      <trkpt lat="48.551027" lon="8.261365" />
      <trkpt lat="48.551224" lon="8.261176" />
      <trkpt lat="48.551634" lon="8.260974" />
      <trkpt lat="48.551975" lon="8.26086" />
      <trkpt lat="48.553315" lon="8.260584" />
      <trkpt lat="48.553441" lon="8.260508" />
      <trkpt lat="48.553521" lon="8.260404" />
      <trkpt lat="48.553601" lon="8.260158" />
      <trkpt lat="48.55364" lon="8.259918" />
      <trkpt lat="48.553628" lon="8.259734" />
      <trkpt lat="48.553573" lon="8.259537" />
      <trkpt lat="48.553446" lon="8.259377" />
      <trkpt lat="48.553312" lon="8.259282" />
      <trkpt lat="48.552444" lon="8.258956" />
      <trkpt lat="48.552238" lon="8.258791" />
      <trkpt lat="48.552094" lon="8.258562" />
      <trkpt lat="48.551984" lon="8.258196" />
      <trkpt lat="48.551946" lon="8.257725" />
      <trkpt lat="48.551894" lon="8.256198" />
      <trkpt lat="48.551797" lon="8.254277" />
      <trkpt lat="48.551739" lon="8.254043" />
      <trkpt lat="48.551427" lon="8.253353" />
      <trkpt lat="48.551338" lon="8.252897" />
      <trkpt lat="48.551293" lon="8.252433" />
      <trkpt lat="48.551273" lon="8.251834" />
      <trkpt lat="48.551317" lon="8.251354" />
      <trkpt lat="48.5514" lon="8.250883" />
      <trkpt lat="48.551571" lon="8.250203" />
      <trkpt lat="48.551793" lon="8.249712" />
      <trkpt lat="48.552028" lon="8.249337" />
      <trkpt lat="48.552254" lon="8.249073" />
      <trkpt lat="48.552571" lon="8.24879" />
      <trkpt lat="48.553204" lon="8.248409" />
      <trkpt lat="48.554638" lon="8.247651" />
      <trkpt lat="48.555161" lon="8.247293" />
      <trkpt lat="48.555327" lon="8.247077" />
      <trkpt lat="48.555439" lon="8.246863" />
      <trkpt lat="48.555495" lon="8.246622" />
      <trkpt lat="48.555499" lon="8.246404" />
      <trkpt lat="48.555455" lon="8.246205" />
      <trkpt lat="48.555377" lon="8.246" />
      <trkpt lat="48.555266" lon="8.245857" />
      <trkpt lat="48.555102" lon="8.245716" />
      <trkpt lat="48.554883" lon="8.245584" />
      <trkpt lat="48.554587" lon="8.245551" />
      <trkpt lat="48.554295" lon="8.245559" />
      <trkpt lat="48.553514" lon="8.245848" />
      <trkpt lat="48.553378" lon="8.245877" />
      <trkpt lat="48.553237" lon="8.245824" />
      <trkpt lat="48.553133" lon="8.245678" />
      <trkpt lat="48.552884" lon="8.245155" />
      <trkpt lat="48.552612" lon="8.244724" />
      <trkpt lat="48.55234" lon="8.244418" />
      <trkpt lat="48.551732" lon="8.243977" />
      <trkpt lat="48.551502" lon="8.24375" />
      <trkpt lat="48.551308" lon="8.243423" />
      <trkpt lat="48.551145" lon="8.242998" />
      <trkpt lat="48.551071" lon="8.242534" />
      <trkpt lat="48.551084" lon="8.24198" />
      <trkpt lat="48.551153" lon="8.241622" />
      <trkpt lat="48.551259" lon="8.24134" />
      <trkpt lat="48.551778" lon="8.240199" />
      <trkpt lat="48.551923" lon="8.239944" />
      <trkpt lat="48.552169" lon="8.239651" />
      <trkpt lat="48.552478" lon="8.239375" />
      <trkpt lat="48.552819" lon="8.239134" />
      <trkpt lat="48.55318" lon="8.238925" />
      <trkpt lat="48.553635" lon="8.238771" />
      <trkpt lat="48.554169" lon="8.238689" />
      <trkpt lat="48.554888" lon="8.238628" />
      <trkpt lat="48.557" lon="8.23801" />
      <trkpt lat="48.559556" lon="8.237433" />
      <trkpt lat="48.559886" lon="8.237298" />
      <trkpt lat="48.560139" lon="8.237127" />
      <trkpt lat="48.560283" lon="8.23697" />
      <trkpt lat="48.560513" lon="8.236608" />
      <trkpt lat="48.561001" lon="8.235824" />
      <trkpt lat="48.561089" lon="8.235634" />
      <trkpt lat="48.561215" lon="8.235216" />
      <trkpt lat="48.561287" lon="8.234475" />
      <trkpt lat="48.561353" lon="8.23425" />
      <trkpt lat="48.561632" lon="8.233709" />
      <trkpt lat="48.561704" lon="8.233415" />
      <trkpt lat="48.561726" lon="8.233212" />
      <trkpt lat="48.561696" lon="8.232987" />
      <trkpt lat="48.561631" lon="8.232791" />
      <trkpt lat="48.561435" lon="8.232563" />
      <trkpt lat="48.561296" lon="8.23251" />
      <trkpt lat="48.56108" lon="8.23255" />
      <trkpt lat="48.560801" lon="8.232789" />
      <trkpt lat="48.560666" lon="8.232862" />
      <trkpt lat="48.56053" lon="8.232855" />
      <trkpt lat="48.560423" lon="8.232781" />
      <trkpt lat="48.56034" lon="8.232656" />
      <trkpt lat="48.560286" lon="8.232494" />
      <trkpt lat="48.560189" lon="8.231684" />
      <trkpt lat="48.559896" lon="8.230559" />
      <trkpt lat="48.559815" lon="8.23011" />
      <trkpt lat="48.559774" lon="8.229593" />
      <trkpt lat="48.559779" lon="8.229142" />
      <trkpt lat="48.559802" lon="8.228527" />
      <trkpt lat="48.559866" lon="8.228025" />
      <trkpt lat="48.559964" lon="8.227421" />
      <trkpt lat="48.560019" lon="8.227172" />
      <trkpt lat="48.560089" lon="8.226863" />
      <trkpt lat="48.560272" lon="8.226168" />
      <trkpt lat="48.560545" lon="8.225285" />
      <trkpt lat="48.560591" lon="8.225136" />
      <trkpt lat="48.560763" lon="8.224572" />
      <trkpt lat="48.56101" lon="8.2237" />
      <trkpt lat="48.561032" lon="8.223598" />
      <trkpt lat="48.56113" lon="8.222682" />
      <trkpt lat="48.561156" lon="8.222384" />
      <trkpt lat="48.56117" lon="8.222225" />
      <trkpt lat="48.561176" lon="8.222176" />
      <trkpt lat="48.561203" lon="8.221952" />
      <trkpt lat="48.561261" lon="8.221721" />
      <trkpt lat="48.56133" lon="8.221591" />
      <trkpt lat="48.561453" lon="8.221445" />
      <trkpt lat="48.561541" lon="8.221347" />
      <trkpt lat="48.561589" lon="8.221303" />
      <trkpt lat="48.561772" lon="8.221246" />
      <trkpt lat="48.562454" lon="8.221705" />
      <trkpt lat="48.562727" lon="8.221931" />
      <trkpt lat="48.562972" lon="8.222186" />
      <trkpt lat="48.563268" lon="8.222464" />
      <trkpt lat="48.563412" lon="8.222561" />
      <trkpt lat="48.563687" lon="8.22272" />
      <trkpt lat="48.563882" lon="8.222787" />
      <trkpt lat="48.565424" lon="8.223274" />
      <trkpt lat="48.56626" lon="8.223475" />
      <trkpt lat="48.566711" lon="8.223541" />
      <trkpt lat="48.567652" lon="8.223572" />
      <trkpt lat="48.569195" lon="8.223413" />
      <trkpt lat="48.56954" lon="8.223391" />
      <trkpt lat="48.569914" lon="8.223413" />
      <trkpt lat="48.570253" lon="8.223555" />
      <trkpt lat="48.570556" lon="8.223761" />
      <trkpt lat="48.571013" lon="8.22418" />
      <trkpt lat="48.571415" lon="8.224692" />
      <trkpt lat="48.571907" lon="8.225267" />
      <trkpt lat="48.572092" lon="8.225518" />
      <trkpt lat="48.572364" lon="8.226044" />
      <trkpt lat="48.572442" lon="8.226213" />
      <trkpt lat="48.572524" lon="8.226361" />
      <trkpt lat="48.572672" lon="8.226493" />
      <trkpt lat="48.572835" lon="8.226519" />
      <trkpt lat="48.573019" lon="8.226446" />
      <trkpt lat="48.573165" lon="8.226268" />
      <trkpt lat="48.57321" lon="8.226173" />
      <trkpt lat="48.573282" lon="8.225919" />
      <trkpt lat="48.573325" lon="8.225589" />
      <trkpt lat="48.573391" lon="8.225107" />
      <trkpt lat="48.573537" lon="8.224478" />
      <trkpt lat="48.57358" lon="8.223859" />
      <trkpt lat="48.573577" lon="8.223546" />
      <trkpt lat="48.573537" lon="8.223057" />
      <trkpt lat="48.573463" lon="8.22241" />
      <trkpt lat="48.573389" lon="8.221634" />
      <trkpt lat="48.573388" lon="8.22097" />
      <trkpt lat="48.573458" lon="8.220355" />
      <trkpt lat="48.573627" lon="8.219773" />
      <trkpt lat="48.573815" lon="8.219376" />
      <trkpt lat="48.574042" lon="8.21902" />
      <trkpt lat="48.574614" lon="8.218274" />
      <trkpt lat="48.575036" lon="8.21789" />
      <trkpt lat="48.575191" lon="8.217788" />
      <trkpt lat="48.575615" lon="8.217641" />
      <trkpt lat="48.57597" lon="8.217626" />
      <trkpt lat="48.576177" lon="8.21766" />
      <trkpt lat="48.577458" lon="8.217955" />
      <trkpt lat="48.578026" lon="8.21816" />
      <trkpt lat="48.578317" lon="8.21833" />
      <trkpt lat="48.578511" lon="8.218487" />
      <trkpt lat="48.579025" lon="8.219057" />
      <trkpt lat="48.579418" lon="8.219544" />
      <trkpt lat="48.580784" lon="8.221349" />
      <trkpt lat="48.581111" lon="8.221689" />
      <trkpt lat="48.581258" lon="8.221785" />
      <trkpt lat="48.581463" lon="8.221825" />
      <trkpt lat="48.581571" lon="8.221819" />
      <trkpt lat="48.581825" lon="8.22173" />
      <trkpt lat="48.582029" lon="8.22158" />
      <trkpt lat="48.582368" lon="8.221262" />
      <trkpt lat="48.582725" lon="8.220823" />
      <trkpt lat="48.583566" lon="8.219301" />
      <trkpt lat="48.584096" lon="8.218448" />
      <trkpt lat="48.584391" lon="8.21782" />
      <trkpt lat="48.584455" lon="8.217606" />
      <trkpt lat="48.584536" lon="8.217152" />
      <trkpt lat="48.584616" lon="8.216072" />
      <trkpt lat="48.584656" lon="8.215773" />
      <trkpt lat="48.584737" lon="8.21546" />
      <trkpt lat="48.58487" lon="8.215169" />
      <trkpt lat="48.584962" lon="8.215037" />
      <trkpt lat="48.585178" lon="8.21483" />
      <trkpt lat="48.585429" lon="8.214707" />
      <trkpt lat="48.585591" lon="8.214683" />
      <trkpt lat="48.585808" lon="8.214702" />
      <trkpt lat="48.586195" lon="8.21488" />
      <trkpt lat="48.586855" lon="8.215364" />
      <trkpt lat="48.587009" lon="8.215483" />
      <trkpt lat="48.587852" lon="8.216084" />
      <trkpt lat="48.588375" lon="8.216325" />
      <trkpt lat="48.588848" lon="8.216461" />
      <trkpt lat="48.589278" lon="8.216506" />
      <trkpt lat="48.589887" lon="8.216476" />
      <trkpt lat="48.590369" lon="8.216358" />
      <trkpt lat="48.59119" lon="8.216046" />
      <trkpt lat="48.591541" lon="8.216011" />
      <trkpt lat="48.591805" lon="8.21603" />
      <trkpt lat="48.592121" lon="8.216128" />
      <trkpt lat="48.59292" lon="8.21646" />
      <trkpt lat="48.594712" lon="8.217297" />
      <trkpt lat="48.595125" lon="8.217417" />
      <trkpt lat="48.5955" lon="8.217389" />
      <trkpt lat="48.595538" lon="8.217638" />
      <trkpt lat="48.595787" lon="8.217619" />
      <trkpt lat="48.595951" lon="8.217519" />
      <trkpt lat="48.596" lon="8.217603" />
      <trkpt lat="48.596174" lon="8.217895" />
      <trkpt lat="48.596197" lon="8.218067" />
      <trkpt lat="48.596137" lon="8.218359" />
      <trkpt lat="48.596063" lon="8.218564" />
      <trkpt lat="48.595622" lon="8.219397" />
      <trkpt lat="48.59549" lon="8.219792" />
      <trkpt lat="48.595004" lon="8.221717" />
      <trkpt lat="48.594947" lon="8.221846" />
      <trkpt lat="48.594848" lon="8.222085" />
      <trkpt lat="48.59454" lon="8.223448" />
      <trkpt lat="48.594414" lon="8.223727" />
      <trkpt lat="48.594293" lon="8.223903" />
      <trkpt lat="48.593703" lon="8.224514" />
      <trkpt lat="48.59266" lon="8.226023" />
      <trkpt lat="48.59237" lon="8.226405" />
      <trkpt lat="48.592317" lon="8.226554" />
      <trkpt lat="48.592129" lon="8.227569" />
      <trkpt lat="48.592028" lon="8.227826" />
      <trkpt lat="48.591889" lon="8.228024" />
      <trkpt lat="48.591728" lon="8.228152" />
      <trkpt lat="48.591418" lon="8.228254" />
      <trkpt lat="48.591044" lon="8.228202" />
      <trkpt lat="48.590868" lon="8.22816" />
      <trkpt lat="48.590586" lon="8.22823" />
      <trkpt lat="48.589709" lon="8.228596" />
      <trkpt lat="48.58936" lon="8.228658" />
      <trkpt lat="48.588994" lon="8.22865" />
      <trkpt lat="48.588516" lon="8.22896" />
      <trkpt lat="48.588424" lon="8.229107" />
      <trkpt lat="48.588402" lon="8.229558" />
      <trkpt lat="48.588451" lon="8.230239" />
      <trkpt lat="48.588679" lon="8.231054" />
      <trkpt lat="48.589329" lon="8.234077" />
      <trkpt lat="48.589672" lon="8.235852" />
      <trkpt lat="48.589692" lon="8.236054" />
      <trkpt lat="48.589669" lon="8.236281" />
      <trkpt lat="48.58963" lon="8.236385" />
      <trkpt lat="48.589554" lon="8.236482" />
      <trkpt lat="48.589498" lon="8.236519" />
      <trkpt lat="48.589334" lon="8.236546" />
      <trkpt lat="48.589025" lon="8.23645" />
      <trkpt lat="48.588935" lon="8.236459" />
      <trkpt lat="48.588712" lon="8.236664" />
      <trkpt lat="48.588595" lon="8.236839" />
      <trkpt lat="48.588533" lon="8.237108" />
      <trkpt lat="48.588563" lon="8.237248" />
      <trkpt lat="48.588673" lon="8.237402" />
      <trkpt lat="48.588824" lon="8.237557" />
      <trkpt lat="48.589304" lon="8.23817" />
      <trkpt lat="48.589438" lon="8.238463" />
      <trkpt lat="48.58992" lon="8.23975" />
      <trkpt lat="48.590034" lon="8.240226" />
      <trkpt lat="48.590034" lon="8.240562" />
      <trkpt lat="48.589978" lon="8.241066" />
      <trkpt lat="48.589935" lon="8.241318" />
      <trkpt lat="48.58982" lon="8.241612" />
      <trkpt lat="48.589725" lon="8.241752" />
      <trkpt lat="48.58963" lon="8.241841" />
      <trkpt lat="48.589483" lon="8.241932" />
      <trkpt lat="48.588985" lon="8.242085" />
      <trkpt lat="48.588808" lon="8.242248" />
      <trkpt lat="48.588744" lon="8.242416" />
      <trkpt lat="48.58875" lon="8.24265" />
      <trkpt lat="48.588803" lon="8.242774" />
      <trkpt lat="48.589227" lon="8.243229" />
      <trkpt lat="48.589428" lon="8.243584" />
      <trkpt lat="48.589539" lon="8.24374" />
      <trkpt lat="48.589609" lon="8.243942" />
      <trkpt lat="48.590014" lon="8.245158" />
      <trkpt lat="48.59011" lon="8.245585" />
      <trkpt lat="48.590089" lon="8.245984" />
      <trkpt lat="48.590025" lon="8.246243" />
      <trkpt lat="48.589902" lon="8.246517" />
      <trkpt lat="48.589815" lon="8.246899" />
      <trkpt lat="48.589795" lon="8.248746" />
      <trkpt lat="48.589732" lon="8.248977" />
      <trkpt lat="48.589627" lon="8.249104" />
      <trkpt lat="48.589519" lon="8.249177" />
      <trkpt lat="48.588716" lon="8.249522" />
      <trkpt lat="48.588452" lon="8.249734" />
      <trkpt lat="48.588357" lon="8.249918" />
      <trkpt lat="48.588321" lon="8.250095" />
      <trkpt lat="48.588339" lon="8.250342" />
      <trkpt lat="48.588482" lon="8.25067" />
      <trkpt lat="48.58865" lon="8.250774" />
      <trkpt lat="48.588934" lon="8.250766" />
      <trkpt lat="48.589005" lon="8.250759" />
      <trkpt lat="48.590182" lon="8.250749" />
      <trkpt lat="48.590525" lon="8.250797" />
      <trkpt lat="48.590844" lon="8.251001" />
      <trkpt lat="48.591036" lon="8.251189" />
      <trkpt lat="48.591259" lon="8.251486" />
      <trkpt lat="48.591465" lon="8.251843" />
      <trkpt lat="48.591742" lon="8.252765" />
      <trkpt lat="48.591761" lon="8.252935" />
      <trkpt lat="48.591773" lon="8.253159" />
      <trkpt lat="48.591747" lon="8.253479" />
      <trkpt lat="48.591763" lon="8.253682" />
      <trkpt lat="48.591801" lon="8.253796" />
      <trkpt lat="48.591847" lon="8.253822" />
      <trkpt lat="48.591742" lon="8.254148" />
      <trkpt lat="48.591598" lon="8.254389" />
      <trkpt lat="48.591204" lon="8.254815" />
      <trkpt lat="48.590861" lon="8.255063" />
      <trkpt lat="48.59063" lon="8.255319" />
      <trkpt lat="48.590485" lon="8.255529" />
      <trkpt lat="48.590409" lon="8.255708" />
      <trkpt lat="48.590319" lon="8.256037" />
      <trkpt lat="48.59021" lon="8.256281" />
      <trkpt lat="48.589819" lon="8.257048" />
      <trkpt lat="48.589564" lon="8.257437" />
      <trkpt lat="48.589444" lon="8.257565" />
      <trkpt lat="48.58894" lon="8.257876" />
      <trkpt lat="48.588839" lon="8.258002" />
      <trkpt lat="48.588797" lon="8.258098" />
      <trkpt lat="48.588786" lon="8.25822" />
      <trkpt lat="48.588821" lon="8.258386" />
      <trkpt lat="48.588927" lon="8.258641" />
      <trkpt lat="48.588966" lon="8.258828" />
      <trkpt lat="48.588979" lon="8.25903" />
      <trkpt lat="48.588958" lon="8.259262" />
      <trkpt lat="48.588886" lon="8.259537" />
      <trkpt lat="48.588505" lon="8.260577" />
      <trkpt lat="48.588397" lon="8.260723" />
      <trkpt lat="48.588006" lon="8.260726" />
      <trkpt lat="48.58788" lon="8.260791" />
      <trkpt lat="48.587801" lon="8.260908" />
      <trkpt lat="48.587759" lon="8.261039" />
      <trkpt lat="48.58777" lon="8.26118" />
      <trkpt lat="48.587911" lon="8.261512" />
      <trkpt lat="48.587984" lon="8.261802" />
      <trkpt lat="48.587989" lon="8.262048" />
      <trkpt lat="48.587923" lon="8.262496" />
      <trkpt lat="48.587944" lon="8.262706" />
      <trkpt lat="48.588016" lon="8.262981" />
      <trkpt lat="48.588053" lon="8.263295" />
      <trkpt lat="48.587981" lon="8.26465" />
      <trkpt lat="48.587869" lon="8.265771" />
      <trkpt lat="48.587794" lon="8.266283" />
      <trkpt lat="48.587786" lon="8.266666" />
      <trkpt lat="48.587846" lon="8.267322" />
      <trkpt lat="48.587878" lon="8.26875" />
      <trkpt lat="48.587823" lon="8.269127" />
      <trkpt lat="48.587742" lon="8.269357" />
      <trkpt lat="48.587494" lon="8.269671" />
      <trkpt lat="48.587154" lon="8.269759" />
      <trkpt lat="48.587101" lon="8.269862" />
      <trkpt lat="48.587102" lon="8.270005" />
      <trkpt lat="48.587146" lon="8.270156" />
      <trkpt lat="48.587262" lon="8.270304" />
      <trkpt lat="48.587636" lon="8.270582" />
      <trkpt lat="48.587805" lon="8.270858" />
      <trkpt lat="48.588066" lon="8.271495" />
      <trkpt lat="48.588324" lon="8.272165" />
      <trkpt lat="48.58841" lon="8.272523" />
      <trkpt lat="48.58839" lon="8.273249" />
      <trkpt lat="48.588496" lon="8.274243" />
      <trkpt lat="48.588481" lon="8.274708" />
      <trkpt lat="48.58825" lon="8.276135" />
      <trkpt lat="48.588172" lon="8.276416" />
      <trkpt lat="48.588035" lon="8.276805" />
      <trkpt lat="48.58768" lon="8.277438" />
      <trkpt lat="48.587615" lon="8.277665" />
      <trkpt lat="48.587671" lon="8.278299" />
      <trkpt lat="48.587643" lon="8.278807" />
      <trkpt lat="48.587541" lon="8.27932" />
      <trkpt lat="48.587407" lon="8.279683" />
      <trkpt lat="48.587255" lon="8.279934" />
      <trkpt lat="48.587171" lon="8.280151" />
      <trkpt lat="48.58699" lon="8.281319" />
      <trkpt lat="48.586982" lon="8.281746" />
      <trkpt lat="48.586897" lon="8.282259" />
      <trkpt lat="48.586712" lon="8.282974" />
      <trkpt lat="48.586513" lon="8.283392" />
      <trkpt lat="48.586399" lon="8.283724" />
      <trkpt lat="48.586332" lon="8.284233" />
      <trkpt lat="48.586336" lon="8.284849" />
      <trkpt lat="48.586309" lon="8.285422" />
      <trkpt lat="48.586253" lon="8.285799" />
      <trkpt lat="48.586165" lon="8.286165" />
      <trkpt lat="48.585947" lon="8.28655" />
      <trkpt lat="48.585892" lon="8.286737" />
      <trkpt lat="48.585917" lon="8.286975" />
      <trkpt lat="48.586065" lon="8.28746" />
      <trkpt lat="48.586095" lon="8.287857" />
      <trkpt lat="48.586091" lon="8.288258" />
      <trkpt lat="48.585977" lon="8.288956" />
      <trkpt lat="48.585914" lon="8.289501" />
      <trkpt lat="48.585836" lon="8.290513" />
      <trkpt lat="48.585824" lon="8.290859" />
      <trkpt lat="48.585916" lon="8.291793" />
      <trkpt lat="48.585918" lon="8.292163" />
      <trkpt lat="48.58585" lon="8.292612" />
      <trkpt lat="48.585844" lon="8.292852" />
      <trkpt lat="48.585955" lon="8.293731" />
      <trkpt lat="48.586225" lon="8.294557" />
      <trkpt lat="48.586268" lon="8.294735" />
      <trkpt lat="48.586348" lon="8.295339" />
      <trkpt lat="48.586508" lon="8.295749" />
      <trkpt lat="48.586681" lon="8.296199" />
      <trkpt lat="48.586867" lon="8.297071" />
      <trkpt lat="48.586939" lon="8.297417" />
      <trkpt lat="48.587136" lon="8.298052" />
      <trkpt lat="48.587204" lon="8.2991" />
      <trkpt lat="48.587399" lon="8.299793" />
      <trkpt lat="48.587427" lon="8.300469" />
      <trkpt lat="48.587483" lon="8.300949" />
      <trkpt lat="48.587579" lon="8.301261" />
      <trkpt lat="48.587964" lon="8.301665" />
      <trkpt lat="48.588201" lon="8.302102" />
      <trkpt lat="48.588339" lon="8.302517" />
      <trkpt lat="48.588286" lon="8.303808" />
      <trkpt lat="48.58811" lon="8.305121" />
      <trkpt lat="48.588114" lon="8.306187" />
      <trkpt lat="48.588182" lon="8.306715" />
      <trkpt lat="48.588272" lon="8.306949" />
      <trkpt lat="48.588892" lon="8.307882" />
      <trkpt lat="48.589117" lon="8.308328" />
      <trkpt lat="48.589212" lon="8.308549" />
      <trkpt lat="48.589279" lon="8.308781" />
      <trkpt lat="48.589278" lon="8.308997" />
      <trkpt lat="48.589204" lon="8.309268" />
      <trkpt lat="48.588819" lon="8.309997" />
      <trkpt lat="48.588511" lon="8.310492" />
      <trkpt lat="48.588407" lon="8.310717" />
      <trkpt lat="48.588352" lon="8.310952" />
      <trkpt lat="48.588269" lon="8.311695" />
      <trkpt lat="48.588263" lon="8.312513" />
      <trkpt lat="48.588322" lon="8.313273" />
      <trkpt lat="48.588409" lon="8.313566" />
      <trkpt lat="48.588649" lon="8.313994" />
      <trkpt lat="48.588818" lon="8.314185" />
      <trkpt lat="48.589156" lon="8.314479" />
      <trkpt lat="48.589244" lon="8.31462" />
      <trkpt lat="48.589271" lon="8.314744" />
      <trkpt lat="48.589274" lon="8.314938" />
      <trkpt lat="48.589214" lon="8.315121" />
      <trkpt lat="48.589104" lon="8.315264" />
      <trkpt lat="48.588935" lon="8.315439" />
      <trkpt lat="48.588602" lon="8.315677" />
      <trkpt lat="48.588471" lon="8.315815" />
      <trkpt lat="48.588264" lon="8.316405" />
      <trkpt lat="48.58802" lon="8.316924" />
      <trkpt lat="48.587952" lon="8.317024" />
      <trkpt lat="48.587829" lon="8.317338" />
      <trkpt lat="48.58762" lon="8.317666" />
      <trkpt lat="48.587559" lon="8.317811" />
      <trkpt lat="48.587518" lon="8.317972" />
      <trkpt lat="48.58749" lon="8.318107" />
      <trkpt lat="48.5875" lon="8.318418" />
      <trkpt lat="48.587565" lon="8.318616" />
      <trkpt lat="48.587977" lon="8.319265" />
      <trkpt lat="48.588109" lon="8.319688" />
      <trkpt lat="48.588355" lon="8.320407" />
      <trkpt lat="48.58853" lon="8.320706" />
      <trkpt lat="48.58879" lon="8.321029" />
      <trkpt lat="48.589473" lon="8.321752" />
      <trkpt lat="48.589727" lon="8.321954" />
      <trkpt lat="48.59041" lon="8.322375" />
      <trkpt lat="48.590564" lon="8.322503" />
      <trkpt lat="48.590743" lon="8.322755" />
      <trkpt lat="48.590817" lon="8.322932" />
      <trkpt lat="48.590865" lon="8.323156" />
      <trkpt lat="48.591045" lon="8.324553" />
      <trkpt lat="48.591065" lon="8.325086" />
      <trkpt lat="48.591029" lon="8.326152" />
      <trkpt lat="48.590987" lon="8.328951" />
      <trkpt lat="48.590985" lon="8.329247" />
      <trkpt lat="48.591025" lon="8.329571" />
      <trkpt lat="48.591147" lon="8.330104" />
      <trkpt lat="48.591363" lon="8.33071" />
      <trkpt lat="48.592638" lon="8.333253" />
      <trkpt lat="48.593008" lon="8.333873" />
      <trkpt lat="48.593868" lon="8.335005" />
      <trkpt lat="48.594024" lon="8.335397" />
      <trkpt lat="48.595027" lon="8.338292" />
      <trkpt lat="48.595143" lon="8.338782" />
      <trkpt lat="48.595368" lon="8.34014" />
      <trkpt lat="48.595822" lon="8.34196" />
      <trkpt lat="48.596044" lon="8.343052" />
      <trkpt lat="48.596143" lon="8.343705" />
      <trkpt lat="48.596664" lon="8.347864" />
      <trkpt lat="48.596889" lon="8.349706" />
      <trkpt lat="48.597129" lon="8.351786" />
      <trkpt lat="48.597242" lon="8.35231" />
      <trkpt lat="48.597416" lon="8.352704" />
      <trkpt lat="48.598608" lon="8.354413" />
      <trkpt lat="48.598737" lon="8.354651" />
      <trkpt lat="48.59889" lon="8.355086" />
      <trkpt lat="48.59898" lon="8.355518" />
      <trkpt lat="48.599153" lon="8.356611" />
      <trkpt lat="48.599249" lon="8.357028" />
      <trkpt lat="48.599368" lon="8.357365" />
      <trkpt lat="48.599618" lon="8.357813" />
      <trkpt lat="48.600021" lon="8.358423" />
      <trkpt lat="48.600324" lon="8.35883" />
      <trkpt lat="48.600599" lon="8.35904" />
      <trkpt lat="48.600859" lon="8.359134" />
      <trkpt lat="48.601053" lon="8.359171" />
      <trkpt lat="48.60183" lon="8.359172" />
      <trkpt lat="48.601918" lon="8.359172" />
      <trkpt lat="48.602122" lon="8.359176" />
      <trkpt lat="48.60274" lon="8.359183" />
      <trkpt lat="48.602803" lon="8.359175" />
      <trkpt lat="48.602984" lon="8.359132" />
      <trkpt lat="48.603299" lon="8.358986" />
      <trkpt lat="48.603492" lon="8.358953" />
      <trkpt lat="48.603709" lon="8.358963" />
      <trkpt lat="48.604015" lon="8.359064" />
      <trkpt lat="48.604729" lon="8.359572" />
      <trkpt lat="48.605289" lon="8.359882" />
      <trkpt lat="48.605992" lon="8.360238" />
      <trkpt lat="48.60611" lon="8.360345" />
      <trkpt lat="48.606179" lon="8.36046" />
      <trkpt lat="48.606296" lon="8.360788" />
      <trkpt lat="48.606415" lon="8.361218" />
      <trkpt lat="48.606507" lon="8.361691" />
      <trkpt lat="48.606615" lon="8.362522" />
      <trkpt lat="48.606651" lon="8.362857" />
      <trkpt lat="48.60671" lon="8.36357" />
      <trkpt lat="48.606695" lon="8.36387" />
      <trkpt lat="48.606555" lon="8.364667" />
      <trkpt lat="48.606506" lon="8.364987" />
      <trkpt lat="48.60644" lon="8.365949" />
      <trkpt lat="48.606445" lon="8.366684" />
      <trkpt lat="48.606401" lon="8.367006" />
      <trkpt lat="48.606347" lon="8.367362" />
      <trkpt lat="48.606247" lon="8.367445" />
      <trkpt lat="48.606326" lon="8.367647" />
      <trkpt lat="48.606363" lon="8.367685" />
      <trkpt lat="48.606392" lon="8.368089" />
      <trkpt lat="48.606402" lon="8.368464" />
      <trkpt lat="48.606429" lon="8.369003" />
      <trkpt lat="48.606566" lon="8.368994" />
      <trkpt lat="48.607082" lon="8.368811" />
      <trkpt lat="48.607347" lon="8.368672" />
      <trkpt lat="48.607962" lon="8.368476" />
      <trkpt lat="48.608442" lon="8.36807" />
      <trkpt lat="48.609269" lon="8.367498" />
      <trkpt lat="48.609556" lon="8.367354" />
      <trkpt lat="48.60991" lon="8.367078" />
      <trkpt lat="48.610211" lon="8.366773" />
      <trkpt lat="48.610765" lon="8.366089" />
      <trkpt lat="48.61102" lon="8.365799" />
      <trkpt lat="48.611445" lon="8.365427" />
      <trkpt lat="48.611573" lon="8.365241" />
      <trkpt lat="48.611843" lon="8.364993" />
      <trkpt lat="48.612156" lon="8.364831" />
      <trkpt lat="48.612801" lon="8.364702" />
      <trkpt lat="48.613588" lon="8.364769" />
      <trkpt lat="48.61403" lon="8.364902" />
      <trkpt lat="48.614556" lon="8.364935" />
      <trkpt lat="48.614988" lon="8.365176" />
      <trkpt lat="48.615154" lon="8.36532" />
      <trkpt lat="48.61529" lon="8.365318" />
      <trkpt lat="48.615488" lon="8.36529" />
      <trkpt lat="48.615568" lon="8.365271" />
      <trkpt lat="48.616101" lon="8.364876" />
      <trkpt lat="48.616845" lon="8.364055" />
      <trkpt lat="48.617267" lon="8.363813" />
      <trkpt lat="48.617688" lon="8.363638" />
      <trkpt lat="48.61841" lon="8.363406" />
      <trkpt lat="48.618639" lon="8.363243" />
      <trkpt lat="48.619116" lon="8.36249" />
      <trkpt lat="48.619193" lon="8.362191" />
      <trkpt lat="48.619245" lon="8.361818" />
      <trkpt lat="48.619316" lon="8.361606" />
      <trkpt lat="48.6197" lon="8.36088" />
      <trkpt lat="48.619899" lon="8.360252" />
      <trkpt lat="48.62006" lon="8.359721" />
      <trkpt lat="48.620359" lon="8.358949" />
      <trkpt lat="48.620647" lon="8.358401" />
      <trkpt lat="48.621624" lon="8.356788" />
      <trkpt lat="48.62185" lon="8.356507" />
      <trkpt lat="48.622193" lon="8.356318" />
      <trkpt lat="48.622681" lon="8.356138" />
      <trkpt lat="48.623186" lon="8.356044" />
      <trkpt lat="48.623509" lon="8.356059" />
      <trkpt lat="48.623837" lon="8.356257" />
      <trkpt lat="48.625021" lon="8.356899" />
      <trkpt lat="48.625189" lon="8.3569" />
      <trkpt lat="48.625543" lon="8.356661" />
      <trkpt lat="48.625661" lon="8.35664" />
      <trkpt lat="48.6259" lon="8.35664" />
      <trkpt lat="48.626069" lon="8.356594" />
      <trkpt lat="48.626311" lon="8.356433" />
      <trkpt lat="48.62668" lon="8.35599" />
      <trkpt lat="48.626841" lon="8.355707" />
      <trkpt lat="48.626979" lon="8.355416" />
      <trkpt lat="48.627161" lon="8.355231" />
      <trkpt lat="48.62738" lon="8.355099" />
      <trkpt lat="48.627675" lon="8.354995" />
      <trkpt lat="48.628138" lon="8.355139" />
      <trkpt lat="48.628587" lon="8.355202" />
      <trkpt lat="48.629588" lon="8.35514" />
      <trkpt lat="48.629988" lon="8.355188" />
      <trkpt lat="48.630431" lon="8.355155" />
      <trkpt lat="48.630971" lon="8.355042" />
      <trkpt lat="48.631241" lon="8.355022" />
      <trkpt lat="48.631481" lon="8.355058" />
      <trkpt lat="48.631692" lon="8.355188" />
      <trkpt lat="48.631815" lon="8.355317" />
      <trkpt lat="48.632155" lon="8.355904" />
      <trkpt lat="48.632453" lon="8.356547" />
      <trkpt lat="48.632773" lon="8.357285" />
      <trkpt lat="48.632866" lon="8.357407" />
      <trkpt lat="48.632971" lon="8.357489" />
      <trkpt lat="48.633319" lon="8.357724" />
      <trkpt lat="48.633468" lon="8.357845" />
      <trkpt lat="48.633645" lon="8.357933" />
      <trkpt lat="48.633842" lon="8.357943" />
      <trkpt lat="48.634078" lon="8.357888" />
      <trkpt lat="48.634459" lon="8.357685" />
      <trkpt lat="48.635696" lon="8.35685" />
      <trkpt lat="48.636057" lon="8.356834" />
      <trkpt lat="48.636147" lon="8.356723" />
      <trkpt lat="48.636288" lon="8.356432" />
      <trkpt lat="48.636636" lon="8.355991" />
      <trkpt lat="48.637414" lon="8.354906" />
      <trkpt lat="48.638281" lon="8.35355" />
      <trkpt lat="48.638565" lon="8.352949" />
      <trkpt lat="48.638885" lon="8.352463" />
      <trkpt lat="48.639118" lon="8.351925" />
      <trkpt lat="48.639164" lon="8.351691" />
      <trkpt lat="48.639172" lon="8.351495" />
      <trkpt lat="48.639124" lon="8.351224" />
      <trkpt lat="48.63914" lon="8.350991" />
      <trkpt lat="48.639218" lon="8.350818" />
      <trkpt lat="48.639331" lon="8.350711" />
      <trkpt lat="48.639474" lon="8.350682" />
      <trkpt lat="48.639603" lon="8.350777" />
      <trkpt lat="48.63981" lon="8.351045" />
      <trkpt lat="48.640158" lon="8.351168" />
      <trkpt lat="48.640727" lon="8.35149" />
      <trkpt lat="48.642191" lon="8.352104" />
      <trkpt lat="48.642679" lon="8.352212" />
      <trkpt lat="48.643378" lon="8.352171" />
      <trkpt lat="48.643855" lon="8.352209" />
      <trkpt lat="48.644314" lon="8.352287" />
      <trkpt lat="48.64597" lon="8.352741" />
      <trkpt lat="48.646457" lon="8.352904" />
      <trkpt lat="48.646601" lon="8.353001" />
      <trkpt lat="48.647602" lon="8.354199" />
      <trkpt lat="48.647991" lon="8.354885" />
      <trkpt lat="48.648635" lon="8.355647" />
      <trkpt lat="48.648771" lon="8.355858" />
      <trkpt lat="48.648949" lon="8.356324" />
      <trkpt lat="48.649104" lon="8.357" />
      <trkpt lat="48.649197" lon="8.357267" />
      <trkpt lat="48.649318" lon="8.357511" />
      <trkpt lat="48.649448" lon="8.35763" />
      <trkpt lat="48.649943" lon="8.357928" />
      <trkpt lat="48.650099" lon="8.358068" />
      <trkpt lat="48.650538" lon="8.358755" />
      <trkpt lat="48.650638" lon="8.358843" />
      <trkpt lat="48.650777" lon="8.358861" />
      <trkpt lat="48.651081" lon="8.358784" />
      <trkpt lat="48.652005" lon="8.358242" />
      <trkpt lat="48.652245" lon="8.357978" />
      <trkpt lat="48.65244" lon="8.357706" />
      <trkpt lat="48.65262" lon="8.357534" />
      <trkpt lat="48.6528" lon="8.357411" />
      <trkpt lat="48.652958" lon="8.357349" />
      <trkpt lat="48.653192" lon="8.35738" />
      <trkpt lat="48.654359" lon="8.3583" />
      <trkpt lat="48.654533" lon="8.358533" />
      <trkpt lat="48.654645" lon="8.358808" />
      <trkpt lat="48.65481" lon="8.359467" />
      <trkpt lat="48.655214" lon="8.36022" />
      <trkpt lat="48.65543" lon="8.36076" />
      <trkpt lat="48.65554" lon="8.361343" />
      <trkpt lat="48.655536" lon="8.361581" />
      <trkpt lat="48.655488" lon="8.361775" />
      <trkpt lat="48.655327" lon="8.362233" />
      <trkpt lat="48.655257" lon="8.362567" />
      <trkpt lat="48.655257" lon="8.362908" />
      <trkpt lat="48.655295" lon="8.363178" />
      <trkpt lat="48.655362" lon="8.363437" />
      <trkpt lat="48.655515" lon="8.36386" />
      <trkpt lat="48.655643" lon="8.36412" />
      <trkpt lat="48.655797" lon="8.364365" />
      <trkpt lat="48.655983" lon="8.364568" />
      <trkpt lat="48.656348" lon="8.364649" />
      <trkpt lat="48.656546" lon="8.364775" />
      <trkpt lat="48.656788" lon="8.364874" />
      <trkpt lat="48.657" lon="8.364853" />
      <trkpt lat="48.657198" lon="8.364716" />
      <trkpt lat="48.657921" lon="8.363795" />
      <trkpt lat="48.658238" lon="8.363088" />
      <trkpt lat="48.6585" lon="8.362875" />
      <trkpt lat="48.658952" lon="8.362766" />
      <trkpt lat="48.65955" lon="8.362535" />
      <trkpt lat="48.659789" lon="8.362544" />
      <trkpt lat="48.660094" lon="8.362625" />
      <trkpt lat="48.660627" lon="8.362607" />
      <trkpt lat="48.660964" lon="8.362664" />
      <trkpt lat="48.661246" lon="8.362618" />
      <trkpt lat="48.661806" lon="8.362369" />
      <trkpt lat="48.662648" lon="8.361824" />
      <trkpt lat="48.662842" lon="8.361764" />
      <trkpt lat="48.663241" lon="8.361824" />
      <trkpt lat="48.66339" lon="8.361908" />
      <trkpt lat="48.66357" lon="8.362113" />
      <trkpt lat="48.663879" lon="8.362652" />
      <trkpt lat="48.66415" lon="8.363258" />
      <trkpt lat="48.664203" lon="8.363448" />
      <trkpt lat="48.664249" lon="8.36376" />
      <trkpt lat="48.664304" lon="8.364281" />
      <trkpt lat="48.664644" lon="8.365421" />
      <trkpt lat="48.664859" lon="8.365692" />
      <trkpt lat="48.665106" lon="8.365858" />
      <trkpt lat="48.665568" lon="8.366099" />
      <trkpt lat="48.665751" lon="8.366078" />
      <trkpt lat="48.666857" lon="8.365472" />
      <trkpt lat="48.666995" lon="8.365336" />
      <trkpt lat="48.667356" lon="8.364766" />
      <trkpt lat="48.667445" lon="8.364715" />
      <trkpt lat="48.667526" lon="8.36471" />
      <trkpt lat="48.66765" lon="8.364796" />
      <trkpt lat="48.667712" lon="8.364841" />
      <trkpt lat="48.66796" lon="8.365019" />
      <trkpt lat="48.668068" lon="8.365046" />
      <trkpt lat="48.668204" lon="8.36502" />
      <trkpt lat="48.668275" lon="8.364891" />
      <trkpt lat="48.668327" lon="8.36452" />
      <trkpt lat="48.668289" lon="8.363518" />
      <trkpt lat="48.668315" lon="8.362968" />
      <trkpt lat="48.668414" lon="8.362627" />
      <trkpt lat="48.668515" lon="8.362388" />
      <trkpt lat="48.66876" lon="8.362097" />
      <trkpt lat="48.668932" lon="8.361949" />
      <trkpt lat="48.669049" lon="8.361713" />
      <trkpt lat="48.669179" lon="8.361053" />
      <trkpt lat="48.669299" lon="8.360604" />
      <trkpt lat="48.669302" lon="8.36038" />
      <trkpt lat="48.669224" lon="8.360154" />
      <trkpt lat="48.669026" lon="8.359911" />
      <trkpt lat="48.668915" lon="8.359669" />
      <trkpt lat="48.66876" lon="8.359192" />
      <trkpt lat="48.668399" lon="8.357833" />
      <trkpt lat="48.668117" lon="8.357306" />
      <trkpt lat="48.667882" lon="8.356749" />
      <trkpt lat="48.667632" lon="8.355919" />
      <trkpt lat="48.667439" lon="8.355411" />
      <trkpt lat="48.667408" lon="8.355236" />
      <trkpt lat="48.667411" lon="8.355106" />
      <trkpt lat="48.667447" lon="8.354982" />
      <trkpt lat="48.667518" lon="8.354888" />
      <trkpt lat="48.667607" lon="8.354856" />
      <trkpt lat="48.667988" lon="8.354864" />
      <trkpt lat="48.668381" lon="8.354906" />
      <trkpt lat="48.669003" lon="8.354842" />
      <trkpt lat="48.669199" lon="8.354903" />
      <trkpt lat="48.669897" lon="8.355303" />
      <trkpt lat="48.670917" lon="8.355861" />
      <trkpt lat="48.671269" lon="8.356098" />
      <trkpt lat="48.67169" lon="8.356451" />
      <trkpt lat="48.672309" lon="8.357111" />
      <trkpt lat="48.672534" lon="8.357386" />
      <trkpt lat="48.672685" lon="8.357723" />
      <trkpt lat="48.673255" lon="8.358544" />
      <trkpt lat="48.674415" lon="8.359831" />
      <trkpt lat="48.674926" lon="8.360501" />
      <trkpt lat="48.675675" lon="8.361287" />
      <trkpt lat="48.676079" lon="8.361607" />
      <trkpt lat="48.676357" lon="8.361754" />
      <trkpt lat="48.676685" lon="8.36189" />
      <trkpt lat="48.677217" lon="8.361988" />
      <trkpt lat="48.678296" lon="8.361892" />
      <trkpt lat="48.679493" lon="8.361415" />
      <trkpt lat="48.679552" lon="8.361364" />
      <trkpt lat="48.679577" lon="8.36128" />
      <trkpt lat="48.679824" lon="8.361195" />
      <trkpt lat="48.680059" lon="8.361103" />
      <trkpt lat="48.680545" lon="8.360932" />
      <trkpt lat="48.680731" lon="8.3609" />
      <trkpt lat="48.680878" lon="8.36095" />
      <trkpt lat="48.680943" lon="8.360934" />
      <trkpt lat="48.681031" lon="8.360837" />
      <trkpt lat="48.680962" lon="8.360737" />
      <trkpt lat="48.680937" lon="8.360653" />
      <trkpt lat="48.680918" lon="8.360447" />
      <trkpt lat="48.680934" lon="8.359823" />
      <trkpt lat="48.680924" lon="8.35966" />
      <trkpt lat="48.681157" lon="8.359684" />
      <trkpt lat="48.681282" lon="8.359664" />
      <trkpt lat="48.681561" lon="8.359499" />
      <trkpt lat="48.681705" lon="8.359348" />
      <trkpt lat="48.681784" lon="8.359196" />
      <trkpt lat="48.681829" lon="8.359048" />
      <trkpt lat="48.681846" lon="8.358906" />
      <trkpt lat="48.6818" lon="8.358646" />
      <trkpt lat="48.681579" lon="8.358117" />
      <trkpt lat="48.681547" lon="8.357989" />
      <trkpt lat="48.681526" lon="8.35764" />
      <trkpt lat="48.681561" lon="8.357506" />
      <trkpt lat="48.681616" lon="8.357428" />
      <trkpt lat="48.681676" lon="8.357396" />
      <trkpt lat="48.681809" lon="8.357439" />
      <trkpt lat="48.681862" lon="8.3575" />
      <trkpt lat="48.681933" lon="8.357326" />
      <trkpt lat="48.681841" lon="8.356725" />
      <trkpt lat="48.682611" lon="8.356412" />
      <trkpt lat="48.682978" lon="8.356277" />
      <trkpt lat="48.683206" lon="8.356096" />
      <trkpt lat="48.683286" lon="8.356069" />
      <trkpt lat="48.683524" lon="8.356311" />
      <trkpt lat="48.683776" lon="8.356427" />
      <trkpt lat="48.684188" lon="8.356243" />
      <trkpt lat="48.684349" lon="8.356132" />
      <trkpt lat="48.684524" lon="8.355929" />
      <trkpt lat="48.684586" lon="8.355784" />
      <trkpt lat="48.684625" lon="8.355593" />
      <trkpt lat="48.684622" lon="8.354832" />
      <trkpt lat="48.684697" lon="8.354555" />
      <trkpt lat="48.685145" lon="8.353834" />
      <trkpt lat="48.685425" lon="8.353327" />
      <trkpt lat="48.685723" lon="8.352954" />
      <trkpt lat="48.685905" lon="8.352638" />
      <trkpt lat="48.686003" lon="8.35231" />
      <trkpt lat="48.686139" lon="8.351323" />
      <trkpt lat="48.686197" lon="8.351192" />
      <trkpt lat="48.686279" lon="8.35109" />
      <trkpt lat="48.686507" lon="8.350875" />
      <trkpt lat="48.686677" lon="8.350835" />
      <trkpt lat="48.68678" lon="8.350897" />
      <trkpt lat="48.686945" lon="8.351079" />
      <trkpt lat="48.687053" lon="8.35108" />
      <trkpt lat="48.687108" lon="8.351049" />
      <trkpt lat="48.687491" lon="8.350707" />
      <trkpt lat="48.687916" lon="8.350468" />
      <trkpt lat="48.688036" lon="8.350436" />
      <trkpt lat="48.688232" lon="8.350463" />
      <trkpt lat="48.688364" lon="8.350428" />
      <trkpt lat="48.689035" lon="8.349778" />
      <trkpt lat="48.689166" lon="8.349614" />
      <trkpt lat="48.689325" lon="8.349079" />
      <trkpt lat="48.689533" lon="8.34879" />
      <trkpt lat="48.689569" lon="8.34871" />
      <trkpt lat="48.689645" lon="8.348332" />
      <trkpt lat="48.689894" lon="8.34786" />
      <trkpt lat="48.689904" lon="8.347752" />
      <trkpt lat="48.689828" lon="8.347382" />
      <trkpt lat="48.689826" lon="8.347232" />
      <trkpt lat="48.689999" lon="8.34628" />
      <trkpt lat="48.690103" lon="8.345846" />
      <trkpt lat="48.690195" lon="8.345615" />
      <trkpt lat="48.690494" lon="8.345035" />
      <trkpt lat="48.690596" lon="8.344916" />
      <trkpt lat="48.690717" lon="8.34486" />
      <trkpt lat="48.690931" lon="8.344792" />
      <trkpt lat="48.69112" lon="8.344425" />
      <trkpt lat="48.691493" lon="8.344017" />
      <trkpt lat="48.691615" lon="8.343941" />
      <trkpt lat="48.691814" lon="8.343909" />
      <trkpt lat="48.691967" lon="8.343833" />
      <trkpt lat="48.692077" lon="8.34369" />
      <trkpt lat="48.692209" lon="8.343395" />
      <trkpt lat="48.692262" lon="8.343333" />
      <trkpt lat="48.692684" lon="8.343063" />
      <trkpt lat="48.693153" lon="8.342508" />
      <trkpt lat="48.6932" lon="8.342359" />
      <trkpt lat="48.69322" lon="8.342162" />
      <trkpt lat="48.693328" lon="8.341852" />
      <trkpt lat="48.693516" lon="8.341541" />
      <trkpt lat="48.693621" lon="8.341426" />
      <trkpt lat="48.69385" lon="8.341284" />
      <trkpt lat="48.694045" lon="8.341262" />
      <trkpt lat="48.694303" lon="8.341319" />
      <trkpt lat="48.694359" lon="8.34134" />
      <trkpt lat="48.694608" lon="8.341493" />
      <trkpt lat="48.694678" lon="8.341506" />
      <trkpt lat="48.694792" lon="8.341453" />
      <trkpt lat="48.694947" lon="8.341287" />
      <trkpt lat="48.695095" lon="8.341147" />
      <trkpt lat="48.695328" lon="8.341002" />
      <trkpt lat="48.695525" lon="8.340983" />
      <trkpt lat="48.695698" lon="8.3409" />
      <trkpt lat="48.695953" lon="8.340694" />
      <trkpt lat="48.696353" lon="8.34045" />
      <trkpt lat="48.696484" lon="8.34023" />
      <trkpt lat="48.696605" lon="8.339851" />
      <trkpt lat="48.696927" lon="8.338108" />
      <trkpt lat="48.696941" lon="8.337893" />
      <trkpt lat="48.696906" lon="8.337521" />
      <trkpt lat="48.696918" lon="8.337368" />
      <trkpt lat="48.696996" lon="8.33714" />
      <trkpt lat="48.697155" lon="8.336982" />
      <trkpt lat="48.697256" lon="8.336955" />
      <trkpt lat="48.697803" lon="8.337097" />
      <trkpt lat="48.697993" lon="8.337075" />
      <trkpt lat="48.698202" lon="8.336909" />
      <trkpt lat="48.698616" lon="8.336383" />
      <trkpt lat="48.698832" lon="8.336078" />
      <trkpt lat="48.699062" lon="8.335673" />
      <trkpt lat="48.699133" lon="8.335386" />
      <trkpt lat="48.699113" lon="8.335225" />
      <trkpt lat="48.699039" lon="8.335026" />
      <trkpt lat="48.698703" lon="8.334468" />
      <trkpt lat="48.698676" lon="8.334313" />
      <trkpt lat="48.698681" lon="8.334168" />
      <trkpt lat="48.698729" lon="8.334036" />
      <trkpt lat="48.699074" lon="8.333564" />
      <trkpt lat="48.699154" lon="8.333363" />
      <trkpt lat="48.699205" lon="8.333092" />
      <trkpt lat="48.69928" lon="8.332899" />
      <trkpt lat="48.699374" lon="8.332754" />
      <trkpt lat="48.699476" lon="8.332655" />
      <trkpt lat="48.699699" lon="8.332534" />
      <trkpt lat="48.699793" lon="8.332443" />
      <trkpt lat="48.699871" lon="8.332315" />
      <trkpt lat="48.699933" lon="8.3321" />
      <trkpt lat="48.69999" lon="8.331706" />
      <trkpt lat="48.700139" lon="8.330986" />
      <trkpt lat="48.700476" lon="8.330037" />
      <trkpt lat="48.700584" lon="8.329289" />
      <trkpt lat="48.70059" lon="8.32834" />
      <trkpt lat="48.700611" lon="8.328235" />
      <trkpt lat="48.700653" lon="8.32816" />
      <trkpt lat="48.70076" lon="8.328074" />
      <trkpt lat="48.700989" lon="8.328104" />
      <trkpt lat="48.701289" lon="8.328216" />
      <trkpt lat="48.701694" lon="8.328074" />
      <trkpt lat="48.701827" lon="8.327897" />
      <trkpt lat="48.701988" lon="8.32747" />
      <trkpt lat="48.702455" lon="8.326693" />
      <trkpt lat="48.702624" lon="8.326355" />
      <trkpt lat="48.702893" lon="8.325987" />
      <trkpt lat="48.702988" lon="8.325915" />
      <trkpt lat="48.703454" lon="8.325724" />
      <trkpt lat="48.703533" lon="8.325716" />
      <trkpt lat="48.703613" lon="8.325765" />
      <trkpt lat="48.70367" lon="8.32585" />
      <trkpt lat="48.703705" lon="8.32599" />
      <trkpt lat="48.703833" lon="8.32735" />
      <trkpt lat="48.703842" lon="8.327948" />
      <trkpt lat="48.70388" lon="8.328122" />
      <trkpt lat="48.703941" lon="8.32823" />
      <trkpt lat="48.704004" lon="8.32828" />
      <trkpt lat="48.70421" lon="8.328318" />
      <trkpt lat="48.704482" lon="8.32823" />
      <trkpt lat="48.705043" lon="8.328187" />
      <trkpt lat="48.705127" lon="8.328235" />
      <trkpt lat="48.705284" lon="8.328441" />
      <trkpt lat="48.705376" lon="8.328492" />
      <trkpt lat="48.705473" lon="8.328492" />
      <trkpt lat="48.705616" lon="8.328438" />
      <trkpt lat="48.705803" lon="8.328285" />
      <trkpt lat="48.706027" lon="8.327862" />
      <trkpt lat="48.706102" lon="8.327776" />
      <trkpt lat="48.706175" lon="8.327744" />
      <trkpt lat="48.706251" lon="8.327755" />
      <trkpt lat="48.70655" lon="8.327999" />
      <trkpt lat="48.706628" lon="8.328101" />
      <trkpt lat="48.706691" lon="8.328256" />
      <trkpt lat="48.706728" lon="8.328417" />
      <trkpt lat="48.706831" lon="8.329345" />
      <trkpt lat="48.706904" lon="8.329765" />
      <trkpt lat="48.706979" lon="8.329968" />
      <trkpt lat="48.707079" lon="8.330102" />
      <trkpt lat="48.707194" lon="8.330198" />
      <trkpt lat="48.707681" lon="8.330357" />
      <trkpt lat="48.708019" lon="8.330416" />
      <trkpt lat="48.708522" lon="8.330389" />
      <trkpt lat="48.708668" lon="8.330319" />
      <trkpt lat="48.709213" lon="8.329833" />
      <trkpt lat="48.709302" lon="8.329809" />
      <trkpt lat="48.709417" lon="8.329871" />
      <trkpt lat="48.70949" lon="8.330059" />
      <trkpt lat="48.70952" lon="8.330598" />
      <trkpt lat="48.709608" lon="8.330839" />
      <trkpt lat="48.709681" lon="8.33093" />
      <trkpt lat="48.709803" lon="8.330971" />
      <trkpt lat="48.710214" lon="8.331011" />
      <trkpt lat="48.710346" lon="8.331062" />
      <trkpt lat="48.710468" lon="8.331193" />
      <trkpt lat="48.710497" lon="8.331427" />
      <trkpt lat="48.710431" lon="8.331762" />
      <trkpt lat="48.710438" lon="8.332111" />
      <trkpt lat="48.710483" lon="8.332258" />
      <trkpt lat="48.710569" lon="8.332416" />
      <trkpt lat="48.710746" lon="8.33265" />
      <trkpt lat="48.710782" lon="8.332765" />
      <trkpt lat="48.710792" lon="8.333905" />
      <trkpt lat="48.710858" lon="8.334492" />
      <trkpt lat="48.710835" lon="8.334686" />
      <trkpt lat="48.710785" lon="8.334852" />
      <trkpt lat="48.710716" lon="8.334986" />
      <trkpt lat="48.710633" lon="8.335077" />
      <trkpt lat="48.71055" lon="8.33512" />
      <trkpt lat="48.710316" lon="8.335005" />
      <trkpt lat="48.710182" lon="8.335016" />
      <trkpt lat="48.710134" lon="8.335057" />
      <trkpt lat="48.71009" lon="8.335241" />
      <trkpt lat="48.710111" lon="8.335345" />
      <trkpt lat="48.710155" lon="8.335423" />
      <trkpt lat="48.710302" lon="8.335493" />
      <trkpt lat="48.710392" lon="8.335477" />
      <trkpt lat="48.710631" lon="8.335345" />
      <trkpt lat="48.710964" lon="8.335061" />
      <trkpt lat="48.711044" lon="8.334924" />
      <trkpt lat="48.711109" lon="8.334734" />
      <trkpt lat="48.711146" lon="8.334503" />
      <trkpt lat="48.711268" lon="8.332596" />
      <trkpt lat="48.71113" lon="8.332019" />
      <trkpt lat="48.711114" lon="8.331751" />
      <trkpt lat="48.711262" lon="8.331126" />
      <trkpt lat="48.711284" lon="8.330893" />
      <trkpt lat="48.71124" lon="8.330685" />
      <trkpt lat="48.711086" lon="8.330421" />
      <trkpt lat="48.710943" lon="8.330311" />
      <trkpt lat="48.710758" lon="8.330284" />
      <trkpt lat="48.71064" lon="8.330167" />
      <trkpt lat="48.710614" lon="8.329981" />
      <trkpt lat="48.710636" lon="8.32986" />
      <trkpt lat="48.710793" lon="8.32958" />
      <trkpt lat="48.710867" lon="8.329434" />
      <trkpt lat="48.710895" lon="8.329302" />
      <trkpt lat="48.710892" lon="8.32917" />
      <trkpt lat="48.710856" lon="8.329048" />
      <trkpt lat="48.710789" lon="8.328935" />
      <trkpt lat="48.710541" lon="8.328779" />
      <trkpt lat="48.709971" lon="8.327808" />
      <trkpt lat="48.709484" lon="8.327189" />
      <trkpt lat="48.709413" lon="8.327138" />
      <trkpt lat="48.709261" lon="8.327127" />
      <trkpt lat="48.708741" lon="8.327527" />
      <trkpt lat="48.70868" lon="8.327533" />
      <trkpt lat="48.708571" lon="8.327434" />
      <trkpt lat="48.708536" lon="8.32731" />
      <trkpt lat="48.708523" lon="8.3271" />
      <trkpt lat="48.708532" lon="8.326639" />
      <trkpt lat="48.708651" lon="8.324879" />
      <trkpt lat="48.708642" lon="8.324659" />
      <trkpt lat="48.708569" lon="8.32426" />
      <trkpt lat="48.708427" lon="8.323931" />
      <trkpt lat="48.708274" lon="8.323729" />
      <trkpt lat="48.707732" lon="8.323241" />
      <trkpt lat="48.707527" lon="8.322951" />
      <trkpt lat="48.707428" lon="8.322739" />
      <trkpt lat="48.707329" lon="8.322307" />
      <trkpt lat="48.707285" lon="8.321372" />
      <trkpt lat="48.707291" lon="8.321097" />
      <trkpt lat="48.707341" lon="8.320656" />
      <trkpt lat="48.707365" lon="8.320477" />
      <trkpt lat="48.707389" lon="8.320277" />
      <trkpt lat="48.707423" lon="8.320034" />
      <trkpt lat="48.707445" lon="8.319703" />
      <trkpt lat="48.707428" lon="8.319123" />
      <trkpt lat="48.707373" lon="8.318783" />
      <trkpt lat="48.707139" lon="8.317965" />
      <trkpt lat="48.707015" lon="8.317273" />
      <trkpt lat="48.706882" lon="8.316712" />
      <trkpt lat="48.706769" lon="8.316446" />
      <trkpt lat="48.706624" lon="8.316192" />
      <trkpt lat="48.706309" lon="8.315683" />
      <trkpt lat="48.706258" lon="8.315535" />
      <trkpt lat="48.706238" lon="8.315371" />
      <trkpt lat="48.706258" lon="8.315234" />
      <trkpt lat="48.706309" lon="8.315122" />
      <trkpt lat="48.706521" lon="8.314829" />
      <trkpt lat="48.706741" lon="8.314577" />
      <trkpt lat="48.707355" lon="8.314145" />
      <trkpt lat="48.707465" lon="8.314041" />
      <trkpt lat="48.707599" lon="8.313762" />
      <trkpt lat="48.707638" lon="8.313611" />
      <trkpt lat="48.707644" lon="8.313434" />
      <trkpt lat="48.707562" lon="8.313115" />
      <trkpt lat="48.707465" lon="8.312976" />
      <trkpt lat="48.707206" lon="8.312764" />
      <trkpt lat="48.707157" lon="8.312686" />
      <trkpt lat="48.70712" lon="8.31256" />
      <trkpt lat="48.707114" lon="8.312413" />
      <trkpt lat="48.707144" lon="8.312295" />
      <trkpt lat="48.707405" lon="8.31194" />
      <trkpt lat="48.70754" lon="8.311452" />
      <trkpt lat="48.707599" lon="8.311393" />
      <trkpt lat="48.707757" lon="8.311385" />
      <trkpt lat="48.707831" lon="8.311431" />
      <trkpt lat="48.708015" lon="8.311686" />
      <trkpt lat="48.708125" lon="8.311766" />
      <trkpt lat="48.708268" lon="8.311822" />
      <trkpt lat="48.708435" lon="8.311809" />
      <trkpt lat="48.708714" lon="8.311777" />
      <trkpt lat="48.708939" lon="8.311683" />
      <trkpt lat="48.709148" lon="8.311549" />
      <trkpt lat="48.709426" lon="8.311291" />
      <trkpt lat="48.709658" lon="8.311163" />
      <trkpt lat="48.709966" lon="8.311082" />
      <trkpt lat="48.710084" lon="8.311082" />
      <trkpt lat="48.710237" lon="8.311117" />
      <trkpt lat="48.710489" lon="8.311272" />
      <trkpt lat="48.71109" lon="8.311879" />
      <trkpt lat="48.711594" lon="8.312179" />
      <trkpt lat="48.711739" lon="8.312241" />
      <trkpt lat="48.711863" lon="8.312254" />
      <trkpt lat="48.712021" lon="8.312233" />
      <trkpt lat="48.71215" lon="8.312174" />
      <trkpt lat="48.712441" lon="8.311988" />
      <trkpt lat="48.712913" lon="8.311518" />
      <trkpt lat="48.713075" lon="8.311432" />
      <trkpt lat="48.713542" lon="8.311338" />
      <trkpt lat="48.713758" lon="8.311348" />
      <trkpt lat="48.71405" lon="8.311443" />
      <trkpt lat="48.714339" lon="8.311598" />
      <trkpt lat="48.714715" lon="8.31194" />
      <trkpt lat="48.714827" lon="8.312103" />
      <trkpt lat="48.715054" lon="8.312654" />
      <trkpt lat="48.715097" lon="8.312756" />
      <trkpt lat="48.715351" lon="8.312946" />
      <trkpt lat="48.71592" lon="8.313169" />
      <trkpt lat="48.71605" lon="8.313162" />
      <trkpt lat="48.716279" lon="8.313038" />
      <trkpt lat="48.716551" lon="8.31281" />
      <trkpt lat="48.71666" lon="8.312627" />
      <trkpt lat="48.716715" lon="8.312402" />
      <trkpt lat="48.716748" lon="8.312083" />
      <trkpt lat="48.716808" lon="8.311934" />
      <trkpt lat="48.716911" lon="8.311869" />
      <trkpt lat="48.717043" lon="8.311899" />
      <trkpt lat="48.717139" lon="8.312035" />
      <trkpt lat="48.717199" lon="8.312181" />
      <trkpt lat="48.717287" lon="8.312553" />
      <trkpt lat="48.717371" lon="8.312736" />
      <trkpt lat="48.717482" lon="8.312842" />
      <trkpt lat="48.717931" lon="8.312956" />
      <trkpt lat="48.718516" lon="8.313294" />
      <trkpt lat="48.718964" lon="8.313348" />
      <trkpt lat="48.719153" lon="8.31332" />
      <trkpt lat="48.719669" lon="8.312931" />
      <trkpt lat="48.719854" lon="8.312897" />
      <trkpt lat="48.72006" lon="8.312918" />
      <trkpt lat="48.720454" lon="8.313082" />
      <trkpt lat="48.7206" lon="8.313082" />
      <trkpt lat="48.720855" lon="8.312952" />
      <trkpt lat="48.721008" lon="8.312942" />
      <trkpt lat="48.721226" lon="8.313029" />
      <trkpt lat="48.721569" lon="8.313236" />
      <trkpt lat="48.722009" lon="8.313602" />
      <trkpt lat="48.722205" lon="8.313716" />
      <trkpt lat="48.722535" lon="8.313779" />
      <trkpt lat="48.72267" lon="8.31376" />
      <trkpt lat="48.723016" lon="8.313367" />
      <trkpt lat="48.723175" lon="8.313261" />
      <trkpt lat="48.723768" lon="8.31297" />
      <trkpt lat="48.723932" lon="8.312854" />
      <trkpt lat="48.724286" lon="8.312345" />
      <trkpt lat="48.724438" lon="8.312209" />
      <trkpt lat="48.724587" lon="8.312154" />
      <trkpt lat="48.724869" lon="8.312115" />
      <trkpt lat="48.725393" lon="8.311946" />
      <trkpt lat="48.725806" lon="8.311908" />
      <trkpt lat="48.725883" lon="8.311856" />
      <trkpt lat="48.725982" lon="8.311711" />
      <trkpt lat="48.726061" lon="8.311645" />
      <trkpt lat="48.726162" lon="8.311648" />
      <trkpt lat="48.726521" lon="8.311863" />
      <trkpt lat="48.726926" lon="8.312023" />
      <trkpt lat="48.727186" lon="8.312067" />
      <trkpt lat="48.727922" lon="8.31171" />
      <trkpt lat="48.728876" lon="8.311732" />
      <trkpt lat="48.729134" lon="8.311635" />
      <trkpt lat="48.729332" lon="8.311495" />
      <trkpt lat="48.729918" lon="8.310975" />
      <trkpt lat="48.730776" lon="8.310068" />
      <trkpt lat="48.731154" lon="8.309714" />
      <trkpt lat="48.731416" lon="8.309532" />
      <trkpt lat="48.73165" lon="8.309451" />
      <trkpt lat="48.732196" lon="8.309361" />
      <trkpt lat="48.732886" lon="8.309069" />
      <trkpt lat="48.733288" lon="8.309052" />
      <trkpt lat="48.733406" lon="8.309018" />
      <trkpt lat="48.733888" lon="8.30877" />
      <trkpt lat="48.734095" lon="8.308599" />
      <trkpt lat="48.734208" lon="8.308461" />
      <trkpt lat="48.734303" lon="8.308207" />
      <trkpt lat="48.734542" lon="8.307355" />
      <trkpt lat="48.734869" lon="8.30688" />
      <trkpt lat="48.735161" lon="8.306186" />
      <trkpt lat="48.735326" lon="8.305478" />
      <trkpt lat="48.735421" lon="8.303931" />
      <trkpt lat="48.735416" lon="8.303605" />
      <trkpt lat="48.73534" lon="8.302599" />
      <trkpt lat="48.7354" lon="8.301816" />
      <trkpt lat="48.735498" lon="8.301141" />
      <trkpt lat="48.735565" lon="8.300899" />
      <trkpt lat="48.735587" lon="8.300819" />
      <trkpt lat="48.735613" lon="8.300721" />
      <trkpt lat="48.735678" lon="8.300544" />
      <trkpt lat="48.735722" lon="8.300421" />
      <trkpt lat="48.735867" lon="8.299986" />
      <trkpt lat="48.735956" lon="8.299814" />
      <trkpt lat="48.736081" lon="8.299696" />
      <trkpt lat="48.736359" lon="8.299527" />
      <trkpt lat="48.736607" lon="8.299299" />
      <trkpt lat="48.736799" lon="8.298945" />
      <trkpt lat="48.73695" lon="8.298232" />
      <trkpt lat="48.737135" lon="8.297845" />
      <trkpt lat="48.737252" lon="8.297446" />
      <trkpt lat="48.737361" lon="8.296667" />
      <trkpt lat="48.737403" lon="8.296451" />
      <trkpt lat="48.737503" lon="8.296287" />
      <trkpt lat="48.738119" lon="8.295866" />
      <trkpt lat="48.738432" lon="8.295689" />
      <trkpt lat="48.738543" lon="8.29549" />
      <trkpt lat="48.738568" lon="8.29519" />
      <trkpt lat="48.738551" lon="8.295037" />
      <trkpt lat="48.738409" lon="8.294514" />
      <trkpt lat="48.738343" lon="8.294053" />
      <trkpt lat="48.738312" lon="8.293683" />
      <trkpt lat="48.738301" lon="8.292814" />
      <trkpt lat="48.73836" lon="8.292205" />
      <trkpt lat="48.738487" lon="8.291376" />
      <trkpt lat="48.738553" lon="8.290765" />
      <trkpt lat="48.738566" lon="8.290641" />
      <trkpt lat="48.738713" lon="8.290054" />
      <trkpt lat="48.738823" lon="8.289813" />
      <trkpt lat="48.738878" lon="8.289939" />
      <trkpt lat="48.739082" lon="8.29015" />
      <trkpt lat="48.739299" lon="8.290239" />
      <trkpt lat="48.739467" lon="8.290256" />
      <trkpt lat="48.739929" lon="8.290197" />
      <trkpt lat="48.740097" lon="8.290251" />
      <trkpt lat="48.740266" lon="8.290371" />
      <trkpt lat="48.741389" lon="8.291467" />
      <trkpt lat="48.742432" lon="8.292307" />
      <trkpt lat="48.742828" lon="8.292628" />
      <trkpt lat="48.743268" lon="8.293113" />
      <trkpt lat="48.743754" lon="8.293797" />
      <trkpt lat="48.74406" lon="8.294264" />
      <trkpt lat="48.744535" lon="8.295067" />
      <trkpt lat="48.74484" lon="8.295703" />
      <trkpt lat="48.745097" lon="8.296389" />
      <trkpt lat="48.745275" lon="8.296765" />
      <trkpt lat="48.74552" lon="8.297079" />
      <trkpt lat="48.745701" lon="8.297174" />
      <trkpt lat="48.745788" lon="8.297158" />
      <trkpt lat="48.745863" lon="8.297098" />
      <trkpt lat="48.745913" lon="8.297" />
      <trkpt lat="48.745936" lon="8.296754" />
      <trkpt lat="48.74588" lon="8.296356" />
      <trkpt lat="48.7459" lon="8.296086" />
      <trkpt lat="48.74613" lon="8.295503" />
      <trkpt lat="48.74612" lon="8.295323" />
      <trkpt lat="48.746078" lon="8.295138" />
      <trkpt lat="48.745781" lon="8.294625" />
      <trkpt lat="48.745479" lon="8.294307" />
      <trkpt lat="48.74547" lon="8.294228" />
      <trkpt lat="48.745517" lon="8.294104" />
      <trkpt lat="48.745604" lon="8.294082" />
      <trkpt lat="48.745643" lon="8.294107" />
      <trkpt lat="48.745879" lon="8.294558" />
      <trkpt lat="48.746048" lon="8.294778" />
      <trkpt lat="48.746401" lon="8.295102" />
      <trkpt lat="48.746507" lon="8.29536" />
      <trkpt lat="48.746621" lon="8.296118" />
      <trkpt lat="48.746738" lon="8.296598" />
      <trkpt lat="48.746841" lon="8.296836" />
      <trkpt lat="48.747116" lon="8.297155" />
      <trkpt lat="48.747318" lon="8.297286" />
      <trkpt lat="48.747681" lon="8.297446" />
      <trkpt lat="48.747926" lon="8.297613" />
      <trkpt lat="48.748165" lon="8.297837" />
      <trkpt lat="48.748297" lon="8.298079" />
      <trkpt lat="48.74828" lon="8.298292" />
      <trkpt lat="48.748203" lon="8.298434" />
      <trkpt lat="48.747928" lon="8.2988" />
      <trkpt lat="48.747678" lon="8.299271" />
      <trkpt lat="48.747427" lon="8.299834" />
      <trkpt lat="48.747123" lon="8.300635" />
      <trkpt lat="48.746957" lon="8.301151" />
      <trkpt lat="48.746861" lon="8.30155" />
      <trkpt lat="48.746886" lon="8.301717" />
      <trkpt lat="48.747268" lon="8.302478" />
      <trkpt lat="48.747635" lon="8.303174" />
      <trkpt lat="48.747796" lon="8.303413" />
      <trkpt lat="48.747953" lon="8.303564" />
      <trkpt lat="48.748201" lon="8.303739" />
      <trkpt lat="48.748609" lon="8.303866" />
      <trkpt lat="48.748753" lon="8.303872" />
      <trkpt lat="48.748908" lon="8.303789" />
      <trkpt lat="48.749078" lon="8.303584" />
      <trkpt lat="48.749325" lon="8.303191" />
      <trkpt lat="48.74949" lon="8.303005" />
      <trkpt lat="48.749617" lon="8.302937" />
      <trkpt lat="48.749749" lon="8.302928" />
      <trkpt lat="48.749916" lon="8.303055" />
      <trkpt lat="48.749981" lon="8.303155" />
      <trkpt lat="48.750024" lon="8.303334" />
      <trkpt lat="48.750021" lon="8.303476" />
      <trkpt lat="48.749848" lon="8.305228" />
      <trkpt lat="48.749872" lon="8.305672" />
      <trkpt lat="48.749946" lon="8.306015" />
      <trkpt lat="48.750063" lon="8.306315" />
      <trkpt lat="48.750382" lon="8.306935" />
      <trkpt lat="48.750627" lon="8.307233" />
      <trkpt lat="48.750997" lon="8.307544" />
      <trkpt lat="48.751289" lon="8.307734" />
      <trkpt lat="48.751651" lon="8.307857" />
      <trkpt lat="48.751866" lon="8.308048" />
      <trkpt lat="48.752234" lon="8.308583" />
      <trkpt lat="48.752524" lon="8.309124" />
      <trkpt lat="48.75279" lon="8.309685" />
      <trkpt lat="48.753123" lon="8.310548" />
      <trkpt lat="48.75343" lon="8.311241" />
      <trkpt lat="48.753589" lon="8.311503" />
      <trkpt lat="48.753709" lon="8.311686" />
      <trkpt lat="48.753794" lon="8.311933" />
      <trkpt lat="48.753867" lon="8.312409" />
      <trkpt lat="48.754584" lon="8.314434" />
      <trkpt lat="48.75466" lon="8.314706" />
      <trkpt lat="48.75484" lon="8.315827" />
      <trkpt lat="48.754912" lon="8.316868" />
      <trkpt lat="48.754946" lon="8.317103" />
      <trkpt lat="48.755031" lon="8.317315" />
      <trkpt lat="48.755142" lon="8.317478" />
      <trkpt lat="48.755362" lon="8.3176" />
      <trkpt lat="48.75571" lon="8.317448" />
      <trkpt lat="48.755814" lon="8.31743" />
      <trkpt lat="48.755899" lon="8.317486" />
      <trkpt lat="48.755946" lon="8.317589" />
      <trkpt lat="48.755954" lon="8.317742" />
      <trkpt lat="48.755885" lon="8.317962" />
      <trkpt lat="48.755861" lon="8.318241" />
      <trkpt lat="48.755932" lon="8.318375" />
      <trkpt lat="48.7564" lon="8.318883" />
      <trkpt lat="48.756589" lon="8.319087" />
      <trkpt lat="48.756698" lon="8.31915" />
      <trkpt lat="48.75692" lon="8.319126" />
      <trkpt lat="48.75731" lon="8.318642" />
      <trkpt lat="48.75741" lon="8.318567" />
      <trkpt lat="48.757497" lon="8.31857" />
      <trkpt lat="48.757565" lon="8.318659" />
      <trkpt lat="48.75759" lon="8.318763" />
      <trkpt lat="48.757593" lon="8.319082" />
      <trkpt lat="48.757619" lon="8.319221" />
      <trkpt lat="48.757673" lon="8.319355" />
      <trkpt lat="48.757745" lon="8.319457" />
      <trkpt lat="48.757846" lon="8.319542" />
      <trkpt lat="48.758138" lon="8.319666" />
      <trkpt lat="48.758443" lon="8.319747" />
      <trkpt lat="48.758815" lon="8.319772" />
      <trkpt lat="48.758984" lon="8.319725" />
      <trkpt lat="48.759325" lon="8.319409" />
      <trkpt lat="48.759446" lon="8.319349" />
      <trkpt lat="48.759546" lon="8.319395" />
      <trkpt lat="48.759603" lon="8.319527" />
      <trkpt lat="48.759659" lon="8.319923" />
      <trkpt lat="48.759778" lon="8.320179" />
      <trkpt lat="48.759925" lon="8.320301" />
      <trkpt lat="48.760291" lon="8.320323" />
      <trkpt lat="48.760397" lon="8.320498" />
      <trkpt lat="48.76041" lon="8.320633" />
      <trkpt lat="48.760438" lon="8.320825" />
      <trkpt lat="48.760496" lon="8.32102" />
      <trkpt lat="48.761302" lon="8.322586" />
      <trkpt lat="48.76149" lon="8.32298" />
      <trkpt lat="48.761637" lon="8.323386" />
      <trkpt lat="48.76183" lon="8.324282" />
      <trkpt lat="48.762067" lon="8.325459" />
      <trkpt lat="48.762291" lon="8.326595" />
      <trkpt lat="48.762362" lon="8.327452" />
      <trkpt lat="48.762701" lon="8.329462" />
      <trkpt lat="48.762713" lon="8.329645" />
      <trkpt lat="48.762667" lon="8.330401" />
      <trkpt lat="48.762639" lon="8.330918" />
      <trkpt lat="48.762652" lon="8.331257" />
      <trkpt lat="48.762656" lon="8.33138" />
      <trkpt lat="48.762665" lon="8.331517" />
      <trkpt lat="48.76269" lon="8.331716" />
      <trkpt lat="48.762707" lon="8.331767" />
      <trkpt lat="48.762728" lon="8.33181" />
      <trkpt lat="48.762871" lon="8.332085" />
      <trkpt lat="48.762916" lon="8.33222" />
      <trkpt lat="48.762961" lon="8.33255" />
      <trkpt lat="48.762972" lon="8.332776" />
      <trkpt lat="48.762994" lon="8.333207" />
      <trkpt lat="48.763042" lon="8.333712" />
      <trkpt lat="48.763037" lon="8.333918" />
      <trkpt lat="48.762936" lon="8.33429" />
      <trkpt lat="48.7629" lon="8.334477" />
      <trkpt lat="48.762908" lon="8.334643" />
      <trkpt lat="48.762923" lon="8.33481" />
      <trkpt lat="48.762916" lon="8.334964" />
      <trkpt lat="48.76283" lon="8.33549" />
      <trkpt lat="48.762839" lon="8.335672" />
      <trkpt lat="48.762916" lon="8.335847" />
      <trkpt lat="48.762961" lon="8.335924" />
      <trkpt lat="48.76309" lon="8.336222" />
      <trkpt lat="48.763124" lon="8.33632" />
      <trkpt lat="48.763165" lon="8.336438" />
      <trkpt lat="48.763405" lon="8.337107" />
      <trkpt lat="48.763446" lon="8.337207" />
      <trkpt lat="48.763591" lon="8.337101" />
      <trkpt lat="48.763903" lon="8.336841" />
      <trkpt lat="48.764061" lon="8.33672" />
      <trkpt lat="48.76421" lon="8.336651" />
      <trkpt lat="48.764665" lon="8.336434" />
      <trkpt lat="48.764846" lon="8.336335" />
      <trkpt lat="48.764959" lon="8.336271" />
      <trkpt lat="48.765221" lon="8.336123" />
      <trkpt lat="48.765678" lon="8.335981" />
      <trkpt lat="48.765751" lon="8.335974" />
      <trkpt lat="48.765982" lon="8.335925" />
      <trkpt lat="48.766505" lon="8.335827" />
      <trkpt lat="48.765982" lon="8.335925" />
      <trkpt lat="48.765751" lon="8.335974" />
      <trkpt lat="48.765678" lon="8.335981" />
      <trkpt lat="48.765221" lon="8.336123" />
      <trkpt lat="48.764959" lon="8.336271" />
      <trkpt lat="48.764846" lon="8.336335" />
      <trkpt lat="48.764665" lon="8.336434" />
      <trkpt lat="48.76421" lon="8.336651" />
      <trkpt lat="48.764061" lon="8.33672" />
      <trkpt lat="48.763903" lon="8.336841" />
      <trkpt lat="48.763591" lon="8.337101" />
      <trkpt lat="48.763446" lon="8.337207" />
      <trkpt lat="48.763405" lon="8.337107" />
      <trkpt lat="48.763165" lon="8.336438" />
      <trkpt lat="48.763124" lon="8.33632" />
      <trkpt lat="48.76309" lon="8.336222" />
      <trkpt lat="48.76357" lon="8.335949" />
      <trkpt lat="48.763717" lon="8.335833" />
      <trkpt lat="48.764254" lon="8.335226" />
      <trkpt lat="48.764337" lon="8.335037" />
      <trkpt lat="48.764433" lon="8.334581" />
      <trkpt lat="48.764586" lon="8.334427" />
      <trkpt lat="48.764941" lon="8.33425" />
      <trkpt lat="48.765153" lon="8.33414" />
      <trkpt lat="48.765391" lon="8.333985" />
      <trkpt lat="48.765427" lon="8.333872" />
      <trkpt lat="48.765399" lon="8.333685" />
      <trkpt lat="48.765178" lon="8.332876" />
      <trkpt lat="48.765066" lon="8.332111" />
      <trkpt lat="48.765082" lon="8.33191" />
      <trkpt lat="48.765118" lon="8.331784" />
      <trkpt lat="48.76526" lon="8.331619" />
      <trkpt lat="48.76542" lon="8.331532" />
      <trkpt lat="48.765482" lon="8.33146" />
      <trkpt lat="48.765626" lon="8.33114" />
      <trkpt lat="48.765745" lon="8.330838" />
      <trkpt lat="48.765433" lon="8.330212" />
      <trkpt lat="48.764973" lon="8.329334" />
      <trkpt lat="48.765091" lon="8.329178" />
      <trkpt lat="48.765208" lon="8.328819" />
      <trkpt lat="48.765256" lon="8.328157" />
      <trkpt lat="48.765308" lon="8.327696" />
      <trkpt lat="48.765387" lon="8.327435" />
      <trkpt lat="48.765467" lon="8.327295" />
      <trkpt lat="48.765583" lon="8.327159" />
      <trkpt lat="48.765825" lon="8.326989" />
      <trkpt lat="48.766062" lon="8.326757" />
      <trkpt lat="48.766521" lon="8.326207" />
      <trkpt lat="48.766999" lon="8.325092" />
      <trkpt lat="48.76706" lon="8.324822" />
      <trkpt lat="48.767149" lon="8.324413" />
      <trkpt lat="48.767167" lon="8.324207" />
      <trkpt lat="48.767176" lon="8.324005" />
      <trkpt lat="48.767076" lon="8.323464" />
      <trkpt lat="48.766726" lon="8.321813" />
      <trkpt lat="48.76674" lon="8.32133" />
      <trkpt lat="48.766676" lon="8.320824" />
      <trkpt lat="48.766724" lon="8.320035" />
      <trkpt lat="48.766981" lon="8.318894" />
      <trkpt lat="48.767019" lon="8.318312" />
      <trkpt lat="48.76717" lon="8.317794" />
      <trkpt lat="48.767306" lon="8.317547" />
      <trkpt lat="48.767544" lon="8.317405" />
      <trkpt lat="48.767675" lon="8.316999" />
      <trkpt lat="48.767791" lon="8.316496" />
      <trkpt lat="48.768208" lon="8.315354" />
      <trkpt lat="48.768226" lon="8.315151" />
      <trkpt lat="48.768056" lon="8.314572" />
      <trkpt lat="48.767992" lon="8.314211" />
      <trkpt lat="48.767821" lon="8.313413" />
      <trkpt lat="48.767682" lon="8.312987" />
      <trkpt lat="48.767552" lon="8.312832" />
      <trkpt lat="48.767472" lon="8.312658" />
      <trkpt lat="48.767434" lon="8.312363" />
      <trkpt lat="48.766931" lon="8.311916" />
      <trkpt lat="48.766709" lon="8.311505" />
      <trkpt lat="48.766918" lon="8.311501" />
      <trkpt lat="48.767007" lon="8.311497" />
      <trkpt lat="48.767305" lon="8.311291" />
      <trkpt lat="48.767678" lon="8.310518" />
      <trkpt lat="48.767824" lon="8.310166" />
      <trkpt lat="48.76789" lon="8.309852" />
      <trkpt lat="48.767956" lon="8.309043" />
      <trkpt lat="48.768038" lon="8.308556" />
      <trkpt lat="48.768103" lon="8.307745" />
      <trkpt lat="48.768154" lon="8.307381" />
      <trkpt lat="48.768279" lon="8.306554" />
      <trkpt lat="48.768421" lon="8.306051" />
      <trkpt lat="48.768592" lon="8.305524" />
      <trkpt lat="48.768821" lon="8.30513" />
      <trkpt lat="48.768981" lon="8.304798" />
      <trkpt lat="48.769099" lon="8.304677" />
      <trkpt lat="48.769185" lon="8.304646" />
      <trkpt lat="48.7693" lon="8.304674" />
      <trkpt lat="48.769784" lon="8.305185" />
      <trkpt lat="48.769897" lon="8.305107" />
      <trkpt lat="48.76984" lon="8.304868" />
      <trkpt lat="48.769773" lon="8.304703" />
      <trkpt lat="48.769579" lon="8.30436" />
      <trkpt lat="48.769467" lon="8.304206" />
      <trkpt lat="48.769301" lon="8.303902" />
      <trkpt lat="48.7692" lon="8.303551" />
      <trkpt lat="48.769194" lon="8.303362" />
      <trkpt lat="48.769357" lon="8.302585" />
      <trkpt lat="48.769377" lon="8.30234" />
      <trkpt lat="48.769353" lon="8.301625" />
      <trkpt lat="48.769288" lon="8.301287" />
      <trkpt lat="48.769164" lon="8.300686" />
      <trkpt lat="48.769116" lon="8.300437" />
      <trkpt lat="48.769094" lon="8.300041" />
      <trkpt lat="48.769162" lon="8.299187" />
      <trkpt lat="48.769139" lon="8.298915" />
      <trkpt lat="48.769075" lon="8.298643" />
      <trkpt lat="48.768836" lon="8.297919" />
      <trkpt lat="48.768383" lon="8.296921" />
      <trkpt lat="48.768297" lon="8.296785" />
      <trkpt lat="48.767965" lon="8.296324" />
      <trkpt lat="48.76746" lon="8.295617" />
      <trkpt lat="48.76699" lon="8.294887" />
      <trkpt lat="48.767061" lon="8.294595" />
      <trkpt lat="48.767178" lon="8.294546" />
      <trkpt lat="48.767319" lon="8.294426" />
      <trkpt lat="48.769953" lon="8.290952" />
      <trkpt lat="48.770255" lon="8.290646" />
      <trkpt lat="48.770561" lon="8.290405" />
      <trkpt lat="48.771235" lon="8.289979" />
      <trkpt lat="48.771516" lon="8.289761" />
      <trkpt lat="48.77168" lon="8.289549" />
      <trkpt lat="48.771783" lon="8.289359" />
      <trkpt lat="48.771862" lon="8.289126" />
      <trkpt lat="48.771919" lon="8.288823" />
      <trkpt lat="48.771966" lon="8.288214" />
      <trkpt lat="48.771965" lon="8.287827" />
      <trkpt lat="48.77186" lon="8.286846" />
      <trkpt lat="48.771864" lon="8.286577" />
      <trkpt lat="48.77188" lon="8.286312" />
      <trkpt lat="48.77198" lon="8.285867" />
      <trkpt lat="48.772154" lon="8.285404" />
      <trkpt lat="48.772421" lon="8.284842" />
      <trkpt lat="48.772537" lon="8.284587" />
      <trkpt lat="48.772661" lon="8.284099" />
      <trkpt lat="48.772732" lon="8.283316" />
      <trkpt lat="48.772792" lon="8.282951" />
      <trkpt lat="48.773032" lon="8.282238" />
      <trkpt lat="48.773105" lon="8.282082" />
      <trkpt lat="48.773633" lon="8.281068" />
      <trkpt lat="48.774022" lon="8.280256" />
      <trkpt lat="48.774166" lon="8.279746" />
      <trkpt lat="48.774222" lon="8.279623" />
      <trkpt lat="48.774337" lon="8.279502" />
      <trkpt lat="48.77451" lon="8.279533" />
      <trkpt lat="48.774788" lon="8.278341" />
      <trkpt lat="48.774799" lon="8.27803" />
      <trkpt lat="48.774774" lon="8.277742" />
      <trkpt lat="48.774655" lon="8.277214" />
      <trkpt lat="48.774351" lon="8.27633" />
      <trkpt lat="48.77428" lon="8.276146" />
      <trkpt lat="48.774375" lon="8.276104" />
      <trkpt lat="48.774489" lon="8.275899" />
      <trkpt lat="48.774513" lon="8.275847" />
      <trkpt lat="48.774544" lon="8.275637" />
      <trkpt lat="48.774298" lon="8.274688" />
      <trkpt lat="48.774273" lon="8.274439" />
      <trkpt lat="48.774282" lon="8.274166" />
      <trkpt lat="48.774341" lon="8.273933" />
      <trkpt lat="48.774522" lon="8.273528" />
      <trkpt lat="48.774963" lon="8.272962" />
      <trkpt lat="48.775005" lon="8.272917" />
      <trkpt lat="48.775066" lon="8.272854" />
      <trkpt lat="48.775419" lon="8.272598" />
      <trkpt lat="48.775767" lon="8.272494" />
      <trkpt lat="48.77596" lon="8.272491" />
      <trkpt lat="48.776188" lon="8.272554" />
      <trkpt lat="48.776426" lon="8.272642" />
      <trkpt lat="48.776629" lon="8.272675" />
      <trkpt lat="48.776815" lon="8.272656" />
      <trkpt lat="48.777156" lon="8.272532" />
      <trkpt lat="48.777316" lon="8.27242" />
      <trkpt lat="48.777623" lon="8.272111" />
      <trkpt lat="48.777769" lon="8.271895" />
      <trkpt lat="48.778013" lon="8.271403" />
      <trkpt lat="48.778085" lon="8.271411" />
      <trkpt lat="48.778125" lon="8.271356" />
      <trkpt lat="48.778128" lon="8.271247" />
      <trkpt lat="48.778096" lon="8.271191" />
      <trkpt lat="48.778194" lon="8.270902" />
      <trkpt lat="48.778339" lon="8.270606" />
      <trkpt lat="48.778551" lon="8.270286" />
      <trkpt lat="48.778767" lon="8.270055" />
      <trkpt lat="48.778808" lon="8.270019" />
      <trkpt lat="48.779178" lon="8.269717" />
      <trkpt lat="48.779464" lon="8.269577" />
      <trkpt lat="48.779763" lon="8.26948" />
      <trkpt lat="48.78" lon="8.269436" />
      <trkpt lat="48.780125" lon="8.269451" />
      <trkpt lat="48.78032" lon="8.269465" />
      <trkpt lat="48.780465" lon="8.26945" />
      <trkpt lat="48.780638" lon="8.269386" />
      <trkpt lat="48.780877" lon="8.269377" />
      <trkpt lat="48.780987" lon="8.269369" />
      <trkpt lat="48.781005" lon="8.269288" />
      <trkpt lat="48.78137" lon="8.269122" />
      <trkpt lat="48.782032" lon="8.268767" />
      <trkpt lat="48.782474" lon="8.268465" />
      <trkpt lat="48.782613" lon="8.268392" />
      <trkpt lat="48.782902" lon="8.26824" />
      <trkpt lat="48.783263" lon="8.268003" />
      <trkpt lat="48.783749" lon="8.267581" />
      <trkpt lat="48.783836" lon="8.267543" />
      <trkpt lat="48.784262" lon="8.267358" />
      <trkpt lat="48.784689" lon="8.267082" />
      <trkpt lat="48.784828" lon="8.266877" />
      <trkpt lat="48.784884" lon="8.266691" />
      <trkpt lat="48.784877" lon="8.266391" />
      <trkpt lat="48.785439" lon="8.265985" />
      <trkpt lat="48.785991" lon="8.265801" />
      <trkpt lat="48.786298" lon="8.265849" />
      <trkpt lat="48.786513" lon="8.265906" />
      <trkpt lat="48.786581" lon="8.265951" />
      <trkpt lat="48.786697" lon="8.266112" />
      <trkpt lat="48.787016" lon="8.266724" />
      <trkpt lat="48.787271" lon="8.267374" />
      <trkpt lat="48.787777" lon="8.268338" />
      <trkpt lat="48.787942" lon="8.268805" />
      <trkpt lat="48.787994" lon="8.269009" />
      <trkpt lat="48.787977" lon="8.269339" />
      <trkpt lat="48.788307" lon="8.269692" />
      <trkpt lat="48.788378" lon="8.269813" />
      <trkpt lat="48.788475" lon="8.270164" />
      <trkpt lat="48.788605" lon="8.270598" />
      <trkpt lat="48.788659" lon="8.270699" />
      <trkpt lat="48.78881" lon="8.270806" />
      <trkpt lat="48.789043" lon="8.270836" />
      <trkpt lat="48.789256" lon="8.270828" />
      <trkpt lat="48.789337" lon="8.270789" />
      <trkpt lat="48.789388" lon="8.270757" />
      <trkpt lat="48.789474" lon="8.270677" />
      <trkpt lat="48.789584" lon="8.270477" />
      <trkpt lat="48.789632" lon="8.270148" />
      <trkpt lat="48.789578" lon="8.269804" />
      <trkpt lat="48.789382" lon="8.269202" />
      <trkpt lat="48.789346" lon="8.269013" />
      <trkpt lat="48.789342" lon="8.268619" />
      <trkpt lat="48.789375" lon="8.268146" />
      <trkpt lat="48.78936" lon="8.267714" />
      <trkpt lat="48.789322" lon="8.267492" />
      <trkpt lat="48.788991" lon="8.26628" />
      <trkpt lat="48.788944" lon="8.266042" />
      <trkpt lat="48.788936" lon="8.265672" />
      <trkpt lat="48.789068" lon="8.265188" />
      <trkpt lat="48.789315" lon="8.264438" />
      <trkpt lat="48.789479" lon="8.264143" />
      <trkpt lat="48.789831" lon="8.263752" />
      <trkpt lat="48.790002" lon="8.263492" />
      <trkpt lat="48.790069" lon="8.263295" />
      <trkpt lat="48.790173" lon="8.262569" />
      <trkpt lat="48.790234" lon="8.262353" />
      <trkpt lat="48.79033" lon="8.262162" />
      <trkpt lat="48.790921" lon="8.261486" />
      <trkpt lat="48.791249" lon="8.261103" />
      <trkpt lat="48.791211" lon="8.261056" />
      <trkpt lat="48.791125" lon="8.260799" />
      <trkpt lat="48.791117" lon="8.260739" />
      <trkpt lat="48.791105" lon="8.260476" />
      <trkpt lat="48.791308" lon="8.257717" />
      <trkpt lat="48.791282" lon="8.256446" />
      <trkpt lat="48.791313" lon="8.255812" />
      <trkpt lat="48.791248" lon="8.25493" />
      <trkpt lat="48.791094" lon="8.253849" />
      <trkpt lat="48.791074" lon="8.253303" />
      <trkpt lat="48.790895" lon="8.252266" />
      <trkpt lat="48.790622" lon="8.251197" />
      <trkpt lat="48.791425" lon="8.249887" />
      <trkpt lat="48.7916" lon="8.249678" />
      <trkpt lat="48.79185" lon="8.249175" />
      <trkpt lat="48.792108" lon="8.248374" />
      <trkpt lat="48.792868" lon="8.246033" />
      <trkpt lat="48.793193" lon="8.244657" />
      <trkpt lat="48.793348" lon="8.243702" />
      <trkpt lat="48.793384" lon="8.243215" />
      <trkpt lat="48.79362" lon="8.241114" />
      <trkpt lat="48.793737" lon="8.240494" />
      <trkpt lat="48.793906" lon="8.239953" />
      <trkpt lat="48.794127" lon="8.23734" />
      <trkpt lat="48.794512" lon="8.235682" />
      <trkpt lat="48.794557" lon="8.235387" />
      <trkpt lat="48.794556" lon="8.235024" />
      <trkpt lat="48.79452" lon="8.23458" />
      <trkpt lat="48.794633" lon="8.233877" />
      <trkpt lat="48.794867" lon="8.233364" />
      <trkpt lat="48.795545" lon="8.23236" />
      <trkpt lat="48.796466" lon="8.231094" />
      <trkpt lat="48.797166" lon="8.23009" />
      <trkpt lat="48.797921" lon="8.229469" />
      <trkpt lat="48.798754" lon="8.228997" />
      <trkpt lat="48.799453" lon="8.228921" />
      <trkpt lat="48.799524" lon="8.228884" />
      <trkpt lat="48.799604" lon="8.228775" />
      <trkpt lat="48.799703" lon="8.228531" />
      <trkpt lat="48.799748" lon="8.228399" />
      <trkpt lat="48.799786" lon="8.228284" />
      <trkpt lat="48.799822" lon="8.228149" />
      <trkpt lat="48.799955" lon="8.227859" />
      <trkpt lat="48.800046" lon="8.227725" />
      <trkpt lat="48.800273" lon="8.22761" />
      <trkpt lat="48.800525" lon="8.227572" />
      <trkpt lat="48.800629" lon="8.227525" />
      <trkpt lat="48.801012" lon="8.227277" />
      <trkpt lat="48.801102" lon="8.227219" />
      <trkpt lat="48.801778" lon="8.226755" />
      <trkpt lat="48.802013" lon="8.22659" />
      <trkpt lat="48.802224" lon="8.226396" />
      <trkpt lat="48.80251" lon="8.226093" />
      <trkpt lat="48.802845" lon="8.225862" />
      <trkpt lat="48.803247" lon="8.225587" />
      <trkpt lat="48.803648" lon="8.225296" />
      <trkpt lat="48.803965" lon="8.225065" />
      <trkpt lat="48.804257" lon="8.224776" />
      <trkpt lat="48.804303" lon="8.224691" />
      <trkpt lat="48.804387" lon="8.224526" />
      <trkpt lat="48.804465" lon="8.224376" />
      <trkpt lat="48.804499" lon="8.224299" />
      <trkpt lat="48.804524" lon="8.224236" />
      <trkpt lat="48.80491" lon="8.223571" />
      <trkpt lat="48.805069" lon="8.223341" />
      <trkpt lat="48.805202" lon="8.223136" />
      <trkpt lat="48.805303" lon="8.222993" />
      <trkpt lat="48.805648" lon="8.222468" />
      <trkpt lat="48.805729" lon="8.222405" />
      <trkpt lat="48.806399" lon="8.222163" />
      <trkpt lat="48.806448" lon="8.221942" />
      <trkpt lat="48.806487" lon="8.221511" />
      <trkpt lat="48.806512" lon="8.22138" />
      <trkpt lat="48.806518" lon="8.221224" />
      <trkpt lat="48.806298" lon="8.220791" />
      <trkpt lat="48.806488" lon="8.220682" />
      <trkpt lat="48.806769" lon="8.220558" />
      <trkpt lat="48.807322" lon="8.22031" />
      <trkpt lat="48.807986" lon="8.219847" />
      <trkpt lat="48.808845" lon="8.219586" />
      <trkpt lat="48.8092" lon="8.219521" />
      <trkpt lat="48.810424" lon="8.21837" />
      <trkpt lat="48.810744" lon="8.217869" />
      <trkpt lat="48.810872" lon="8.217555" />
      <trkpt lat="48.811182" lon="8.216364" />
      <trkpt lat="48.811284" lon="8.215608" />
      <trkpt lat="48.811367" lon="8.214869" />
      <trkpt lat="48.811392" lon="8.214773" />
      <trkpt lat="48.811534" lon="8.214307" />
      <trkpt lat="48.811725" lon="8.213847" />
      <trkpt lat="48.811813" lon="8.213607" />
      <trkpt lat="48.811838" lon="8.213475" />
      <trkpt lat="48.811864" lon="8.213332" />
      <trkpt lat="48.811878" lon="8.212722" />
      <trkpt lat="48.811912" lon="8.211177" />
      <trkpt lat="48.811947" lon="8.211184" />
      <trkpt lat="48.812065" lon="8.211208" />
      <trkpt lat="48.812251" lon="8.211244" />
      <trkpt lat="48.812405" lon="8.211271" />
      <trkpt lat="48.812448" lon="8.211005" />
      <trkpt lat="48.812509" lon="8.210028" />
      <trkpt lat="48.812535" lon="8.209635" />
      <trkpt lat="48.812557" lon="8.209409" />
      <trkpt lat="48.812642" lon="8.208353" />
      <trkpt lat="48.812675" lon="8.208166" />
      <trkpt lat="48.81279" lon="8.207866" />
      <trkpt lat="48.812982" lon="8.207607" />
      <trkpt lat="48.813003" lon="8.207527" />
      <trkpt lat="48.813001" lon="8.207316" />
      <trkpt lat="48.813043" lon="8.207319" />
      <trkpt lat="48.813046" lon="8.207165" />
      <trkpt lat="48.813047" lon="8.207081" />
      <trkpt lat="48.813065" lon="8.207021" />
      <trkpt lat="48.813001" lon="8.206965" />
      <trkpt lat="48.813068" lon="8.206802" />
      <trkpt lat="48.813772" lon="8.20563" />
      <trkpt lat="48.813822" lon="8.205491" />
      <trkpt lat="48.813838" lon="8.205395" />
      <trkpt lat="48.813819" lon="8.205297" />
      <trkpt lat="48.813747" lon="8.205173" />
      <trkpt lat="48.813702" lon="8.205011" />
      <trkpt lat="48.813724" lon="8.204633" />
      <trkpt lat="48.813733" lon="8.204583" />
      <trkpt lat="48.813752" lon="8.204478" />
      <trkpt lat="48.81376" lon="8.204445" />
      <trkpt lat="48.813806" lon="8.204178" />
      <trkpt lat="48.813801" lon="8.204094" />
      <trkpt lat="48.813449" lon="8.202889" />
      <trkpt lat="48.813329" lon="8.202555" />
      <trkpt lat="48.813312" lon="8.202435" />
      <trkpt lat="48.813331" lon="8.202383" />
      <trkpt lat="48.81322" lon="8.201928" />
      <trkpt lat="48.813153" lon="8.201655" />
      <trkpt lat="48.813118" lon="8.201333" />
      <trkpt lat="48.812938" lon="8.200629" />
      <trkpt lat="48.812866" lon="8.20055" />
      <trkpt lat="48.812846" lon="8.200477" />
      <trkpt lat="48.812758" lon="8.200126" />
      <trkpt lat="48.812682" lon="8.199818" />
      <trkpt lat="48.812649" lon="8.199689" />
      <trkpt lat="48.812644" lon="8.199531" />
      <trkpt lat="48.812639" lon="8.199402" />
      <trkpt lat="48.812665" lon="8.19924" />
      <trkpt lat="48.812828" lon="8.19845" />
      <trkpt lat="48.813009" lon="8.197163" />
      <trkpt lat="48.813028" lon="8.196979" />
      <trkpt lat="48.813017" lon="8.195638" />
      <trkpt lat="48.813018" lon="8.195421" />
      <trkpt lat="48.813232" lon="8.195427" />
      <trkpt lat="48.813631" lon="8.195435" />
      <trkpt lat="48.813685" lon="8.195436" />
      <trkpt lat="48.813686" lon="8.195376" />
      <trkpt lat="48.813688" lon="8.1953" />
      <trkpt lat="48.813578" lon="8.195296" />
      <trkpt lat="48.813572" lon="8.194774" />
      <trkpt lat="48.813656" lon="8.194763" />
      <trkpt lat="48.813498" lon="8.194322" />
      <trkpt lat="48.813667" lon="8.194099" />
      <trkpt lat="48.81381" lon="8.193778" />
      <trkpt lat="48.814265" lon="8.192666" />
      <trkpt lat="48.813822" lon="8.191977" />
      <trkpt lat="48.813392" lon="8.19135" />
      <trkpt lat="48.812953" lon="8.190698" />
      <trkpt lat="48.813004" lon="8.190585" />
      <trkpt lat="48.813028" lon="8.190459" />
      <trkpt lat="48.813028" lon="8.190303" />
      <trkpt lat="48.812986" lon="8.190161" />
      <trkpt lat="48.812922" lon="8.190012" />
      <trkpt lat="48.812371" lon="8.188983" />
      <trkpt lat="48.812026" lon="8.188282" />
      <trkpt lat="48.812103" lon="8.188166" />
      <trkpt lat="48.812402" lon="8.187701" />
      <trkpt lat="48.812513" lon="8.187524" />
      <trkpt lat="48.81238" lon="8.187314" />
      <trkpt lat="48.811894" lon="8.18669" />
      <trkpt lat="48.811335" lon="8.185728" />
      <trkpt lat="48.81127" lon="8.185461" />
      <trkpt lat="48.811277" lon="8.185318" />
      <trkpt lat="48.811821" lon="8.183503" />
      <trkpt lat="48.811875" lon="8.183301" />
      <trkpt lat="48.812201" lon="8.182205" />
      <trkpt lat="48.812554" lon="8.181247" />
      <trkpt lat="48.813517" lon="8.179145" />
      <trkpt lat="48.812829" lon="8.178185" />
      <trkpt lat="48.811748" lon="8.177164" />
      <trkpt lat="48.811019" lon="8.176507" />
      <trkpt lat="48.810904" lon="8.176437" />
      <trkpt lat="48.810385" lon="8.175812" />
      <trkpt lat="48.80976" lon="8.175097" />
      <trkpt lat="48.809572" lon="8.174787" />
      <trkpt lat="48.809499" lon="8.174723" />
      <trkpt lat="48.80945" lon="8.174651" />
      <trkpt lat="48.810774" lon="8.172518" />
      <trkpt lat="48.810811" lon="8.172391" />
      <trkpt lat="48.810857" lon="8.172232" />
      <trkpt lat="48.811694" lon="8.170417" />
      <trkpt lat="48.813254" lon="8.166838" />
      <trkpt lat="48.813951" lon="8.165102" />
      <trkpt lat="48.814628" lon="8.163319" />
      <trkpt lat="48.815236" lon="8.16156" />
      <trkpt lat="48.815266" lon="8.161451" />
      <trkpt lat="48.81529" lon="8.16129" />
      <trkpt lat="48.815277" lon="8.161209" />
      <trkpt lat="48.815321" lon="8.161153" />
      <trkpt lat="48.816194" lon="8.158616" />
      <trkpt lat="48.816884" lon="8.156434" />
      <trkpt lat="48.816896" lon="8.156337" />
      <trkpt lat="48.816903" lon="8.156202" />
      <trkpt lat="48.81708" lon="8.155816" />
      <trkpt lat="48.817597" lon="8.154204" />
      <trkpt lat="48.817681" lon="8.153846" />
      <trkpt lat="48.817682" lon="8.153674" />
      <trkpt lat="48.817656" lon="8.153575" />
      <trkpt lat="48.817666" lon="8.153528" />
      <trkpt lat="48.817732" lon="8.153494" />
      <trkpt lat="48.817785" lon="8.153464" />
      <trkpt lat="48.817814" lon="8.153372" />
      <trkpt lat="48.817882" lon="8.153101" />
      <trkpt lat="48.818015" lon="8.153002" />
      <trkpt lat="48.818303" lon="8.152428" />
      <trkpt lat="48.818304" lon="8.152394" />
      <trkpt lat="48.818262" lon="8.152341" />
      <trkpt lat="48.818591" lon="8.151719" />
      <trkpt lat="48.81863" lon="8.151644" />
      <trkpt lat="48.818598" lon="8.151613" />
      <trkpt lat="48.818831" lon="8.151146" />
      <trkpt lat="48.819016" lon="8.150776" />
      <trkpt lat="48.819091" lon="8.150618" />
      <trkpt lat="48.819133" lon="8.15054" />
      <trkpt lat="48.819214" lon="8.150389" />
      <trkpt lat="48.819478" lon="8.149896" />
      <trkpt lat="48.819507" lon="8.149928" />
      <trkpt lat="48.819786" lon="8.14937" />
      <trkpt lat="48.819935" lon="8.14904" />
      <trkpt lat="48.819987" lon="8.149098" />
      <trkpt lat="48.820045" lon="8.149141" />
      <trkpt lat="48.820611" lon="8.148001" />
      <trkpt lat="48.821531" lon="8.146122" />
      <trkpt lat="48.821757" lon="8.145605" />
      <trkpt lat="48.821908" lon="8.145127" />
      <trkpt lat="48.822038" lon="8.144513" />
      <trkpt lat="48.822279" lon="8.143458" />
      <trkpt lat="48.822342" lon="8.143151" />
      <trkpt lat="48.822359" lon="8.143058" />
      <trkpt lat="48.822491" lon="8.142452" />
      <trkpt lat="48.822522" lon="8.142331" />
      <trkpt lat="48.822589" lon="8.14188" />
      <trkpt lat="48.822609" lon="8.141619" />
      <trkpt lat="48.822629" lon="8.141344" />
      <trkpt lat="48.822648" lon="8.141007" />
      <trkpt lat="48.822653" lon="8.140921" />
      <trkpt lat="48.822667" lon="8.14061" />
      <trkpt lat="48.822715" lon="8.140439" />
      <trkpt lat="48.822918" lon="8.140001" />
      <trkpt lat="48.823094" lon="8.139653" />
      <trkpt lat="48.823418" lon="8.13892" />
      <trkpt lat="48.823532" lon="8.138715" />
      <trkpt lat="48.823983" lon="8.138108" />
      <trkpt lat="48.824305" lon="8.137573" />
      <trkpt lat="48.824435" lon="8.137415" />
      <trkpt lat="48.824503" lon="8.137332" />
      <trkpt lat="48.824592" lon="8.137316" />
      <trkpt lat="48.824783" lon="8.137307" />
      <trkpt lat="48.82557" lon="8.137254" />
      <trkpt lat="48.826002" lon="8.137449" />
      <trkpt lat="48.826741" lon="8.137821" />
      <trkpt lat="48.827068" lon="8.137882" />
      <trkpt lat="48.827268" lon="8.138032" />
      <trkpt lat="48.82777" lon="8.13858" />
      <trkpt lat="48.827884" lon="8.138657" />
      <trkpt lat="48.82876" lon="8.138849" />
      <trkpt lat="48.830217" lon="8.138697" />
      <trkpt lat="48.830576" lon="8.138466" />
      <trkpt lat="48.83109" lon="8.138006" />
      <trkpt lat="48.831727" lon="8.137359" />
      <trkpt lat="48.832368" lon="8.136724" />
      <trkpt lat="48.833045" lon="8.136306" />
      <trkpt lat="48.833474" lon="8.136169" />
      <trkpt lat="48.834036" lon="8.136138" />
      <trkpt lat="48.834311" lon="8.136083" />
      <trkpt lat="48.834541" lon="8.135958" />
      <trkpt lat="48.834747" lon="8.135771" />
      <trkpt lat="48.835174" lon="8.135215" />
      <trkpt lat="48.835531" lon="8.134841" />
      <trkpt lat="48.835733" lon="8.134714" />
      <trkpt lat="48.836046" lon="8.134489" />
      <trkpt lat="48.836202" lon="8.134412" />
      <trkpt lat="48.836724" lon="8.13437" />
      <trkpt lat="48.836692" lon="8.134224" />
      <trkpt lat="48.837155" lon="8.134099" />
      <trkpt lat="48.838131" lon="8.133616" />
      <trkpt lat="48.838713" lon="8.133401" />
      <trkpt lat="48.839366" lon="8.133276" />
      <trkpt lat="48.839697" lon="8.133259" />
      <trkpt lat="48.840418" lon="8.133327" />
      <trkpt lat="48.841078" lon="8.133505" />
      <trkpt lat="48.841335" lon="8.133661" />
      <trkpt lat="48.841544" lon="8.133836" />
      <trkpt lat="48.841753" lon="8.134144" />
      <trkpt lat="48.841779" lon="8.134289" />
      <trkpt lat="48.841828" lon="8.134363" />
      <trkpt lat="48.841892" lon="8.134398" />
      <trkpt lat="48.841982" lon="8.134376" />
      <trkpt lat="48.842054" lon="8.134271" />
      <trkpt lat="48.84207" lon="8.134198" />
      <trkpt lat="48.842057" lon="8.134054" />
      <trkpt lat="48.842076" lon="8.13383" />
      <trkpt lat="48.842127" lon="8.133666" />
      <trkpt lat="48.842546" lon="8.132816" />
      <trkpt lat="48.843135" lon="8.13173" />
      <trkpt lat="48.843224" lon="8.131567" />
      <trkpt lat="48.843539" lon="8.130944" />
      <trkpt lat="48.843809" lon="8.130344" />
      <trkpt lat="48.84411" lon="8.129554" />
      <trkpt lat="48.844389" lon="8.128667" />
      <trkpt lat="48.844715" lon="8.127423" />
      <trkpt lat="48.845159" lon="8.125256" />
      <trkpt lat="48.845747" lon="8.122377" />
      <trkpt lat="48.845871" lon="8.121645" />
      <trkpt lat="48.846021" lon="8.120897" />
      <trkpt lat="48.84621" lon="8.120113" />
      <trkpt lat="48.846745" lon="8.118211" />
      <trkpt lat="48.8469" lon="8.11765" />
      <trkpt lat="48.846979" lon="8.117315" />
      <trkpt lat="48.846995" lon="8.117223" />
      <trkpt lat="48.847465" lon="8.114961" />
      <trkpt lat="48.847821" lon="8.113254" />
      <trkpt lat="48.848198" lon="8.111454" />
      <trkpt lat="48.848538" lon="8.109762" />
      <trkpt lat="48.84867" lon="8.109303" />
      <trkpt lat="48.848851" lon="8.108763" />
      <trkpt lat="48.849119" lon="8.1076" />
      <trkpt lat="48.850237" lon="8.102751" />
      <trkpt lat="48.851053" lon="8.098735" />
      <trkpt lat="48.851116" lon="8.098437" />
      <trkpt lat="48.851909" lon="8.094548" />
      <trkpt lat="48.852077" lon="8.093967" />
      <trkpt lat="48.852281" lon="8.093499" />
      <trkpt lat="48.852453" lon="8.093179" />
      <trkpt lat="48.852812" lon="8.092721" />
      <trkpt lat="48.853052" lon="8.092452" />
      <trkpt lat="48.853165" lon="8.09232" />
      <trkpt lat="48.853361" lon="8.092096" />
      <trkpt lat="48.855186" lon="8.090007" />
      <trkpt lat="48.85562" lon="8.08944" />
      <trkpt lat="48.855938" lon="8.089043" />
      <trkpt lat="48.856052" lon="8.089031" />
      <trkpt lat="48.856105" lon="8.088937" />
      <trkpt lat="48.856107" lon="8.088798" />
      <trkpt lat="48.856307" lon="8.088321" />
      <trkpt lat="48.856423" lon="8.088097" />
      <trkpt lat="48.856467" lon="8.088017" />
      <trkpt lat="48.856762" lon="8.087461" />
      <trkpt lat="48.857188" lon="8.086747" />
      <trkpt lat="48.857437" lon="8.08638" />
      <trkpt lat="48.857805" lon="8.085873" />
      <trkpt lat="48.858475" lon="8.085074" />
      <trkpt lat="48.858504" lon="8.085041" />
      <trkpt lat="48.858901" lon="8.084496" />
      <trkpt lat="48.859528" lon="8.083518" />
      <trkpt lat="48.860081" lon="8.082605" />
      <trkpt lat="48.860231" lon="8.082363" />
      <trkpt lat="48.860817" lon="8.081416" />
      <trkpt lat="48.861143" lon="8.081923" />
      <trkpt lat="48.861582" lon="8.082636" />
      <trkpt lat="48.861961" lon="8.083129" />
      <trkpt lat="48.862343" lon="8.083616" />
      <trkpt lat="48.862751" lon="8.084026" />
      <trkpt lat="48.863153" lon="8.084431" />
      <trkpt lat="48.863257" lon="8.084494" />
      <trkpt lat="48.863331" lon="8.084522" />
      <trkpt lat="48.86332" lon="8.084719" />
      <trkpt lat="48.863351" lon="8.085316" />
      <trkpt lat="48.863389" lon="8.085546" />
      <trkpt lat="48.863456" lon="8.085756" />
      <trkpt lat="48.863569" lon="8.085958" />
      <trkpt lat="48.863811" lon="8.086256" />
      <trkpt lat="48.864143" lon="8.086574" />
      <trkpt lat="48.864349" lon="8.086877" />
      <trkpt lat="48.864455" lon="8.087113" />
      <trkpt lat="48.864544" lon="8.087357" />
      <trkpt lat="48.864615" lon="8.08769" />
      <trkpt lat="48.864814" lon="8.08861" />
      <trkpt lat="48.864706" lon="8.088845" />
      <trkpt lat="48.864655" lon="8.088982" />
      <trkpt lat="48.86463" lon="8.089045" />
      <trkpt lat="48.86451" lon="8.089431" />
      <trkpt lat="48.864988" lon="8.089984" />
      <trkpt lat="48.86528" lon="8.090426" />
      <trkpt lat="48.865399" lon="8.090735" />
      <trkpt lat="48.86571" lon="8.091871" />
      <trkpt lat="48.866289" lon="8.093565" />
      <trkpt lat="48.866622" lon="8.094637" />
      <trkpt lat="48.866754" lon="8.095234" />
      <trkpt lat="48.867081" lon="8.096751" />
      <trkpt lat="48.867103" lon="8.096903" />
      <trkpt lat="48.867369" lon="8.09851" />
      <trkpt lat="48.867521" lon="8.09914" />
      <trkpt lat="48.868142" lon="8.101549" />
      <trkpt lat="48.868183" lon="8.101826" />
      <trkpt lat="48.868233" lon="8.103526" />
      <trkpt lat="48.868271" lon="8.103713" />
      <trkpt lat="48.868358" lon="8.103683" />
      <trkpt lat="48.86862" lon="8.103739" />
      <trkpt lat="48.868868" lon="8.10384" />
      <trkpt lat="48.869163" lon="8.104087" />
      <trkpt lat="48.86947" lon="8.104393" />
      <trkpt lat="48.870489" lon="8.105572" />
      <trkpt lat="48.871952" lon="8.108269" />
      <trkpt lat="48.873443" lon="8.1108" />
      <trkpt lat="48.87353" lon="8.111052" />
      <trkpt lat="48.87394" lon="8.114232" />
      <trkpt lat="48.873998" lon="8.114431" />
      <trkpt lat="48.874119" lon="8.114674" />
      <trkpt lat="48.874582" lon="8.115449" />
      <trkpt lat="48.87502" lon="8.116309" />
      <trkpt lat="48.875095" lon="8.116557" />
      <trkpt lat="48.875117" lon="8.116792" />
      <trkpt lat="48.875189" lon="8.117358" />
      <trkpt lat="48.876292" lon="8.122948" />
      <trkpt lat="48.876352" lon="8.123133" />
      <trkpt lat="48.876471" lon="8.123286" />
      <trkpt lat="48.879725" lon="8.125314" />
      <trkpt lat="48.882892" lon="8.127309" />
      <trkpt lat="48.883218" lon="8.127543" />
      <trkpt lat="48.884728" lon="8.128542" />
      <trkpt lat="48.886092" lon="8.129643" />
      <trkpt lat="48.886859" lon="8.130301" />
      <trkpt lat="48.888191" lon="8.131475" />
      <trkpt lat="48.888315" lon="8.131479" />
      <trkpt lat="48.888361" lon="8.131421" />
      <trkpt lat="48.888426" lon="8.131452" />
      <trkpt lat="48.888448" lon="8.131559" />
      <trkpt lat="48.888484" lon="8.131605" />
      <trkpt lat="48.888656" lon="8.131818" />
      <trkpt lat="48.888812" lon="8.131996" />
      <trkpt lat="48.88888" lon="8.132147" />
      <trkpt lat="48.888974" lon="8.132786" />
      <trkpt lat="48.889057" lon="8.133211" />
      <trkpt lat="48.889235" lon="8.133638" />
      <trkpt lat="48.889417" lon="8.133972" />
      <trkpt lat="48.889633" lon="8.134269" />
      <trkpt lat="48.890141" lon="8.134663" />
      <trkpt lat="48.89053" lon="8.134933" />
      <trkpt lat="48.891233" lon="8.135477" />
      <trkpt lat="48.891428" lon="8.135565" />
      <trkpt lat="48.891637" lon="8.135597" />
      <trkpt lat="48.891844" lon="8.135556" />
      <trkpt lat="48.892848" lon="8.135029" />
      <trkpt lat="48.893066" lon="8.135004" />
      <trkpt lat="48.899595" lon="8.13583" />
      <trkpt lat="48.899756" lon="8.135794" />
      <trkpt lat="48.900794" lon="8.135936" />
      <trkpt lat="48.901074" lon="8.135813" />
      <trkpt lat="48.902176" lon="8.134735" />
      <trkpt lat="48.903345" lon="8.133291" />
      <trkpt lat="48.905651" lon="8.130583" />
      <trkpt lat="48.905942" lon="8.130207" />
      <trkpt lat="48.906104" lon="8.130042" />
      <trkpt lat="48.906407" lon="8.129932" />
      <trkpt lat="48.907124" lon="8.130012" />
      <trkpt lat="48.907705" lon="8.130209" />
      <trkpt lat="48.908029" lon="8.130479" />
      <trkpt lat="48.908298" lon="8.130931" />
      <trkpt lat="48.908422" lon="8.131412" />
      <trkpt lat="48.908916" lon="8.134396" />
      <trkpt lat="48.90905" lon="8.134905" />
      <trkpt lat="48.909161" lon="8.135105" />
      <trkpt lat="48.909713" lon="8.135808" />
      <trkpt lat="48.910058" lon="8.13647" />
      <trkpt lat="48.910387" lon="8.136839" />
      <trkpt lat="48.910574" lon="8.137251" />
      <trkpt lat="48.910718" lon="8.137655" />
      <trkpt lat="48.910861" lon="8.138125" />
      <trkpt lat="48.911017" lon="8.138871" />
      <trkpt lat="48.911134" lon="8.139151" />
      <trkpt lat="48.911502" lon="8.139579" />
      <trkpt lat="48.91196" lon="8.140276" />
      <trkpt lat="48.912307" lon="8.140693" />
      <trkpt lat="48.912568" lon="8.140952" />
      <trkpt lat="48.913328" lon="8.14154" />
      <trkpt lat="48.913665" lon="8.141969" />
      <trkpt lat="48.913883" lon="8.142319" />
      <trkpt lat="48.913971" lon="8.142506" />
      <trkpt lat="48.914368" lon="8.14371" />
      <trkpt lat="48.914611" lon="8.144791" />
      <trkpt lat="48.914701" lon="8.144917" />
      <trkpt lat="48.91509" lon="8.145262" />
      <trkpt lat="48.915391" lon="8.145618" />
      <trkpt lat="48.915756" lon="8.145981" />
      <trkpt lat="48.916014" lon="8.146116" />
      <trkpt lat="48.916405" lon="8.146148" />
      <trkpt lat="48.916542" lon="8.146292" />
      <trkpt lat="48.916747" lon="8.146672" />
      <trkpt lat="48.917011" lon="8.147191" />
      <trkpt lat="48.917364" lon="8.147724" />
      <trkpt lat="48.91756" lon="8.147961" />
      <trkpt lat="48.917844" lon="8.148179" />
      <trkpt lat="48.91837" lon="8.148584" />
      <trkpt lat="48.918534" lon="8.148688" />
      <trkpt lat="48.91851" lon="8.148783" />
      <trkpt lat="48.918607" lon="8.148901" />
      <trkpt lat="48.918532" lon="8.149457" />
      <trkpt lat="48.918415" lon="8.149989" />
      <trkpt lat="48.917973" lon="8.151268" />
      <trkpt lat="48.917451" lon="8.152656" />
      <trkpt lat="48.917392" lon="8.152864" />
      <trkpt lat="48.917384" lon="8.153279" />
      <trkpt lat="48.917407" lon="8.153581" />
      <trkpt lat="48.917558" lon="8.153905" />
      <trkpt lat="48.91791" lon="8.154471" />
      <trkpt lat="48.917873" lon="8.154684" />
      <trkpt lat="48.91743" lon="8.156504" />
      <trkpt lat="48.917351" lon="8.156909" />
      <trkpt lat="48.917338" lon="8.157119" />
      <trkpt lat="48.917372" lon="8.157259" />
      <trkpt lat="48.917487" lon="8.157463" />
      <trkpt lat="48.917842" lon="8.157852" />
      <trkpt lat="48.91819" lon="8.158141" />
      <trkpt lat="48.919043" lon="8.158621" />
      <trkpt lat="48.920668" lon="8.160297" />
      <trkpt lat="48.920814" lon="8.16041" />
      <trkpt lat="48.921149" lon="8.160595" />
      <trkpt lat="48.921326" lon="8.160642" />
      <trkpt lat="48.922012" lon="8.160716" />
      <trkpt lat="48.922223" lon="8.160774" />
      <trkpt lat="48.922693" lon="8.161063" />
      <trkpt lat="48.926238" lon="8.165076" />
      <trkpt lat="48.926498" lon="8.165427" />
      <trkpt lat="48.92664" lon="8.165733" />
      <trkpt lat="48.926771" lon="8.166099" />
      <trkpt lat="48.927363" lon="8.168073" />
      <trkpt lat="48.927504" lon="8.168456" />
      <trkpt lat="48.927732" lon="8.168908" />
      <trkpt lat="48.927917" lon="8.16917" />
      <trkpt lat="48.928291" lon="8.169624" />
      <trkpt lat="48.930643" lon="8.172192" />
      <trkpt lat="48.932479" lon="8.174187" />
      <trkpt lat="48.932785" lon="8.174414" />
      <trkpt lat="48.93381" lon="8.174822" />
      <trkpt lat="48.934028" lon="8.174978" />
      <trkpt lat="48.934902" lon="8.175899" />
      <trkpt lat="48.935161" lon="8.176266" />
      <trkpt lat="48.935605" lon="8.177121" />
      <trkpt lat="48.93578" lon="8.177345" />
      <trkpt lat="48.935978" lon="8.177511" />
      <trkpt lat="48.937688" lon="8.178882" />
      <trkpt lat="48.940828" lon="8.181256" />
      <trkpt lat="48.942332" lon="8.182318" />
      <trkpt lat="48.945615" lon="8.184556" />
      <trkpt lat="48.946354" lon="8.18498" />
      <trkpt lat="48.946501" lon="8.185033" />
      <trkpt lat="48.946559" lon="8.185043" />
      <trkpt lat="48.946798" lon="8.185102" />
      <trkpt lat="48.947049" lon="8.185025" />
      <trkpt lat="48.947192" lon="8.184918" />
      <trkpt lat="48.94757" lon="8.184494" />
      <trkpt lat="48.947653" lon="8.184311" />
      <trkpt lat="48.947674" lon="8.184185" />
      <trkpt lat="48.947673" lon="8.184052" />
      <trkpt lat="48.947637" lon="8.183915" />
      <trkpt lat="48.947567" lon="8.183811" />
      <trkpt lat="48.946554" lon="8.183052" />
      <trkpt lat="48.94645" lon="8.182903" />
      <trkpt lat="48.946399" lon="8.182755" />
      <trkpt lat="48.94638" lon="8.182615" />
      <trkpt lat="48.946413" lon="8.182363" />
      <trkpt lat="48.946712" lon="8.181046" />
      <trkpt lat="48.946824" lon="8.18081" />
      <trkpt lat="48.946927" lon="8.180722" />
      <trkpt lat="48.947019" lon="8.180696" />
      <trkpt lat="48.947237" lon="8.180225" />
      <trkpt lat="48.947389" lon="8.179096" />
      <trkpt lat="48.948015" lon="8.178654" />
      <trkpt lat="48.948133" lon="8.178704" />
      <trkpt lat="48.948197" lon="8.178567" />
      <trkpt lat="48.948421" lon="8.178369" />
      <trkpt lat="48.948521" lon="8.178486" />
      <trkpt lat="48.948593" lon="8.178572" />
      <trkpt lat="48.948662" lon="8.178444" />
      <trkpt lat="48.948832" lon="8.17832" />
      <trkpt lat="48.949127" lon="8.178269" />
      <trkpt lat="48.949282" lon="8.178314" />
      <trkpt lat="48.951883" lon="8.179684" />
      <trkpt lat="48.952333" lon="8.179775" />
      <trkpt lat="48.952579" lon="8.179864" />
      <trkpt lat="48.952763" lon="8.180131" />
      <trkpt lat="48.952858" lon="8.180175" />
      <trkpt lat="48.953083" lon="8.180127" />
      <trkpt lat="48.953734" lon="8.180647" />
      <trkpt lat="48.954412" lon="8.181007" />
      <trkpt lat="48.954576" lon="8.181133" />
      <trkpt lat="48.955803" lon="8.182625" />
      <trkpt lat="48.956035" lon="8.18274" />
      <trkpt lat="48.956225" lon="8.182772" />
      <trkpt lat="48.956477" lon="8.18274" />
      <trkpt lat="48.95696" lon="8.182595" />
      <trkpt lat="48.9573" lon="8.182551" />
      <trkpt lat="48.957406" lon="8.182623" />
      <trkpt lat="48.957525" lon="8.182796" />
      <trkpt lat="48.957609" lon="8.182785" />
      <trkpt lat="48.957701" lon="8.182788" />
      <trkpt lat="48.957728" lon="8.18264" />
      <trkpt lat="48.957849" lon="8.182562" />
      <trkpt lat="48.958523" lon="8.182679" />
      <trkpt lat="48.959623" lon="8.182622" />
      <trkpt lat="48.960065" lon="8.182673" />
      <trkpt lat="48.962374" lon="8.18326" />
      <trkpt lat="48.963945" lon="8.183885" />
      <trkpt lat="48.96438" lon="8.184086" />
      <trkpt lat="48.964674" lon="8.184338" />
      <trkpt lat="48.96492" lon="8.184649" />
      <trkpt lat="48.964936" lon="8.184605" />
      <trkpt lat="48.96502" lon="8.184768" />
      <trkpt lat="48.965067" lon="8.184921" />
      <trkpt lat="48.965171" lon="8.184977" />
      <trkpt lat="48.965225" lon="8.184955" />
      <trkpt lat="48.965302" lon="8.184802" />
      <trkpt lat="48.965424" lon="8.184718" />
      <trkpt lat="48.965442" lon="8.184771" />
      <trkpt lat="48.965679" lon="8.184643" />
      <trkpt lat="48.966187" lon="8.184546" />
      <trkpt lat="48.966452" lon="8.184496" />
      <trkpt lat="48.966468" lon="8.184492" />
      <trkpt lat="48.96766" lon="8.184162" />
      <trkpt lat="48.967922" lon="8.184169" />
      <trkpt lat="48.968581" lon="8.184293" />
      <trkpt lat="48.968715" lon="8.184268" />
      <trkpt lat="48.968848" lon="8.184187" />
      <trkpt lat="48.968835" lon="8.18411" />
      <trkpt lat="48.968915" lon="8.183939" />
      <trkpt lat="48.969005" lon="8.183598" />
      <trkpt lat="48.96905" lon="8.183504" />
      <trkpt lat="48.969355" lon="8.183132" />
      <trkpt lat="48.969434" lon="8.183118" />
      <trkpt lat="48.969671" lon="8.182959" />
      <trkpt lat="48.969782" lon="8.182898" />
      <trkpt lat="48.969795" lon="8.182892" />
      <trkpt lat="48.970126" lon="8.182746" />
      <trkpt lat="48.970173" lon="8.182718" />
      <trkpt lat="48.970199" lon="8.182684" />
      <trkpt lat="48.970265" lon="8.182708" />
      <trkpt lat="48.970831" lon="8.183261" />
      <trkpt lat="48.971498" lon="8.183904" />
      <trkpt lat="48.972186" lon="8.184577" />
      <trkpt lat="48.972274" lon="8.184629" />
      <trkpt lat="48.972997" lon="8.184637" />
      <trkpt lat="48.973207" lon="8.184673" />
      <trkpt lat="48.973605" lon="8.184753" />
      <trkpt lat="48.97372" lon="8.184727" />
      <trkpt lat="48.973845" lon="8.18464" />
      <trkpt lat="48.973974" lon="8.184515" />
      <trkpt lat="48.974016" lon="8.184475" />
      <trkpt lat="48.974159" lon="8.184334" />
      <trkpt lat="48.974183" lon="8.184312" />
      <trkpt lat="48.974237" lon="8.184259" />
      <trkpt lat="48.974331" lon="8.18417" />
      <trkpt lat="48.974614" lon="8.183908" />
      <trkpt lat="48.974747" lon="8.18379" />
      <trkpt lat="48.975075" lon="8.183602" />
      <trkpt lat="48.975551" lon="8.183412" />
      <trkpt lat="48.975684" lon="8.183125" />
      <trkpt lat="48.97586" lon="8.182593" />
      <trkpt lat="48.975901" lon="8.182509" />
      <trkpt lat="48.97612" lon="8.182054" />
      <trkpt lat="48.976148" lon="8.182001" />
      <trkpt lat="48.976204" lon="8.181896" />
      <trkpt lat="48.976321" lon="8.182008" />
      <trkpt lat="48.976472" lon="8.182097" />
      <trkpt lat="48.976604" lon="8.182127" />
      <trkpt lat="48.976778" lon="8.18215" />
      <trkpt lat="48.976996" lon="8.182179" />
      <trkpt lat="48.977293" lon="8.182216" />
      <trkpt lat="48.977483" lon="8.18225" />
      <trkpt lat="48.977503" lon="8.182253" />
      <trkpt lat="48.977767" lon="8.182296" />
      <trkpt lat="48.977868" lon="8.18231" />
      <trkpt lat="48.977961" lon="8.182348" />
      <trkpt lat="48.978028" lon="8.182362" />
      <trkpt lat="48.978063" lon="8.182366" />
      <trkpt lat="48.978195" lon="8.18239" />
      <trkpt lat="48.978254" lon="8.182347" />
      <trkpt lat="48.978327" lon="8.182461" />
      <trkpt lat="48.978394" lon="8.182684" />
      <trkpt lat="48.978823" lon="8.184196" />
      <trkpt lat="48.979111" lon="8.18513" />
      <trkpt lat="48.979156" lon="8.185307" />
      <trkpt lat="48.979095" lon="8.185414" />
      <trkpt lat="48.97909" lon="8.185481" />
      <trkpt lat="48.979093" lon="8.185559" />
      <trkpt lat="48.979171" lon="8.185711" />
      <trkpt lat="48.97928" lon="8.185762" />
      <trkpt lat="48.979369" lon="8.185685" />
      <trkpt lat="48.979549" lon="8.185951" />
      <trkpt lat="48.979902" lon="8.186622" />
      <trkpt lat="48.980481" lon="8.187622" />
      <trkpt lat="48.983798" lon="8.193366" />
      <trkpt lat="48.985243" lon="8.195855" />
      <trkpt lat="48.985437" lon="8.196192" />
      <trkpt lat="48.985486" lon="8.196281" />
      <trkpt lat="48.985799" lon="8.19682" />
      <trkpt lat="48.988026" lon="8.200658" />
      <trkpt lat="48.988087" lon="8.200765" />
      <trkpt lat="48.989653" lon="8.203458" />
      <trkpt lat="48.989956" lon="8.203978" />
      <trkpt lat="48.990518" lon="8.204931" />
      <trkpt lat="48.991071" lon="8.20589" />
      <trkpt lat="48.992754" lon="8.208793" />
      <trkpt lat="48.993215" lon="8.209508" />
      <trkpt lat="48.993389" lon="8.209697" />
      <trkpt lat="48.993597" lon="8.20991" />
      <trkpt lat="48.994147" lon="8.210334" />
      <trkpt lat="48.999208" lon="8.214306" />
      <trkpt lat="49.000382" lon="8.215207" />
      <trkpt lat="49.00113" lon="8.215802" />
      <trkpt lat="49.003082" lon="8.217325" />
      <trkpt lat="49.006717" lon="8.220163" />
      <trkpt lat="49.006972" lon="8.22037" />
      <trkpt lat="49.007915" lon="8.221118" />
      <trkpt lat="49.009169" lon="8.222277" />
      <trkpt lat="49.009696" lon="8.222666" />
      <trkpt lat="49.010036" lon="8.222837" />
      <trkpt lat="49.010479" lon="8.223008" />
      <trkpt lat="49.013183" lon="8.223495" />
      <trkpt lat="49.013568" lon="8.223617" />
      <trkpt lat="49.014168" lon="8.223934" />
      <trkpt lat="49.014526" lon="8.224214" />
      <trkpt lat="49.015052" lon="8.224718" />
      <trkpt lat="49.01561" lon="8.225503" />
      <trkpt lat="49.015942" lon="8.22614" />
      <trkpt lat="49.016181" lon="8.226688" />
      <trkpt lat="49.01664" lon="8.227851" />
      <trkpt lat="49.016849" lon="8.228447" />
      <trkpt lat="49.017148" lon="8.229411" />
      <trkpt lat="49.017263" lon="8.229879" />
      <trkpt lat="49.017533" lon="8.231337" />
      <trkpt lat="49.017582" lon="8.231534" />
      <trkpt lat="49.017671" lon="8.231881" />
      <trkpt lat="49.017831" lon="8.232321" />
      <trkpt lat="49.01797" lon="8.232628" />
      <trkpt lat="49.01816" lon="8.232966" />
      <trkpt lat="49.018362" lon="8.233258" />
      <trkpt lat="49.018719" lon="8.233688" />
      <trkpt lat="49.019137" lon="8.234229" />
      <trkpt lat="49.019378" lon="8.234606" />
      <trkpt lat="49.019621" lon="8.235084" />
      <trkpt lat="49.019864" lon="8.235678" />
      <trkpt lat="49.020058" lon="8.236295" />
      <trkpt lat="49.020194" lon="8.236915" />
      <trkpt lat="49.020113" lon="8.236899" />
      <trkpt lat="49.020352" lon="8.238193" />
      <trkpt lat="49.02048" lon="8.238735" />
      <trkpt lat="49.020635" lon="8.239322" />
      <trkpt lat="49.02101" lon="8.240465" />
      <trkpt lat="49.021219" lon="8.241262" />
      <trkpt lat="49.021249" lon="8.241525" />
      <trkpt lat="49.021184" lon="8.241691" />
      <trkpt lat="49.021115" lon="8.241781" />
      <trkpt lat="49.021116" lon="8.241844" />
      <trkpt lat="49.021122" lon="8.241942" />
      <trkpt lat="49.021136" lon="8.242014" />
      <trkpt lat="49.021234" lon="8.242108" />
      <trkpt lat="49.021293" lon="8.24221" />
      <trkpt lat="49.021323" lon="8.242652" />
      <trkpt lat="49.021304" lon="8.243023" />
      <trkpt lat="49.021297" lon="8.243102" />
      <trkpt lat="49.021396" lon="8.243124" />
      <trkpt lat="49.021458" lon="8.243668" />
      <trkpt lat="49.021547" lon="8.243919" />
      <trkpt lat="49.021667" lon="8.244117" />
      <trkpt lat="49.021821" lon="8.2443" />
      <trkpt lat="49.02218" lon="8.244621" />
      <trkpt lat="49.022353" lon="8.244762" />
      <trkpt lat="49.02288" lon="8.245215" />
      <trkpt lat="49.023147" lon="8.245555" />
      <trkpt lat="49.02328" lon="8.245928" />
      <trkpt lat="49.023385" lon="8.24634" />
      <trkpt lat="49.023584" lon="8.247171" />
      <trkpt lat="49.023634" lon="8.247366" />
      <trkpt lat="49.023799" lon="8.248017" />
      <trkpt lat="49.023896" lon="8.248384" />
      <trkpt lat="49.023981" lon="8.248637" />
      <trkpt lat="49.024522" lon="8.249659" />
      <trkpt lat="49.025047" lon="8.250644" />
      <trkpt lat="49.025312" lon="8.251242" />
      <trkpt lat="49.025399" lon="8.251682" />
      <trkpt lat="49.025418" lon="8.251901" />
      <trkpt lat="49.02542" lon="8.25262" />
      <trkpt lat="49.025358" lon="8.253514" />
      <trkpt lat="49.025251" lon="8.254825" />
      <trkpt lat="49.025232" lon="8.255038" />
      <trkpt lat="49.025425" lon="8.255091" />
      <trkpt lat="49.025711" lon="8.25518" />
      <trkpt lat="49.025763" lon="8.255194" />
      <trkpt lat="49.026984" lon="8.255538" />
      <trkpt lat="49.027393" lon="8.255717" />
      <trkpt lat="49.028179" lon="8.256309" />
      <trkpt lat="49.028205" lon="8.25621" />
      <trkpt lat="49.028227" lon="8.256161" />
      <trkpt lat="49.028476" lon="8.256359" />
      <trkpt lat="49.028711" lon="8.256349" />
      <trkpt lat="49.028813" lon="8.25645" />
      <trkpt lat="49.028886" lon="8.256576" />
      <trkpt lat="49.030815" lon="8.257327" />
      <trkpt lat="49.031348" lon="8.257597" />
      <trkpt lat="49.031642" lon="8.257838" />
      <trkpt lat="49.032618" lon="8.259074" />
      <trkpt lat="49.032938" lon="8.259501" />
      <trkpt lat="49.03394" lon="8.260817" />
      <trkpt lat="49.034042" lon="8.260926" />
      <trkpt lat="49.034179" lon="8.261004" />
      <trkpt lat="49.034327" lon="8.261039" />
      <trkpt lat="49.034477" lon="8.261032" />
      <trkpt lat="49.036705" lon="8.260667" />
      <trkpt lat="49.037564" lon="8.260535" />
      <trkpt lat="49.037785" lon="8.260539" />
      <trkpt lat="49.038205" lon="8.260644" />
      <trkpt lat="49.038333" lon="8.260613" />
      <trkpt lat="49.038402" lon="8.260594" />
      <trkpt lat="49.038447" lon="8.260618" />
      <trkpt lat="49.038616" lon="8.260774" />
      <trkpt lat="49.038716" lon="8.260821" />
      <trkpt lat="49.038882" lon="8.260802" />
      <trkpt lat="49.03897" lon="8.260845" />
      <trkpt lat="49.039133" lon="8.261005" />
      <trkpt lat="49.040051" lon="8.261446" />
      <trkpt lat="49.040375" lon="8.261624" />
      <trkpt lat="49.040448" lon="8.261728" />
      <trkpt lat="49.04089" lon="8.261952" />
      <trkpt lat="49.041109" lon="8.262042" />
      <trkpt lat="49.041453" lon="8.262068" />
      <trkpt lat="49.041495" lon="8.262012" />
      <trkpt lat="49.041514" lon="8.262139" />
      <trkpt lat="49.041631" lon="8.262185" />
      <trkpt lat="49.042076" lon="8.262239" />
      <trkpt lat="49.042685" lon="8.262214" />
      <trkpt lat="49.043283" lon="8.262228" />
      <trkpt lat="49.043722" lon="8.262327" />
      <trkpt lat="49.043889" lon="8.262403" />
      <trkpt lat="49.043908" lon="8.26251" />
      <trkpt lat="49.044134" lon="8.262645" />
      <trkpt lat="49.044546" lon="8.263004" />
      <trkpt lat="49.045014" lon="8.263456" />
      <trkpt lat="49.045485" lon="8.263795" />
      <trkpt lat="49.045745" lon="8.263935" />
      <trkpt lat="49.045978" lon="8.264006" />
      <trkpt lat="49.046191" lon="8.264008" />
      <trkpt lat="49.046196" lon="8.264097" />
      <trkpt lat="49.046252" lon="8.264091" />
      <trkpt lat="49.046272" lon="8.264241" />
      <trkpt lat="49.046324" lon="8.264318" />
      <trkpt lat="49.04667" lon="8.264458" />
      <trkpt lat="49.047263" lon="8.264875" />
      <trkpt lat="49.047701" lon="8.265307" />
      <trkpt lat="49.047887" lon="8.265575" />
      <trkpt lat="49.047939" lon="8.26541" />
      <trkpt lat="49.048092" lon="8.264892" />
      <trkpt lat="49.048142" lon="8.264912" />
      <trkpt lat="49.04829" lon="8.264988" />
      <trkpt lat="49.048525" lon="8.265221" />
      <trkpt lat="49.048684" lon="8.265502" />
      <trkpt lat="49.048799" lon="8.265845" />
      <trkpt lat="49.048855" lon="8.265908" />
      <trkpt lat="49.048993" lon="8.26605" />
      <trkpt lat="49.049137" lon="8.266209" />
      <trkpt lat="49.049288" lon="8.266796" />
      <trkpt lat="49.049341" lon="8.266856" />
      <trkpt lat="49.049458" lon="8.267017" />
      <trkpt lat="49.049417" lon="8.267403" />
      <trkpt lat="49.049419" lon="8.267492" />
      <trkpt lat="49.049498" lon="8.267686" />
      <trkpt lat="49.049469" lon="8.267717" />
      <trkpt lat="49.049508" lon="8.267796" />
      <trkpt lat="49.049566" lon="8.267915" />
      <trkpt lat="49.049631" lon="8.268026" />
      <trkpt lat="49.049847" lon="8.268316" />
      <trkpt lat="49.049948" lon="8.268436" />
      <trkpt lat="49.050435" lon="8.26865" />
      <trkpt lat="49.05085" lon="8.268765" />
      <trkpt lat="49.05097" lon="8.268765" />
      <trkpt lat="49.051209" lon="8.268738" />
      <trkpt lat="49.051448" lon="8.268593" />
      <trkpt lat="49.051494" lon="8.268558" />
      <trkpt lat="49.051651" lon="8.268427" />
      <trkpt lat="49.05174" lon="8.268367" />
      <trkpt lat="49.05189" lon="8.268257" />
      <trkpt lat="49.052065" lon="8.268147" />
      <trkpt lat="49.052122" lon="8.268114" />
      <trkpt lat="49.052786" lon="8.267748" />
      <trkpt lat="49.052858" lon="8.267683" />
      <trkpt lat="49.052959" lon="8.267536" />
      <trkpt lat="49.05326" lon="8.267099" />
      <trkpt lat="49.053878" lon="8.266293" />
      <trkpt lat="49.054004" lon="8.266165" />
      <trkpt lat="49.054179" lon="8.266079" />
      <trkpt lat="49.054234" lon="8.266062" />
    </trkseg>
  </trk>
</gpx>